ISO-10303-21;
HEADER;
FILE_DESCRIPTION (( 'STEP AP214' ),
    '1' );
FILE_NAME ('6200K.STEP',
    '2026-02-10T01:11:55',
    ( '' ),
    ( '' ),
    'SwSTEP 2.0',
    'SolidWorks 2025',
    '' );
FILE_SCHEMA (( 'AUTOMOTIVE_DESIGN' ));
ENDSEC;

DATA;
#1 = CARTESIAN_POINT ( 'NONE',  ( -1.000000000000000888, -2.000000000000001776, -1.457464374963899800 ) ) ;
#2 = ORIENTED_EDGE ( 'NONE', *, *, #2618, .T. ) ;
#3 = CIRCLE ( 'NONE', #1244, 0.3800000000000000600 ) ;
#4 = CARTESIAN_POINT ( 'NONE',  ( 0.09369199779032383324, -2.000000000000000000, -2.821066250291921040 ) ) ;
#5 = CYLINDRICAL_SURFACE ( 'NONE', #841, 0.3800000000000000600 ) ;
#6 = ORIENTED_EDGE ( 'NONE', *, *, #2525, .T. ) ;
#7 = ADVANCED_FACE ( 'NONE', ( #1928 ), #3052, .F. ) ;
#8 = LINE ( 'NONE', #303, #625 ) ;
#9 = CARTESIAN_POINT ( 'NONE',  ( -0.7799999999999993605, -0.7800000000000020250, -0.07499999999999988620 ) ) ;
#10 = LINE ( 'NONE', #1429, #2272 ) ;
#11 = CARTESIAN_POINT ( 'NONE',  ( -0.8981642062595047715, -2.124840788338762998, -1.022399336373325696 ) ) ;
#12 = EDGE_CURVE ( 'NONE', #1315, #3172, #3260, .T. ) ;
#13 = CARTESIAN_POINT ( 'NONE',  ( 0.6199999999999999956, -2.125000000000000444, -0.7612641479095414443 ) ) ;
#14 = DIRECTION ( 'NONE',  ( -1.079248590089589989E-16, 1.000000000000000000, 0.000000000000000000 ) ) ;
#15 = EDGE_LOOP ( 'NONE', ( #47, #2020, #2475, #245 ) ) ;
#16 = EDGE_CURVE ( 'NONE', #2370, #1130, #1817, .T. ) ;
#17 = APPLICATION_PROTOCOL_DEFINITION ( 'draft international standard', 'automotive_design', 1998, #1706 ) ;
#18 = CARTESIAN_POINT ( 'NONE',  ( 0.8059349078670673405, -1.951497941087702470, -1.107889533374503133 ) ) ;
#19 = CARTESIAN_POINT ( 'NONE',  ( -0.6850000000000000533, 0.000000000000000000, 1.060000000000000053 ) ) ;
#20 = VERTEX_POINT ( 'NONE', #335 ) ;
#21 = MECHANICAL_DESIGN_GEOMETRIC_PRESENTATION_REPRESENTATION (  '', ( #2012 ), #2427 ) ;
#22 = PRESENTATION_STYLE_ASSIGNMENT (( #3610 ) ) ;
#23 = LINE ( 'NONE', #320, #1102 ) ;
#24 = DIRECTION ( 'NONE',  ( -1.000000000000000000, -7.189073667537533228E-16, 0.000000000000000000 ) ) ;
#25 = PRODUCT_DEFINITION_SHAPE ( 'NONE', 'NONE',  #3640 ) ;
#26 = VECTOR ( 'NONE', #1745, 39.37007874015748143 ) ;
#27 = ORIENTED_EDGE ( 'NONE', *, *, #1676, .F. ) ;
#28 = CARTESIAN_POINT ( 'NONE',  ( -0.7414420619450898808, -1.980842739205101788, -0.8535383282215501799 ) ) ;
#29 = PLANE ( 'NONE',  #203 ) ;
#30 = AXIS2_PLACEMENT_3D ( 'NONE', #3123, #2819, #1106 ) ;
#31 = CARTESIAN_POINT ( 'NONE',  ( -1.000000000000000000, -2.000000000000000000, -1.700000000000000178 ) ) ;
#32 = CARTESIAN_POINT ( 'NONE',  ( -0.2576941016011039531, 1.000000000000000000, 0.000000000000000000 ) ) ;
#33 = CARTESIAN_POINT ( 'NONE',  ( 0.5739633467548994616, -2.125000000000000444, -0.7308586563664187796 ) ) ;
#34 = CARTESIAN_POINT ( 'NONE',  ( -1.000000000000000000, 1.619999999999999885, -33.00000000000000000 ) ) ;
#35 = EDGE_CURVE ( 'NONE', #2135, #3579, #3365, .T. ) ;
#36 = PRODUCT_CONTEXT ( 'NONE', #58, 'mechanical' ) ;
#37 = DIRECTION ( 'NONE',  ( 0.000000000000000000, 1.000000000000000000, 0.000000000000000000 ) ) ;
#38 = DIRECTION ( 'NONE',  ( 1.000000000000000000, 0.000000000000000000, 5.357418791895920110E-16 ) ) ;
#39 = VECTOR ( 'NONE', #365, 39.37007874015748143 ) ;
#40 = EDGE_CURVE ( 'NONE', #487, #1661, #294, .T. ) ;
#41 = VERTEX_POINT ( 'NONE', #1108 ) ;
#42 =( BOUNDED_CURVE ( )  B_SPLINE_CURVE ( 2, ( #2010, #1232, #942 ),
 .UNSPECIFIED., .F., .T. ) 
 B_SPLINE_CURVE_WITH_KNOTS ( ( 3, 3 ),
 ( 5.379483920505780503, 7.325234548217870234 ),
 .UNSPECIFIED. ) 
 CURVE ( )  GEOMETRIC_REPRESENTATION_ITEM ( )  RATIONAL_B_SPLINE_CURVE ( ( 1.000000000000000000, 1.085697807977689999, 1.109402099056649993 ) ) 
 REPRESENTATION_ITEM ( '' )  );
#43 = LINE ( 'NONE', #1110, #1893 ) ;
#44 = DIRECTION ( 'NONE',  ( 1.000000000000000000, 0.000000000000000000, 0.000000000000000000 ) ) ;
#45 = VECTOR ( 'NONE', #73, 39.37007874015748854 ) ;
#46 = CARTESIAN_POINT ( 'NONE',  ( -0.8699999999999999956, -2.000000000000000000, -33.00000000000000000 ) ) ;
#47 = ORIENTED_EDGE ( 'NONE', *, *, #329, .F. ) ;
#48 = CARTESIAN_POINT ( 'NONE',  ( -0.8440358691799967339, -1.927775290285138832, -0.9559788456409109569 ) ) ;
#49 = CARTESIAN_POINT ( 'NONE',  ( -0.3100000000000000533, -1.810000000000000053, -33.00000000000000000 ) ) ;
#50 = DIRECTION ( 'NONE',  ( 6.356494629578860125E-16, 0.000000000000000000, -1.000000000000000000 ) ) ;
#51 = CARTESIAN_POINT ( 'NONE',  ( -0.8050648231323214166, -2.124800778113932420, -0.9130192078396613953 ) ) ;
#52 = FACE_OUTER_BOUND ( 'NONE', #2261, .T. ) ;
#53 = CARTESIAN_POINT ( 'NONE',  ( 1.000000000000000000, -2.000000000000000000, -33.00000000000000000 ) ) ;
#54 = CARTESIAN_POINT ( 'NONE',  ( -0.7920984946851228337, -1.958800757560172690, -2.310398092128897130 ) ) ;
#55 = AXIS2_PLACEMENT_3D ( 'NONE', #2925, #140, #3457 ) ;
#56 = CARTESIAN_POINT ( 'NONE',  ( -0.6199999999999999956, -1.999999999999999334, -2.638735852090460465 ) ) ;
#57 = ORIENTED_EDGE ( 'NONE', *, *, #1617, .F. ) ;
#58 = APPLICATION_CONTEXT ( 'automotive_design' ) ;
#59 = CARTESIAN_POINT ( 'NONE',  ( -0.9699438471398038608, -1.768151449973306200, -1.456645215239171121 ) ) ;
#60 = EDGE_CURVE ( 'NONE', #89, #700, #1182, .T. ) ;
#61 =( CONVERSION_BASED_UNIT ( 'INCH', #260 ) LENGTH_UNIT ( ) NAMED_UNIT ( #3141 ) );
#62 = CARTESIAN_POINT ( 'NONE',  ( 1.572213747497389846, 0.9733561852506201761, 0.000000000000000000 ) ) ;
#63 = VERTEX_POINT ( 'NONE', #1945 ) ;
#64 = FACE_OUTER_BOUND ( 'NONE', #777, .T. ) ;
#65 = FACE_OUTER_BOUND ( 'NONE', #1405, .T. ) ;
#66 = DIRECTION ( 'NONE',  ( 1.000000000000000000, 1.232595164407830946E-31, -2.471628097242615192E-31 ) ) ;
#67 = CARTESIAN_POINT ( 'NONE',  ( 0.7707056113715081702, -2.124838687002492232, -2.520712277300371174 ) ) ;
#68 = LINE ( 'NONE', #2257, #3479 ) ;
#69 = CARTESIAN_POINT ( 'NONE',  ( 0.2425356250361019872, -1.000000000000000888, 1.060000000000000941 ) ) ;
#70 = CARTESIAN_POINT ( 'NONE',  ( -0.5156313066184228244, -2.125416666666666732, -2.707667479398051302 ) ) ;
#71 = CARTESIAN_POINT ( 'NONE',  ( 0.6200000000000001066, 2.040000000000000036, -31.43999999999999773 ) ) ;
#72 = FILL_AREA_STYLE_COLOUR ( '', #498 ) ;
#73 = DIRECTION ( 'NONE',  ( 0.000000000000000000, -0.7071067811865479058, 0.7071067811865469066 ) ) ;
#74 = CARTESIAN_POINT ( 'NONE',  ( 0.5153882032022071291, 1.000000000000000000, 0.000000000000000000 ) ) ;
#75 = EDGE_CURVE ( 'NONE', #989, #1773, #2878, .T. ) ;
#76 = ORIENTED_EDGE ( 'NONE', *, *, #1623, .F. ) ;
#77 = AXIS2_PLACEMENT_3D ( 'NONE', #3368, #1443, #3421 ) ;
#78 = CARTESIAN_POINT ( 'NONE',  ( 1.748382715945129988E-16, -2.000000000000000000, -1.700000000000000178 ) ) ;
#79 = PLANE ( 'NONE',  #789 ) ;
#80 = LINE ( 'NONE', #2619, #1259 ) ;
#81 = ADVANCED_FACE ( 'NONE', ( #3402 ), #894, .F. ) ;
#82 = ORIENTED_EDGE ( 'NONE', *, *, #513, .T. ) ;
#83 = VECTOR ( 'NONE', #1924, 39.37007874015748143 ) ;
#84 = CARTESIAN_POINT ( 'NONE',  ( 0.4266153387237956451, -2.124918419162209027, -0.6587537086716015455 ) ) ;
#85 = AXIS2_PLACEMENT_3D ( 'NONE', #683, #448, #936 ) ;
#86 = CARTESIAN_POINT ( 'NONE',  ( 0.09795228642715807232, -1.818940756034389761, -31.43999999999999773 ) ) ;
#87 = CARTESIAN_POINT ( 'NONE',  ( -1.000000000000000000, -1.650154312727396544, -1.748916754639256110 ) ) ;
#88 = FILL_AREA_STYLE_COLOUR ( '', #1563 ) ;
#89 = VERTEX_POINT ( 'NONE', #876 ) ;
#90 = LINE ( 'NONE', #2927, #458 ) ;
#91 = AXIS2_PLACEMENT_3D ( 'NONE', #3471, #1215, #927 ) ;
#92 = CARTESIAN_POINT ( 'NONE',  ( -0.2837870538090520034, -2.000000000000000000, -2.810173443830870088 ) ) ;
#93 = B_SPLINE_CURVE_WITH_KNOTS ( 'NONE', 3,
 ( #1873, #443, #3015, #2996, #1629, #482 ),
 .UNSPECIFIED., .F., .F.,
 ( 4, 2, 4 ),
 ( -0.3492500000000000049, -0.1746250000000000024, -0.03174999999999539302 ),
 .UNSPECIFIED. ) ;
#94 = VERTEX_POINT ( 'NONE', #2245 ) ;
#95 = AXIS2_PLACEMENT_3D ( 'NONE', #3188, #994, #666 ) ;
#96 = CARTESIAN_POINT ( 'NONE',  ( 1.062500000000000000, 0.000000000000000000, 0.9975000000000000533 ) ) ;
#97 = CARTESIAN_POINT ( 'NONE',  ( -0.1587349916327909505, -2.125833333333333464, -0.5524336365865094578 ) ) ;
#98 = DIRECTION ( 'NONE',  ( 0.000000000000000000, 0.000000000000000000, -1.000000000000000000 ) ) ;
#99 = ORIENTED_EDGE ( 'NONE', *, *, #3492, .F. ) ;
#100 = CARTESIAN_POINT ( 'NONE',  ( 0.9533246194583350208, -2.124938508927575853, -2.299128701871038238 ) ) ;
#101 = CARTESIAN_POINT ( 'NONE',  ( 0.7211075579487146170, -2.002533333333333498, -0.9952943682523013313 ) ) ;
#102 = EDGE_CURVE ( 'NONE', #3039, #3208, #409, .T. ) ;
#103 = CARTESIAN_POINT ( 'NONE',  ( 1.000000000000000000, -2.000000000000000000, -1.700000000000000178 ) ) ;
#104 = CARTESIAN_POINT ( 'NONE',  ( -0.7499999999999823475, -2.213541565040642034, -31.43999999999999773 ) ) ;
#105 = ORIENTED_EDGE ( 'NONE', *, *, #1301, .T. ) ;
#106 = DIMENSIONAL_EXPONENTS ( 1.000000000000000000, 0.000000000000000000, 0.000000000000000000, 0.000000000000000000, 0.000000000000000000, 0.000000000000000000, 0.000000000000000000 ) ;
#107 = VECTOR ( 'NONE', #2669, 39.37007874015748143 ) ;
#108 = CARTESIAN_POINT ( 'NONE',  ( 0.5243479600150188213, -2.000000000000000000, -31.43999999999999773 ) ) ;
#109 = CARTESIAN_POINT ( 'NONE',  ( 0.1587255113405909579, -2.126250000000000195, -2.847539770816130300 ) ) ;
#110 = VERTEX_POINT ( 'NONE', #19 ) ;
#111 = CARTESIAN_POINT ( 'NONE',  ( 0.6200000000000001066, 2.080000000000000071, -31.43999999999999773 ) ) ;
#112 = CARTESIAN_POINT ( 'NONE',  ( 0.03091635072517578617, -2.000000000000000000, -0.5684532656925378458 ) ) ;
#113 = ORIENTED_EDGE ( 'NONE', *, *, #164, .T. ) ;
#114 = ADVANCED_FACE ( 'NONE', ( #2854 ), #1385, .T. ) ;
#115 = VECTOR ( 'NONE', #2473, 39.37007874015748143 ) ;
#116 = DIRECTION ( 'NONE',  ( 0.000000000000000000, -1.000000000000000000, 0.000000000000000000 ) ) ;
#117 = CARTESIAN_POINT ( 'NONE',  ( 0.000000000000000000, 0.000000000000000000, 0.000000000000000000 ) ) ;
#118 = CARTESIAN_POINT ( 'NONE',  ( -0.6200000000000001066, -2.000000000000000000, -33.00000000000000000 ) ) ;
#119 = EDGE_CURVE ( 'NONE', #2435, #1830, #2552, .T. ) ;
#120 = CARTESIAN_POINT ( 'NONE',  ( -0.9380387881992472421, -1.828285322960301551, -2.046961315735296605 ) ) ;
#121 = CARTESIAN_POINT ( 'NONE',  ( -0.7335491807671364883, -1.982929077043424471, -1.020095093551768972 ) ) ;
#122 = SURFACE_STYLE_FILL_AREA ( #931 ) ;
#123 = VERTEX_POINT ( 'NONE', #2800 ) ;
#124 = EDGE_CURVE ( 'NONE', #3540, #1334, #1663, .T. ) ;
#125 = DIRECTION ( 'NONE',  ( 3.594536833768766614E-16, 1.000000000000000000, 0.000000000000000000 ) ) ;
#126 = LINE ( 'NONE', #1258, #2731 ) ;
#127 = ORIENTED_EDGE ( 'NONE', *, *, #3389, .T. ) ;
#128 = B_SPLINE_CURVE_WITH_KNOTS ( 'NONE', 3,
 ( #2208, #1714, #2833, #1662, #313, #2556, #1998, #1160, #2779, #1383, #622, #2630 ),
 .UNSPECIFIED., .F., .F.,
 ( 4, 2, 2, 2, 2, 4 ),
 ( 0.000000000000000000, 0.003647858226729767256, 0.005471787340094641343, 0.007295716453459515430, 0.01094357468018924626, 0.01459143290691897882 ),
 .UNSPECIFIED. ) ;
#129 = LINE ( 'NONE', #1779, #3623 ) ;
#130 = CARTESIAN_POINT ( 'NONE',  ( -0.6200000000000001066, -2.000000000000000000, -0.7612641479095413333 ) ) ;
#131 = EDGE_LOOP ( 'NONE', ( #3278, #1011, #2782, #2675, #1163 ) ) ;
#132 = PRESENTATION_LAYER_ASSIGNMENT (  '', '', ( #773 ) ) ;
#133 = AXIS2_PLACEMENT_3D ( 'NONE', #3009, #153, #1038 ) ;
#134 = CARTESIAN_POINT ( 'NONE',  ( 0.9207171544697027032, -2.002533333333333498, -1.227833269476779510 ) ) ;
#135 = CARTESIAN_POINT ( 'NONE',  ( 0.7799999999999996936, 0.7800000000000020250, -0.07500000000000014988 ) ) ;
#136 = AXIS2_PLACEMENT_3D ( 'NONE', #1863, #474, #3578 ) ;
#137 = DIRECTION ( 'NONE',  ( -1.079248590089589989E-16, 1.000000000000000000, 0.000000000000000000 ) ) ;
#138 = CARTESIAN_POINT ( 'NONE',  ( -0.9870248609371341519, -1.721046397370782355, -1.535406336326115895 ) ) ;
#139 = CARTESIAN_POINT ( 'NONE',  ( -1.000000000000000000, -2.000000000000000000, -1.624215130267695040 ) ) ;
#140 = DIRECTION ( 'NONE',  ( 0.000000000000000000, 0.000000000000000000, -1.000000000000000000 ) ) ;
#141 = PRESENTATION_LAYER_ASSIGNMENT (  '', '', ( #904 ) ) ;
#142 = ORIENTED_EDGE ( 'NONE', *, *, #2892, .T. ) ;
#143 = DIRECTION ( 'NONE',  ( 0.000000000000000000, 0.000000000000000000, 1.000000000000000000 ) ) ;
#144 = EDGE_CURVE ( 'NONE', #3333, #89, #1981, .T. ) ;
#145 = CARTESIAN_POINT ( 'NONE',  ( 0.7799999999999996936, 0.7800000000000020250, 0.000000000000000000 ) ) ;
#146 = ORIENTED_EDGE ( 'NONE', *, *, #2766, .T. ) ;
#147 = EDGE_LOOP ( 'NONE', ( #2000, #1349, #3064, #2485, #2387, #2058, #3187, #1897 ) ) ;
#148 = ORIENTED_EDGE ( 'NONE', *, *, #1337, .F. ) ;
#149 = CARTESIAN_POINT ( 'NONE',  ( 0.000000000000000000, -1.000000000000000000, 1.060000000000000053 ) ) ;
#150 = CARTESIAN_POINT ( 'NONE',  ( 0.3997080569104440873, -2.000000000000000000, -0.6410726458845925624 ) ) ;
#151 = ORIENTED_EDGE ( 'NONE', *, *, #2057, .T. ) ;
#152 = VECTOR ( 'NONE', #3010, 39.37007874015748143 ) ;
#153 = DIRECTION ( 'NONE',  ( 0.000000000000000000, 0.000000000000000000, 1.000000000000000000 ) ) ;
#154 = CARTESIAN_POINT ( 'NONE',  ( 0.6200000000000001066, -2.001266666666666971, -0.9153981901626772055 ) ) ;
#155 = PRESENTATION_LAYER_ASSIGNMENT (  '', '', ( #1281 ) ) ;
#156 = CARTESIAN_POINT ( 'NONE',  ( 1.000000000000000000, -2.001266666666666971, -1.700000000000000178 ) ) ;
#157 = CARTESIAN_POINT ( 'NONE',  ( -0.8053341215709212131, -1.951940672781945274, -2.485394977578566866 ) ) ;
#158 = UNCERTAINTY_MEASURE_WITH_UNIT (LENGTH_MEASURE( 1.000000000000000082E-05 ), #1296, 'distance_accuracy_value', 'NONE');
#159 = CARTESIAN_POINT ( 'NONE',  ( -1.000000000000000000, -1.619999999999999885, -1.700000000000399858 ) ) ;
#160 = CARTESIAN_POINT ( 'NONE',  ( 0.6200000000000001066, -2.000000000000000000, -2.484601809837319042 ) ) ;
#161 = CARTESIAN_POINT ( 'NONE',  ( 0.6200000000000001066, 1.619999999999999885, -33.00000000000000000 ) ) ;
#162 = AXIS2_PLACEMENT_3D ( 'NONE', #3354, #2805, #1985 ) ;
#163 = ORIENTED_EDGE ( 'NONE', *, *, #2570, .F. ) ;
#164 = EDGE_CURVE ( 'NONE', #3403, #2025, #2573, .T. ) ;
#165 = CARTESIAN_POINT ( 'NONE',  ( 0.9054989947495062363, -1.870779516206690030, -1.275664177642316544 ) ) ;
#166 = CARTESIAN_POINT ( 'NONE',  ( -0.6200000000000001066, -2.000000000000000000, 0.000000000000000000 ) ) ;
#167 = EDGE_LOOP ( 'NONE', ( #113, #2240, #1036, #3545, #1632, #3316, #3349, #82 ) ) ;
#168 = EDGE_CURVE ( 'NONE', #772, #2468, #887, .T. ) ;
#169 = CARTESIAN_POINT ( 'NONE',  ( 0.7335491808096790134, -1.982929077030311626, -2.379904906403175868 ) ) ;
#170 = CARTESIAN_POINT ( 'NONE',  ( -0.6200000000000001066, -2.125833333333333464, -0.7612641479095413333 ) ) ;
#171 = VECTOR ( 'NONE', #1821, 39.37007874015748143 ) ;
#172 = VERTEX_POINT ( 'NONE', #1715 ) ;
#173 = ADVANCED_FACE ( 'NONE', ( #274 ), #2835, .F. ) ;
#174 = DIRECTION ( 'NONE',  ( 0.000000000000000000, 0.000000000000000000, -1.000000000000000000 ) ) ;
#175 = CARTESIAN_POINT ( 'NONE',  ( 1.000000000000000000, -1.746666666666669254, -1.528180262172850634 ) ) ;
#176 = CARTESIAN_POINT ( 'NONE',  ( -1.000000000000000000, -1.873333333333330852, -1.700000000000000178 ) ) ;
#177 = FACE_OUTER_BOUND ( 'NONE', #3426, .T. ) ;
#178 = CARTESIAN_POINT ( 'NONE',  ( -0.9557158376003499489, -1.798438679047605904, -1.405127652432675456 ) ) ;
#179 = CARTESIAN_POINT ( 'NONE',  ( 0.6200000000000001066, 1.619999999999999885, 0.000000000000000000 ) ) ;
#180 = CARTESIAN_POINT ( 'NONE',  ( 0.8988782554967420513, -2.124838687002491788, -1.022081374126495135 ) ) ;
#181 = ORIENTED_EDGE ( 'NONE', *, *, #144, .F. ) ;
#182 = ORIENTED_EDGE ( 'NONE', *, *, #1874, .F. ) ;
#183 = VERTEX_POINT ( 'NONE', #824 ) ;
#184 = VERTEX_POINT ( 'NONE', #2227 ) ;
#185 = CARTESIAN_POINT ( 'NONE',  ( 0.8086790218079086268, -1.950694594249358538, -2.289261538655848582 ) ) ;
#186 = DIRECTION ( 'NONE',  ( 0.8637177756354240676, 0.5039757970889029437, 0.000000000000000000 ) ) ;
#187 = ADVANCED_FACE ( 'NONE', ( #2350 ), #988, .T. ) ;
#188 = ORIENTED_EDGE ( 'NONE', *, *, #444, .F. ) ;
#189 = LINE ( 'NONE', #2737, #2547 ) ;
#190 = CARTESIAN_POINT ( 'NONE',  ( -0.6200000000000001066, -2.000000000000000000, 0.000000000000000000 ) ) ;
#191 = EDGE_CURVE ( 'NONE', #1765, #1199, #3474, .T. ) ;
#192 = CARTESIAN_POINT ( 'NONE',  ( 0.6200000000000001066, -2.002533333333333498, -2.484601809837319042 ) ) ;
#193 = MECHANICAL_DESIGN_GEOMETRIC_PRESENTATION_REPRESENTATION (  '', ( #773 ), #3367 ) ;
#194 =( REPRESENTATION_RELATIONSHIP ('NONE','NONE', #1311, #1689 ) REPRESENTATION_RELATIONSHIP_WITH_TRANSFORMATION ( #312 )SHAPE_REPRESENTATION_RELATIONSHIP( ) );
#195 = PRODUCT_DEFINITION_SHAPE ( 'NONE', 'NONE',  #3641 ) ;
#196 = CARTESIAN_POINT ( 'NONE',  ( 1.748382715945129988E-16, -2.062500000000000000, -1.700000000000000178 ) ) ;
#197 = FACE_OUTER_BOUND ( 'NONE', #1211, .T. ) ;
#198 = CARTESIAN_POINT ( 'NONE',  ( -0.9913323557089890325, -1.999835767415903076, -1.549424338165380277 ) ) ;
#199 = STYLED_ITEM ( 'NONE', ( #1620 ), #3588 ) ;
#200 = CARTESIAN_POINT ( 'NONE',  ( 0.6200000000000001066, 2.080000000000000071, -32.97962332214481052 ) ) ;
#201 = ORIENTED_EDGE ( 'NONE', *, *, #417, .F. ) ;
#202 = VECTOR ( 'NONE', #3338, 39.37007874015748143 ) ;
#203 = AXIS2_PLACEMENT_3D ( 'NONE', #2287, #305, #2826 ) ;
#204 = EDGE_LOOP ( 'NONE', ( #3317, #1309, #470, #3158 ) ) ;
#205 = VERTEX_POINT ( 'NONE', #1219 ) ;
#206 = ORIENTED_EDGE ( 'NONE', *, *, #2106, .F. ) ;
#207 = DIRECTION ( 'NONE',  ( -1.000000000000000000, -9.270305856177588894E-17, -5.357418791895920110E-16 ) ) ;
#208 = CARTESIAN_POINT ( 'NONE',  ( -0.6200000000000001066, -2.125000000000000000, -0.7612641479095413333 ) ) ;
#209 = ORIENTED_EDGE ( 'NONE', *, *, #467, .T. ) ;
#210 = FILL_AREA_STYLE ('',( #3209 ) ) ;
#211 = CARTESIAN_POINT ( 'NONE',  ( 1.000000000000000000, -1.619999999999999885, -1.699999999999600497 ) ) ;
#212 = VECTOR ( 'NONE', #1268, 39.37007874015748143 ) ;
#213 = CARTESIAN_POINT ( 'NONE',  ( 1.000000000000000000, -2.003800000000000470, -1.700000000000000178 ) ) ;
#214 = CARTESIAN_POINT ( 'NONE',  ( -0.8618127285608292443, -1.914011755751376276, -2.423307760714870529 ) ) ;
#215 = EDGE_CURVE ( 'NONE', #2370, #2206, #968, .T. ) ;
#216 = DIRECTION ( 'NONE',  ( -1.000000000000000000, -9.990758376829299075E-17, 0.000000000000000000 ) ) ;
#217 = CARTESIAN_POINT ( 'NONE',  ( 0.9177358857456081598, -1.856413139678215307, -2.350578386121455310 ) ) ;
#218 = CARTESIAN_POINT ( 'NONE',  ( 1.000000000000000000, 1.619999999999999885, 0.000000000000000000 ) ) ;
#219 = B_SPLINE_CURVE_WITH_KNOTS ( 'NONE', 3,
 ( #2699, #2177, #3337, #520, #169, #1092, #2770, #2732, #3577, #243, #1370, #1034, #3592, #2714, #225, #185, #775, #3300, #811, #1299, #2162, #3611, #3558, #794, #453, #1932, #3005, #1898, #1598, #737, #1316, #1352, #2414, #1651, #473, #2140, #3024, #3280, #2432, #756, #504, #1614, #3040, #3262, #2193, #1054, #1072, #1882, #1862 ),
 .UNSPECIFIED., .F., .F.,
 ( 4, 2, 2, 2, 1, 1, 1, 1, 2, 2, 2, 2, 2, 1, 1, 1, 1, 2, 2, 2, 2, 2, 1, 1, 1, 1, 1, 2, 2, 2, 4 ),
 ( 0.000000000000000000, 0.1249999999999646949, 0.1874999999999468203, 0.2187499999999382716, 0.2343749999999338030, 0.2421874999999315825, 0.2460937499999305833, 0.2480468749999301947, 0.2490234374999301115, 0.2499999999999300559, 0.3749999999999192313, 0.4374999999999137357, 0.4687499999999112932, 0.4843749999999105160, 0.4921874999999107381, 0.4960937499999109601, 0.4980468749999106826, 0.4990234374999109046, 0.4999999999999111822, 0.6249999999999267253, 0.6874999999999346079, 0.7187499999999386047, 0.7343749999999409361, 0.7421874999999421574, 0.7460937499999428235, 0.7480468749999434896, 0.7490234374999440448, 0.7495117187499444888, 0.7499999999999449329, 0.8749999999999724665, 1.000000000000000000 ),
 .UNSPECIFIED. ) ;
#220 = ORIENTED_EDGE ( 'NONE', *, *, #1720, .F. ) ;
#221 = DIRECTION ( 'NONE',  ( 0.000000000000000000, 0.000000000000000000, 1.000000000000000000 ) ) ;
#222 = CARTESIAN_POINT ( 'NONE',  ( 0.9055760666350117782, -1.870691715033728775, -1.275828634650241211 ) ) ;
#223 = EDGE_LOOP ( 'NONE', ( #792, #2983, #3239, #3385, #1205, #1841 ) ) ;
#224 = ORIENTED_EDGE ( 'NONE', *, *, #3450, .T. ) ;
#225 = CARTESIAN_POINT ( 'NONE',  ( 0.7872956370387151903, -1.961192326888246740, -2.316573155451670196 ) ) ;
#226 = CARTESIAN_POINT ( 'NONE',  ( -0.6200000000000001066, -2.000000000000000000, -0.7612641479095413333 ) ) ;
#227 = ORIENTED_EDGE ( 'NONE', *, *, #799, .F. ) ;
#228 = AXIS2_PLACEMENT_3D ( 'NONE', #2591, #696, #1772 ) ;
#229 = DIRECTION ( 'NONE',  ( 1.000000000000000000, 0.000000000000000000, 0.000000000000000000 ) ) ;
#230 = CARTESIAN_POINT ( 'NONE',  ( -0.6200000000000001066, -1.746666666666669254, -2.484601809837319042 ) ) ;
#231 = EDGE_CURVE ( 'NONE', #1466, #2333, #932, .T. ) ;
#232 = CARTESIAN_POINT ( 'NONE',  ( 1.872213747497389669, -1.476643814749380113, 0.000000000000000000 ) ) ;
#233 = SURFACE_STYLE_FILL_AREA ( #2456 ) ;
#234 = CARTESIAN_POINT ( 'NONE',  ( 0.8868575924807434729, -1.890769270314061501, -2.392025623468701401 ) ) ;
#235 = VECTOR ( 'NONE', #765, 39.37007874015748143 ) ;
#236 = FACE_OUTER_BOUND ( 'NONE', #2965, .T. ) ;
#237 = EDGE_LOOP ( 'NONE', ( #2728, #3020, #342, #368 ) ) ;
#238 =( NAMED_UNIT ( * ) PLANE_ANGLE_UNIT ( ) SI_UNIT ( $, .RADIAN. ) );
#239 =( LENGTH_UNIT ( ) NAMED_UNIT ( * ) SI_UNIT ( $, .METRE. ) );
#240 = ORIENTED_EDGE ( 'NONE', *, *, #2889, .T. ) ;
#241 = EDGE_CURVE ( 'NONE', #3176, #1854, #2609, .T. ) ;
#242 = ORIENTED_EDGE ( 'NONE', *, *, #2174, .T. ) ;
#243 = CARTESIAN_POINT ( 'NONE',  ( 0.7817110799633715246, -1.963882748924233868, -2.323645446678426651 ) ) ;
#244 = FACE_OUTER_BOUND ( 'NONE', #1754, .T. ) ;
#245 = ORIENTED_EDGE ( 'NONE', *, *, #3277, .F. ) ;
#246 = B_SPLINE_CURVE_WITH_KNOTS ( 'NONE', 3,
 ( #2037, #87, #3143, #654, #3166, #946, #1236, #2331, #2365, #619, #1474, #2348, #1786, #639, #3416, #2606, #1217, #929, #120, #2588, #966, #1197, #1178, #3472, #1252, #3196, #2055, #2939, #2905, #3181, #2015, #2070, #2310, #675, #1801, #3490, #2923, #54, #404, #2092, #1527, #694, #1818, #1543, #745, #1587, #1626, #1605 ),
 .UNSPECIFIED., .F., .F.,
 ( 4, 2, 2, 2, 1, 1, 1, 1, 1, 2, 2, 2, 2, 2, 1, 1, 1, 1, 2, 2, 2, 2, 1, 1, 1, 1, 1, 2, 2, 2, 4 ),
 ( 0.000000000000000000, 0.1250000000000134892, 0.1875000000000199007, 0.2187500000000233147, 0.2343750000000252021, 0.2421875000000257017, 0.2460937500000259237, 0.2480468750000257294, 0.2490234375000258960, 0.2495117187500259237, 0.2500000000000259237, 0.3750000000000037748, 0.4374999999999929501, 0.4687499999999871769, 0.4843749999999849010, 0.4921874999999841238, 0.4960937499999830136, 0.4980468749999829581, 0.4990234374999827360, 0.4999999999999825140, 0.6250000000000099920, 0.6875000000000242029, 0.7187500000000314193, 0.7343750000000349720, 0.7421875000000365263, 0.7460937500000369704, 0.7480468750000373035, 0.7490234375000374145, 0.7500000000000375255, 0.8750000000000186517, 1.000000000000000000 ),
 .UNSPECIFIED. ) ;
#247 = LINE ( 'NONE', #3562, #2986 ) ;
#248 = CARTESIAN_POINT ( 'NONE',  ( -1.000000000000000000, -2.000000000000000000, -1.828864803370358061 ) ) ;
#249 = DIRECTION ( 'NONE',  ( 0.000000000000000000, -1.000000000000000000, 2.911939140901450616E-29 ) ) ;
#250 = DIRECTION ( 'NONE',  ( -1.000000000000000000, -7.189073667537533228E-16, 0.000000000000000000 ) ) ;
#251 = DIRECTION ( 'NONE',  ( 0.000000000000000000, 0.000000000000000000, -1.000000000000000000 ) ) ;
#252 = ORIENTED_EDGE ( 'NONE', *, *, #2841, .F. ) ;
#253 = VECTOR ( 'NONE', #3506, 39.37007874015748143 ) ;
#254 = SURFACE_SIDE_STYLE ('',( #838 ) ) ;
#255 = DIRECTION ( 'NONE',  ( -2.471628097242615192E-31, -6.700750017480182946E-62, -1.000000000000000000 ) ) ;
#256 = ORIENTED_EDGE ( 'NONE', *, *, #3382, .T. ) ;
#257 = VECTOR ( 'NONE', #3047, 39.37007874015748143 ) ;
#258 = VECTOR ( 'NONE', #2270, 39.37007874015748143 ) ;
#259 = EDGE_CURVE ( 'NONE', #3579, #1381, #868, .T. ) ;
#260 = LENGTH_MEASURE_WITH_UNIT ( LENGTH_MEASURE( 0.02539999999999999897 ), #2539 );
#261 = CARTESIAN_POINT ( 'NONE',  ( 0.1096076595658313918, -2.124972400890920099, -2.819954047546447296 ) ) ;
#262 = ORIENTED_EDGE ( 'NONE', *, *, #2121, .F. ) ;
#263 = CARTESIAN_POINT ( 'NONE',  ( -0.7799664863037972795, -1.788333333333330888, -0.8669160427290413251 ) ) ;
#264 = CARTESIAN_POINT ( 'NONE',  ( -1.000000000000000000, -2.001266666666666971, -1.700000000000000178 ) ) ;
#265 = PLANE ( 'NONE',  #1081 ) ;
#266 = CARTESIAN_POINT ( 'NONE',  ( 0.8099999999999999423, -1.619999999999999885, 0.000000000000000000 ) ) ;
#267 = DIRECTION ( 'NONE',  ( -1.000000000000000000, 0.000000000000000000, 0.000000000000000000 ) ) ;
#268 = CIRCLE ( 'NONE', #3267, 0.1900000000000001688 ) ;
#269 = FACE_OUTER_BOUND ( 'NONE', #3340, .T. ) ;
#270 = EDGE_LOOP ( 'NONE', ( #256, #562, #997, #3356 ) ) ;
#271 = AXIS2_PLACEMENT_3D ( 'NONE', #3464, #1283, #938 ) ;
#272 = CONTEXT_DEPENDENT_SHAPE_REPRESENTATION ( #1568, #2284 ) ;
#273 = CARTESIAN_POINT ( 'NONE',  ( 0.7967236314511131345, -1.956428646392422532, -1.095631518155684603 ) ) ;
#274 = FACE_OUTER_BOUND ( 'NONE', #3516, .T. ) ;
#275 = ORIENTED_EDGE ( 'NONE', *, *, #2645, .F. ) ;
#276 = ADVANCED_FACE ( 'NONE', ( #1273, #2631 ), #623, .T. ) ;
#277 = CARTESIAN_POINT ( 'NONE',  ( 0.9662312730564392993, -1.999789116847360271, -1.440430921652702478 ) ) ;
#278 = VECTOR ( 'NONE', #2239, 39.37007874015748143 ) ;
#279 = FACE_OUTER_BOUND ( 'NONE', #3095, .T. ) ;
#280 = EDGE_CURVE ( 'NONE', #2103, #2840, #2478, .T. ) ;
#281 = CIRCLE ( 'NONE', #2687, 0.1900000000000000300 ) ;
#282 = EDGE_LOOP ( 'NONE', ( #663, #718, #2713 ) ) ;
#283 = CARTESIAN_POINT ( 'NONE',  ( -0.6709585081172003695, -1.997352088304749973, -0.7965066410226510074 ) ) ;
#284 = CARTESIAN_POINT ( 'NONE',  ( 0.7800000000000004707, -0.7800000000000020250, -0.07499999999999988620 ) ) ;
#285 = EDGE_CURVE ( 'NONE', #295, #2861, #1530, .T. ) ;
#286 = PRODUCT_DEFINITION_SHAPE ( 'NONE', 'NONE',  #3636 ) ;
#287 = VECTOR ( 'NONE', #1064, 39.37007874015748143 ) ;
#288 = CARTESIAN_POINT ( 'NONE',  ( -0.9779913745520979473, -2.124999999999999112, -1.141908790964210274 ) ) ;
#289 = CARTESIAN_POINT ( 'NONE',  ( 0.6200000000000001066, -1.619999999999999885, 0.000000000000000000 ) ) ;
#290 = LINE ( 'NONE', #1399, #1440 ) ;
#291 = ORIENTED_EDGE ( 'NONE', *, *, #509, .F. ) ;
#292 = ADVANCED_BREP_SHAPE_REPRESENTATION ( '', ( #3597, #2196 ), #451 ) ;
#293 = SHAPE_DEFINITION_REPRESENTATION ( #867, #1311 ) ;
#294 = LINE ( 'NONE', #567, #1650 ) ;
#295 = VERTEX_POINT ( 'NONE', #1254 ) ;
#296 = VECTOR ( 'NONE', #1082, 39.37007874015748143 ) ;
#297 = FACE_OUTER_BOUND ( 'NONE', #1613, .T. ) ;
#298 = FILL_AREA_STYLE ('',( #551 ) ) ;
#299 = CARTESIAN_POINT ( 'NONE',  ( -0.7499999999999823475, 2.080000000000000071, -33.00000000000000000 ) ) ;
#300 = DIRECTION ( 'NONE',  ( 0.000000000000000000, 0.000000000000000000, -1.000000000000000000 ) ) ;
#301 = ADVANCED_FACE ( 'NONE', ( #2095, #3217 ), #2040, .F. ) ;
#302 = VERTEX_POINT ( 'NONE', #2906 ) ;
#303 = CARTESIAN_POINT ( 'NONE',  ( 0.6200000000000001066, 2.000000000000000000, 0.000000000000000000 ) ) ;
#304 = ADVANCED_FACE ( 'NONE', ( #1240 ), #755, .T. ) ;
#305 = DIRECTION ( 'NONE',  ( -2.471628097242615192E-31, -6.700750017480182946E-62, -1.000000000000000000 ) ) ;
#306 = CARTESIAN_POINT ( 'NONE',  ( -0.7548100772649547485, -2.002533333333333498, -2.378073572384492351 ) ) ;
#307 = AXIS2_PLACEMENT_3D ( 'NONE', #1192, #1485, #2600 ) ;
#308 = FACE_OUTER_BOUND ( 'NONE', #1314, .T. ) ;
#309 = CARTESIAN_POINT ( 'NONE',  ( 0.05498856808835170251, -2.124955771398501447, -0.5750442286014677551 ) ) ;
#310 = EDGE_CURVE ( 'NONE', #543, #362, #1910, .T. ) ;
#311 = LINE ( 'NONE', #34, #2801 ) ;
#312 = ITEM_DEFINED_TRANSFORMATION ( 'NONE', 'NONE', #1507,  #2196 ) ;
#313 = CARTESIAN_POINT ( 'NONE',  ( -0.7703126605492726098, -2.124840788338761666, -2.520036588056032922 ) ) ;
#314 = CARTESIAN_POINT ( 'NONE',  ( 0.000000000000000000, 0.000000000000000000, 0.000000000000000000 ) ) ;
#315 = EDGE_LOOP ( 'NONE', ( #662, #3076, #2430, #1089 ) ) ;
#316 = VECTOR ( 'NONE', #3447, 39.37007874015748143 ) ;
#317 = APPLICATION_CONTEXT ( 'automotive_design' ) ;
#318 = DIRECTION ( 'NONE',  ( 0.000000000000000000, -1.000000000000000000, 0.000000000000000000 ) ) ;
#319 = SURFACE_STYLE_FILL_AREA ( #298 ) ;
#320 = CARTESIAN_POINT ( 'NONE',  ( 1.000000000000000000, -1.619999999999999885, 0.000000000000000000 ) ) ;
#321 = CARTESIAN_POINT ( 'NONE',  ( 0.8951257492189660381, -1.883100988844101709, -1.018299050116732385 ) ) ;
#322 = AXIS2_PLACEMENT_3D ( 'NONE', #818, #2220, #1391 ) ;
#323 = EDGE_LOOP ( 'NONE', ( #657, #471, #1653, #3203, #3463, #1963 ) ) ;
#324 = VECTOR ( 'NONE', #1741, 39.37007874015748143 ) ;
#325 = CARTESIAN_POINT ( 'NONE',  ( -0.9990267431626380645, -1.651105667789623865, -1.182712351781617821 ) ) ;
#326 = FACE_OUTER_BOUND ( 'NONE', #15, .T. ) ;
#327 = MECHANICAL_DESIGN_GEOMETRIC_PRESENTATION_REPRESENTATION (  '', ( #1907 ), #791 ) ;
#328 = CARTESIAN_POINT ( 'NONE',  ( -0.9121746125226930513, -1.788333333333330888, -2.385794485169141943 ) ) ;
#329 = EDGE_CURVE ( 'NONE', #1705, #1130, #463, .T. ) ;
#330 = CARTESIAN_POINT ( 'NONE',  ( 1.000000000000000000, -2.125000000000000444, -2.215388203202208750 ) ) ;
#331 = DIRECTION ( 'NONE',  ( 0.000000000000000000, -3.504833317489690111E-32, 1.000000000000000000 ) ) ;
#332 = FACE_OUTER_BOUND ( 'NONE', #857, .T. ) ;
#333 = EDGE_CURVE ( 'NONE', #1122, #2730, #2745, .T. ) ;
#334 = CARTESIAN_POINT ( 'NONE',  ( 0.7877930044707970314, -1.960948004540363332, -1.084062297058895785 ) ) ;
#335 = CARTESIAN_POINT ( 'NONE',  ( 0.7800000000000004707, -0.7800000000000020250, -0.07499999999999988620 ) ) ;
#336 = ADVANCED_BREP_SHAPE_REPRESENTATION ( '', ( #2345, #2196 ), #2904 ) ;
#337 = VERTEX_POINT ( 'NONE', #3273 ) ;
#338 = CARTESIAN_POINT ( 'NONE',  ( -0.9015630413906104978, -1.875199738419369044, -1.267357051683729807 ) ) ;
#339 = CARTESIAN_POINT ( 'NONE',  ( 0.9121746125226930513, -1.619999999999999885, -1.014205514830860411 ) ) ;
#340 = VECTOR ( 'NONE', #1966, 39.37007874015748143 ) ;
#341 = CARTESIAN_POINT ( 'NONE',  ( 0.9677499035497235669, -1.773719801799703122, -1.126306981682161812 ) ) ;
#342 = ORIENTED_EDGE ( 'NONE', *, *, #1676, .T. ) ;
#343 = CYLINDRICAL_SURFACE ( 'NONE', #1279, 0.1900000000000001688 ) ;
#344 = DIRECTION ( 'NONE',  ( -0.000000000000000000, 1.000000000000000000, 0.000000000000000000 ) ) ;
#345 = CARTESIAN_POINT ( 'NONE',  ( 1.748382715945129988E-16, -2.000000000000000000, -2.700000000000000622 ) ) ;
#346 = CARTESIAN_POINT ( 'NONE',  ( -0.6200000000000001066, -2.125000000000000000, -0.7612641479095413333 ) ) ;
#347 = CARTESIAN_POINT ( 'NONE',  ( -0.8560870640262913112, -1.917763157894740278, -33.00000000000000000 ) ) ;
#348 = DIRECTION ( 'NONE',  ( -0.000000000000000000, 1.000000000000000000, 0.000000000000000000 ) ) ;
#349 = CARTESIAN_POINT ( 'NONE',  ( -0.6200000000000001066, -2.000000000000000000, -2.638735852090460909 ) ) ;
#350 = CLOSED_SHELL ( 'NONE', ( #2776, #3319, #2698, #1317, #1255 ) ) ;
#351 = SURFACE_SIDE_STYLE ('',( #2890 ) ) ;
#352 = EDGE_CURVE ( 'NONE', #2942, #543, #3586, .T. ) ;
#353 = CARTESIAN_POINT ( 'NONE',  ( 0.000000000000000000, 0.000000000000000000, 0.000000000000000000 ) ) ;
#354 = SURFACE_STYLE_USAGE ( .BOTH. , #3147 ) ;
#355 = DIRECTION ( 'NONE',  ( 3.594536833768766614E-16, 1.000000000000000000, 0.000000000000000000 ) ) ;
#356 = EDGE_CURVE ( 'NONE', #2333, #3540, #3, .T. ) ;
#357 = CARTESIAN_POINT ( 'NONE',  ( 0.9858836389681394641, -1.723603755472656873, -1.158066276710661979 ) ) ;
#358 = EDGE_LOOP ( 'NONE', ( #2615, #1808, #3587, #3191, #2926 ) ) ;
#359 = CARTESIAN_POINT ( 'NONE',  ( -0.9728233670614071515, -1.761755251522707733, -1.134961021771763612 ) ) ;
#360 = DIRECTION ( 'NONE',  ( -1.000000000000000000, 0.000000000000000000, 0.000000000000000000 ) ) ;
#361 = CARTESIAN_POINT ( 'NONE',  ( 1.748382715945129988E-16, -2.062500000000000000, -1.700000000000000178 ) ) ;
#362 = VERTEX_POINT ( 'NONE', #2957 ) ;
#363 = CARTESIAN_POINT ( 'NONE',  ( 0.6982204337589202892, -2.124938527575068736, -2.583328153314422337 ) ) ;
#364 = CARTESIAN_POINT ( 'NONE',  ( 0.1093751278786193465, -2.124926083325406445, -0.5790836567671024948 ) ) ;
#365 = DIRECTION ( 'NONE',  ( 0.000000000000000000, 0.000000000000000000, -1.000000000000000000 ) ) ;
#366 = CARTESIAN_POINT ( 'NONE',  ( -0.6200000000000001066, -2.041666666666669183, -2.638735852090460909 ) ) ;
#367 = DIRECTION ( 'NONE',  ( 0.000000000000000000, 0.000000000000000000, -1.000000000000000000 ) ) ;
#368 = ORIENTED_EDGE ( 'NONE', *, *, #3043, .T. ) ;
#369 = EDGE_CURVE ( 'NONE', #398, #89, #1344, .T. ) ;
#370 = DIRECTION ( 'NONE',  ( -1.000000000000000000, 0.000000000000000000, 5.300563685180890359E-16 ) ) ;
#371 = CARTESIAN_POINT ( 'NONE',  ( 0.1587255113405909579, -2.041666666666669183, -2.847539770816130300 ) ) ;
#372 = ORIENTED_EDGE ( 'NONE', *, *, #1116, .T. ) ;
#373 = ADVANCED_FACE ( 'NONE', ( #236 ), #2185, .T. ) ;
#374 = VECTOR ( 'NONE', #1058, 39.37007874015748143 ) ;
#375 = DIRECTION ( 'NONE',  ( 0.000000000000000000, 1.000000000000000000, 0.000000000000000000 ) ) ;
#376 = CARTESIAN_POINT ( 'NONE',  ( -0.4634469599276339058, -2.126250000000000195, -0.6578667069481476393 ) ) ;
#377 = CARTESIAN_POINT ( 'NONE',  ( 0.6200000000000001066, 1.619999999999999885, 0.000000000000000000 ) ) ;
#378 = ORIENTED_EDGE ( 'NONE', *, *, #2106, .T. ) ;
#379 = CARTESIAN_POINT ( 'NONE',  ( -0.6200000000000001066, -2.000000000000000000, -0.9153981901626790929 ) ) ;
#380 = CARTESIAN_POINT ( 'NONE',  ( 0.9207171544697027032, -1.746666666666669254, -1.227833269476779510 ) ) ;
#381 = AXIS2_PLACEMENT_3D ( 'NONE', #1721, #2844, #3133 ) ;
#382 = FACE_OUTER_BOUND ( 'NONE', #358, .T. ) ;
#383 = CARTESIAN_POINT ( 'NONE',  ( -0.6200000000000001066, -2.126250000000000195, -2.638735852090460909 ) ) ;
#384 = UNCERTAINTY_MEASURE_WITH_UNIT (LENGTH_MEASURE( 1.000000000000000082E-05 ), #605, 'distance_accuracy_value', 'NONE');
#385 = APPLICATION_CONTEXT ( 'automotive_design' ) ;
#386 = CARTESIAN_POINT ( 'NONE',  ( -0.5153882032022079063, 1.000000000000000000, 0.9350000000000000533 ) ) ;
#387 = ORIENTED_EDGE ( 'NONE', *, *, #570, .F. ) ;
#388 = PRESENTATION_STYLE_ASSIGNMENT (( #3288 ) ) ;
#389 = CARTESIAN_POINT ( 'NONE',  ( 1.000000000000000000, -1.619999999999999885, -2.215388203202208750 ) ) ;
#390 = VECTOR ( 'NONE', #2054, 39.37007874015748854 ) ;
#391 = DIRECTION ( 'NONE',  ( -1.000000000000000000, -9.270305856177588894E-17, -5.357418791895920110E-16 ) ) ;
#392 = EDGE_CURVE ( 'NONE', #635, #1130, #3310, .T. ) ;
#393 = ORIENTED_EDGE ( 'NONE', *, *, #2072, .F. ) ;
#394 = AXIS2_PLACEMENT_3D ( 'NONE', #1712, #2850, #1693 ) ;
#395 = CARTESIAN_POINT ( 'NONE',  ( -1.000000000000000000, -1.619999999999999885, 0.000000000000000000 ) ) ;
#396 = FACE_OUTER_BOUND ( 'NONE', #1612, .T. ) ;
#397 = EDGE_CURVE ( 'NONE', #1030, #41, #2507, .T. ) ;
#398 = VERTEX_POINT ( 'NONE', #2152 ) ;
#399 = CARTESIAN_POINT ( 'NONE',  ( 0.5280366581849819108, 2.080000000000000071, -32.95924664428960682 ) ) ;
#400 = FACE_OUTER_BOUND ( 'NONE', #2446, .T. ) ;
#401 = EDGE_CURVE ( 'NONE', #2935, #3007, #748, .T. ) ;
#402 = CARTESIAN_POINT ( 'NONE',  ( -0.6200000000000001066, -2.001266666666666971, -0.9153981901626772055 ) ) ;
#403 = DIMENSIONAL_EXPONENTS ( 1.000000000000000000, 0.000000000000000000, 0.000000000000000000, 0.000000000000000000, 0.000000000000000000, 0.000000000000000000, 0.000000000000000000 ) ;
#404 = CARTESIAN_POINT ( 'NONE',  ( -0.7897813935577956412, -1.959963581492005780, -2.313388047928394364 ) ) ;
#405 = CARTESIAN_POINT ( 'NONE',  ( -0.9717447449202997189, -1.763849850610565984, -1.463893916283442564 ) ) ;
#406 =( NAMED_UNIT ( * ) PLANE_ANGLE_UNIT ( ) SI_UNIT ( $, .RADIAN. ) );
#407 = DIRECTION ( 'NONE',  ( 0.000000000000000000, 0.000000000000000000, -1.000000000000000000 ) ) ;
#408 = VERTEX_POINT ( 'NONE', #1361 ) ;
#409 = CIRCLE ( 'NONE', #990, 1.125000000000000000 ) ;
#410 = CARTESIAN_POINT ( 'NONE',  ( 1.872213747497389669, 0.6733561852506200207, 0.000000000000000000 ) ) ;
#411 = CARTESIAN_POINT ( 'NONE',  ( 0.1587255113405909579, -2.125416666666666732, -2.847539770816130300 ) ) ;
#412 = EDGE_LOOP ( 'NONE', ( #3527, #3037, #1070, #2958 ) ) ;
#413 = ORIENTED_EDGE ( 'NONE', *, *, #2156, .F. ) ;
#414 = CARTESIAN_POINT ( 'NONE',  ( -0.6200000000000001066, -1.810000000000000053, 0.000000000000000000 ) ) ;
#415 = LINE ( 'NONE', #3544, #3434 ) ;
#416 = ORIENTED_EDGE ( 'NONE', *, *, #119, .T. ) ;
#417 = EDGE_CURVE ( 'NONE', #825, #981, #93, .T. ) ;
#418 = CARTESIAN_POINT ( 'NONE',  ( 1.000000000000000000, 1.619999999999999885, -31.43999999999999773 ) ) ;
#419 = LINE ( 'NONE', #2922, #390 ) ;
#420 = DIRECTION ( 'NONE',  ( -1.000000000000000000, 0.000000000000000000, 0.000000000000000000 ) ) ;
#421 = EDGE_CURVE ( 'NONE', #3538, #2412, #1608, .T. ) ;
#422 = UNCERTAINTY_MEASURE_WITH_UNIT (LENGTH_MEASURE( 1.000000000000000082E-05 ), #1218, 'distance_accuracy_value', 'NONE');
#423 = CARTESIAN_POINT ( 'NONE',  ( -0.9756043455314110657, -1.753961036171261867, -1.480482216997859535 ) ) ;
#424 = CARTESIAN_POINT ( 'NONE',  ( 0.000000000000000000, 0.000000000000000000, 0.9975000000000000533 ) ) ;
#425 = EDGE_LOOP ( 'NONE', ( #3261, #895, #2755, #372 ) ) ;
#426 = SHAPE_REPRESENTATION_RELATIONSHIP ( 'NONE' , 'NONE' ,  #1546, #1033 ) ;
#427 = CARTESIAN_POINT ( 'NONE',  ( -0.04598167090750834851, -2.000000000000000000, -31.43999999999999773 ) ) ;
#428 = CARTESIAN_POINT ( 'NONE',  ( 1.000000000000000000, -1.635703193496703678, -1.184611796797789385 ) ) ;
#429 = ORIENTED_EDGE ( 'NONE', *, *, #231, .F. ) ;
#430 = ORIENTED_EDGE ( 'NONE', *, *, #1116, .F. ) ;
#431 = DIRECTION ( 'NONE',  ( -1.232595164407830946E-31, -1.000000000000000000, 0.000000000000000000 ) ) ;
#432 = CARTESIAN_POINT ( 'NONE',  ( 0.5156313066184228244, -2.126250000000000195, -0.6923325206019449451 ) ) ;
#433 = ORIENTED_EDGE ( 'NONE', *, *, #2347, .F. ) ;
#434 = AXIS2_PLACEMENT_3D ( 'NONE', #3599, #1080, #3329 ) ;
#435 = CARTESIAN_POINT ( 'NONE',  ( -0.9999999999999993339, -1.999999999999998668, -1.942535625036101665 ) ) ;
#436 = CARTESIAN_POINT ( 'NONE',  ( 0.7211075579487146170, -2.000000000000000000, -0.9952943682523013313 ) ) ;
#437 = CARTESIAN_POINT ( 'NONE',  ( -1.000000000000000000, -1.619999999999999885, -1.528180262172850634 ) ) ;
#438 = VECTOR ( 'NONE', #1490, 39.37007874015748143 ) ;
#439 = EDGE_CURVE ( 'NONE', #1854, #1334, #1327, .T. ) ;
#440 = DIRECTION ( 'NONE',  ( 0.000000000000000000, 0.000000000000000000, -1.000000000000000000 ) ) ;
#441 = CARTESIAN_POINT ( 'NONE',  ( -0.9500123148256217620, -1.808741406753680003, -1.387311239767282656 ) ) ;
#442 = DIRECTION ( 'NONE',  ( -1.000000000000000000, 0.000000000000000000, 0.000000000000000000 ) ) ;
#443 = CARTESIAN_POINT ( 'NONE',  ( 0.6200000000000001066, -2.102083333333331083, -2.638735852090460909 ) ) ;
#444 = EDGE_CURVE ( 'NONE', #1050, #981, #2170, .T. ) ;
#445 = ORIENTED_EDGE ( 'NONE', *, *, #60, .T. ) ;
#446 = LENGTH_MEASURE_WITH_UNIT ( LENGTH_MEASURE( 0.02539999999999999897 ), #2334 );
#447 = CARTESIAN_POINT ( 'NONE',  ( 0.9757857225679861246, -1.753478549680736798, -1.481289815552619071 ) ) ;
#448 = DIRECTION ( 'NONE',  ( 0.000000000000000000, -1.000000000000000000, 0.000000000000000000 ) ) ;
#449 = ORIENTED_EDGE ( 'NONE', *, *, #2525, .F. ) ;
#450 = EDGE_LOOP ( 'NONE', ( #142, #1860, #2378, #1894, #2750, #2930 ) ) ;
#451 =( GEOMETRIC_REPRESENTATION_CONTEXT ( 3 ) GLOBAL_UNCERTAINTY_ASSIGNED_CONTEXT ( ( #158 ) ) GLOBAL_UNIT_ASSIGNED_CONTEXT ( ( #1296, #238, #1365 ) ) REPRESENTATION_CONTEXT ( 'NONE', 'WORKASPACE' ) );
#452 = VECTOR ( 'NONE', #3194, 39.37007874015748143 ) ;
#453 = CARTESIAN_POINT ( 'NONE',  ( 0.9034690017802610162, -1.873074082981799560, -2.128641447168165168 ) ) ;
#454 = CARTESIAN_POINT ( 'NONE',  ( 0.2785293179371318706, -2.000000000000000000, -0.6101028321572401492 ) ) ;
#455 = EDGE_LOOP ( 'NONE', ( #2908, #220, #3001, #2701 ) ) ;
#456 = DIRECTION ( 'NONE',  ( 0.000000000000000000, 0.000000000000000000, 1.000000000000000000 ) ) ;
#457 = CARTESIAN_POINT ( 'NONE',  ( 1.572213747497389846, 0.9733561852506201761, 0.000000000000000000 ) ) ;
#458 = VECTOR ( 'NONE', #935, 39.37007874015748143 ) ;
#459 = CARTESIAN_POINT ( 'NONE',  ( 0.7211075579487146170, -1.873333333333330852, -2.404705631747700689 ) ) ;
#460 = DIRECTION ( 'NONE',  ( 1.062428206736970018E-29, 0.000000000000000000, 1.000000000000000000 ) ) ;
#461 = CARTESIAN_POINT ( 'NONE',  ( -0.9189296913324654925, -1.855505962145541421, -1.304283003584309819 ) ) ;
#462 = CARTESIAN_POINT ( 'NONE',  ( 0.8028616407315462000, -1.999997286243772932, -2.297334055583375445 ) ) ;
#463 = LINE ( 'NONE', #1045, #2234 ) ;
#464 = VECTOR ( 'NONE', #1784, 39.37007874015748854 ) ;
#465 = ORIENTED_EDGE ( 'NONE', *, *, #860, .T. ) ;
#466 = DIRECTION ( 'NONE',  ( 0.000000000000000000, 1.000000000000000000, 0.000000000000000000 ) ) ;
#467 = EDGE_CURVE ( 'NONE', #2180, #3333, #1892, .T. ) ;
#468 =( NAMED_UNIT ( * ) PLANE_ANGLE_UNIT ( ) SI_UNIT ( $, .RADIAN. ) );
#469 = VERTEX_POINT ( 'NONE', #53 ) ;
#470 = ORIENTED_EDGE ( 'NONE', *, *, #1094, .T. ) ;
#471 = ORIENTED_EDGE ( 'NONE', *, *, #2156, .T. ) ;
#472 = EDGE_CURVE ( 'NONE', #1302, #1363, #1121, .T. ) ;
#473 = CARTESIAN_POINT ( 'NONE',  ( 0.9662605221181509441, -1.776658366975105485, -1.957726065275373406 ) ) ;
#474 = DIRECTION ( 'NONE',  ( -1.000000000000000000, 0.000000000000000000, 0.000000000000000000 ) ) ;
#475 = ORIENTED_EDGE ( 'NONE', *, *, #2328, .F. ) ;
#476 = SURFACE_STYLE_USAGE ( .BOTH. , #1865 ) ;
#477 = CARTESIAN_POINT ( 'NONE',  ( -0.6200000000000001066, -2.000000000000000000, -0.7612641479095413333 ) ) ;
#478 = CARTESIAN_POINT ( 'NONE',  ( 0.7211075579487146170, -2.003800000000000470, -2.404705631747700689 ) ) ;
#479 = CARTESIAN_POINT ( 'NONE',  ( -0.9387115246069783758, -1.828262691715763832, -2.320363478755597786 ) ) ;
#480 = FACE_OUTER_BOUND ( 'NONE', #1146, .T. ) ;
#481 = CARTESIAN_POINT ( 'NONE',  ( 0.9953547062518043331, -1.681136561039496602, -2.224316662934457955 ) ) ;
#482 = CARTESIAN_POINT ( 'NONE',  ( 0.6200000000000002176, -2.000000000000000000, -2.638735852090461353 ) ) ;
#483 = ORIENTED_EDGE ( 'NONE', *, *, #1539, .T. ) ;
#484 = CARTESIAN_POINT ( 'NONE',  ( 0.9057879836876264745, -1.870450103216264814, -1.276281108030967726 ) ) ;
#485 = ORIENTED_EDGE ( 'NONE', *, *, #2218, .T. ) ;
#486 = ORIENTED_EDGE ( 'NONE', *, *, #2148, .F. ) ;
#487 = VERTEX_POINT ( 'NONE', #1941 ) ;
#488 = LINE ( 'NONE', #3542, #1975 ) ;
#489 = CARTESIAN_POINT ( 'NONE',  ( -0.5261383663509539010, -2.124917152363932082, -0.7041987882232614293 ) ) ;
#490 = EDGE_CURVE ( 'NONE', #2942, #94, #290, .T. ) ;
#491 = ORIENTED_EDGE ( 'NONE', *, *, #259, .F. ) ;
#492 = CARTESIAN_POINT ( 'NONE',  ( 0.8099999999999999423, -1.619999999999999885, 0.000000000000000000 ) ) ;
#493 = CARTESIAN_POINT ( 'NONE',  ( 0.6200000000000001066, -2.000000000000000000, -0.9153981901626772055 ) ) ;
#494 = CARTESIAN_POINT ( 'NONE',  ( -0.9207171544697027032, -1.619999999999999885, -1.227833269476779510 ) ) ;
#495 = CARTESIAN_POINT ( 'NONE',  ( 0.6200000000000001066, 2.000000000000000000, -33.00000000000000000 ) ) ;
#496 = PLANE ( 'NONE',  #2251 ) ;
#497 = CARTESIAN_POINT ( 'NONE',  ( 0.9926219982656546703, -1.695861497763761383, -2.229501544920421630 ) ) ;
#498 = COLOUR_RGB ( '',0.7921568627450980005, 0.8196078431372548767, 0.9333333333333333481 ) ;
#499 = DIRECTION ( 'NONE',  ( 0.000000000000000000, 0.000000000000000000, -1.000000000000000000 ) ) ;
#500 = EDGE_LOOP ( 'NONE', ( #1646, #2493, #1461, #758 ) ) ;
#501 = AXIS2_PLACEMENT_3D ( 'NONE', #3155, #2304, #2544 ) ;
#502 = ORIENTED_EDGE ( 'NONE', *, *, #3608, .T. ) ;
#503 = VERTEX_POINT ( 'NONE', #1726 ) ;
#504 = CARTESIAN_POINT ( 'NONE',  ( 0.9754997777798999348, -1.754238505524906122, -1.919982280990253809 ) ) ;
#505 = EDGE_CURVE ( 'NONE', #2984, #2919, #819, .T. ) ;
#506 = CARTESIAN_POINT ( 'NONE',  ( 0.5740078437025079028, -2.124999999999998668, -2.669111955060155417 ) ) ;
#507 = ORIENTED_EDGE ( 'NONE', *, *, #472, .T. ) ;
#508 = CARTESIAN_POINT ( 'NONE',  ( -0.8099999999999999423, 1.619999999999999885, -33.00000000000000000 ) ) ;
#509 = EDGE_CURVE ( 'NONE', #2025, #1220, #268, .T. ) ;
#510 = CARTESIAN_POINT ( 'NONE',  ( -0.9207171544697027032, -2.002533333333333498, -1.227833269476779510 ) ) ;
#511 = DIRECTION ( 'NONE',  ( 0.000000000000000000, 0.000000000000000000, -1.000000000000000000 ) ) ;
#512 = AXIS2_PLACEMENT_3D ( 'NONE', #2943, #2060, #2023 ) ;
#513 = EDGE_CURVE ( 'NONE', #1122, #3403, #2917, .T. ) ;
#514 = CARTESIAN_POINT ( 'NONE',  ( -0.6200000000000001066, -2.000000000000000000, -0.7612641479095413333 ) ) ;
#515 = DIRECTION ( 'NONE',  ( 0.000000000000000000, 0.000000000000000000, 1.000000000000000000 ) ) ;
#516 = ORIENTED_EDGE ( 'NONE', *, *, #472, .F. ) ;
#517 =( NAMED_UNIT ( * ) SI_UNIT ( $, .STERADIAN. ) SOLID_ANGLE_UNIT ( ) );
#518 = ORIENTED_EDGE ( 'NONE', *, *, #658, .T. ) ;
#519 = EDGE_LOOP ( 'NONE', ( #923, #701, #2945, #2516 ) ) ;
#520 = CARTESIAN_POINT ( 'NONE',  ( 0.7196190690350526831, -1.986994398436589204, -2.394603423322501534 ) ) ;
#521 = CARTESIAN_POINT ( 'NONE',  ( -0.4516406421813136118, -2.124831257937222606, -0.6694579835238850807 ) ) ;
#522 = ORIENTED_EDGE ( 'NONE', *, *, #1925, .T. ) ;
#523 = CLOSED_SHELL ( 'NONE', ( #3409, #114, #3614, #3222, #1482, #2918 ) ) ;
#524 = CARTESIAN_POINT ( 'NONE',  ( 6.140212531884542640E-13, -2.124961118771768742, -2.824961118771768032 ) ) ;
#525 = CARTESIAN_POINT ( 'NONE',  ( -0.9413044969471024981, -1.619999999999999885, -2.129651214676189230 ) ) ;
#526 = CARTESIAN_POINT ( 'NONE',  ( 1.000000000000000000, -2.000000000000000000, -31.43999999999999773 ) ) ;
#527 =( LENGTH_UNIT ( ) NAMED_UNIT ( * ) SI_UNIT ( $, .METRE. ) );
#528 = PLANE ( 'NONE',  #2029 ) ;
#529 = VERTEX_POINT ( 'NONE', #2492 ) ;
#530 = ADVANCED_FACE ( 'NONE', ( #332 ), #2223, .F. ) ;
#531 = EDGE_LOOP ( 'NONE', ( #1265, #1231, #3576, #1600 ) ) ;
#532 = ORIENTED_EDGE ( 'NONE', *, *, #2233, .F. ) ;
#533 = DIRECTION ( 'NONE',  ( -1.000000000000000000, 0.000000000000000000, 0.000000000000000000 ) ) ;
#534 = CARTESIAN_POINT ( 'NONE',  ( 1.000000000000000000, -1.619999999999999885, -1.184611796797789385 ) ) ;
#535 = CYLINDRICAL_SURFACE ( 'NONE', #2201, 0.9200394162139960974 ) ;
#536 = EDGE_LOOP ( 'NONE', ( #1372, #2341, #3448, #937 ) ) ;
#537 = DIRECTION ( 'NONE',  ( 0.000000000000000000, 0.000000000000000000, -1.000000000000000000 ) ) ;
#538 = CARTESIAN_POINT ( 'NONE',  ( -0.9413044969471024981, -1.873333333333330852, -2.129651214676189230 ) ) ;
#539 = CARTESIAN_POINT ( 'NONE',  ( 1.125000000000000000, -1.377727649040768938E-16, 0.000000000000000000 ) ) ;
#540 = DIRECTION ( 'NONE',  ( 0.000000000000000000, 0.000000000000000000, 1.000000000000000000 ) ) ;
#541 = ADVANCED_FACE ( 'NONE', ( #1137 ), #1659, .F. ) ;
#542 = DIRECTION ( 'NONE',  ( 0.000000000000000000, 0.000000000000000000, 1.000000000000000000 ) ) ;
#543 = VERTEX_POINT ( 'NONE', #3397 ) ;
#544 = DIRECTION ( 'NONE',  ( 1.000000000000000000, 0.000000000000000000, 0.000000000000000000 ) ) ;
#545 = ADVANCED_FACE ( 'NONE', ( #1926 ), #872, .F. ) ;
#546 = CARTESIAN_POINT ( 'NONE',  ( -0.6200000000000001066, -2.037500000000000089, -2.638735852090460909 ) ) ;
#547 = ORIENTED_EDGE ( 'NONE', *, *, #641, .F. ) ;
#548 = VECTOR ( 'NONE', #137, 39.37007874015748143 ) ;
#549 =( BOUNDED_CURVE ( )  B_SPLINE_CURVE ( 2, ( #962, #2031, #2087 ),
 .UNSPECIFIED., .F., .T. ) 
 B_SPLINE_CURVE_WITH_KNOTS ( ( 3, 3 ),
 ( 3.433733292793690328, 5.379483920505780503 ),
 .UNSPECIFIED. ) 
 CURVE ( )  GEOMETRIC_REPRESENTATION_ITEM ( )  RATIONAL_B_SPLINE_CURVE ( ( 1.109402099056649993, 1.085697807977689999, 1.000000000000000000 ) ) 
 REPRESENTATION_ITEM ( '' )  );
#550 = AXIS2_PLACEMENT_3D ( 'NONE', #3171, #716, #974 ) ;
#551 = FILL_AREA_STYLE_COLOUR ( '', #2194 ) ;
#552 = FILL_AREA_STYLE ('',( #2269 ) ) ;
#553 = EDGE_CURVE ( 'NONE', #1363, #2919, #3362, .T. ) ;
#554 = CARTESIAN_POINT ( 'NONE',  ( 0.6200000000000001066, -2.000000000000000444, -0.7612641479095412222 ) ) ;
#555 = ORIENTED_EDGE ( 'NONE', *, *, #835, .F. ) ;
#556 = CARTESIAN_POINT ( 'NONE',  ( -0.9387752117066713309, -1.828167445808171809, -1.079732047527906191 ) ) ;
#557 = CARTESIAN_POINT ( 'NONE',  ( -1.000000000000000000, -2.003800000000000470, -1.700000000000000178 ) ) ;
#558 = LINE ( 'NONE', #32, #3488 ) ;
#559 = PLANE ( 'NONE',  #394 ) ;
#560 = AXIS2_PLACEMENT_3D ( 'NONE', #3063, #542, #3050 ) ;
#561 = FACE_BOUND ( 'NONE', #167, .T. ) ;
#562 = ORIENTED_EDGE ( 'NONE', *, *, #392, .T. ) ;
#563 = AXIS2_PLACEMENT_3D ( 'NONE', #1557, #1499, #3173 ) ;
#564 = ITEM_DEFINED_TRANSFORMATION ( 'NONE', 'NONE', #1970,  #2196 ) ;
#565 = CARTESIAN_POINT ( 'NONE',  ( 0.7337052683634575079, -1.983739606783997189, -1.019421180243202718 ) ) ;
#566 = B_SPLINE_CURVE_WITH_KNOTS ( 'NONE', 3,
 ( #3341, #1936, #1321, #742, #2991, #477 ),
 .UNSPECIFIED., .F., .F.,
 ( 4, 2, 4 ),
 ( -0.3492500000000000049, -0.1746250000000000024, -0.03174999999999539302 ),
 .UNSPECIFIED. ) ;
#567 = CARTESIAN_POINT ( 'NONE',  ( -1.067786252502610278, -0.7766438147493800459, 0.5000000000000000000 ) ) ;
#568 = ORIENTED_EDGE ( 'NONE', *, *, #1051, .T. ) ;
#569 = B_SPLINE_CURVE_WITH_KNOTS ( 'NONE', 3,
 ( #514, #1132, #1844, #2967, #112, #995, #454, #150, #3484, #3503 ),
 .UNSPECIFIED., .F., .F.,
 ( 4, 3, 3, 4 ),
 ( -3.404344486728179575, -1.971215286769069985, -1.015795820129659965, -0.06037635349025460840 ),
 .UNSPECIFIED. ) ;
#570 = EDGE_CURVE ( 'NONE', #1345, #805, #2155, .T. ) ;
#571 = CARTESIAN_POINT ( 'NONE',  ( -0.5156313066184228244, -2.000000000000000000, -2.707667479398051302 ) ) ;
#572 = CARTESIAN_POINT ( 'NONE',  ( 0.7799664863037972795, -1.619999999999999885, -0.8669160427290394377 ) ) ;
#573 = CARTESIAN_POINT ( 'NONE',  ( 0.000000000000000000, 0.000000000000000000, 1.060000000000000053 ) ) ;
#574 = ORIENTED_EDGE ( 'NONE', *, *, #2374, .F. ) ;
#575 = EDGE_CURVE ( 'NONE', #2066, #1697, #2796, .T. ) ;
#576 = CARTESIAN_POINT ( 'NONE',  ( -0.8099999999999999423, 0.8099999999999999423, -33.00000000000000000 ) ) ;
#577 = CARTESIAN_POINT ( 'NONE',  ( 0.7741910727031785511, -1.967511190194320969, -2.516155311522478399 ) ) ;
#578 = CARTESIAN_POINT ( 'NONE',  ( -0.6200000000000001066, -2.003800000000000470, -2.484601809837319042 ) ) ;
#579 = VECTOR ( 'NONE', #2279, 39.37007874015748143 ) ;
#580 = CARTESIAN_POINT ( 'NONE',  ( -0.7499999999999803491, -2.213541565040642034, -33.00000000000000000 ) ) ;
#581 = CARTESIAN_POINT ( 'NONE',  ( 0.000000000000000000, 1.000000000000000000, 1.060000000000000053 ) ) ;
#582 = CARTESIAN_POINT ( 'NONE',  ( 0.6200000000000001066, 2.000000000000000000, 0.000000000000000000 ) ) ;
#583 = SHAPE_DEFINITION_REPRESENTATION ( #837, #1546 ) ;
#584 = CARTESIAN_POINT ( 'NONE',  ( -0.7499999999999823475, -2.213541565040642034, -31.43999999999999773 ) ) ;
#585 = CARTESIAN_POINT ( 'NONE',  ( 0.000000000000000000, 0.000000000000000000, 0.000000000000000000 ) ) ;
#586 = ORIENTED_EDGE ( 'NONE', *, *, #369, .F. ) ;
#587 = DIRECTION ( 'NONE',  ( 0.000000000000000000, 0.000000000000000000, 1.000000000000000000 ) ) ;
#588 = CARTESIAN_POINT ( 'NONE',  ( 1.000000000000000000, -2.125000000000000000, -2.215388203202208750 ) ) ;
#589 = CARTESIAN_POINT ( 'NONE',  ( -0.6200000000000001066, 1.619999999999999885, -33.00000000000000000 ) ) ;
#590 = CARTESIAN_POINT ( 'NONE',  ( 1.000000000000000000, 1.619999999999999885, 0.000000000000000000 ) ) ;
#591 = ORIENTED_EDGE ( 'NONE', *, *, #3475, .T. ) ;
#592 = CARTESIAN_POINT ( 'NONE',  ( -0.6200000000000001066, -2.000000000000000000, -0.7612641479095413333 ) ) ;
#593 = CARTESIAN_POINT ( 'NONE',  ( 0.2576941016011039531, -1.000000000000000000, 0.000000000000000000 ) ) ;
#594 = EDGE_CURVE ( 'NONE', #2412, #3183, #3101, .T. ) ;
#595 = CARTESIAN_POINT ( 'NONE',  ( -1.000000000000000000, -2.003800000000000470, -1.828864803370358061 ) ) ;
#596 = CARTESIAN_POINT ( 'NONE',  ( -1.000000000000000000, -1.619999999999999885, 0.000000000000000000 ) ) ;
#597 = CARTESIAN_POINT ( 'NONE',  ( 0.6200000000000001066, -2.079166666666669272, -0.7612641479095413333 ) ) ;
#598 = LINE ( 'NONE', #1235, #39 ) ;
#599 = APPLICATION_PROTOCOL_DEFINITION ( 'draft international standard', 'automotive_design', 1998, #1375 ) ;
#600 =( LENGTH_UNIT ( ) NAMED_UNIT ( * ) SI_UNIT ( $, .METRE. ) );
#601 = CARTESIAN_POINT ( 'NONE',  ( -0.7799999999999993605, -0.7800000000000020250, 0.000000000000000000 ) ) ;
#602 = ORIENTED_EDGE ( 'NONE', *, *, #2959, .F. ) ;
#603 = AXIS2_PLACEMENT_3D ( 'NONE', #842, #3055, #533 ) ;
#604 =( GEOMETRIC_REPRESENTATION_CONTEXT ( 3 ) GLOBAL_UNCERTAINTY_ASSIGNED_CONTEXT ( ( #930 ) ) GLOBAL_UNIT_ASSIGNED_CONTEXT ( ( #3240, #2390, #3440 ) ) REPRESENTATION_CONTEXT ( 'NONE', 'WORKASPACE' ) );
#605 =( CONVERSION_BASED_UNIT ( 'INCH', #2575 ) LENGTH_UNIT ( ) NAMED_UNIT ( #1275 ) );
#606 = CARTESIAN_POINT ( 'NONE',  ( 0.6850000000000000533, -8.388830574159370615E-17, 1.060000000000000053 ) ) ;
#607 = PRESENTATION_STYLE_ASSIGNMENT (( #827 ) ) ;
#608 = CARTESIAN_POINT ( 'NONE',  ( -0.6200000000000001066, 1.619999999999999885, -33.00000000000000000 ) ) ;
#609 = AXIS2_PLACEMENT_3D ( 'NONE', #709, #511, #1042 ) ;
#610 = VERTEX_POINT ( 'NONE', #2259 ) ;
#611 = AXIS2_PLACEMENT_3D ( 'NONE', #1802, #1852, #1024 ) ;
#612 = CARTESIAN_POINT ( 'NONE',  ( -0.9859118541177724904, -1.723492199950259041, -1.158118140990159972 ) ) ;
#613 = CARTESIAN_POINT ( 'NONE',  ( 0.8440358691799968449, -1.927775290285137721, -2.444021154359089731 ) ) ;
#614 = DIRECTION ( 'NONE',  ( 0.000000000000000000, 0.000000000000000000, -1.000000000000000000 ) ) ;
#615 = CARTESIAN_POINT ( 'NONE',  ( 0.6600871431009694978, -2.125000000000000444, -2.612259789982837255 ) ) ;
#616 = ADVANCED_FACE ( 'NONE', ( #269 ), #528, .T. ) ;
#617 = CARTESIAN_POINT ( 'NONE',  ( -0.6200000000000001066, 2.000000000000000000, -33.00000000000000000 ) ) ;
#618 = CARTESIAN_POINT ( 'NONE',  ( -0.7211075579487146170, -1.873333333333330852, -0.9952943682523013313 ) ) ;
#619 = CARTESIAN_POINT ( 'NONE',  ( -0.9769294592364604624, -1.750395792274250351, -1.913552383913797339 ) ) ;
#620 = ADVANCED_FACE ( 'NONE', ( #561, #1103 ), #1694, .T. ) ;
#621 = APPLICATION_PROTOCOL_DEFINITION ( 'draft international standard', 'automotive_design', 1998, #385 ) ;
#622 = CARTESIAN_POINT ( 'NONE',  ( -0.9779912095523900506, -2.125000000000000888, -2.258091529182248980 ) ) ;
#623 = PLANE ( 'NONE',  #2229 ) ;
#624 = ORIENTED_EDGE ( 'NONE', *, *, #241, .F. ) ;
#625 = VECTOR ( 'NONE', #1991, 39.37007874015748143 ) ;
#626 = FILL_AREA_STYLE ('',( #72 ) ) ;
#627 = CARTESIAN_POINT ( 'NONE',  ( -0.9754997777419369687, -1.754238505625441924, -1.480017718797735915 ) ) ;
#628 = CARTESIAN_POINT ( 'NONE',  ( -0.7800000000000000266, 0.7800000000000020250, -0.07499999999999988620 ) ) ;
#629 = DIRECTION ( 'NONE',  ( 0.000000000000000000, 0.000000000000000000, -1.000000000000000000 ) ) ;
#630 = ORIENTED_EDGE ( 'NONE', *, *, #1325, .T. ) ;
#631 = CARTESIAN_POINT ( 'NONE',  ( -0.8560870640262913112, -1.917763157894740278, -31.43999999999999773 ) ) ;
#632 = DIRECTION ( 'NONE',  ( -2.964666163005751074E-31, 0.000000000000000000, 1.000000000000000000 ) ) ;
#633 = AXIS2_PLACEMENT_3D ( 'NONE', #1472, #3100, #2032 ) ;
#634 = DIRECTION ( 'NONE',  ( 0.000000000000000000, 1.000000000000000000, 0.000000000000000000 ) ) ;
#635 = VERTEX_POINT ( 'NONE', #2831 ) ;
#636 = LINE ( 'NONE', #596, #2956 ) ;
#637 = CARTESIAN_POINT ( 'NONE',  ( 0.6200000000000001066, -2.037500000000000089, -0.7612641479095413333 ) ) ;
#638 = CARTESIAN_POINT ( 'NONE',  ( 1.572213747497389846, -1.776643814749382155, 0.5000000000000000000 ) ) ;
#639 = CARTESIAN_POINT ( 'NONE',  ( -0.9758279032754078042, -1.753366063369673489, -1.918521919889816019 ) ) ;
#640 = CARTESIAN_POINT ( 'NONE',  ( -0.6200000000000001066, 2.000000000000000000, 0.000000000000000000 ) ) ;
#641 = EDGE_CURVE ( 'NONE', #1503, #2505, #311, .T. ) ;
#642 = ORIENTED_EDGE ( 'NONE', *, *, #417, .T. ) ;
#643 =( LENGTH_UNIT ( ) NAMED_UNIT ( * ) SI_UNIT ( $, .METRE. ) );
#644 = FACE_OUTER_BOUND ( 'NONE', #1884, .T. ) ;
#645 = LINE ( 'NONE', #2634, #1622 ) ;
#646 = EDGE_LOOP ( 'NONE', ( #1125, #2712, #1442, #3505 ) ) ;
#647 = LINE ( 'NONE', #2616, #3271 ) ;
#648 = CARTESIAN_POINT ( 'NONE',  ( 0.2837848072024649615, -2.041666666666669183, -0.5898127711672409568 ) ) ;
#649 = CARTESIAN_POINT ( 'NONE',  ( -0.6200000000000001066, -1.788333333333330888, -2.638735852090460909 ) ) ;
#650 = ORIENTED_EDGE ( 'NONE', *, *, #3543, .T. ) ;
#651 = FACE_OUTER_BOUND ( 'NONE', #131, .T. ) ;
#652 = CARTESIAN_POINT ( 'NONE',  ( 0.9207171544697027032, -2.000000000000000000, -1.227833269476779510 ) ) ;
#653 = CARTESIAN_POINT ( 'NONE',  ( -0.6200000000000001066, -2.002533333333333498, -0.9153981901626772055 ) ) ;
#654 = CARTESIAN_POINT ( 'NONE',  ( -0.9893850987560349752, -1.709911370575154743, -1.846341186797042955 ) ) ;
#655 = EDGE_CURVE ( 'NONE', #1773, #772, #598, .T. ) ;
#656 = DIRECTION ( 'NONE',  ( -1.437814733507505660E-15, 1.000000000000000000, 0.000000000000000000 ) ) ;
#657 = ORIENTED_EDGE ( 'NONE', *, *, #2352, .T. ) ;
#658 = EDGE_CURVE ( 'NONE', #408, #123, #2663, .T. ) ;
#659 = DIRECTION ( 'NONE',  ( 0.000000000000000000, -1.000000000000000000, 0.000000000000000000 ) ) ;
#660 = CARTESIAN_POINT ( 'NONE',  ( -0.5156313066184228244, -2.125833333333333464, -2.707667479398051302 ) ) ;
#661 = AXIS2_PLACEMENT_3D ( 'NONE', #2512, #1627, #1342 ) ;
#662 = ORIENTED_EDGE ( 'NONE', *, *, #3589, .F. ) ;
#663 = ORIENTED_EDGE ( 'NONE', *, *, #3299, .T. ) ;
#664 = EDGE_CURVE ( 'NONE', #3485, #1345, #1573, .T. ) ;
#665 = AXIS2_PLACEMENT_3D ( 'NONE', #2568, #116, #2901 ) ;
#666 = DIRECTION ( 'NONE',  ( 1.000000000000000000, 0.000000000000000000, 0.000000000000000000 ) ) ;
#667 = CARTESIAN_POINT ( 'NONE',  ( -0.6850000000000000533, 0.000000000000000000, 0.000000000000000000 ) ) ;
#668 = LINE ( 'NONE', #2305, #2725 ) ;
#669 = CIRCLE ( 'NONE', #550, 0.3800000000000000600 ) ;
#670 = ORIENTED_EDGE ( 'NONE', *, *, #490, .T. ) ;
#671 = DIRECTION ( 'NONE',  ( -1.000000000000000000, 0.000000000000000000, 0.000000000000000000 ) ) ;
#672 = CARTESIAN_POINT ( 'NONE',  ( 1.000000000000000000, -2.003800000000000470, -1.528180262172850634 ) ) ;
#673 = CIRCLE ( 'NONE', #3142, 1.000000000000000000 ) ;
#674 = CARTESIAN_POINT ( 'NONE',  ( -0.8699999999999999956, -2.000000000000000000, -31.43999999999999773 ) ) ;
#675 = CARTESIAN_POINT ( 'NONE',  ( -0.8292642087993563615, -1.937420492901781977, -2.259113095617822253 ) ) ;
#676 = LENGTH_MEASURE_WITH_UNIT ( LENGTH_MEASURE( 0.02539999999999999897 ), #2073 );
#677 = CARTESIAN_POINT ( 'NONE',  ( 0.6200000000000001066, -1.619999999999999885, 0.000000000000000000 ) ) ;
#678 = EDGE_LOOP ( 'NONE', ( #3594, #2562, #1260, #591 ) ) ;
#679 = EDGE_CURVE ( 'NONE', #2103, #2913, #1032, .T. ) ;
#680 = DIRECTION ( 'NONE',  ( 0.000000000000000000, 0.000000000000000000, 1.000000000000000000 ) ) ;
#681 = CARTESIAN_POINT ( 'NONE',  ( 1.572213747497389846, 0.9733561852506201761, 0.000000000000000000 ) ) ;
#682 = AXIS2_PLACEMENT_3D ( 'NONE', #852, #1978, #1713 ) ;
#683 = CARTESIAN_POINT ( 'NONE',  ( -0.6200000000000001066, -2.000000000000000000, 0.000000000000000000 ) ) ;
#684 = EDGE_CURVE ( 'NONE', #3443, #3246, #1800, .T. ) ;
#685 = VERTEX_POINT ( 'NONE', #638 ) ;
#686 =( GEOMETRIC_REPRESENTATION_CONTEXT ( 3 ) GLOBAL_UNCERTAINTY_ASSIGNED_CONTEXT ( ( #3473 ) ) GLOBAL_UNIT_ASSIGNED_CONTEXT ( ( #61, #880, #1408 ) ) REPRESENTATION_CONTEXT ( 'NONE', 'WORKASPACE' ) );
#687 = CARTESIAN_POINT ( 'NONE',  ( 0.6200000000000001066, -1.619999999999999885, -33.00000000000000000 ) ) ;
#688 = DIRECTION ( 'NONE',  ( 1.062428206736969878E-29, 2.911939140901450616E-29, 1.000000000000000000 ) ) ;
#689 = EDGE_CURVE ( 'NONE', #3606, #1552, #1506, .T. ) ;
#690 = VERTEX_POINT ( 'NONE', #118 ) ;
#691 = LENGTH_MEASURE_WITH_UNIT ( LENGTH_MEASURE( 0.02539999999999999897 ), #2398 );
#692 = CARTESIAN_POINT ( 'NONE',  ( 1.000000000000000000, 2.080000000000000071, -33.00000000000000000 ) ) ;
#693 = CARTESIAN_POINT ( 'NONE',  ( -0.6200000000000001066, -1.746666666666669254, -0.9153981901626772055 ) ) ;
#694 = CARTESIAN_POINT ( 'NONE',  ( -0.7877930044605974125, -1.960948004545383094, -2.315937702954147248 ) ) ;
#695 = CARTESIAN_POINT ( 'NONE',  ( -0.8689610140955899009, -1.907369739446698631, -1.204786337870872748 ) ) ;
#696 = DIRECTION ( 'NONE',  ( 0.000000000000000000, 0.000000000000000000, -1.000000000000000000 ) ) ;
#697 = ORIENTED_EDGE ( 'NONE', *, *, #1720, .T. ) ;
#698 = CARTESIAN_POINT ( 'NONE',  ( 0.5153882032022071291, 1.000000000000000000, 0.9350000000000000533 ) ) ;
#699 = CARTESIAN_POINT ( 'NONE',  ( 0.4634469599276339058, -2.041666666666669183, -2.742133293051850274 ) ) ;
#700 = VERTEX_POINT ( 'NONE', #1473 ) ;
#701 = ORIENTED_EDGE ( 'NONE', *, *, #1815, .T. ) ;
#702 = DIMENSIONAL_EXPONENTS ( 1.000000000000000000, 0.000000000000000000, 0.000000000000000000, 0.000000000000000000, 0.000000000000000000, 0.000000000000000000, 0.000000000000000000 ) ;
#703 = DIRECTION ( 'NONE',  ( 0.9443482561051640412, -0.3289473684210523219, 0.000000000000000000 ) ) ;
#704 = CARTESIAN_POINT ( 'NONE',  ( 0.2837848072024649615, -2.126250000000000195, -0.5898127711672409568 ) ) ;
#705 = ORIENTED_EDGE ( 'NONE', *, *, #888, .F. ) ;
#706 =( NAMED_UNIT ( * ) SI_UNIT ( $, .STERADIAN. ) SOLID_ANGLE_UNIT ( ) );
#707 = CARTESIAN_POINT ( 'NONE',  ( -0.6200000000000001066, 2.000000000000000000, 0.000000000000000000 ) ) ;
#708 = CARTESIAN_POINT ( 'NONE',  ( 0.6200000000000001066, -1.619999999999999885, -2.484601809837319042 ) ) ;
#709 = CARTESIAN_POINT ( 'NONE',  ( 0.000000000000000000, 0.000000000000000000, 0.9975000000000000533 ) ) ;
#710 = PRODUCT_DEFINITION_CONTEXT ( 'detailed design', #2147, 'design' ) ;
#711 = CARTESIAN_POINT ( 'NONE',  ( -0.9747634548782267983, -1.756176284542615651, -1.476772266502881736 ) ) ;
#712 = DIRECTION ( 'NONE',  ( -1.000000000000000000, 2.819972122492139751E-16, 0.000000000000000000 ) ) ;
#713 = DIRECTION ( 'NONE',  ( -2.471628097242618696E-31, -4.930380657631330352E-32, 1.000000000000000000 ) ) ;
#714 = EDGE_LOOP ( 'NONE', ( #2768, #206, #705, #2228 ) ) ;
#715 = FACE_OUTER_BOUND ( 'NONE', #863, .T. ) ;
#716 = DIRECTION ( 'NONE',  ( 0.000000000000000000, 0.000000000000000000, 1.000000000000000000 ) ) ;
#717 = ORIENTED_EDGE ( 'NONE', *, *, #215, .F. ) ;
#718 = ORIENTED_EDGE ( 'NONE', *, *, #3180, .T. ) ;
#719 = CARTESIAN_POINT ( 'NONE',  ( -1.000000000000000000, -2.125000000000000444, -1.184611796797789829 ) ) ;
#720 = CARTESIAN_POINT ( 'NONE',  ( -0.6200000000000001066, -2.125000000000000000, -0.7612641479095413333 ) ) ;
#721 = ORIENTED_EDGE ( 'NONE', *, *, #1067, .F. ) ;
#722 = CARTESIAN_POINT ( 'NONE',  ( 1.000000000000000000, -1.619999999999999885, -1.700000000000000178 ) ) ;
#723 = CARTESIAN_POINT ( 'NONE',  ( -1.000000000000000000, -2.000000000000000000, -1.700000000000000178 ) ) ;
#724 = CIRCLE ( 'NONE', #2792, 1.000000000000000000 ) ;
#725 = CARTESIAN_POINT ( 'NONE',  ( -0.9953297041377070498, -1.681277255307356056, -2.224364123845770536 ) ) ;
#726 = CARTESIAN_POINT ( 'NONE',  ( 0.7799664863037972795, -1.619999999999999885, -2.533083957270960251 ) ) ;
#727 = LINE ( 'NONE', #2689, #2907 ) ;
#728 = DIRECTION ( 'NONE',  ( 0.000000000000000000, 0.000000000000000000, -1.000000000000000000 ) ) ;
#729 = ORIENTED_EDGE ( 'NONE', *, *, #594, .F. ) ;
#730 = EDGE_CURVE ( 'NONE', #1661, #853, #3140, .T. ) ;
#731 = DIRECTION ( 'NONE',  ( 0.000000000000000000, 0.000000000000000000, -1.000000000000000000 ) ) ;
#732 = SURFACE_SIDE_STYLE ('',( #1839 ) ) ;
#733 = ORIENTED_EDGE ( 'NONE', *, *, #1597, .F. ) ;
#734 = ORIENTED_EDGE ( 'NONE', *, *, #467, .F. ) ;
#735 = PRODUCT_DEFINITION_FORMATION_WITH_SPECIFIED_SOURCE ( 'ANY', '', #1952, .NOT_KNOWN. ) ;
#736 = AXIS2_PLACEMENT_3D ( 'NONE', #1374, #800, #2811 ) ;
#737 = CARTESIAN_POINT ( 'NONE',  ( 0.9189296913886085827, -1.855505962072463655, -2.095716996282227740 ) ) ;
#738 = CARTESIAN_POINT ( 'NONE',  ( -0.02747512394158369009, -2.124993150801428143, -0.5750068491985858010 ) ) ;
#739 = ORIENTED_EDGE ( 'NONE', *, *, #1090, .F. ) ;
#740 = AXIS2_PLACEMENT_3D ( 'NONE', #687, #2598, #2063 ) ;
#741 = LINE ( 'NONE', #1885, #253 ) ;
#742 = CARTESIAN_POINT ( 'NONE',  ( -0.6200000000000001066, -2.037500000000000089, -0.7612641479095413333 ) ) ;
#743 = B_SPLINE_CURVE_WITH_KNOTS ( 'NONE', 3,
 ( #3150, #3497, #2633, #1479, #1758, #3170, #2100, #2354, #2909, #2612, #2078, #3200 ),
 .UNSPECIFIED., .F., .F.,
 ( 4, 2, 2, 2, 2, 4 ),
 ( 0.000000000000000000, 0.005693836458588201130, 0.008540754687882302562, 0.01138767291717640226, 0.01708150937576460859, 0.02277534583435281493 ),
 .UNSPECIFIED. ) ;
#744 = CARTESIAN_POINT ( 'NONE',  ( -0.9207171544697027032, -2.003800000000000470, -1.227833269476779510 ) ) ;
#745 = CARTESIAN_POINT ( 'NONE',  ( -0.7337052683550759902, -1.983739606786466769, -2.380578819765376775 ) ) ;
#746 = CARTESIAN_POINT ( 'NONE',  ( -0.7709209018852833939, -1.968763716512622830, -1.063060337150655954 ) ) ;
#747 = CARTESIAN_POINT ( 'NONE',  ( -0.8835462219122083294, -2.000015592066124892, -1.230130955111638391 ) ) ;
#748 = LINE ( 'NONE', #218, #3468 ) ;
#749 = ORIENTED_EDGE ( 'NONE', *, *, #401, .T. ) ;
#750 = CARTESIAN_POINT ( 'NONE',  ( 1.000000000000000222, -1.650154312584596550, -1.651083245594748172 ) ) ;
#751 = ADVANCED_FACE ( 'NONE', ( #382 ), #2869, .T. ) ;
#752 = EDGE_LOOP ( 'NONE', ( #1578, #430, #2080, #2727 ) ) ;
#753 = ORIENTED_EDGE ( 'NONE', *, *, #1460, .F. ) ;
#754 = VERTEX_POINT ( 'NONE', #1541 ) ;
#755 = CONICAL_SURFACE ( 'NONE', #2818, 1.062500000000000000, 0.7853981633974476129 ) ;
#756 = CARTESIAN_POINT ( 'NONE',  ( 0.9752551638686280944, -1.754885290669751852, -1.921065247967046252 ) ) ;
#757 = CARTESIAN_POINT ( 'NONE',  ( -1.067786252502610278, -0.7766438147493800459, 0.000000000000000000 ) ) ;
#758 = ORIENTED_EDGE ( 'NONE', *, *, #2077, .T. ) ;
#759 = CARTESIAN_POINT ( 'NONE',  ( 0.6200000000000001066, 2.000000000000000000, -33.00000000000000000 ) ) ;
#760 = CARTESIAN_POINT ( 'NONE',  ( -1.000000000000000000, -2.125000000000000000, -1.184611796797789385 ) ) ;
#761 = CARTESIAN_POINT ( 'NONE',  ( 0.9207139087409488276, -2.000000000000000000, -2.172165458813468675 ) ) ;
#762 = CARTESIAN_POINT ( 'NONE',  ( -0.9728295207549026991, -1.761733855148313266, -2.265027717250408745 ) ) ;
#763 = CARTESIAN_POINT ( 'NONE',  ( 1.572213747497389846, -1.776643814749382155, 0.5000000000000000000 ) ) ;
#764 = FACE_OUTER_BOUND ( 'NONE', #2724, .T. ) ;
#765 = DIRECTION ( 'NONE',  ( 0.000000000000000000, 0.000000000000000000, -1.000000000000000000 ) ) ;
#766 = ORIENTED_EDGE ( 'NONE', *, *, #2509, .T. ) ;
#767 = ADVANCED_FACE ( 'NONE', ( #1768 ), #944, .T. ) ;
#768 = LENGTH_MEASURE_WITH_UNIT ( LENGTH_MEASURE( 0.02539999999999999897 ), #2207 );
#769 = SURFACE_STYLE_USAGE ( .BOTH. , #732 ) ;
#770 = VERTEX_POINT ( 'NONE', #2627 ) ;
#771 = ADVANCED_BREP_SHAPE_REPRESENTATION ( '', ( #1229, #2419, #2327, #2076, #1127, #2386, #2196 ), #783 ) ;
#772 = VERTEX_POINT ( 'NONE', #3435 ) ;
#773 = STYLED_ITEM ( 'NONE', ( #22 ), #1127 ) ;
#774 = EDGE_CURVE ( 'NONE', #2984, #1302, #2309, .T. ) ;
#775 = CARTESIAN_POINT ( 'NONE',  ( 0.8294986489190939727, -1.938009891908020865, -2.259733415028713832 ) ) ;
#776 = CARTESIAN_POINT ( 'NONE',  ( 0.6200000000000001066, -2.041666666666669183, -0.7612641479095413333 ) ) ;
#777 = EDGE_LOOP ( 'NONE', ( #449, #2948, #224, #3467 ) ) ;
#778 = ADVANCED_FACE ( 'NONE', ( #2903 ), #3452, .F. ) ;
#779 =( NAMED_UNIT ( * ) SI_UNIT ( $, .STERADIAN. ) SOLID_ANGLE_UNIT ( ) );
#780 = DIRECTION ( 'NONE',  ( 1.000000000000000000, 0.000000000000000000, 0.000000000000000000 ) ) ;
#781 = CARTESIAN_POINT ( 'NONE',  ( 0.9207139087409488276, -1.619999999999999885, -2.172165458813468675 ) ) ;
#782 = AXIS2_PLACEMENT_3D ( 'NONE', #289, #2885, #2011 ) ;
#783 =( GEOMETRIC_REPRESENTATION_CONTEXT ( 3 ) GLOBAL_UNCERTAINTY_ASSIGNED_CONTEXT ( ( #384 ) ) GLOBAL_UNIT_ASSIGNED_CONTEXT ( ( #605, #971, #2353 ) ) REPRESENTATION_CONTEXT ( 'NONE', 'WORKASPACE' ) );
#784 = CARTESIAN_POINT ( 'NONE',  ( -0.8951257492189658160, -1.883100988844100820, -2.381700949883268414 ) ) ;
#785 = CYLINDRICAL_SURFACE ( 'NONE', #3489, 0.1900000000000000300 ) ;
#786 = AXIS2_PLACEMENT_3D ( 'NONE', #3449, #3160, #671 ) ;
#787 = DIRECTION ( 'NONE',  ( -1.000000000000000000, 0.000000000000000000, 0.000000000000000000 ) ) ;
#788 = EDGE_LOOP ( 'NONE', ( #766, #485, #1362, #2581, #2929, #2769, #2463 ) ) ;
#789 = AXIS2_PLACEMENT_3D ( 'NONE', #1208, #344, #903 ) ;
#790 = CARTESIAN_POINT ( 'NONE',  ( 0.9137822437765595884, -1.861037298399041084, -1.293785061483639698 ) ) ;
#791 =( GEOMETRIC_REPRESENTATION_CONTEXT ( 3 ) GLOBAL_UNCERTAINTY_ASSIGNED_CONTEXT ( ( #2629 ) ) GLOBAL_UNIT_ASSIGNED_CONTEXT ( ( #1770, #2608, #2941 ) ) REPRESENTATION_CONTEXT ( 'NONE', 'WORKASPACE' ) );
#792 = ORIENTED_EDGE ( 'NONE', *, *, #3295, .T. ) ;
#793 = ORIENTED_EDGE ( 'NONE', *, *, #1877, .T. ) ;
#794 = CARTESIAN_POINT ( 'NONE',  ( 0.9015630414656986558, -1.875199738336526867, -2.132642948160060392 ) ) ;
#795 = CARTESIAN_POINT ( 'NONE',  ( -0.4263566282685632425, -2.124807763786725090, -0.6587646438282359629 ) ) ;
#796 = ORIENTED_EDGE ( 'NONE', *, *, #2389, .T. ) ;
#797 = DIRECTION ( 'NONE',  ( 0.000000000000000000, 0.000000000000000000, 1.000000000000000000 ) ) ;
#798 = CONICAL_SURFACE ( 'NONE', #3504, 1.062500000000000222, 0.7853981633974476129 ) ;
#799 = EDGE_CURVE ( 'NONE', #543, #2997, #419, .T. ) ;
#800 = DIRECTION ( 'NONE',  ( 0.000000000000000000, 0.000000000000000000, 1.000000000000000000 ) ) ;
#801 = DIRECTION ( 'NONE',  ( -1.000000000000000000, -7.189073667537533228E-16, 0.000000000000000000 ) ) ;
#802 = FACE_OUTER_BOUND ( 'NONE', #237, .T. ) ;
#803 = AXIS2_PLACEMENT_3D ( 'NONE', #410, #3220, #1533 ) ;
#804 = DIRECTION ( 'NONE',  ( 0.000000000000000000, 0.000000000000000000, 1.000000000000000000 ) ) ;
#805 = VERTEX_POINT ( 'NONE', #2938 ) ;
#806 = ORIENTED_EDGE ( 'NONE', *, *, #2129, .T. ) ;
#807 = LENGTH_MEASURE_WITH_UNIT ( LENGTH_MEASURE( 0.02539999999999999897 ), #600 );
#808 = AXIS2_PLACEMENT_3D ( 'NONE', #2449, #1634, #3321 ) ;
#809 = ORIENTED_EDGE ( 'NONE', *, *, #285, .T. ) ;
#810 = VERTEX_POINT ( 'NONE', #3179 ) ;
#811 = CARTESIAN_POINT ( 'NONE',  ( 0.8689610141726347159, -1.907369739380089024, -2.195213661994753540 ) ) ;
#812 = CARTESIAN_POINT ( 'NONE',  ( 0.6200000000000001066, -2.000000000000000000, -0.7612641479095413333 ) ) ;
#813 = ORIENTED_EDGE ( 'NONE', *, *, #2803, .F. ) ;
#814 = ADVANCED_FACE ( 'NONE', ( #2089 ), #2858, .T. ) ;
#815 = VECTOR ( 'NONE', #2295, 39.37007874015748143 ) ;
#816 = CARTESIAN_POINT ( 'NONE',  ( 0.7800000000000004707, -0.7800000000000020250, -0.07499999999999988620 ) ) ;
#817 = DIRECTION ( 'NONE',  ( 1.000000000000000000, 1.232595164407831165E-31, 2.964666163005751074E-31 ) ) ;
#818 = CARTESIAN_POINT ( 'NONE',  ( 0.4514603917869441374, -0.3046804729343429163, 0.000000000000000000 ) ) ;
#819 = LINE ( 'NONE', #3380, #278 ) ;
#820 = ORIENTED_EDGE ( 'NONE', *, *, #3455, .T. ) ;
#821 = ADVANCED_FACE ( 'NONE', ( #3548 ), #3398, .T. ) ;
#822 = PRODUCT_CONTEXT ( 'NONE', #1448, 'mechanical' ) ;
#823 = CARTESIAN_POINT ( 'NONE',  ( 0.7876660869536343812, -1.961010462127129594, -1.083900007045958791 ) ) ;
#824 = CARTESIAN_POINT ( 'NONE',  ( 1.000000000000019762, 2.080000000000000071, -31.43999999999999773 ) ) ;
#825 = VERTEX_POINT ( 'NONE', #1906 ) ;
#826 =( NAMED_UNIT ( * ) PLANE_ANGLE_UNIT ( ) SI_UNIT ( $, .RADIAN. ) );
#827 = SURFACE_STYLE_USAGE ( .BOTH. , #1148 ) ;
#828 = CARTESIAN_POINT ( 'NONE',  ( 0.5740183290924905091, 2.080000000000000071, -33.00000000000000000 ) ) ;
#829 = ORIENTED_EDGE ( 'NONE', *, *, #2853, .T. ) ;
#830 = DIRECTION ( 'NONE',  ( 0.000000000000000000, 0.000000000000000000, 1.000000000000000000 ) ) ;
#831 = CARTESIAN_POINT ( 'NONE',  ( -0.7548100772649547485, -2.003800000000000470, -2.378073572384492351 ) ) ;
#832 = DIRECTION ( 'NONE',  ( 0.7071067811865475727, -0.7071067811865475727, 0.000000000000000000 ) ) ;
#833 = CIRCLE ( 'NONE', #2368, 0.6850000000000000533 ) ;
#834 = CARTESIAN_POINT ( 'NONE',  ( -1.067786252502610278, -0.7766438147493800459, 0.000000000000000000 ) ) ;
#835 = EDGE_CURVE ( 'NONE', #2522, #2979, #3029, .T. ) ;
#836 = ORIENTED_EDGE ( 'NONE', *, *, #2474, .F. ) ;
#837 = PRODUCT_DEFINITION_SHAPE ( 'NONE', 'NONE',  #1180 ) ;
#838 = SURFACE_STYLE_FILL_AREA ( #2494 ) ;
#839 = CARTESIAN_POINT ( 'NONE',  ( 1.748382715945129988E-16, -2.000000000000000000, -1.700000000000000178 ) ) ;
#840 = VERTEX_POINT ( 'NONE', #983 ) ;
#841 = AXIS2_PLACEMENT_3D ( 'NONE', #2579, #1129, #1947 ) ;
#842 = CARTESIAN_POINT ( 'NONE',  ( 0.000000000000000000, 0.000000000000000000, 0.9975000000000000533 ) ) ;
#843 = LINE ( 'NONE', #2299, #340 ) ;
#844 = PLANE ( 'NONE',  #3375 ) ;
#845 = ORIENTED_EDGE ( 'NONE', *, *, #1704, .T. ) ;
#846 = CARTESIAN_POINT ( 'NONE',  ( -0.7848537685290049026, -1.962574045982515392, -0.8941151187787325094 ) ) ;
#847 = CARTESIAN_POINT ( 'NONE',  ( 0.8053807608941324636, -1.951915223316673886, -2.485347499169800578 ) ) ;
#848 = DIRECTION ( 'NONE',  ( 1.232595164407831165E-31, 1.000000000000000000, 3.654233176604407624E-62 ) ) ;
#849 = CARTESIAN_POINT ( 'NONE',  ( -0.8530280502816883770, -2.124800764913961970, -0.9664519492624725761 ) ) ;
#850 = CARTESIAN_POINT ( 'NONE',  ( -0.6200000000000001066, 2.080000000000000071, -16.47962332214480341 ) ) ;
#851 = AXIS2_PLACEMENT_3D ( 'NONE', #284, #817, #1938 ) ;
#852 = CARTESIAN_POINT ( 'NONE',  ( 2.956164642178811240E-17, -2.185478394931409096E-16, 0.000000000000000000 ) ) ;
#853 = VERTEX_POINT ( 'NONE', #2110 ) ;
#854 = AXIS2_PLACEMENT_3D ( 'NONE', #3325, #1639, #229 ) ;
#855 = APPLICATION_PROTOCOL_DEFINITION ( 'draft international standard', 'automotive_design', 1998, #58 ) ;
#856 = DIRECTION ( 'NONE',  ( -1.000000000000000000, 0.000000000000000000, 0.000000000000000000 ) ) ;
#857 = EDGE_LOOP ( 'NONE', ( #1169, #2498, #3311, #1812 ) ) ;
#858 = CARTESIAN_POINT ( 'NONE',  ( 1.000000000000000000, -1.619999999999999885, 0.000000000000000000 ) ) ;
#859 = CARTESIAN_POINT ( 'NONE',  ( 0.9121746125226930513, -1.619999999999999885, -2.385794485169141943 ) ) ;
#860 = EDGE_CURVE ( 'NONE', #63, #1927, #1690, .T. ) ;
#861 = CARTESIAN_POINT ( 'NONE',  ( 0.9121746125226930513, -2.125000000000000000, -1.014205514830860411 ) ) ;
#862 = CARTESIAN_POINT ( 'NONE',  ( 1.872213747497389669, 0.6733561852506200207, 0.000000000000000000 ) ) ;
#863 = EDGE_LOOP ( 'NONE', ( #3352, #1942, #491, #1138 ) ) ;
#864 = LINE ( 'NONE', #3154, #2447 ) ;
#865 = CARTESIAN_POINT ( 'NONE',  ( 0.6200000000000002176, -2.000000000000000000, -2.638735852090461353 ) ) ;
#866 = CARTESIAN_POINT ( 'NONE',  ( -0.7548100772649547485, -2.000000000000000000, -2.378073572384492351 ) ) ;
#867 = PRODUCT_DEFINITION_SHAPE ( 'NONE', 'NONE',  #3399 ) ;
#868 = CIRCLE ( 'NONE', #1470, 0.1900000000000001688 ) ;
#869 = DIRECTION ( 'NONE',  ( 0.000000000000000000, 0.000000000000000000, -1.000000000000000000 ) ) ;
#870 = B_SPLINE_CURVE_WITH_KNOTS ( 'NONE', 3,
 ( #1707, #2810, #325, #1449, #2543, #612, #3410, #359, #2564, #3115, #556, #884, #2235, #2582, #2524, #1688, #48, #2825, #3373, #846, #2843, #28, #1467, #283, #1740, #592 ),
 .UNSPECIFIED., .F., .F.,
 ( 4, 2, 2, 2, 2, 2, 2, 2, 2, 2, 2, 2, 4 ),
 ( 0.000000000000000000, 0.001180087321546967457, 0.002360174643093934915, 0.003540261964640902155, 0.004720349286187869829, 0.007080523929281797371, 0.008260611250828756372, 0.009440698572375717107, 0.01180087321546962817, 0.01298096053701658717, 0.01416104785856354444, 0.01652122250165746417, 0.01888139714475138217 ),
 .UNSPECIFIED. ) ;
#871 = CARTESIAN_POINT ( 'NONE',  ( -0.6200000000000001066, -1.619999999999999885, -31.43999999999999773 ) ) ;
#872 = PLANE ( 'NONE',  #1971 ) ;
#873 =( REPRESENTATION_RELATIONSHIP ('NONE','NONE', #1311, #2676 ) REPRESENTATION_RELATIONSHIP_WITH_TRANSFORMATION ( #564 )SHAPE_REPRESENTATION_RELATIONSHIP( ) );
#874 = ITEM_DEFINED_TRANSFORMATION ( 'NONE', 'NONE', #1743,  #2196 ) ;
#875 = FACE_OUTER_BOUND ( 'NONE', #1390, .T. ) ;
#876 = CARTESIAN_POINT ( 'NONE',  ( -0.7799999999999993605, -0.7800000000000020250, 0.000000000000000000 ) ) ;
#877 = ORIENTED_EDGE ( 'NONE', *, *, #329, .T. ) ;
#878 = EDGE_CURVE ( 'NONE', #2919, #3224, #3384, .T. ) ;
#879 = CARTESIAN_POINT ( 'NONE',  ( 0.8276865432369254760, -2.000014269378373566, -1.133691752615683557 ) ) ;
#880 =( NAMED_UNIT ( * ) PLANE_ANGLE_UNIT ( ) SI_UNIT ( $, .RADIAN. ) );
#881 = CARTESIAN_POINT ( 'NONE',  ( 0.9387115246069783758, -1.828262691715763610, -1.079636521244403236 ) ) ;
#882 = ADVANCED_FACE ( 'NONE', ( #3117 ), #1437, .T. ) ;
#883 = ORIENTED_EDGE ( 'NONE', *, *, #952, .F. ) ;
#884 = CARTESIAN_POINT ( 'NONE',  ( -0.9177358857456071606, -1.856413139678215085, -1.049421613878544379 ) ) ;
#885 = LINE ( 'NONE', #2274, #1382 ) ;
#886 = CARTESIAN_POINT ( 'NONE',  ( 1.000000000000000000, -2.125000000000000444, -2.215388203202208750 ) ) ;
#887 = B_SPLINE_CURVE_WITH_KNOTS ( 'NONE', 3,
 ( #56, #3383, #546, #3418, #3625, #2781 ),
 .UNSPECIFIED., .F., .F.,
 ( 4, 2, 4 ),
 ( -0.3175000000000000044, -0.1746250000000000024, 0.000000000000000000 ),
 .UNSPECIFIED. ) ;
#888 = EDGE_CURVE ( 'NONE', #2968, #3601, #2497, .T. ) ;
#889 = CARTESIAN_POINT ( 'NONE',  ( -0.7707056113715073931, -2.124838687002490900, -0.8792877226996318463 ) ) ;
#890 = CARTESIAN_POINT ( 'NONE',  ( -0.2169910812546421985, -2.124902256956589408, -2.805114279774708397 ) ) ;
#891 = CARTESIAN_POINT ( 'NONE',  ( -0.7211075579487146170, -2.001266666666666971, -0.9952943682523013313 ) ) ;
#892 = CARTESIAN_POINT ( 'NONE',  ( -0.6200000000000001066, -2.125000000000000000, -2.638735852090460909 ) ) ;
#893 = LINE ( 'NONE', #2017, #1267 ) ;
#894 = PLANE ( 'NONE',  #1526 ) ;
#895 = ORIENTED_EDGE ( 'NONE', *, *, #490, .F. ) ;
#896 =( GEOMETRIC_REPRESENTATION_CONTEXT ( 3 ) GLOBAL_UNCERTAINTY_ASSIGNED_CONTEXT ( ( #2665 ) ) GLOBAL_UNIT_ASSIGNED_CONTEXT ( ( #2099, #3219, #2961 ) ) REPRESENTATION_CONTEXT ( 'NONE', 'WORKASPACE' ) );
#897 = CARTESIAN_POINT ( 'NONE',  ( -0.8294986488468883978, -1.938009891954947106, -1.140266584865102129 ) ) ;
#898 = CARTESIAN_POINT ( 'NONE',  ( 0.7799664863037972795, -1.956666666666669441, -0.8669160427290394377 ) ) ;
#899 = CARTESIAN_POINT ( 'NONE',  ( -0.7499999999999823475, -2.250000000000000000, -31.43999999999999773 ) ) ;
#900 = VECTOR ( 'NONE', #2704, 39.37007874015748143 ) ;
#901 = ORIENTED_EDGE ( 'NONE', *, *, #356, .F. ) ;
#902 = PLANE ( 'NONE',  #1221 ) ;
#903 = DIRECTION ( 'NONE',  ( 1.000000000000000000, 0.000000000000000000, 0.000000000000000000 ) ) ;
#904 = STYLED_ITEM ( 'NONE', ( #2924 ), #2386 ) ;
#905 = DIRECTION ( 'NONE',  ( 0.000000000000000000, 0.000000000000000000, -1.000000000000000000 ) ) ;
#906 = EDGE_LOOP ( 'NONE', ( #1109, #2479, #2062 ) ) ;
#907 = LINE ( 'NONE', #3265, #3314 ) ;
#908 = CARTESIAN_POINT ( 'NONE',  ( 0.5153882032022079063, -1.000000000000000000, 0.9350000000000000533 ) ) ;
#909 = ADVANCED_FACE ( 'NONE', ( #3326 ), #1656, .T. ) ;
#910 = DIRECTION ( 'NONE',  ( 0.000000000000000000, 1.000000000000000000, 0.000000000000000000 ) ) ;
#911 = VECTOR ( 'NONE', #1380, 39.37007874015748854 ) ;
#912 = CARTESIAN_POINT ( 'NONE',  ( -0.5156313066184228244, -2.000000000000000000, -2.707667479398051302 ) ) ;
#913 = CYLINDRICAL_SURFACE ( 'NONE', #611, 0.3800000000000000600 ) ;
#914 = ORIENTED_EDGE ( 'NONE', *, *, #641, .T. ) ;
#915 = LENGTH_MEASURE_WITH_UNIT ( LENGTH_MEASURE( 0.02539999999999999897 ), #1572 );
#916 = DIRECTION ( 'NONE',  ( 5.151221977308949281E-16, -0.2357022603955160889, 0.9718253158075499387 ) ) ;
#917 = CARTESIAN_POINT ( 'NONE',  ( 0.1587255113405909579, -2.125000000000000000, -2.847539770816130300 ) ) ;
#918 = ORIENTED_EDGE ( 'NONE', *, *, #1597, .T. ) ;
#919 = LINE ( 'NONE', #96, #3153 ) ;
#920 = DIRECTION ( 'NONE',  ( 0.000000000000000000, 0.000000000000000000, 1.000000000000000000 ) ) ;
#921 = CIRCLE ( 'NONE', #854, 0.3800000000000000600 ) ;
#922 = FACE_OUTER_BOUND ( 'NONE', #3590, .T. ) ;
#923 = ORIENTED_EDGE ( 'NONE', *, *, #3566, .T. ) ;
#924 = EDGE_CURVE ( 'NONE', #1345, #840, #10, .T. ) ;
#925 = CARTESIAN_POINT ( 'NONE',  ( -0.6982204337589200671, -2.124938527575066960, -0.8166718466855804603 ) ) ;
#926 = CARTESIAN_POINT ( 'NONE',  ( -0.7499999999999823475, 2.080000000000000071, -31.43999999999999773 ) ) ;
#927 = DIRECTION ( 'NONE',  ( 0.000000000000000000, -1.000000000000000000, 2.254663031818779746E-28 ) ) ;
#928 = EDGE_CURVE ( 'NONE', #1294, #2103, #3060, .T. ) ;
#929 = CARTESIAN_POINT ( 'NONE',  ( -0.9560064915312025402, -1.798956486019877232, -1.995530020111195402 ) ) ;
#930 = UNCERTAINTY_MEASURE_WITH_UNIT (LENGTH_MEASURE( 1.000000000000000082E-05 ), #3240, 'distance_accuracy_value', 'NONE');
#931 = FILL_AREA_STYLE ('',( #88 ) ) ;
#932 = LINE ( 'NONE', #1492, #107 ) ;
#933 = EDGE_LOOP ( 'NONE', ( #182, #3292, #2426, #3058, #2250 ) ) ;
#934 = EDGE_CURVE ( 'NONE', #2979, #3333, #2254, .T. ) ;
#935 = DIRECTION ( 'NONE',  ( -1.000000000000000000, -1.232595164407830946E-31, 2.471628097242615192E-31 ) ) ;
#936 = DIRECTION ( 'NONE',  ( 0.000000000000000000, 0.000000000000000000, -1.000000000000000000 ) ) ;
#937 = ORIENTED_EDGE ( 'NONE', *, *, #3274, .T. ) ;
#938 = DIRECTION ( 'NONE',  ( 1.000000000000000000, 0.000000000000000000, 0.000000000000000000 ) ) ;
#939 = CARTESIAN_POINT ( 'NONE',  ( -0.1587349916327909505, -2.126250000000000195, -0.5524336365865094578 ) ) ;
#940 = CARTESIAN_POINT ( 'NONE',  ( 0.6199999999999999956, -2.125000000000000444, -0.7612641479095414443 ) ) ;
#941 = ORIENTED_EDGE ( 'NONE', *, *, #1209, .F. ) ;
#942 = CARTESIAN_POINT ( 'NONE',  ( 1.000000000000000000, -2.125000000000000444, -2.215388203202208750 ) ) ;
#943 = CARTESIAN_POINT ( 'NONE',  ( -0.5739636666958255473, -2.124999999999997780, -2.669141132324539090 ) ) ;
#944 = PLANE ( 'NONE',  #2323 ) ;
#945 = PRODUCT_DEFINITION ( 'UNKNOWN', '', #735, #2953 ) ;
#946 = CARTESIAN_POINT ( 'NONE',  ( -0.9826187481768303700, -1.733711584672597672, -1.885728107460803438 ) ) ;
#947 = DIRECTION ( 'NONE',  ( 0.000000000000000000, 1.000000000000000000, 0.000000000000000000 ) ) ;
#948 = ADVANCED_FACE ( 'NONE', ( #1117 ), #3376, .T. ) ;
#949 = ORIENTED_EDGE ( 'NONE', *, *, #310, .T. ) ;
#950 = SHAPE_REPRESENTATION_RELATIONSHIP ( 'NONE' , 'NONE' ,  #2676, #771 ) ;
#951 = PLANE ( 'NONE',  #512 ) ;
#952 = EDGE_CURVE ( 'NONE', #398, #20, #2882, .T. ) ;
#953 = PLANE ( 'NONE',  #85 ) ;
#954 = CONICAL_SURFACE ( 'NONE', #307, 1.062500000000000000, 0.7853981633974476129 ) ;
#955 = MECHANICAL_DESIGN_GEOMETRIC_PRESENTATION_REPRESENTATION (  '', ( #1376 ), #2605 ) ;
#956 = EDGE_LOOP ( 'NONE', ( #1535, #3331, #1649, #1417, #2772 ) ) ;
#957 = AXIS2_PLACEMENT_3D ( 'NONE', #2661, #174, #1583 ) ;
#958 = CARTESIAN_POINT ( 'NONE',  ( -0.6200000000000001066, -2.000000000000000000, -2.484601809837319042 ) ) ;
#959 = FACE_OUTER_BOUND ( 'NONE', #1368, .T. ) ;
#960 = AXIS2_PLACEMENT_3D ( 'NONE', #2955, #2130, #442 ) ;
#961 = VERTEX_POINT ( 'NONE', #886 ) ;
#962 = CARTESIAN_POINT ( 'NONE',  ( 1.000000000000000000, -2.125000000000000444, -1.184611796797789829 ) ) ;
#963 = PLANE ( 'NONE',  #1867 ) ;
#964 = B_SPLINE_CURVE_WITH_KNOTS ( 'NONE', 3,
 ( #3120, #1724, #637, #597, #3378, #3414 ),
 .UNSPECIFIED., .F., .F.,
 ( 4, 2, 4 ),
 ( -0.3175000000000000044, -0.1746250000000000024, 0.000000000000000000 ),
 .UNSPECIFIED. ) ;
#965 = CARTESIAN_POINT ( 'NONE',  ( 0.000000000000000000, -1.000000000000000000, 1.060000000000000053 ) ) ;
#966 = CARTESIAN_POINT ( 'NONE',  ( -0.9220545480648600911, -1.850635185700854057, -2.087135130500519686 ) ) ;
#967 = CARTESIAN_POINT ( 'NONE',  ( -0.7196190689969902410, -1.986994398446712662, -1.005396576638845518 ) ) ;
#968 = LINE ( 'NONE', #2115, #2580 ) ;
#969 = ORIENTED_EDGE ( 'NONE', *, *, #191, .F. ) ;
#970 = ADVANCED_FACE ( 'NONE', ( #1469 ), #798, .F. ) ;
#971 =( NAMED_UNIT ( * ) PLANE_ANGLE_UNIT ( ) SI_UNIT ( $, .RADIAN. ) );
#972 = CARTESIAN_POINT ( 'NONE',  ( -0.9999999999999996669, -2.125000000000000888, -2.215388203202211859 ) ) ;
#973 = AXIS2_PLACEMENT_3D ( 'NONE', #3081, #2814, #3330 ) ;
#974 = DIRECTION ( 'NONE',  ( 1.000000000000000000, 0.000000000000000000, 0.000000000000000000 ) ) ;
#975 = ORIENTED_EDGE ( 'NONE', *, *, #1412, .F. ) ;
#976 = ORIENTED_EDGE ( 'NONE', *, *, #12, .T. ) ;
#977 = EDGE_CURVE ( 'NONE', #3202, #3443, #3430, .T. ) ;
#978 = AXIS2_PLACEMENT_3D ( 'NONE', #972, #2672, #1277 ) ;
#979 = CARTESIAN_POINT ( 'NONE',  ( -0.6200000000000001066, -2.000000000000000000, -31.43999999999999773 ) ) ;
#980 = CARTESIAN_POINT ( 'NONE',  ( -0.1587349916327909505, -2.041666666666669183, -0.5524336365865094578 ) ) ;
#981 = VERTEX_POINT ( 'NONE', #2898 ) ;
#982 = CARTESIAN_POINT ( 'NONE',  ( 0.7211075579487146170, -1.873333333333330852, -0.9952943682523013313 ) ) ;
#983 = CARTESIAN_POINT ( 'NONE',  ( 0.5153882032022079063, -1.000000000000000000, 0.000000000000000000 ) ) ;
#984 = DIMENSIONAL_EXPONENTS ( 1.000000000000000000, 0.000000000000000000, 0.000000000000000000, 0.000000000000000000, 0.000000000000000000, 0.000000000000000000, 0.000000000000000000 ) ;
#985 = DIRECTION ( 'NONE',  ( -1.727650905084119704E-16, 1.000000000000000000, 0.000000000000000000 ) ) ;
#986 = DIRECTION ( 'NONE',  ( -1.000000000000000000, 2.819972122492139751E-16, 0.000000000000000000 ) ) ;
#987 = CARTESIAN_POINT ( 'NONE',  ( -0.9323783771977677270, -1.999876781885212118, -1.331187329956961651 ) ) ;
#988 = PLANE ( 'NONE',  #55 ) ;
#989 = VERTEX_POINT ( 'NONE', #345 ) ;
#990 = AXIS2_PLACEMENT_3D ( 'NONE', #585, #1999, #2536 ) ;
#991 = CARTESIAN_POINT ( 'NONE',  ( 0.9812317277686827266, -1.738025958582201103, -1.507093905791728083 ) ) ;
#992 = FACE_OUTER_BOUND ( 'NONE', #956, .T. ) ;
#993 = ORIENTED_EDGE ( 'NONE', *, *, #2743, .F. ) ;
#994 = DIRECTION ( 'NONE',  ( 0.000000000000000000, -9.255749424733659676E-32, 1.000000000000000000 ) ) ;
#995 = CARTESIAN_POINT ( 'NONE',  ( 0.1573505789638200980, -2.000000000000000000, -0.5791330184298889572 ) ) ;
#996 = ADVANCED_FACE ( 'NONE', ( #1230 ), #2028, .F. ) ;
#997 = ORIENTED_EDGE ( 'NONE', *, *, #3277, .T. ) ;
#998 = CARTESIAN_POINT ( 'NONE',  ( 1.000000000000000000, -2.002533333333333498, -1.700000000000000178 ) ) ;
#999 = CARTESIAN_POINT ( 'NONE',  ( -0.9207171544697027032, -2.001266666666666971, -1.227833269476779510 ) ) ;
#1000 = CARTESIAN_POINT ( 'NONE',  ( 0.6850000000000000533, -8.388830574159370615E-17, 0.000000000000000000 ) ) ;
#1001 = PRODUCT_DEFINITION_CONTEXT ( 'detailed design', #3462, 'design' ) ;
#1002 = CARTESIAN_POINT ( 'NONE',  ( -1.000000000000000000, -1.619999999999999885, -1.700000000000399858 ) ) ;
#1003 = CYLINDRICAL_SURFACE ( 'NONE', #2262, 1.125000000000000000 ) ;
#1004 = CARTESIAN_POINT ( 'NONE',  ( 0.8690398186998025132, -2.124800778113931976, -0.9842920077373700227 ) ) ;
#1005 = ORIENTED_EDGE ( 'NONE', *, *, #3274, .F. ) ;
#1006 = DIRECTION ( 'NONE',  ( 0.000000000000000000, 1.000000000000000000, 0.000000000000000000 ) ) ;
#1007 = CARTESIAN_POINT ( 'NONE',  ( -0.6200000000000001066, -2.000000000000000000, 0.000000000000000000 ) ) ;
#1008 = CARTESIAN_POINT ( 'NONE',  ( -0.6200000000000001066, -2.000000000000000000, -33.00000000000000000 ) ) ;
#1009 = B_SPLINE_CURVE_WITH_KNOTS ( 'NONE', 3,
 ( #1415, #309, #364, #1488, #2603, #2291, #2529, #84, #3137, #2549, #33, #13 ),
 .UNSPECIFIED., .F., .F.,
 ( 4, 2, 2, 2, 2, 4 ),
 ( 0.01669312716345114703, 0.02086931924186412324, 0.02504551132027709598, 0.02713360735948358235, 0.02922170339869006872, 0.03339789547710304840 ),
 .UNSPECIFIED. ) ;
#1010 = ORIENTED_EDGE ( 'NONE', *, *, #553, .F. ) ;
#1011 = ORIENTED_EDGE ( 'NONE', *, *, #655, .F. ) ;
#1012 = CARTESIAN_POINT ( 'NONE',  ( 0.7799664863037972795, -2.125000000000000000, -0.8669160427290394377 ) ) ;
#1013 = CARTESIAN_POINT ( 'NONE',  ( -0.6200000000000001066, -2.083333333333330817, -0.7612641479095413333 ) ) ;
#1014 = EDGE_LOOP ( 'NONE', ( #3042, #969, #3168 ) ) ;
#1015 = AXIS2_PLACEMENT_3D ( 'NONE', #399, #2884, #3177 ) ;
#1016 = SURFACE_STYLE_USAGE ( .BOTH. , #1286 ) ;
#1017 = EDGE_CURVE ( 'NONE', #961, #2241, #2065, .T. ) ;
#1018 = LINE ( 'NONE', #816, #2502 ) ;
#1019 = CARTESIAN_POINT ( 'NONE',  ( 0.6200000000000001066, -1.873333333333330852, -2.484601809837319042 ) ) ;
#1020 = VECTOR ( 'NONE', #3593, 39.37007874015748143 ) ;
#1021 = DIRECTION ( 'NONE',  ( 0.000000000000000000, -1.000000000000000000, 0.000000000000000000 ) ) ;
#1022 = ADVANCED_FACE ( 'NONE', ( #2340 ), #954, .T. ) ;
#1023 = CARTESIAN_POINT ( 'NONE',  ( -0.9044179025312749642, -1.872005453789817864, -1.273365527867058811 ) ) ;
#1024 = DIRECTION ( 'NONE',  ( 0.000000000000000000, -1.000000000000000000, 0.000000000000000000 ) ) ;
#1025 = CARTESIAN_POINT ( 'NONE',  ( 0.9533308592750190380, -2.124938527575066960, -1.100883422604319817 ) ) ;
#1026 = ORIENTED_EDGE ( 'NONE', *, *, #2785, .F. ) ;
#1027 = DIRECTION ( 'NONE',  ( 0.000000000000000000, 0.000000000000000000, 1.000000000000000000 ) ) ;
#1028 = CARTESIAN_POINT ( 'NONE',  ( 0.9791593889301535292, -1.744133618954808451, -1.496909756229440669 ) ) ;
#1029 = ORIENTED_EDGE ( 'NONE', *, *, #934, .T. ) ;
#1030 = VERTEX_POINT ( 'NONE', #940 ) ;
#1031 = PRODUCT_DEFINITION_FORMATION_WITH_SPECIFIED_SOURCE ( 'ANY', '', #1869, .NOT_KNOWN. ) ;
#1032 = CIRCLE ( 'NONE', #1216, 0.3800000000000000600 ) ;
#1033 = ADVANCED_BREP_SHAPE_REPRESENTATION ( '', ( #3617, #2196 ), #896 ) ;
#1034 = CARTESIAN_POINT ( 'NONE',  ( 0.7860272462033489616, -1.961811815875717624, -2.318189396919329237 ) ) ;
#1035 = CARTESIAN_POINT ( 'NONE',  ( 0.2704240338639449237, -2.124798019427426077, -2.793171143071811358 ) ) ;
#1036 = ORIENTED_EDGE ( 'NONE', *, *, #1475, .T. ) ;
#1037 = VECTOR ( 'NONE', #3243, 39.37007874015748143 ) ;
#1038 = DIRECTION ( 'NONE',  ( -1.437814733507505660E-15, 1.000000000000000000, 0.000000000000000000 ) ) ;
#1039 = LINE ( 'NONE', #2165, #1107 ) ;
#1040 = CARTESIAN_POINT ( 'NONE',  ( -1.000000000000000000, -2.002533333333333498, -1.528180262172850634 ) ) ;
#1041 = EDGE_CURVE ( 'NONE', #1879, #1477, #80, .T. ) ;
#1042 = DIRECTION ( 'NONE',  ( 1.000000000000000000, 0.000000000000000000, 0.000000000000000000 ) ) ;
#1043 = CARTESIAN_POINT ( 'NONE',  ( -1.067786252502610278, -0.7766438147493800459, 0.000000000000000000 ) ) ;
#1044 = CARTESIAN_POINT ( 'NONE',  ( 0.9728233670614079287, -1.761755251522707288, -2.265038978228235855 ) ) ;
#1045 = CARTESIAN_POINT ( 'NONE',  ( -1.125000000000000000, 0.000000000000000000, 0.000000000000000000 ) ) ;
#1046 = EDGE_CURVE ( 'NONE', #770, #63, #3134, .T. ) ;
#1047 = ORIENTED_EDGE ( 'NONE', *, *, #369, .T. ) ;
#1048 = CARTESIAN_POINT ( 'NONE',  ( 0.000000000000000000, 0.000000000000000000, 0.000000000000000000 ) ) ;
#1049 = CARTESIAN_POINT ( 'NONE',  ( 0.9112742587064301958, -1.864072050692765714, -1.288174417750727052 ) ) ;
#1050 = VERTEX_POINT ( 'NONE', #2584 ) ;
#1051 = EDGE_CURVE ( 'NONE', #1386, #1896, #668, .T. ) ;
#1052 = ORIENTED_EDGE ( 'NONE', *, *, #280, .F. ) ;
#1053 = VECTOR ( 'NONE', #1732, 39.37007874015748143 ) ;
#1054 = CARTESIAN_POINT ( 'NONE',  ( 0.9870248611267385952, -1.721046396678041601, -1.864593662498045701 ) ) ;
#1055 = B_SPLINE_CURVE_WITH_KNOTS ( 'NONE', 3,
 ( #2771, #506, #2504, #2163, #3630, #3559, #2988, #1035, #3281, #1073, #261, #2179, #2141, #3301 ),
 .UNSPECIFIED., .F., .F.,
 ( 4, 2, 2, 2, 2, 2, 4 ),
 ( 0.000000000000000000, 0.004173238820030286851, 0.006259858230045423771, 0.008346477640060559824, 0.01251971646009083020, 0.01460633587010596625, 0.01669295528012110230 ),
 .UNSPECIFIED. ) ;
#1056 = CARTESIAN_POINT ( 'NONE',  ( 0.6200000000000001066, -2.000000000000000444, -0.7612641479095412222 ) ) ;
#1057 = ORIENTED_EDGE ( 'NONE', *, *, #397, .T. ) ;
#1058 = DIRECTION ( 'NONE',  ( 0.000000000000000000, 0.000000000000000000, 1.000000000000000000 ) ) ;
#1059 = CARTESIAN_POINT ( 'NONE',  ( -1.000000000000000000, -1.788333333333330888, -1.184611796797789385 ) ) ;
#1060 = CARTESIAN_POINT ( 'NONE',  ( 0.6200000000000001066, -2.003800000000000470, -2.484601809837319042 ) ) ;
#1061 = CARTESIAN_POINT ( 'NONE',  ( -0.6199999999999999956, -1.999999999999999334, -2.638735852090460465 ) ) ;
#1062 =( CONVERSION_BASED_UNIT ( 'INCH', #2721 ) LENGTH_UNIT ( ) NAMED_UNIT ( #1761 ) );
#1063 = CARTESIAN_POINT ( 'NONE',  ( -0.8653151525756370699, -2.000040983924206373, -1.197259537166007082 ) ) ;
#1064 = DIRECTION ( 'NONE',  ( 0.000000000000000000, 0.000000000000000000, 1.000000000000000000 ) ) ;
#1065 = ORIENTED_EDGE ( 'NONE', *, *, #1337, .T. ) ;
#1066 = CARTESIAN_POINT ( 'NONE',  ( 0.2233561852506299183, -2.500000000000000000, -32.50778625250259779 ) ) ;
#1067 = EDGE_CURVE ( 'NONE', #3183, #1661, #3190, .T. ) ;
#1068 = CARTESIAN_POINT ( 'NONE',  ( 0.9964604212125420801, -1.676525872193085798, -1.608383354686396816 ) ) ;
#1069 = ORIENTED_EDGE ( 'NONE', *, *, #1436, .T. ) ;
#1070 = ORIENTED_EDGE ( 'NONE', *, *, #505, .T. ) ;
#1071 = ADVANCED_FACE ( 'NONE', ( #922 ), #2816, .T. ) ;
#1072 = CARTESIAN_POINT ( 'NONE',  ( 0.9964594159369000170, -1.676532566889944675, -1.791627607674895373 ) ) ;
#1073 = CARTESIAN_POINT ( 'NONE',  ( 0.1366905106357615973, -2.124949077938104836, -2.816944653302476897 ) ) ;
#1074 = VERTEX_POINT ( 'NONE', #606 ) ;
#1075 = DIRECTION ( 'NONE',  ( -2.471628097242618696E-31, -4.930380657631330352E-32, 1.000000000000000000 ) ) ;
#1076 = CARTESIAN_POINT ( 'NONE',  ( -0.6200000000000001066, -2.001266666666666971, -2.484601809837319042 ) ) ;
#1077 = VECTOR ( 'NONE', #3396, 39.37007874015748143 ) ;
#1078 = PRESENTATION_LAYER_ASSIGNMENT (  '', '', ( #2484 ) ) ;
#1079 = CARTESIAN_POINT ( 'NONE',  ( -0.6200000000000001066, 1.619999999999999885, 0.000000000000000000 ) ) ;
#1080 = DIRECTION ( 'NONE',  ( -0.000000000000000000, 1.000000000000000000, 0.000000000000000000 ) ) ;
#1081 = AXIS2_PLACEMENT_3D ( 'NONE', #1430, #1711, #3061 ) ;
#1082 = DIRECTION ( 'NONE',  ( -2.471628097242618696E-31, -4.930380657631330352E-32, 1.000000000000000000 ) ) ;
#1083 = EDGE_LOOP ( 'NONE', ( #2736, #2802, #1790, #1183 ) ) ;
#1084 = ORIENTED_EDGE ( 'NONE', *, *, #1664, .T. ) ;
#1085 = CIRCLE ( 'NONE', #3320, 0.1900000000000000300 ) ;
#1086 = CARTESIAN_POINT ( 'NONE',  ( 1.000000000000000000, 1.619999999999999885, -33.00000000000000000 ) ) ;
#1087 = MECHANICAL_DESIGN_GEOMETRIC_PRESENTATION_REPRESENTATION (  '', ( #904 ), #3494 ) ;
#1088 = ORIENTED_EDGE ( 'NONE', *, *, #124, .F. ) ;
#1089 = ORIENTED_EDGE ( 'NONE', *, *, #3082, .F. ) ;
#1090 = EDGE_CURVE ( 'NONE', #3606, #3622, #2637, .T. ) ;
#1091 = SURFACE_SIDE_STYLE ('',( #319 ) ) ;
#1092 = CARTESIAN_POINT ( 'NONE',  ( 0.7540769449720670092, -1.975634792562697140, -2.356839402188358967 ) ) ;
#1093 = CARTESIAN_POINT ( 'NONE',  ( 0.6200000000000001066, -2.000000000000000000, 0.000000000000000000 ) ) ;
#1094 = EDGE_CURVE ( 'NONE', #3246, #469, #43, .T. ) ;
#1095 = ORIENTED_EDGE ( 'NONE', *, *, #1204, .T. ) ;
#1096 = AXIS2_PLACEMENT_3D ( 'NONE', #1066, #1856, #2188 ) ;
#1097 = DIRECTION ( 'NONE',  ( -5.396242950447929605E-17, 1.000000000000000000, 0.000000000000000000 ) ) ;
#1098 = CARTESIAN_POINT ( 'NONE',  ( -0.6200000000000001066, -2.000000000000000000, -2.484601809837319042 ) ) ;
#1099 = AXIS2_PLACEMENT_3D ( 'NONE', #190, #1356, #2469 ) ;
#1100 = FACE_OUTER_BOUND ( 'NONE', #2271, .T. ) ;
#1101 = CARTESIAN_POINT ( 'NONE',  ( 0.000000000000000000, 0.000000000000000000, 0.000000000000000000 ) ) ;
#1102 = VECTOR ( 'NONE', #2003, 39.37007874015748143 ) ;
#1103 = FACE_OUTER_BOUND ( 'NONE', #147, .T. ) ;
#1104 = ORIENTED_EDGE ( 'NONE', *, *, #1601, .F. ) ;
#1105 = ITEM_DEFINED_TRANSFORMATION ( 'NONE', 'NONE', #3086,  #2196 ) ;
#1106 = DIRECTION ( 'NONE',  ( 0.000000000000000000, 0.000000000000000000, 1.000000000000000000 ) ) ;
#1107 = VECTOR ( 'NONE', #1097, 39.37007874015748143 ) ;
#1108 = CARTESIAN_POINT ( 'NONE',  ( 1.000000000000000000, -2.125000000000000444, -1.184611796797789829 ) ) ;
#1109 = ORIENTED_EDGE ( 'NONE', *, *, #1167, .F. ) ;
#1110 = CARTESIAN_POINT ( 'NONE',  ( 1.000000000000000000, -2.000000000000000000, -31.43999999999999773 ) ) ;
#1111 = LINE ( 'NONE', #3387, #1288 ) ;
#1112 = LINE ( 'NONE', #828, #2314 ) ;
#1113 = PRODUCT ( '6200K-D', '6200K-D', '', ( #1179 ) ) ;
#1114 = VERTEX_POINT ( 'NONE', #3629 ) ;
#1115 = DIRECTION ( 'NONE',  ( -0.9859889086863921071, 0.1668108867772649939, 0.000000000000000000 ) ) ;
#1116 = EDGE_CURVE ( 'NONE', #2899, #853, #2519, .T. ) ;
#1117 = FACE_OUTER_BOUND ( 'NONE', #3431, .T. ) ;
#1118 = CARTESIAN_POINT ( 'NONE',  ( -1.000000000000000000, -2.125000000000000444, -1.184611796797789829 ) ) ;
#1119 = DIRECTION ( 'NONE',  ( 0.000000000000000000, 0.000000000000000000, 1.000000000000000000 ) ) ;
#1120 = EDGE_CURVE ( 'NONE', #3601, #2935, #1666, .T. ) ;
#1121 = LINE ( 'NONE', #1416, #1654 ) ;
#1122 = VERTEX_POINT ( 'NONE', #2230 ) ;
#1123 = CARTESIAN_POINT ( 'NONE',  ( 0.7920984946962316142, -1.958800757554532534, -1.089601907885551890 ) ) ;
#1124 = CARTESIAN_POINT ( 'NONE',  ( -0.8099999999999999423, 0.8099999999999999423, 0.000000000000000000 ) ) ;
#1125 = ORIENTED_EDGE ( 'NONE', *, *, #2998, .F. ) ;
#1126 = CARTESIAN_POINT ( 'NONE',  ( -0.2785320362757311430, -2.000000000000000000, -2.789884999434850688 ) ) ;
#1127 = MANIFOLD_SOLID_BREP ( 'Weld[5]', #1174 ) ;
#1128 = CARTESIAN_POINT ( 'NONE',  ( 1.000000000000000000, -2.000000000000000444, -1.624196371766566838 ) ) ;
#1129 = DIRECTION ( 'NONE',  ( 0.000000000000000000, 0.000000000000000000, -1.000000000000000000 ) ) ;
#1130 = VERTEX_POINT ( 'NONE', #3072 ) ;
#1131 = DIRECTION ( 'NONE',  ( -1.000000000000000000, 0.000000000000000000, 0.000000000000000000 ) ) ;
#1132 = CARTESIAN_POINT ( 'NONE',  ( -0.4634469599276339058, -2.000000000000000000, -0.6578667069481476393 ) ) ;
#1133 = CARTESIAN_POINT ( 'NONE',  ( -1.000000000000000000, -1.619999999999999885, -1.828864803370358061 ) ) ;
#1134 = CARTESIAN_POINT ( 'NONE',  ( -0.8684520187129617375, -2.124809391091302402, -0.9847643331578932457 ) ) ;
#1135 = DIRECTION ( 'NONE',  ( 0.000000000000000000, 1.000000000000000000, 0.000000000000000000 ) ) ;
#1136 = CIRCLE ( 'NONE', #2900, 0.1900000000000000300 ) ;
#1137 = FACE_OUTER_BOUND ( 'NONE', #1320, .T. ) ;
#1138 = ORIENTED_EDGE ( 'NONE', *, *, #2083, .T. ) ;
#1139 = ADVANCED_FACE ( 'NONE', ( #3369 ), #1615, .T. ) ;
#1140 = PRODUCT_DEFINITION_SHAPE ( 'NONE', 'NONE',  #3637 ) ;
#1142 = CIRCLE ( 'NONE', #957, 1.000000000000000000 ) ;
#1141 = SHAPE_DEFINITION_REPRESENTATION ( #1702, #2676 ) ;
#1143 = CARTESIAN_POINT ( 'NONE',  ( 0.000000000000000000, 0.000000000000000000, 0.000000000000000000 ) ) ;
#1144 = CARTESIAN_POINT ( 'NONE',  ( -1.000000000000000000, -2.000000000000000000, -1.700000000000000178 ) ) ;
#1145 = VECTOR ( 'NONE', #2392, 39.37007874015748143 ) ;
#1146 = EDGE_LOOP ( 'NONE', ( #547, #2514, #2592, #733, #1881, #3298, #262, #57 ) ) ;
#1147 =( GEOMETRIC_REPRESENTATION_CONTEXT ( 3 ) GLOBAL_UNCERTAINTY_ASSIGNED_CONTEXT ( ( #2071 ) ) GLOBAL_UNIT_ASSIGNED_CONTEXT ( ( #1731, #1980, #3351 ) ) REPRESENTATION_CONTEXT ( 'NONE', 'WORKASPACE' ) );
#1148 = SURFACE_SIDE_STYLE ('',( #1684 ) ) ;
#1149 = LINE ( 'NONE', #899, #1678 ) ;
#1150 = EDGE_LOOP ( 'NONE', ( #516, #2081, #976, #2611 ) ) ;
#1151 = CARTESIAN_POINT ( 'NONE',  ( 1.000000000000000000, -2.000000000000000000, -1.700000000000000178 ) ) ;
#1152 = CARTESIAN_POINT ( 'NONE',  ( 0.7414420619450907690, -1.980842739205102676, -2.546461671778451841 ) ) ;
#1153 = CARTESIAN_POINT ( 'NONE',  ( -0.6200000000000001066, -1.873333333333330852, -2.484601809837319042 ) ) ;
#1154 = DIRECTION ( 'NONE',  ( 1.000000000000000000, 0.000000000000000000, 0.000000000000000000 ) ) ;
#1155 = LINE ( 'NONE', #2868, #1077 ) ;
#1156 = VECTOR ( 'NONE', #1395, 39.37007874015748143 ) ;
#1157 = ADVANCED_FACE ( 'NONE', ( #1965 ), #3343, .T. ) ;
#1158 = DIRECTION ( 'NONE',  ( 1.000000000000000000, 0.000000000000000000, 0.000000000000000000 ) ) ;
#1159 = VECTOR ( 'NONE', #44, 39.37007874015748143 ) ;
#1160 = CARTESIAN_POINT ( 'NONE',  ( -0.8690398186998035124, -2.124800778113932420, -2.415707992262630555 ) ) ;
#1161 = EDGE_CURVE ( 'NONE', #2376, #2730, #1136, .T. ) ;
#1162 = CARTESIAN_POINT ( 'NONE',  ( 0.6200000000000001066, 2.000000000000000000, -33.00000000000000000 ) ) ;
#1163 = ORIENTED_EDGE ( 'NONE', *, *, #444, .T. ) ;
#1164 = CARTESIAN_POINT ( 'NONE',  ( 0.6200000000000001066, -2.000000000000000000, -0.9153981901626772055 ) ) ;
#1165 = CARTESIAN_POINT ( 'NONE',  ( 1.000000000000000000, -1.619999999999999885, 0.000000000000000000 ) ) ;
#1166 = LINE ( 'NONE', #2282, #3157 ) ;
#1167 = EDGE_CURVE ( 'NONE', #3458, #2861, #2688, .T. ) ;
#1168 = CARTESIAN_POINT ( 'NONE',  ( 0.6709312012373732648, -1.997355861825294010, -0.7964862775130653327 ) ) ;
#1169 = ORIENTED_EDGE ( 'NONE', *, *, #3091, .T. ) ;
#1170 = DIRECTION ( 'NONE',  ( 0.000000000000000000, -1.000000000000000000, 0.000000000000000000 ) ) ;
#1171 =( BOUNDED_CURVE ( )  B_SPLINE_CURVE ( 2, ( #1813, #435, #3247 ),
 .UNSPECIFIED., .F., .T. ) 
 B_SPLINE_CURVE_WITH_KNOTS ( ( 3, 3 ),
 ( 3.433733292793690328, 5.379483920505780503 ),
 .UNSPECIFIED. ) 
 CURVE ( )  GEOMETRIC_REPRESENTATION_ITEM ( )  RATIONAL_B_SPLINE_CURVE ( ( 1.109402099056649993, 1.085697807977680007, 1.000000000000000000 ) ) 
 REPRESENTATION_ITEM ( '' )  );
#1172 = CARTESIAN_POINT ( 'NONE',  ( 0.000000000000000000, 0.000000000000000000, 0.000000000000000000 ) ) ;
#1173 = CARTESIAN_POINT ( 'NONE',  ( -1.000000000000000000, -1.956666666666669441, -2.215388203202208750 ) ) ;
#1174 = CLOSED_SHELL ( 'NONE', ( #1749, #751, #1771, #7, #2937, #81, #541 ) ) ;
#1175 = CARTESIAN_POINT ( 'NONE',  ( 0.8684520187129622926, -2.124809391091299293, -2.415235666842108664 ) ) ;
#1176 = CYLINDRICAL_SURFACE ( 'NONE', #782, 0.3800000000000000600 ) ;
#1177 = DIRECTION ( 'NONE',  ( 0.1668108867772649662, 0.9859889086863919960, 0.000000000000000000 ) ) ;
#1178 = CARTESIAN_POINT ( 'NONE',  ( -0.9137822437674462117, -1.861037298410159746, -2.106214938537558812 ) ) ;
#1179 = PRODUCT_CONTEXT ( 'NONE', #385, 'mechanical' ) ;
#1180 = PRODUCT_DEFINITION ( 'UNKNOWN', '', #3328, #2112 ) ;
#1181 =( LENGTH_UNIT ( ) NAMED_UNIT ( * ) SI_UNIT ( $, .METRE. ) );
#1182 = LINE ( 'NONE', #601, #2171 ) ;
#1183 = ORIENTED_EDGE ( 'NONE', *, *, #16, .T. ) ;
#1184 =( NAMED_UNIT ( * ) SI_UNIT ( $, .STERADIAN. ) SOLID_ANGLE_UNIT ( ) );
#1185 = CARTESIAN_POINT ( 'NONE',  ( -0.9964594158366407717, -1.676532567564825937, -1.608372391220330710 ) ) ;
#1186 = CARTESIAN_POINT ( 'NONE',  ( 0.8053341215709209910, -1.951940672781945052, -0.9146050224214334889 ) ) ;
#1187 = ORIENTED_EDGE ( 'NONE', *, *, #352, .F. ) ;
#1188 = EDGE_CURVE ( 'NONE', #1896, #1350, #2384, .T. ) ;
#1189 = APPLICATION_CONTEXT ( 'automotive_design' ) ;
#1190 = CARTESIAN_POINT ( 'NONE',  ( -0.6200000000000001066, 1.619999999999999885, 0.000000000000000000 ) ) ;
#1191 = CARTESIAN_POINT ( 'NONE',  ( 0.6460755635584088941, -2.000000000000000444, -2.621513915408046458 ) ) ;
#1192 = CARTESIAN_POINT ( 'NONE',  ( 0.000000000000000000, 0.000000000000000000, 0.9975000000000000533 ) ) ;
#1193 = CYLINDRICAL_SURFACE ( 'NONE', #3130, 0.3800000000000000600 ) ;
#1194 = CARTESIAN_POINT ( 'NONE',  ( -0.5153882032022079063, 1.000000000000000000, 0.9350000000000000533 ) ) ;
#1195 = CARTESIAN_POINT ( 'NONE',  ( 1.572213747497389846, -1.776643814749382155, 0.000000000000000000 ) ) ;
#1196 = DIMENSIONAL_EXPONENTS ( 1.000000000000000000, 0.000000000000000000, 0.000000000000000000, 0.000000000000000000, 0.000000000000000000, 0.000000000000000000, 0.000000000000000000 ) ;
#1197 = CARTESIAN_POINT ( 'NONE',  ( -0.9187689874537084966, -1.854872382470779124, -2.094867763649892911 ) ) ;
#1198 = DIRECTION ( 'NONE',  ( 0.000000000000000000, 0.000000000000000000, -1.000000000000000000 ) ) ;
#1199 = VERTEX_POINT ( 'NONE', #1002 ) ;
#1200 = AXIS2_PLACEMENT_3D ( 'NONE', #2001, #587, #3125 ) ;
#1201 = CARTESIAN_POINT ( 'NONE',  ( 0.6200000000000001066, -1.810000000000000053, -33.00000000000000000 ) ) ;
#1202 = CARTESIAN_POINT ( 'NONE',  ( 0.4634469599276339058, -2.125833333333333464, -2.742133293051850274 ) ) ;
#1203 = AXIS2_PLACEMENT_3D ( 'NONE', #1079, #3359, #2490 ) ;
#1204 = EDGE_CURVE ( 'NONE', #700, #2979, #2128, .T. ) ;
#1205 = ORIENTED_EDGE ( 'NONE', *, *, #1679, .T. ) ;
#1206 = AXIS2_PLACEMENT_3D ( 'NONE', #573, #3355, #1717 ) ;
#1207 = CYLINDRICAL_SURFACE ( 'NONE', #563, 0.2499999999999999722 ) ;
#1208 = CARTESIAN_POINT ( 'NONE',  ( -1.067786252502610278, 0.9733561852506201761, 0.000000000000000000 ) ) ;
#1209 = EDGE_CURVE ( 'NONE', #685, #172, #1324, .T. ) ;
#1210 = DIRECTION ( 'NONE',  ( 0.000000000000000000, 0.000000000000000000, -1.000000000000000000 ) ) ;
#1211 = EDGE_LOOP ( 'NONE', ( #1677, #486, #151, #2670 ) ) ;
#1212 = DIRECTION ( 'NONE',  ( 0.000000000000000000, 0.000000000000000000, -1.000000000000000000 ) ) ;
#1213 = CARTESIAN_POINT ( 'NONE',  ( -0.8560870640262913112, -1.917763157894740278, -31.43999999999999773 ) ) ;
#1214 = ADVANCED_FACE ( 'NONE', ( #2742 ), #496, .T. ) ;
#1215 = DIRECTION ( 'NONE',  ( 1.136728976842279838E-29, 2.254663031818779746E-28, 1.000000000000000000 ) ) ;
#1216 = AXIS2_PLACEMENT_3D ( 'NONE', #2069, #2346, #3212 ) ;
#1217 = CARTESIAN_POINT ( 'NONE',  ( -0.9668455893641749732, -1.777285568816110661, -1.958556891440266901 ) ) ;
#1218 =( CONVERSION_BASED_UNIT ( 'INCH', #1239 ) LENGTH_UNIT ( ) NAMED_UNIT ( #3420 ) );
#1219 = CARTESIAN_POINT ( 'NONE',  ( 1.748382715945129988E-16, -2.000000000000000000, -0.6999999999999999556 ) ) ;
#1220 = VERTEX_POINT ( 'NONE', #3360 ) ;
#1221 = AXIS2_PLACEMENT_3D ( 'NONE', #631, #1115, #830 ) ;
#1222 =( NAMED_UNIT ( * ) PLANE_ANGLE_UNIT ( ) SI_UNIT ( $, .RADIAN. ) );
#1223 = DIRECTION ( 'NONE',  ( 0.7071067811865474617, -0.7071067811865474617, 0.000000000000000000 ) ) ;
#1224 = CARTESIAN_POINT ( 'NONE',  ( -0.5156313066184228244, -2.126250000000000195, -2.707667479398051302 ) ) ;
#1225 = ORIENTED_EDGE ( 'NONE', *, *, #1660, .F. ) ;
#1226 = FACE_OUTER_BOUND ( 'NONE', #2154, .T. ) ;
#1227 = CARTESIAN_POINT ( 'NONE',  ( -0.6200000000000001066, -1.810000000000000053, -33.00000000000000000 ) ) ;
#1228 = EDGE_CURVE ( 'NONE', #1927, #1595, #1788, .T. ) ;
#1229 = MANIFOLD_SOLID_BREP ( 'Weld[1]', #523 ) ;
#1230 = FACE_OUTER_BOUND ( 'NONE', #2266, .T. ) ;
#1231 = ORIENTED_EDGE ( 'NONE', *, *, #1592, .F. ) ;
#1232 = CARTESIAN_POINT ( 'NONE',  ( 1.000000000000000888, -2.000000000000001776, -1.942535625036101887 ) ) ;
#1233 = ADVANCED_FACE ( 'NONE', ( #3345, #480 ), #2472, .F. ) ;
#1234 = CARTESIAN_POINT ( 'NONE',  ( -0.4518184928847545079, -2.124921496320241854, -2.730561033555126027 ) ) ;
#1235 = CARTESIAN_POINT ( 'NONE',  ( -0.6200000000000001066, -2.000000000000000000, 0.000000000000000000 ) ) ;
#1236 = CARTESIAN_POINT ( 'NONE',  ( -0.9812317277276098038, -1.738025958706976848, -1.892906094437421194 ) ) ;
#1237 = EDGE_CURVE ( 'NONE', #2997, #3538, #2204, .T. ) ;
#1238 = UNCERTAINTY_MEASURE_WITH_UNIT (LENGTH_MEASURE( 1.000000000000000082E-05 ), #2981, 'distance_accuracy_value', 'NONE');
#1239 = LENGTH_MEASURE_WITH_UNIT ( LENGTH_MEASURE( 0.02539999999999999897 ), #1181 );
#1240 = FACE_OUTER_BOUND ( 'NONE', #270, .T. ) ;
#1241 = ORIENTED_EDGE ( 'NONE', *, *, #774, .T. ) ;
#1242 = CARTESIAN_POINT ( 'NONE',  ( -1.000000000000000000, -2.000000000000000000, -1.700000000000000178 ) ) ;
#1243 = CARTESIAN_POINT ( 'NONE',  ( 0.1587255113405909579, -2.125833333333333464, -2.847539770816130300 ) ) ;
#1244 = AXIS2_PLACEMENT_3D ( 'NONE', #161, #515, #3290 ) ;
#1245 = EDGE_LOOP ( 'NONE', ( #2161, #3102, #2046, #642 ) ) ;
#1246 = CARTESIAN_POINT ( 'NONE',  ( -0.7499999999999823475, -2.000000000000000000, -31.43999999999999773 ) ) ;
#1247 = DIRECTION ( 'NONE',  ( -5.357418791895920110E-16, -9.255749424733659676E-32, 1.000000000000000000 ) ) ;
#1248 = EDGE_LOOP ( 'NONE', ( #1538, #2677, #291, #2393 ) ) ;
#1249 = FACE_OUTER_BOUND ( 'NONE', #455, .T. ) ;
#1250 = CARTESIAN_POINT ( 'NONE',  ( 1.000000000000000000, -2.000000000000000000, -1.528180262172850634 ) ) ;
#1251 = CARTESIAN_POINT ( 'NONE',  ( -0.6200000000000001066, -2.000000000000000000, -0.9153981901626772055 ) ) ;
#1252 = CARTESIAN_POINT ( 'NONE',  ( -0.9083259832333790973, -1.867529903437993744, -2.118261181805227711 ) ) ;
#1253 = CARTESIAN_POINT ( 'NONE',  ( 0.6200000000000001066, -2.125000000000000000, -2.638735852090460909 ) ) ;
#1254 = CARTESIAN_POINT ( 'NONE',  ( -1.000000000000000000, -1.619999999999999885, -1.184611796797789385 ) ) ;
#1255 = ADVANCED_FACE ( 'NONE', ( #197 ), #2761, .F. ) ;
#1256 = ORIENTED_EDGE ( 'NONE', *, *, #1917, .F. ) ;
#1257 = PLANE ( 'NONE',  #803 ) ;
#1258 = CARTESIAN_POINT ( 'NONE',  ( -0.6200000000000001066, 2.000000000000000000, -33.00000000000000000 ) ) ;
#1259 = VECTOR ( 'NONE', #50, 39.37007874015748143 ) ;
#1260 = ORIENTED_EDGE ( 'NONE', *, *, #2572, .F. ) ;
#1261 = VECTOR ( 'NONE', #1212, 39.37007874015748143 ) ;
#1262 = FACE_OUTER_BOUND ( 'NONE', #323, .T. ) ;
#1263 = CARTESIAN_POINT ( 'NONE',  ( -0.4634469599276339058, -2.083333333333330817, -0.6578667069481476393 ) ) ;
#1264 = CIRCLE ( 'NONE', #501, 0.3800000000000000600 ) ;
#1265 = ORIENTED_EDGE ( 'NONE', *, *, #3382, .F. ) ;
#1266 = CARTESIAN_POINT ( 'NONE',  ( 0.9207171544697027032, -1.619999999999999885, -1.227833269476779510 ) ) ;
#1267 = VECTOR ( 'NONE', #947, 39.37007874015748143 ) ;
#1268 = DIRECTION ( 'NONE',  ( -2.471628097242618696E-31, -4.930380657631330352E-32, 1.000000000000000000 ) ) ;
#1269 = LINE ( 'NONE', #1000, #900 ) ;
#1270 = UNCERTAINTY_MEASURE_WITH_UNIT (LENGTH_MEASURE( 1.000000000000000082E-05 ), #2157, 'distance_accuracy_value', 'NONE');
#1271 = CARTESIAN_POINT ( 'NONE',  ( -1.000000000000000222, -1.650158818133344418, -1.651075936629256669 ) ) ;
#1272 = CARTESIAN_POINT ( 'NONE',  ( 0.8835446646292733908, -2.000013839085732048, -2.169868239549914701 ) ) ;
#1273 = FACE_BOUND ( 'NONE', #1331, .T. ) ;
#1274 = ORIENTED_EDGE ( 'NONE', *, *, #333, .T. ) ;
#1275 = DIMENSIONAL_EXPONENTS ( 1.000000000000000000, 0.000000000000000000, 0.000000000000000000, 0.000000000000000000, 0.000000000000000000, 0.000000000000000000, 0.000000000000000000 ) ;
#1276 = ADVANCED_FACE ( 'NONE', ( #802 ), #2222, .F. ) ;
#1277 = DIRECTION ( 'NONE',  ( -5.151221977308931531E-16, 0.2357022603955152840, 0.9718253158075501608 ) ) ;
#1278 = CARTESIAN_POINT ( 'NONE',  ( 0.4514603917869425831, -0.3046804729343429163, 0.5000000000000000000 ) ) ;
#1279 = AXIS2_PLACEMENT_3D ( 'NONE', #1190, #2303, #3427 ) ;
#1280 = ORIENTED_EDGE ( 'NONE', *, *, #3573, .F. ) ;
#1281 = STYLED_ITEM ( 'NONE', ( #3537 ), #2327 ) ;
#1282 = EDGE_CURVE ( 'NONE', #635, #302, #1433, .T. ) ;
#1283 = DIRECTION ( 'NONE',  ( 0.000000000000000000, 0.000000000000000000, -1.000000000000000000 ) ) ;
#1284 = CARTESIAN_POINT ( 'NONE',  ( 0.5156313066184228244, -2.083333333333330817, -0.6923325206019449451 ) ) ;
#1285 = ORIENTED_EDGE ( 'NONE', *, *, #1664, .F. ) ;
#1286 = SURFACE_SIDE_STYLE ('',( #1602 ) ) ;
#1287 = FACE_OUTER_BOUND ( 'NONE', #3088, .T. ) ;
#1288 = VECTOR ( 'NONE', #2248, 39.37007874015748143 ) ;
#1289 = CARTESIAN_POINT ( 'NONE',  ( 1.000000000000000000, -1.873333333333330852, -1.700000000000000178 ) ) ;
#1290 = DIRECTION ( 'NONE',  ( 0.000000000000000000, -1.000000000000000000, 0.000000000000000000 ) ) ;
#1291 = CARTESIAN_POINT ( 'NONE',  ( 0.6200000000000001066, -1.956666666666669441, -2.638735852090460909 ) ) ;
#1292 = DIRECTION ( 'NONE',  ( 1.000000000000000000, 0.000000000000000000, 0.000000000000000000 ) ) ;
#1293 = CARTESIAN_POINT ( 'NONE',  ( 0.6199999999999999956, -2.125000000000000444, -0.7612641479095414443 ) ) ;
#1294 = VERTEX_POINT ( 'NONE', #3062 ) ;
#1295 = CLOSED_SHELL ( 'NONE', ( #3346, #3004, #2626, #1214, #1431, #767, #3228, #2238, #1496 ) ) ;
#1296 =( CONVERSION_BASED_UNIT ( 'INCH', #768 ) LENGTH_UNIT ( ) NAMED_UNIT ( #3477 ) );
#1297 = CARTESIAN_POINT ( 'NONE',  ( 0.000000000000000000, 0.000000000000000000, 0.9350000000000000533 ) ) ;
#1298 = ORIENTED_EDGE ( 'NONE', *, *, #1955, .T. ) ;
#1299 = CARTESIAN_POINT ( 'NONE',  ( 0.8830041502098719963, -1.894352975917330539, -2.169425232087943467 ) ) ;
#1300 = CARTESIAN_POINT ( 'NONE',  ( -0.4634469599276339058, -2.041666666666669183, -0.6578667069481476393 ) ) ;
#1301 = EDGE_CURVE ( 'NONE', #2717, #529, #833, .T. ) ;
#1302 = VERTEX_POINT ( 'NONE', #1213 ) ;
#1303 = CARTESIAN_POINT ( 'NONE',  ( 0.9207171544697027032, -2.001266666666666971, -1.227833269476779510 ) ) ;
#1304 = CARTESIAN_POINT ( 'NONE',  ( -1.000000000000000000, -1.746666666666669254, -1.700000000000000178 ) ) ;
#1305 = CARTESIAN_POINT ( 'NONE',  ( 0.5280366581849819108, 2.080000000000000071, -32.95924664428960682 ) ) ;
#1306 = CARTESIAN_POINT ( 'NONE',  ( -0.9662605220802132910, -1.776658367058818522, -1.442273934549460401 ) ) ;
#1307 = CARTESIAN_POINT ( 'NONE',  ( 0.8247677426183184224, -2.000022914462430190, -2.266780651484017639 ) ) ;
#1308 = CARTESIAN_POINT ( 'NONE',  ( -0.7799999999999993605, -0.7800000000000020250, -0.07499999999999988620 ) ) ;
#1309 = ORIENTED_EDGE ( 'NONE', *, *, #684, .T. ) ;
#1310 =( LENGTH_UNIT ( ) NAMED_UNIT ( * ) SI_UNIT ( $, .METRE. ) );
#1311 = SHAPE_REPRESENTATION ( '6200K', ( #2971, #1970, #1507, #2153, #1096, #3086, #1743 ), #2620 ) ;
#1312 = CYLINDRICAL_SURFACE ( 'NONE', #3508, 0.1900000000000001688 ) ;
#1313 = ORIENTED_EDGE ( 'NONE', *, *, #570, .T. ) ;
#1314 = EDGE_LOOP ( 'NONE', ( #2164, #1782, #820, #1838 ) ) ;
#1315 = VERTEX_POINT ( 'NONE', #2830 ) ;
#1316 = CARTESIAN_POINT ( 'NONE',  ( 0.9320438435425769663, -1.838069773115929006, -2.064120055722166835 ) ) ;
#1317 = ADVANCED_FACE ( 'NONE', ( #1432 ), #1176, .F. ) ;
#1318 = LINE ( 'NONE', #757, #2019 ) ;
#1319 = PRODUCT_DEFINITION_SHAPE ( 'NONE', 'NONE',  #1935 ) ;
#1320 = EDGE_LOOP ( 'NONE', ( #2351, #2642, #2695, #3556 ) ) ;
#1321 = CARTESIAN_POINT ( 'NONE',  ( -0.6200000000000001066, -2.079166666666669272, -0.7612641479095413333 ) ) ;
#1322 = CARTESIAN_POINT ( 'NONE',  ( -1.000000000000000000, -2.001266666666666971, -1.528180262172850634 ) ) ;
#1323 = CARTESIAN_POINT ( 'NONE',  ( -0.8439592349597662135, -1.927829687551591231, -2.444107243061066637 ) ) ;
#1324 = LINE ( 'NONE', #763, #2834 ) ;
#1325 = EDGE_CURVE ( 'NONE', #1697, #1294, #1746, .T. ) ;
#1326 = CARTESIAN_POINT ( 'NONE',  ( 0.9323768854230287673, -1.999875154412515066, -2.068812014742913874 ) ) ;
#1327 = LINE ( 'NONE', #200, #2651 ) ;
#1328 = EDGE_LOOP ( 'NONE', ( #2985, #877, #2657, #2302 ) ) ;
#1329 = CARTESIAN_POINT ( 'NONE',  ( 0.9758279032816667975, -1.753366063352974180, -1.481478080159366328 ) ) ;
#1330 = ORIENTED_EDGE ( 'NONE', *, *, #401, .F. ) ;
#1331 = EDGE_LOOP ( 'NONE', ( #105, #2696 ) ) ;
#1332 = AXIS2_PLACEMENT_3D ( 'NONE', #86, #2034, #3163 ) ;
#1333 = FACE_OUTER_BOUND ( 'NONE', #1531, .T. ) ;
#1334 = VERTEX_POINT ( 'NONE', #1977 ) ;
#1335 = VECTOR ( 'NONE', #2044, 39.37007874015748143 ) ;
#1336 =( CONVERSION_BASED_UNIT ( 'INCH', #691 ) LENGTH_UNIT ( ) NAMED_UNIT ( #106 ) );
#1337 = EDGE_CURVE ( 'NONE', #1497, #1030, #1009, .T. ) ;
#1338 = CARTESIAN_POINT ( 'NONE',  ( -0.6200000000000001066, -1.619999999999999885, -0.7612641479095413333 ) ) ;
#1339 = CARTESIAN_POINT ( 'NONE',  ( 1.000000000000000000, -1.619999999999999885, -1.700000000000000178 ) ) ;
#1340 = EDGE_CURVE ( 'NONE', #3208, #805, #1155, .T. ) ;
#1341 = CARTESIAN_POINT ( 'NONE',  ( -0.9926365314291853981, -1.695806271884531480, -2.229474923714568568 ) ) ;
#1342 = DIRECTION ( 'NONE',  ( 0.000000000000000000, -1.000000000000000000, 0.000000000000000000 ) ) ;
#1343 = CARTESIAN_POINT ( 'NONE',  ( 0.9103170525727861673, -1.865457425513370016, -2.360909672612267141 ) ) ;
#1344 = LINE ( 'NONE', #1308, #296 ) ;
#1345 = VERTEX_POINT ( 'NONE', #908 ) ;
#1346 = EDGE_CURVE ( 'NONE', #41, #1695, #68, .T. ) ;
#1347 = CARTESIAN_POINT ( 'NONE',  ( 0.000000000000000000, -3.060000000000000053, -1.700000000000000178 ) ) ;
#1348 = CARTESIAN_POINT ( 'NONE',  ( 0.8692125524806003645, -1.907946312593828520, -1.204193750793832285 ) ) ;
#1349 = ORIENTED_EDGE ( 'NONE', *, *, #2192, .T. ) ;
#1350 = VERTEX_POINT ( 'NONE', #617 ) ;
#1351 = AXIS2_PLACEMENT_3D ( 'NONE', #1297, #1858, #1404 ) ;
#1352 = CARTESIAN_POINT ( 'NONE',  ( 0.9500123148653240035, -1.808741406684236219, -2.012688760093689133 ) ) ;
#1353 = CARTESIAN_POINT ( 'NONE',  ( -0.1096090256081187903, -2.124991754496808660, -0.5800266371887845551 ) ) ;
#1354 = ORIENTED_EDGE ( 'NONE', *, *, #2743, .T. ) ;
#1355 = CARTESIAN_POINT ( 'NONE',  ( 0.4634469599276339058, -2.000000000000000000, -2.742133293051850274 ) ) ;
#1356 = DIRECTION ( 'NONE',  ( 0.000000000000000000, -1.000000000000000000, 0.000000000000000000 ) ) ;
#1357 = CARTESIAN_POINT ( 'NONE',  ( -0.6200000000000001066, -1.619999999999999885, -2.484601809837319042 ) ) ;
#1358 = DIRECTION ( 'NONE',  ( 0.000000000000000000, 0.000000000000000000, -1.000000000000000000 ) ) ;
#1359 = DIRECTION ( 'NONE',  ( -9.990758376829299075E-17, 1.000000000000000000, 0.000000000000000000 ) ) ;
#1360 = PLANE ( 'NONE',  #381 ) ;
#1361 = CARTESIAN_POINT ( 'NONE',  ( -1.000000000000000000, -2.125000000000000000, -2.215388203202208750 ) ) ;
#1362 = ORIENTED_EDGE ( 'NONE', *, *, #352, .T. ) ;
#1363 = VERTEX_POINT ( 'NONE', #347 ) ;
#1364 = B_SPLINE_CURVE_WITH_KNOTS ( 'NONE', 3,
 ( #208, #1652, #489, #521, #795, #3025, #1933, #1599, #2433, #2467, #1353, #1883, #738, #1616 ),
 .UNSPECIFIED., .F., .F.,
 ( 4, 2, 2, 2, 2, 2, 4 ),
 ( 0.000000000000000000, 0.004173281790862783287, 0.006259922686294174497, 0.008346563581725566575, 0.01251984537258835593, 0.01460648626801975235, 0.01669312716345114703 ),
 .UNSPECIFIED. ) ;
#1365 =( NAMED_UNIT ( * ) SI_UNIT ( $, .STERADIAN. ) SOLID_ANGLE_UNIT ( ) );
#1366 = FILL_AREA_STYLE_COLOUR ( '', #2866 ) ;
#1367 = DIRECTION ( 'NONE',  ( 0.000000000000000000, -1.000000000000000000, 2.254663031818779746E-28 ) ) ;
#1368 = EDGE_LOOP ( 'NONE', ( #2765, #1929, #1946 ) ) ;
#1369 = CARTESIAN_POINT ( 'NONE',  ( 0.6200000000000001066, -2.000000000000000000, -0.9153981901626772055 ) ) ;
#1370 = CARTESIAN_POINT ( 'NONE',  ( 0.7845907971107307644, -1.962507408551404264, -2.320012718259503615 ) ) ;
#1371 = LINE ( 'NONE', #2214, #202 ) ;
#1372 = ORIENTED_EDGE ( 'NONE', *, *, #3139, .F. ) ;
#1373 = FACE_OUTER_BOUND ( 'NONE', #1846, .T. ) ;
#1374 = CARTESIAN_POINT ( 'NONE',  ( -0.6200000000000001066, -2.000000000000000000, -33.00000000000000000 ) ) ;
#1375 = APPLICATION_CONTEXT ( 'automotive_design' ) ;
#1376 = STYLED_ITEM ( 'NONE', ( #3303 ), #3617 ) ;
#1377 = CARTESIAN_POINT ( 'NONE',  ( -0.7800000000000000266, 0.7800000000000020250, 0.000000000000000000 ) ) ;
#1378 = CARTESIAN_POINT ( 'NONE',  ( 0.000000000000000000, 0.000000000000000000, 1.060000000000000053 ) ) ;
#1379 = AXIS2_PLACEMENT_3D ( 'NONE', #232, #832, #869 ) ;
#1380 = DIRECTION ( 'NONE',  ( -0.1668108867772649662, -0.9859889086863919960, 0.000000000000000000 ) ) ;
#1381 = VERTEX_POINT ( 'NONE', #2326 ) ;
#1382 = VECTOR ( 'NONE', #1973, 39.37007874015748143 ) ;
#1383 = CARTESIAN_POINT ( 'NONE',  ( -0.9533308592750193711, -2.124938527575067404, -2.299116577395679428 ) ) ;
#1384 = VECTOR ( 'NONE', #1491, 39.37007874015748143 ) ;
#1385 = PLANE ( 'NONE',  #3581 ) ;
#1386 = VERTEX_POINT ( 'NONE', #3451 ) ;
#1387 = EDGE_CURVE ( 'NONE', #1315, #1302, #2382, .T. ) ;
#1388 = CARTESIAN_POINT ( 'NONE',  ( -0.8099999999999999423, 1.619999999999999885, 0.000000000000000000 ) ) ;
#1389 = CARTESIAN_POINT ( 'NONE',  ( 0.7800000000000004707, -0.7800000000000020250, -0.07499999999999988620 ) ) ;
#1390 = EDGE_LOOP ( 'NONE', ( #2160, #3560, #2215, #975 ) ) ;
#1391 = DIRECTION ( 'NONE',  ( 1.000000000000000000, 0.000000000000000000, 0.000000000000000000 ) ) ;
#1392 = AXIS2_PLACEMENT_3D ( 'NONE', #377, #614, #2288 ) ;
#1393 = EDGE_CURVE ( 'NONE', #2824, #1030, #964, .T. ) ;
#1394 = FACE_OUTER_BOUND ( 'NONE', #2409, .T. ) ;
#1395 = DIRECTION ( 'NONE',  ( 0.000000000000000000, -1.000000000000000000, 0.000000000000000000 ) ) ;
#1396 = AXIS2_PLACEMENT_3D ( 'NONE', #457, #3210, #1814 ) ;
#1397 = CARTESIAN_POINT ( 'NONE',  ( 0.8099999999999999423, 1.619999999999999885, 0.000000000000000000 ) ) ;
#1398 = DIRECTION ( 'NONE',  ( -1.000000000000000000, -2.132174043835519824E-16, 0.000000000000000000 ) ) ;
#1399 = CARTESIAN_POINT ( 'NONE',  ( 1.872213747497389669, 0.6733561852506200207, 0.000000000000000000 ) ) ;
#1400 = ORIENTED_EDGE ( 'NONE', *, *, #2420, .T. ) ;
#1401 = ITEM_DEFINED_TRANSFORMATION ( 'NONE', 'NONE', #1096,  #2196 ) ;
#1402 = PLANE ( 'NONE',  #30 ) ;
#1403 = VECTOR ( 'NONE', #1170, 39.37007874015748143 ) ;
#1404 = DIRECTION ( 'NONE',  ( -1.000000000000000000, 0.000000000000000000, 0.000000000000000000 ) ) ;
#1405 = EDGE_LOOP ( 'NONE', ( #3016, #586, #1919, #2778 ) ) ;
#1406 = PRODUCT_RELATED_PRODUCT_CATEGORY ( 'part', '', ( #2546 ) ) ;
#1407 = CARTESIAN_POINT ( 'NONE',  ( 0.7328599650104213881, -1.999954719656593438, -1.015480300503304179 ) ) ;
#1408 =( NAMED_UNIT ( * ) SI_UNIT ( $, .STERADIAN. ) SOLID_ANGLE_UNIT ( ) );
#1409 = CARTESIAN_POINT ( 'NONE',  ( 0.7414284321982458348, -1.980848483023303075, -0.8535255832852235436 ) ) ;
#1410 = EDGE_LOOP ( 'NONE', ( #2416, #1969, #2285, #1797, #1826, #2873 ) ) ;
#1411 = CARTESIAN_POINT ( 'NONE',  ( 0.000000000000000000, 0.000000000000000000, 0.000000000000000000 ) ) ;
#1412 = EDGE_CURVE ( 'NONE', #1074, #110, #3339, .T. ) ;
#1413 = DIRECTION ( 'NONE',  ( 0.000000000000000000, 0.000000000000000000, -1.000000000000000000 ) ) ;
#1414 = CARTESIAN_POINT ( 'NONE',  ( -0.9533246194583344657, -2.124938508927576741, -1.100871298128960785 ) ) ;
#1415 = CARTESIAN_POINT ( 'NONE',  ( -6.208636787100850267E-13, -2.124980696790421231, -0.5750193032095782808 ) ) ;
#1416 = CARTESIAN_POINT ( 'NONE',  ( -0.8560870640262913112, -1.917763157894740278, -31.43999999999999773 ) ) ;
#1417 = ORIENTED_EDGE ( 'NONE', *, *, #2352, .F. ) ;
#1418 = APPLICATION_PROTOCOL_DEFINITION ( 'draft international standard', 'automotive_design', 1998, #3462 ) ;
#1419 = DIRECTION ( 'NONE',  ( 1.000000000000000000, 1.232595164407830946E-31, -2.471628097242615192E-31 ) ) ;
#1420 = CYLINDRICAL_SURFACE ( 'NONE', #1200, 1.125000000000000000 ) ;
#1421 = CARTESIAN_POINT ( 'NONE',  ( 0.9121746125226930513, -2.125000000000000000, -2.385794485169141943 ) ) ;
#1422 = DIRECTION ( 'NONE',  ( 0.000000000000000000, 0.000000000000000000, 1.000000000000000000 ) ) ;
#1423 = DIRECTION ( 'NONE',  ( 0.000000000000000000, 1.000000000000000000, 0.000000000000000000 ) ) ;
#1424 = AXIS2_PLACEMENT_3D ( 'NONE', #1940, #1119, #3568 ) ;
#1425 = EDGE_LOOP ( 'NONE', ( #993, #883, #1793, #532 ) ) ;
#1426 = EDGE_CURVE ( 'NONE', #302, #2370, #1937, .T. ) ;
#1427 = CARTESIAN_POINT ( 'NONE',  ( -0.6200000000000001066, 2.080000000000000071, -33.00000000000000000 ) ) ;
#1428 = CARTESIAN_POINT ( 'NONE',  ( 0.7848537685290049026, -1.962574045982514725, -2.505884881221268401 ) ) ;
#1429 = CARTESIAN_POINT ( 'NONE',  ( 0.5153882032022079063, -1.000000000000000000, 0.000000000000000000 ) ) ;
#1430 = CARTESIAN_POINT ( 'NONE',  ( 0.9999999999999996669, -2.125000000000000888, -1.184611796797790273 ) ) ;
#1431 = ADVANCED_FACE ( 'NONE', ( #52 ), #559, .T. ) ;
#1432 = FACE_OUTER_BOUND ( 'NONE', #2752, .T. ) ;
#1433 = CIRCLE ( 'NONE', #1899, 1.000000000000000000 ) ;
#1434 = CARTESIAN_POINT ( 'NONE',  ( -0.04598167090750920893, 2.080000000000000071, -33.00000000000000000 ) ) ;
#1435 = AXIS2_PLACEMENT_3D ( 'NONE', #2623, #3136, #2848 ) ;
#1436 = EDGE_CURVE ( 'NONE', #1618, #2468, #2503, .T. ) ;
#1437 = B_SPLINE_SURFACE_WITH_KNOTS ( 'NONE', 3, 3, ( 
 ( #557, #2527, #264, #31, #2275, #3342, #3098 ),
 ( #595, #2793, #1951, #248, #3045, #2488, #1133 ),
 ( #3394, #2236, #2508, #2828, #538, #1993, #525 ),
 ( #831, #306, #2202, #866, #2774, #1709, #3616 ),
 ( #578, #2759, #1076, #1098, #1153, #230, #1357 ) ),
 .UNSPECIFIED., .F., .F., .F.,
 ( 4, 1, 4 ),
 ( 4, 3, 4 ),
 ( -1.570796326794899889, -1.184201916683809808, -0.6687427032023720574 ),
 ( -0.009651999999999999122, 0.000000000000000000, 0.9651999999999999469 ),
 .UNSPECIFIED. ) ;
#1438 = CARTESIAN_POINT ( 'NONE',  ( 0.8137539741376746960, -1.946949869407338607, -1.118737194439581861 ) ) ;
#1439 = CARTESIAN_POINT ( 'NONE',  ( -0.7499999999999823475, 2.080000000000000071, -31.43999999999999773 ) ) ;
#1440 = VECTOR ( 'NONE', #804, 39.37007874015748143 ) ;
#1441 = VECTOR ( 'NONE', #1644, 39.37007874015748143 ) ;
#1442 = ORIENTED_EDGE ( 'NONE', *, *, #2896, .F. ) ;
#1443 = DIRECTION ( 'NONE',  ( -1.000000000000000000, 0.000000000000000000, -6.356494629578850264E-16 ) ) ;
#1444 = CARTESIAN_POINT ( 'NONE',  ( 0.9913310372263259840, -1.999837114096792545, -1.549867276862078258 ) ) ;
#1445 = LINE ( 'NONE', #2560, #1159 ) ;
#1446 = CARTESIAN_POINT ( 'NONE',  ( 0.6200000000000001066, -1.810000000000000053, 0.000000000000000000 ) ) ;
#1447 = VERTEX_POINT ( 'NONE', #692 ) ;
#1448 = APPLICATION_CONTEXT ( 'automotive_design' ) ;
#1449 = CARTESIAN_POINT ( 'NONE',  ( -0.9953547062518048882, -1.681136561039496602, -1.175683337065539291 ) ) ;
#1450 = CYLINDRICAL_SURFACE ( 'NONE', #1733, 1.125000000000000000 ) ;
#1451 = CARTESIAN_POINT ( 'NONE',  ( -0.9121746125226930513, -1.619999999999999885, -2.385794485169141943 ) ) ;
#1452 = CARTESIAN_POINT ( 'NONE',  ( 0.9779913745520983914, -2.125000000000000444, -2.258091209035788971 ) ) ;
#1453 = CARTESIAN_POINT ( 'NONE',  ( -0.05498830394707469871, -2.124936722453340643, -2.824936722453371463 ) ) ;
#1454 = VECTOR ( 'NONE', #2277, 39.37007874015748143 ) ;
#1455 = CARTESIAN_POINT ( 'NONE',  ( 0.5280366581849826879, -2.000000000000000000, -32.95924664428948603 ) ) ;
#1456 = VECTOR ( 'NONE', #2335, 39.37007874015748143 ) ;
#1457 = APPLICATION_PROTOCOL_DEFINITION ( 'draft international standard', 'automotive_design', 1998, #317 ) ;
#1458 = CARTESIAN_POINT ( 'NONE',  ( 0.7612614327272619885, -1.973973283658103428, -1.050173661684091542 ) ) ;
#1459 = DIRECTION ( 'NONE',  ( -9.990758376829299075E-17, 1.000000000000000000, 0.000000000000000000 ) ) ;
#1460 = EDGE_CURVE ( 'NONE', #172, #487, #2418, .T. ) ;
#1461 = ORIENTED_EDGE ( 'NONE', *, *, #3008, .F. ) ;
#1462 =( NAMED_UNIT ( * ) PLANE_ANGLE_UNIT ( ) SI_UNIT ( $, .RADIAN. ) );
#1463 = CARTESIAN_POINT ( 'NONE',  ( -0.6773770877011132674, -1.996753579151288038, -0.9633364835707532992 ) ) ;
#1464 = FACE_OUTER_BOUND ( 'NONE', #678, .T. ) ;
#1465 = CARTESIAN_POINT ( 'NONE',  ( 0.9728295207549025880, -1.761733855148312600, -1.134972282749590056 ) ) ;
#1466 = VERTEX_POINT ( 'NONE', #418 ) ;
#1467 = CARTESIAN_POINT ( 'NONE',  ( -0.7186430544152908606, -1.987778351610190342, -0.8340324278436955785 ) ) ;
#1468 = CARTESIAN_POINT ( 'NONE',  ( 1.000000000000000000, 0.000000000000000000, 1.060000000000000053 ) ) ;
#1469 = FACE_OUTER_BOUND ( 'NONE', #1410, .T. ) ;
#1470 = AXIS2_PLACEMENT_3D ( 'NONE', #677, #3493, #656 ) ;
#1471 = CARTESIAN_POINT ( 'NONE',  ( -1.000000000000000000, 1.619999999999999885, 0.000000000000000000 ) ) ;
#1472 = CARTESIAN_POINT ( 'NONE',  ( 0.000000000000000000, 0.000000000000000000, 1.060000000000000053 ) ) ;
#1473 = CARTESIAN_POINT ( 'NONE',  ( 0.7800000000000004707, -0.7800000000000020250, 0.000000000000000000 ) ) ;
#1474 = CARTESIAN_POINT ( 'NONE',  ( -0.9763351579855266138, -1.752006322212027456, -1.916246523259679257 ) ) ;
#1475 = EDGE_CURVE ( 'NONE', #1220, #770, #1523, .T. ) ;
#1476 = CARTESIAN_POINT ( 'NONE',  ( -0.8099999999999999423, -1.619999999999999885, -33.00000000000000000 ) ) ;
#1477 = VERTEX_POINT ( 'NONE', #2921 ) ;
#1478 = ADVANCED_FACE ( 'NONE', ( #2970 ), #3248, .F. ) ;
#1479 = CARTESIAN_POINT ( 'NONE',  ( -0.9664435983417395404, -1.999997286243767824, -1.959579581905237067 ) ) ;
#1480 = CARTESIAN_POINT ( 'NONE',  ( -1.000000000000000000, -1.619999999999999885, -1.700000000000399858 ) ) ;
#1481 = VERTEX_POINT ( 'NONE', #707 ) ;
#1482 = ADVANCED_FACE ( 'NONE', ( #400 ), #963, .T. ) ;
#1483 = DIRECTION ( 'NONE',  ( 0.000000000000000000, -1.000000000000000000, 0.000000000000000000 ) ) ;
#1484 = CARTESIAN_POINT ( 'NONE',  ( 0.6709585081172002585, -1.997352088304750195, -2.603493358977349903 ) ) ;
#1485 = DIRECTION ( 'NONE',  ( 0.000000000000000000, 0.000000000000000000, -1.000000000000000000 ) ) ;
#1486 = VERTEX_POINT ( 'NONE', #926 ) ;
#1487 = CARTESIAN_POINT ( 'NONE',  ( 0.9124592066200625240, -2.124863591714211353, -2.358263163080843050 ) ) ;
#1488 = CARTESIAN_POINT ( 'NONE',  ( 0.2169921860767543287, -2.124916114059093086, -0.5948718042549645535 ) ) ;
#1489 = CARTESIAN_POINT ( 'NONE',  ( -1.000000000000000000, -2.125000000000000000, -2.215388203202208750 ) ) ;
#1490 = DIRECTION ( 'NONE',  ( 0.000000000000000000, 0.000000000000000000, 1.000000000000000000 ) ) ;
#1491 = DIRECTION ( 'NONE',  ( 0.000000000000000000, 0.000000000000000000, 1.000000000000000000 ) ) ;
#1492 = CARTESIAN_POINT ( 'NONE',  ( 1.000000000000000000, 1.619999999999999885, 0.000000000000000000 ) ) ;
#1493 = ORIENTED_EDGE ( 'NONE', *, *, #553, .T. ) ;
#1494 = PLANE ( 'NONE',  #2036 ) ;
#1495 = CARTESIAN_POINT ( 'NONE',  ( -0.2837870538090520034, -2.083333333333330817, -2.810173443830870088 ) ) ;
#1496 = ADVANCED_FACE ( 'NONE', ( #2068 ), #2053, .T. ) ;
#1497 = VERTEX_POINT ( 'NONE', #2950 ) ;
#1498 = AXIS2_PLACEMENT_3D ( 'NONE', #1278, #1516, #2963 ) ;
#1499 = DIRECTION ( 'NONE',  ( 0.000000000000000000, 0.000000000000000000, -1.000000000000000000 ) ) ;
#1500 = CARTESIAN_POINT ( 'NONE',  ( 0.5156313066184228244, -2.125000000000000000, -0.6923325206019449451 ) ) ;
#1501 = CARTESIAN_POINT ( 'NONE',  ( -0.7799664863037972795, -2.125000000000000000, -2.533083957270960251 ) ) ;
#1502 = ADVANCED_FACE ( 'NONE', ( #1287 ), #3282, .T. ) ;
#1503 = VERTEX_POINT ( 'NONE', #2452 ) ;
#1504 = DIRECTION ( 'NONE',  ( 0.000000000000000000, 0.000000000000000000, -1.000000000000000000 ) ) ;
#1505 = CARTESIAN_POINT ( 'NONE',  ( 0.7211075579487146170, -2.003800000000000470, -0.9952943682523013313 ) ) ;
#1506 = LINE ( 'NONE', #103, #2621 ) ;
#1507 = AXIS2_PLACEMENT_3D ( 'NONE', #3536, #221, #3258 ) ;
#1508 = AXIS2_PLACEMENT_3D ( 'NONE', #2886, #348, #1799 ) ;
#1509 = CARTESIAN_POINT ( 'NONE',  ( 0.000000000000000000, 0.000000000000000000, 0.000000000000000000 ) ) ;
#1510 = DIRECTION ( 'NONE',  ( 0.000000000000000000, 0.000000000000000000, -1.000000000000000000 ) ) ;
#1511 = DIRECTION ( 'NONE',  ( 0.000000000000000000, 1.000000000000000000, 0.000000000000000000 ) ) ;
#1512 = ORIENTED_EDGE ( 'NONE', *, *, #1660, .T. ) ;
#1513 = VECTOR ( 'NONE', #2702, 39.37007874015748143 ) ;
#1514 =( NAMED_UNIT ( * ) SI_UNIT ( $, .STERADIAN. ) SOLID_ANGLE_UNIT ( ) );
#1515 = CARTESIAN_POINT ( 'NONE',  ( -0.6200000000000001066, 1.619999999999999885, 0.000000000000000000 ) ) ;
#1516 = DIRECTION ( 'NONE',  ( 0.000000000000000000, 0.000000000000000000, 1.000000000000000000 ) ) ;
#1517 = APPLICATION_CONTEXT ( 'automotive_design' ) ;
#1518 = ORIENTED_EDGE ( 'NONE', *, *, #2121, .T. ) ;
#1519 = ORIENTED_EDGE ( 'NONE', *, *, #310, .F. ) ;
#1520 = DIRECTION ( 'NONE',  ( 0.000000000000000000, 1.000000000000000000, 0.000000000000000000 ) ) ;
#1521 = CARTESIAN_POINT ( 'NONE',  ( -0.1587349916327909505, -2.125000000000000000, -0.5524336365865094578 ) ) ;
#1522 = ORIENTED_EDGE ( 'NONE', *, *, #1983, .T. ) ;
#1523 = LINE ( 'NONE', #1847, #1513 ) ;
#1524 = ADVANCED_FACE ( 'NONE', ( #1373 ), #2738, .T. ) ;
#1525 = CARTESIAN_POINT ( 'NONE',  ( -1.067786252502610278, 0.9733561852506201761, 0.5000000000000000000 ) ) ;
#1526 = AXIS2_PLACEMENT_3D ( 'NONE', #2820, #1962, #3124 ) ;
#1527 = CARTESIAN_POINT ( 'NONE',  ( -0.7881245338153824997, -1.960784646483307636, -2.315513524665509415 ) ) ;
#1528 = CARTESIAN_POINT ( 'NONE',  ( -0.7860272461465745986, -1.961811815903294454, -1.081810603008534377 ) ) ;
#1529 = CARTESIAN_POINT ( 'NONE',  ( 0.8099999999999999423, -1.619999999999999885, -33.00000000000000000 ) ) ;
#1530 = LINE ( 'NONE', #2652, #3459 ) ;
#1531 = EDGE_LOOP ( 'NONE', ( #483, #1330, #2636, #378 ) ) ;
#1532 = DIMENSIONAL_EXPONENTS ( 1.000000000000000000, 0.000000000000000000, 0.000000000000000000, 0.000000000000000000, 0.000000000000000000, 0.000000000000000000, 0.000000000000000000 ) ;
#1533 = DIRECTION ( 'NONE',  ( 0.000000000000000000, 1.000000000000000000, 0.000000000000000000 ) ) ;
#1534 = CARTESIAN_POINT ( 'NONE',  ( 0.1587255113405909579, -2.000000000000000000, -2.847539770816130300 ) ) ;
#1535 = ORIENTED_EDGE ( 'NONE', *, *, #2692, .T. ) ;
#1536 = CARTESIAN_POINT ( 'NONE',  ( -0.6200000000000001066, 1.810000000000000053, -33.00000000000000000 ) ) ;
#1537 = CARTESIAN_POINT ( 'NONE',  ( -0.6200000000000001066, -2.125416666666666732, -0.7612641479095413333 ) ) ;
#1538 = ORIENTED_EDGE ( 'NONE', *, *, #1228, .F. ) ;
#1539 = EDGE_CURVE ( 'NONE', #2075, #3007, #1039, .T. ) ;
#1540 = CARTESIAN_POINT ( 'NONE',  ( 1.000000000000000000, -1.746666666666669254, -1.700000000000000178 ) ) ;
#1541 = CARTESIAN_POINT ( 'NONE',  ( -1.000000000000000000, 1.619999999999999885, 0.000000000000000000 ) ) ;
#1542 = EDGE_CURVE ( 'NONE', #94, #362, #3595, .T. ) ;
#1543 = CARTESIAN_POINT ( 'NONE',  ( -0.7612614327177217310, -1.973973283661821121, -2.349826338326657549 ) ) ;
#1544 = CARTESIAN_POINT ( 'NONE',  ( -0.9811377634307243412, -1.739226462000165618, -1.505143826840825927 ) ) ;
#1545 = CARTESIAN_POINT ( 'NONE',  ( -0.6200000000000002176, -2.125000000000000000, -2.638735852090461353 ) ) ;
#1546 = SHAPE_REPRESENTATION ( '6200K-D', ( #2196 ), #896 ) ;
#1547 = ORIENTED_EDGE ( 'NONE', *, *, #3628, .F. ) ;
#1548 = ADVANCED_FACE ( 'NONE', ( #1394 ), #1987, .T. ) ;
#1549 = LINE ( 'NONE', #2893, #2388 ) ;
#1550 = CARTESIAN_POINT ( 'NONE',  ( 0.4634469599276339058, -2.000000000000000000, -2.742133293051850274 ) ) ;
#1551 = VECTOR ( 'NONE', #986, 39.37007874015748143 ) ;
#1552 = VERTEX_POINT ( 'NONE', #211 ) ;
#1553 = MECHANICAL_DESIGN_GEOMETRIC_PRESENTATION_REPRESENTATION (  '', ( #2484 ), #3371 ) ;
#1554 = ORIENTED_EDGE ( 'NONE', *, *, #231, .T. ) ;
#1555 = DIMENSIONAL_EXPONENTS ( 1.000000000000000000, 0.000000000000000000, 0.000000000000000000, 0.000000000000000000, 0.000000000000000000, 0.000000000000000000, 0.000000000000000000 ) ;
#1556 = AXIS2_PLACEMENT_3D ( 'NONE', #1850, #460, #1021 ) ;
#1557 = CARTESIAN_POINT ( 'NONE',  ( -0.6200000000000001066, -2.000000000000000000, -31.43999999999999773 ) ) ;
#1558 = CARTESIAN_POINT ( 'NONE',  ( 0.5156313066184228244, -2.125833333333333464, -0.6923325206019449451 ) ) ;
#1559 = AXIS2_PLACEMENT_3D ( 'NONE', #1581, #1247, #2415 ) ;
#1560 = ORIENTED_EDGE ( 'NONE', *, *, #928, .F. ) ;
#1561 = SURFACE_STYLE_FILL_AREA ( #1831 ) ;
#1562 = CARTESIAN_POINT ( 'NONE',  ( 0.6200000000000001066, -2.002533333333333498, -0.9153981901626772055 ) ) ;
#1563 = COLOUR_RGB ( '',0.7921568627450980005, 0.8196078431372548767, 0.9333333333333333481 ) ;
#1564 = CARTESIAN_POINT ( 'NONE',  ( 0.9207139087409488276, -1.746666666666669254, -2.172165458813468675 ) ) ;
#1565 = DIRECTION ( 'NONE',  ( -9.270305856177588894E-17, 1.000000000000000000, 3.504833317489690111E-32 ) ) ;
#1566 = PRODUCT_DEFINITION_CONTEXT ( 'detailed design', #2517, 'design' ) ;
#1567 = CARTESIAN_POINT ( 'NONE',  ( 0.6200000000000001066, -1.788333333333330888, -2.638735852090460909 ) ) ;
#1568 =( REPRESENTATION_RELATIONSHIP ('NONE','NONE', #1311, #1546 ) REPRESENTATION_RELATIONSHIP_WITH_TRANSFORMATION ( #3144 )SHAPE_REPRESENTATION_RELATIONSHIP( ) );
#1569 = CARTESIAN_POINT ( 'NONE',  ( -1.067786252502610278, 0.9733561852506201761, 0.000000000000000000 ) ) ;
#1570 = CARTESIAN_POINT ( 'NONE',  ( 1.872213747497389669, -1.476643814749380113, 0.000000000000000000 ) ) ;
#1571 = EDGE_LOOP ( 'NONE', ( #2708, #2050 ) ) ;
#1572 =( LENGTH_UNIT ( ) NAMED_UNIT ( * ) SI_UNIT ( $, .METRE. ) );
#1573 =( BOUNDED_CURVE ( )  B_SPLINE_CURVE ( 2, ( #965, #69, #2604 ),
 .UNSPECIFIED., .F., .T. ) 
 B_SPLINE_CURVE_WITH_KNOTS ( ( 3, 3 ),
 ( 5.379483920505780503, 7.325234548217870234 ),
 .UNSPECIFIED. ) 
 CURVE ( )  GEOMETRIC_REPRESENTATION_ITEM ( )  RATIONAL_B_SPLINE_CURVE ( ( 1.000000000000000000, 1.085697807977689999, 1.109402099056649993 ) ) 
 REPRESENTATION_ITEM ( '' )  );
#1574 = CARTESIAN_POINT ( 'NONE',  ( 0.9757783191206311768, -1.753498304928105211, -1.481256752433423696 ) ) ;
#1575 = EDGE_CURVE ( 'NONE', #3279, #2066, #2718, .T. ) ;
#1576 = CARTESIAN_POINT ( 'NONE',  ( 1.000000000000000000, 1.619999999999999885, -33.00000000000000000 ) ) ;
#1577 = AXIS2_PLACEMENT_3D ( 'NONE', #78, #1520, #3502 ) ;
#1578 = ORIENTED_EDGE ( 'NONE', *, *, #730, .T. ) ;
#1579 = ORIENTED_EDGE ( 'NONE', *, *, #689, .F. ) ;
#1580 = AXIS2_PLACEMENT_3D ( 'NONE', #1775, #143, #355 ) ;
#1581 = CARTESIAN_POINT ( 'NONE',  ( -0.7499999999999823475, 2.080000000000000071, -31.43999999999999773 ) ) ;
#1582 = ORIENTED_EDGE ( 'NONE', *, *, #664, .T. ) ;
#1583 = DIRECTION ( 'NONE',  ( 1.000000000000000000, 0.000000000000000000, 0.000000000000000000 ) ) ;
#1584 = CARTESIAN_POINT ( 'NONE',  ( 1.000000000000000000, -1.873333333333330852, -1.528180262172850634 ) ) ;
#1585 = CIRCLE ( 'NONE', #1747, 1.125000000000000000 ) ;
#1586 = CARTESIAN_POINT ( 'NONE',  ( 0.9207139087409488276, -1.873333333333330852, -2.172165458813468675 ) ) ;
#1587 = CARTESIAN_POINT ( 'NONE',  ( -0.6773828247627208254, -1.996752705390584692, -2.436658943876262029 ) ) ;
#1588 = CARTESIAN_POINT ( 'NONE',  ( -0.7870518884729148512, -1.961311761528768294, -1.083115791375277137 ) ) ;
#1589 = DIRECTION ( 'NONE',  ( 0.000000000000000000, 0.000000000000000000, -1.000000000000000000 ) ) ;
#1590 = CARTESIAN_POINT ( 'NONE',  ( 0.6982318164065152155, -2.124938508927576741, -0.8166793549176418754 ) ) ;
#1591 = EDGE_LOOP ( 'NONE', ( #1825, #2224, #3575, #829 ) ) ;
#1592 = EDGE_CURVE ( 'NONE', #2632, #3485, #2043, .T. ) ;
#1593 = DIRECTION ( 'NONE',  ( 1.000000000000000078E-15, 0.000000000000000000, -1.000000000000000000 ) ) ;
#1594 = CARTESIAN_POINT ( 'NONE',  ( 0.9220545480708585151, -1.850635185692966145, -1.312864869515699917 ) ) ;
#1595 = VERTEX_POINT ( 'NONE', #508 ) ;
#1596 = ORIENTED_EDGE ( 'NONE', *, *, #2242, .F. ) ;
#1597 = EDGE_CURVE ( 'NONE', #3007, #1896, #921, .T. ) ;
#1598 = CARTESIAN_POINT ( 'NONE',  ( 0.9052580822242610736, -1.871053484906515241, -2.124849177848215476 ) ) ;
#1599 = CARTESIAN_POINT ( 'NONE',  ( -0.2704259035525442001, -2.124811907020066837, -0.6068150085244445879 ) ) ;
#1600 = ORIENTED_EDGE ( 'NONE', *, *, #1282, .F. ) ;
#1601 = EDGE_CURVE ( 'NONE', #20, #700, #1018, .T. ) ;
#1602 = SURFACE_STYLE_FILL_AREA ( #210 ) ;
#1603 = CARTESIAN_POINT ( 'NONE',  ( -0.9121746125226930513, -1.619999999999999885, -1.014205514830860411 ) ) ;
#1604 = CARTESIAN_POINT ( 'NONE',  ( 0.7211075579487146170, -2.002533333333333498, -2.404705631747700689 ) ) ;
#1605 = CARTESIAN_POINT ( 'NONE',  ( -0.6200000000000001066, -2.000000000000000000, -2.484601809837319042 ) ) ;
#1606 = FILL_AREA_STYLE_COLOUR ( '', #3192 ) ;
#1607 = CARTESIAN_POINT ( 'NONE',  ( 0.7324982982946788290, -1.999954514795293292, -2.384803721621445050 ) ) ;
#1608 = LINE ( 'NONE', #3600, #2178 ) ;
#1609 = ORIENTED_EDGE ( 'NONE', *, *, #1046, .F. ) ;
#1610 = DIRECTION ( 'NONE',  ( 1.000000000000000000, 0.000000000000000000, 0.000000000000000000 ) ) ;
#1611 = ORIENTED_EDGE ( 'NONE', *, *, #2841, .T. ) ;
#1612 = EDGE_LOOP ( 'NONE', ( #1225, #146, #1065, #2041, #2086 ) ) ;
#1613 = EDGE_LOOP ( 'NONE', ( #3152, #3627, #3021, #433 ) ) ;
#1614 = CARTESIAN_POINT ( 'NONE',  ( 0.9756043455693742539, -1.753961036070486701, -1.919517782789625260 ) ) ;
#1615 = CONICAL_SURFACE ( 'NONE', #603, 1.062500000000000000, 0.7853981633974476129 ) ;
#1616 = CARTESIAN_POINT ( 'NONE',  ( -6.208636787100850267E-13, -2.124980696790421231, -0.5750193032095782808 ) ) ;
#1617 = EDGE_CURVE ( 'NONE', #2505, #690, #3444, .T. ) ;
#1618 = VERTEX_POINT ( 'NONE', #524 ) ;
#1619 =( GEOMETRIC_REPRESENTATION_CONTEXT ( 3 ) GLOBAL_UNCERTAINTY_ASSIGNED_CONTEXT ( ( #3214 ) ) GLOBAL_UNIT_ASSIGNED_CONTEXT ( ( #1336, #2949, #706 ) ) REPRESENTATION_CONTEXT ( 'NONE', 'WORKASPACE' ) );
#1620 = PRESENTATION_STYLE_ASSIGNMENT (( #1016 ) ) ;
#1621 = CARTESIAN_POINT ( 'NONE',  ( -0.6200000000000001066, -2.125000000000000000, -0.7612641479095413333 ) ) ;
#1622 = VECTOR ( 'NONE', #391, 39.37007874015748143 ) ;
#1623 = EDGE_CURVE ( 'NONE', #2333, #1447, #1655, .T. ) ;
#1624 = CARTESIAN_POINT ( 'NONE',  ( 1.000000000000000000, -1.746666666666669254, -1.700000000000000178 ) ) ;
#1625 = COLOUR_RGB ( '',0.7921568627450980005, 0.8196078431372548767, 0.9333333333333333481 ) ;
#1626 = CARTESIAN_POINT ( 'NONE',  ( -0.6486192663263627978, -2.000000000000000000, -2.461986586548430278 ) ) ;
#1627 = DIRECTION ( 'NONE',  ( 0.000000000000000000, 0.000000000000000000, 1.000000000000000000 ) ) ;
#1628 = CARTESIAN_POINT ( 'NONE',  ( 0.9513141855189790608, -1.807789810079021287, -2.300775173706417043 ) ) ;
#1629 = CARTESIAN_POINT ( 'NONE',  ( 0.6200000000000001066, -2.018750000000000266, -2.638735852090460909 ) ) ;
#1630 = ORIENTED_EDGE ( 'NONE', *, *, #2328, .T. ) ;
#1631 = EDGE_LOOP ( 'NONE', ( #793, #2635, #650, #2197 ) ) ;
#1632 = ORIENTED_EDGE ( 'NONE', *, *, #35, .T. ) ;
#1633 = AXIS2_PLACEMENT_3D ( 'NONE', #3358, #848, #1974 ) ;
#1634 = DIRECTION ( 'NONE',  ( 1.000000000000000000, 5.396242950447929605E-17, 0.000000000000000000 ) ) ;
#1635 = PLANE ( 'NONE',  #136 ) ;
#1636 = B_SPLINE_CURVE_WITH_KNOTS ( 'NONE', 3,
 ( #2429, #750, #1068, #3555, #2477, #2408, #991, #1028, #1647, #1878, #2189, #2117, #2462, #1329, #447, #1574, #2134, #3315, #3574, #3000, #1594, #3036, #790, #1049, #3259, #2693, #3296, #484, #222, #165, #2711, #1348, #1912, #2767, #1438, #18, #273, #1123, #3364, #2278, #2799, #334, #823, #1458, #565, #2244, #1680, #3106 ),
 .UNSPECIFIED., .F., .F.,
 ( 4, 2, 2, 2, 1, 1, 1, 1, 1, 2, 2, 2, 2, 2, 1, 1, 1, 1, 2, 2, 2, 2, 1, 1, 1, 1, 1, 2, 2, 2, 4 ),
 ( 0.000000000000000000, 0.1250000000000053846, 0.1875000000000082989, 0.2187500000000094924, 0.2343750000000097422, 0.2421875000000102141, 0.2460937500000108802, 0.2480468750000120182, 0.2490234375000124345, 0.2495117187500128508, 0.2500000000000132672, 0.3750000000000523470, 0.4375000000000718314, 0.4687500000000812683, 0.4843750000000861533, 0.4921875000000888734, 0.4960937500000906497, 0.4980468750000918710, 0.4990234375000923150, 0.5000000000000927036, 0.6250000000000914824, 0.6875000000000911493, 0.7187500000000908162, 0.7343750000000909273, 0.7421875000000910383, 0.7460937500000907052, 0.7480468750000907052, 0.7490234375000905942, 0.7500000000000903722, 0.8750000000000452971, 1.000000000000000000 ),
 .UNSPECIFIED. ) ;
#1637 = ORIENTED_EDGE ( 'NONE', *, *, #1967, .F. ) ;
#1638 = VECTOR ( 'NONE', #1805, 39.37007874015748143 ) ;
#1639 = DIRECTION ( 'NONE',  ( 0.000000000000000000, 0.000000000000000000, 1.000000000000000000 ) ) ;
#1640 = CARTESIAN_POINT ( 'NONE',  ( -0.9207171544697027032, -2.000000000000000000, -1.227833269476779510 ) ) ;
#1641 = FACE_OUTER_BOUND ( 'NONE', #788, .T. ) ;
#1642 = EDGE_CURVE ( 'NONE', #1695, #1552, #247, .T. ) ;
#1643 = DIRECTION ( 'NONE',  ( -1.000000000000000000, -2.132174043835519824E-16, 0.000000000000000000 ) ) ;
#1644 = DIRECTION ( 'NONE',  ( 1.000000000000000000, 0.000000000000000000, 0.000000000000000000 ) ) ;
#1645 = CARTESIAN_POINT ( 'NONE',  ( 0.8210783646325867657, -2.124800764913961970, -0.9308576747828254394 ) ) ;
#1646 = ORIENTED_EDGE ( 'NONE', *, *, #1575, .T. ) ;
#1647 = CARTESIAN_POINT ( 'NONE',  ( 0.9781252003889873148, -1.747096497262808912, -1.491963389186505617 ) ) ;
#1648 = ORIENTED_EDGE ( 'NONE', *, *, #934, .F. ) ;
#1649 = ORIENTED_EDGE ( 'NONE', *, *, #1811, .F. ) ;
#1650 = VECTOR ( 'NONE', #1459, 39.37007874015748143 ) ;
#1651 = CARTESIAN_POINT ( 'NONE',  ( 0.9636962892785729817, -1.782201208950973781, -1.967138757211033484 ) ) ;
#1652 = CARTESIAN_POINT ( 'NONE',  ( -0.5740075281173852018, -2.125000000000000444, -0.7308878365076483252 ) ) ;
#1653 = ORIENTED_EDGE ( 'NONE', *, *, #2766, .F. ) ;
#1654 = VECTOR ( 'NONE', #2571, 39.37007874015748143 ) ;
#1655 = LINE ( 'NONE', #2773, #3165 ) ;
#1656 = PLANE ( 'NONE',  #851 ) ;
#1657 = FACE_OUTER_BOUND ( 'NONE', #282, .T. ) ;
#1658 = DIRECTION ( 'NONE',  ( 0.000000000000000000, 0.000000000000000000, -1.000000000000000000 ) ) ;
#1659 = PLANE ( 'NONE',  #2747 ) ;
#1660 = EDGE_CURVE ( 'NONE', #503, #2746, #566, .T. ) ;
#1661 = VERTEX_POINT ( 'NONE', #2437 ) ;
#1662 = CARTESIAN_POINT ( 'NONE',  ( -0.7526256398928230507, -2.124863591714212685, -2.536329385942423187 ) ) ;
#1663 = LINE ( 'NONE', #1162, #1053 ) ;
#1664 = EDGE_CURVE ( 'NONE', #3176, #3540, #8, .T. ) ;
#1665 = ORIENTED_EDGE ( 'NONE', *, *, #3389, .F. ) ;
#1666 = LINE ( 'NONE', #1165, #3129 ) ;
#1667 = LINE ( 'NONE', #1716, #2221 ) ;
#1668 = LINE ( 'NONE', #1389, #2851 ) ;
#1669 = EDGE_LOOP ( 'NONE', ( #2448, #574, #2883, #127 ) ) ;
#1670 = CARTESIAN_POINT ( 'NONE',  ( 0.6200000000000001066, -1.746666666666669254, -0.9153981901626772055 ) ) ;
#1671 = CARTESIAN_POINT ( 'NONE',  ( 0.3100000000000000533, 1.810000000000000053, -33.00000000000000000 ) ) ;
#1672 = PRODUCT ( '6200K', '6200K', '', ( #2817 ) ) ;
#1673 = CYLINDRICAL_SURFACE ( 'NONE', #1203, 0.3800000000000000600 ) ;
#1674 = AXIS2_PLACEMENT_3D ( 'NONE', #495, #3269, #985 ) ;
#1675 = DIRECTION ( 'NONE',  ( -1.000000000000000000, -7.189073667537533228E-16, 0.000000000000000000 ) ) ;
#1676 = EDGE_CURVE ( 'NONE', #295, #2746, #870, .T. ) ;
#1677 = ORIENTED_EDGE ( 'NONE', *, *, #1094, .F. ) ;
#1678 = VECTOR ( 'NONE', #3390, 39.37007874015748143 ) ;
#1679 = EDGE_CURVE ( 'NONE', #2653, #1705, #1585, .T. ) ;
#1680 = CARTESIAN_POINT ( 'NONE',  ( 0.6486192663290433202, -2.000000000000000444, -0.9380134134536964874 ) ) ;
#1681 = CARTESIAN_POINT ( 'NONE',  ( -1.000000000000000000, -2.125000000000000444, -1.184611796797789829 ) ) ;
#1682 = ORIENTED_EDGE ( 'NONE', *, *, #3204, .F. ) ;
#1683 = CARTESIAN_POINT ( 'NONE',  ( 0.8675964691385865679, -2.000061309158262635, -1.197013843788822030 ) ) ;
#1684 = SURFACE_STYLE_FILL_AREA ( #552 ) ;
#1685 = CARTESIAN_POINT ( 'NONE',  ( 0.8439592349597655474, -1.927829687551592119, -0.9558927569389336076 ) ) ;
#1686 = ORIENTED_EDGE ( 'NONE', *, *, #1592, .T. ) ;
#1687 = VECTOR ( 'NONE', #1785, 39.37007874015748143 ) ;
#1688 = CARTESIAN_POINT ( 'NONE',  ( -0.8618883891246041928, -1.913948799709767945, -0.9767828232471758021 ) ) ;
#1689 = SHAPE_REPRESENTATION ( '6200K DET A', ( #2196 ), #604 ) ;
#1690 = LINE ( 'NONE', #1671, #2444 ) ;
#1691 = AXIS2_PLACEMENT_3D ( 'NONE', #2914, #1843, #375 ) ;
#1692 = PLANE ( 'NONE',  #2311 ) ;
#1693 = DIRECTION ( 'NONE',  ( -0.7071067811865469066, 0.7071067811865479058, 0.000000000000000000 ) ) ;
#1694 = PLANE ( 'NONE',  #682 ) ;
#1695 = VERTEX_POINT ( 'NONE', #2286 ) ;
#1696 = DIRECTION ( 'NONE',  ( 0.000000000000000000, 0.000000000000000000, 1.000000000000000000 ) ) ;
#1697 = VERTEX_POINT ( 'NONE', #1427 ) ;
#1698 = EDGE_CURVE ( 'NONE', #183, #1466, #2863, .T. ) ;
#1699 = CARTESIAN_POINT ( 'NONE',  ( 1.000000000000000000, -1.619999999999999885, -2.215388203202208750 ) ) ;
#1700 = CARTESIAN_POINT ( 'NONE',  ( 0.9121746125226930513, -1.788333333333330888, -1.014205514830860411 ) ) ;
#1701 = CARTESIAN_POINT ( 'NONE',  ( -0.7499999999999823475, 1.977071421427149867, -31.43999999999999773 ) ) ;
#1702 = PRODUCT_DEFINITION_SHAPE ( 'NONE', 'NONE',  #2051 ) ;
#1703 = CLOSED_SHELL ( 'NONE', ( #909, #2597, #2640, #948, #2554, #173 ) ) ;
#1704 = EDGE_CURVE ( 'NONE', #1595, #2376, #2252, .T. ) ;
#1705 = VERTEX_POINT ( 'NONE', #1762 ) ;
#1706 = APPLICATION_CONTEXT ( 'automotive_design' ) ;
#1707 = CARTESIAN_POINT ( 'NONE',  ( -1.000000000000000000, -1.619999999999999885, -1.184611796797789385 ) ) ;
#1708 = CARTESIAN_POINT ( 'NONE',  ( 1.000000000000000000, -1.619999999999999885, -1.699999999999600497 ) ) ;
#1709 = CARTESIAN_POINT ( 'NONE',  ( -0.7548100772649547485, -1.746666666666669254, -2.378073572384492351 ) ) ;
#1710 = ADVANCED_FACE ( 'NONE', ( #64 ), #2026, .T. ) ;
#1711 = DIRECTION ( 'NONE',  ( 1.000000000000000000, 0.000000000000000000, 5.300563685180890359E-16 ) ) ;
#1712 = CARTESIAN_POINT ( 'NONE',  ( -0.06778625250261023638, -1.776643814749382155, 0.000000000000000000 ) ) ;
#1713 = DIRECTION ( 'NONE',  ( 1.000000000000000000, 0.000000000000000000, 0.000000000000000000 ) ) ;
#1714 = CARTESIAN_POINT ( 'NONE',  ( -0.6600868425680089802, -2.125000000000000000, -2.612259988473641048 ) ) ;
#1715 = CARTESIAN_POINT ( 'NONE',  ( -0.06778625250261023638, -1.776643814749382155, 0.5000000000000000000 ) ) ;
#1716 = CARTESIAN_POINT ( 'NONE',  ( 1.000000000000000000, 2.080000000000000071, -16.47962332214480341 ) ) ;
#1717 = DIRECTION ( 'NONE',  ( -1.000000000000000000, 0.000000000000000000, 0.000000000000000000 ) ) ;
#1718 = ORIENTED_EDGE ( 'NONE', *, *, #860, .F. ) ;
#1719 = DIRECTION ( 'NONE',  ( 6.356494629578850264E-16, 9.397498256424310528E-32, -1.000000000000000000 ) ) ;
#1720 = EDGE_CURVE ( 'NONE', #1486, #2066, #864, .T. ) ;
#1721 = CARTESIAN_POINT ( 'NONE',  ( -0.7799999999999993605, -0.7800000000000020250, -0.07499999999999988620 ) ) ;
#1722 = CARTESIAN_POINT ( 'NONE',  ( -0.7799664863037972795, -1.619999999999999885, -2.533083957270960251 ) ) ;
#1723 = CARTESIAN_POINT ( 'NONE',  ( 0.000000000000000000, -1.000000000000000000, 1.060000000000000053 ) ) ;
#1724 = CARTESIAN_POINT ( 'NONE',  ( 0.6200000000000001066, -2.018750000000000266, -0.7612641479095413333 ) ) ;
#1725 = EDGE_CURVE ( 'NONE', #3108, #63, #281, .T. ) ;
#1726 = CARTESIAN_POINT ( 'NONE',  ( -0.6200000000000001066, -2.125000000000000000, -0.7612641479095413333 ) ) ;
#1727 = COLOUR_RGB ( '',0.7921568627450980005, 0.8196078431372548767, 0.9333333333333333481 ) ;
#1728 = PRODUCT_DEFINITION_SHAPE ( 'NONE', 'NONE',  #3639 ) ;
#1730 = CIRCLE ( 'NONE', #3135, 0.3800000000000000600 ) ;
#1729 = CONTEXT_DEPENDENT_SHAPE_REPRESENTATION ( #1888, #25 ) ;
#1731 =( CONVERSION_BASED_UNIT ( 'INCH', #807 ) LENGTH_UNIT ( ) NAMED_UNIT ( #2887 ) );
#1732 = DIRECTION ( 'NONE',  ( -1.727650905084119704E-16, 1.000000000000000000, 0.000000000000000000 ) ) ;
#1733 = AXIS2_PLACEMENT_3D ( 'NONE', #1172, #920, #2565 ) ;
#1734 = EDGE_LOOP ( 'NONE', ( #201, #3613, #1069, #2176, #1547 ) ) ;
#1735 = AXIS2_PLACEMENT_3D ( 'NONE', #1143, #2264, #856 ) ;
#1736 = CARTESIAN_POINT ( 'NONE',  ( 0.9558143249708972444, -1.999799373392314061, -1.404276391566121607 ) ) ;
#1737 = DIRECTION ( 'NONE',  ( 0.000000000000000000, -3.504833317489690111E-32, 1.000000000000000000 ) ) ;
#1738 = FACE_OUTER_BOUND ( 'NONE', #500, .T. ) ;
#1739 = ORIENTED_EDGE ( 'NONE', *, *, #3180, .F. ) ;
#1740 = CARTESIAN_POINT ( 'NONE',  ( -0.6460755635584090051, -1.999999999999999778, -0.7784860845919551187 ) ) ;
#1741 = DIRECTION ( 'NONE',  ( -1.000000000000000000, 0.000000000000000000, 0.000000000000000000 ) ) ;
#1742 = CARTESIAN_POINT ( 'NONE',  ( 1.000000000000000000, -2.125000000000000000, -2.215388203202208750 ) ) ;
#1743 = AXIS2_PLACEMENT_3D ( 'NONE', #2428, #2710, #3313 ) ;
#1744 = ADVANCED_FACE ( 'NONE', ( #3131 ), #343, .F. ) ;
#1745 = DIRECTION ( 'NONE',  ( 0.000000000000000000, 0.000000000000000000, -1.000000000000000000 ) ) ;
#1746 = LINE ( 'NONE', #850, #2842 ) ;
#1747 = AXIS2_PLACEMENT_3D ( 'NONE', #1411, #1972, #1131 ) ;
#1748 = CARTESIAN_POINT ( 'NONE',  ( -0.7211075579487146170, -1.746666666666669254, -0.9952943682523013313 ) ) ;
#1749 = ADVANCED_FACE ( 'NONE', ( #2880 ), #902, .T. ) ;
#1750 = CIRCLE ( 'NONE', #2751, 0.3800000000000000600 ) ;
#1751 = CARTESIAN_POINT ( 'NONE',  ( -0.5156313066184228244, -2.125000000000000000, -2.707667479398051302 ) ) ;
#1752 = LINE ( 'NONE', #2312, #1384 ) ;
#1753 = DIRECTION ( 'NONE',  ( 0.000000000000000000, 0.000000000000000000, -1.000000000000000000 ) ) ;
#1754 = EDGE_LOOP ( 'NONE', ( #914, #3297, #1880, #3071 ) ) ;
#1755 = CARTESIAN_POINT ( 'NONE',  ( -0.7499999999999823475, 2.080000000000000071, -31.43999999999999773 ) ) ;
#1756 = CARTESIAN_POINT ( 'NONE',  ( -0.8977189093963490185, -1.879404539066752200, -1.259403847281169497 ) ) ;
#1757 = AXIS2_PLACEMENT_3D ( 'NONE', #1827, #1483, #2966 ) ;
#1758 = CARTESIAN_POINT ( 'NONE',  ( -0.9560531253584925171, -2.000022914462427082, -1.995710259633679762 ) ) ;
#1759 = FACE_OUTER_BOUND ( 'NONE', #714, .T. ) ;
#1760 = ORIENTED_EDGE ( 'NONE', *, *, #144, .T. ) ;
#1761 = DIMENSIONAL_EXPONENTS ( 1.000000000000000000, 0.000000000000000000, 0.000000000000000000, 0.000000000000000000, 0.000000000000000000, 0.000000000000000000, 0.000000000000000000 ) ;
#1762 = CARTESIAN_POINT ( 'NONE',  ( -1.125000000000000000, 0.000000000000000000, 0.000000000000000000 ) ) ;
#1763 = CARTESIAN_POINT ( 'NONE',  ( 0.000000000000000000, 0.000000000000000000, 0.000000000000000000 ) ) ;
#1764 = CARTESIAN_POINT ( 'NONE',  ( 0.9996556270561005597, -1.636174203060399623, 0.000000000000000000 ) ) ;
#1765 = VERTEX_POINT ( 'NONE', #1950 ) ;
#1766 = VECTOR ( 'NONE', #2265, 39.37007874015748143 ) ;
#1767 = CARTESIAN_POINT ( 'NONE',  ( -0.3753342974564009560, -2.124907887284208652, -2.760799206656189497 ) ) ;
#1768 = FACE_OUTER_BOUND ( 'NONE', #3632, .T. ) ;
#1769 = CARTESIAN_POINT ( 'NONE',  ( -0.6200000000000001066, -2.125833333333333464, -2.638735852090460909 ) ) ;
#1770 =( CONVERSION_BASED_UNIT ( 'INCH', #676 ) LENGTH_UNIT ( ) NAMED_UNIT ( #2411 ) );
#1771 = ADVANCED_FACE ( 'NONE', ( #3077 ), #1207, .T. ) ;
#1772 = DIRECTION ( 'NONE',  ( 0.000000000000000000, -1.000000000000000000, 0.000000000000000000 ) ) ;
#1773 = VERTEX_POINT ( 'NONE', #958 ) ;
#1774 = LENGTH_MEASURE_WITH_UNIT ( LENGTH_MEASURE( 0.02539999999999999897 ), #643 );
#1775 = CARTESIAN_POINT ( 'NONE',  ( -0.6200000000000001066, 1.619999999999999885, -33.00000000000000000 ) ) ;
#1776 = EDGE_CURVE ( 'NONE', #2180, #398, #647, .T. ) ;
#1777 = CARTESIAN_POINT ( 'NONE',  ( 0.6200000000000001066, -2.041666666666669183, -2.638735852090460909 ) ) ;
#1778 = EDGE_LOOP ( 'NONE', ( #413, #2911, #739, #2232, #1902, #148 ) ) ;
#1779 = CARTESIAN_POINT ( 'NONE',  ( 1.748382715945129988E-16, -2.062500000000000000, -2.762500000000000178 ) ) ;
#1780 = CARTESIAN_POINT ( 'NONE',  ( 0.2837848072024649615, -2.000000000000000000, -0.5898127711672409568 ) ) ;
#1781 = CARTESIAN_POINT ( 'NONE',  ( -0.6200000000000001066, -1.619999999999999885, -2.638735852090460909 ) ) ;
#1782 = ORIENTED_EDGE ( 'NONE', *, *, #1346, .F. ) ;
#1783 = PLANE ( 'NONE',  #665 ) ;
#1784 = DIRECTION ( 'NONE',  ( -0.7071067811865469066, 0.7071067811865479058, 0.000000000000000000 ) ) ;
#1785 = DIRECTION ( 'NONE',  ( 0.000000000000000000, 1.000000000000000000, 0.000000000000000000 ) ) ;
#1786 = CARTESIAN_POINT ( 'NONE',  ( -0.9758911938307738287, -1.753197160224262419, -1.918239238396816537 ) ) ;
#1787 = UNCERTAINTY_MEASURE_WITH_UNIT (LENGTH_MEASURE( 1.000000000000000082E-05 ), #2756, 'distance_accuracy_value', 'NONE');
#1788 = CIRCLE ( 'NONE', #661, 0.1900000000000001688 ) ;
#1789 = DIRECTION ( 'NONE',  ( 0.000000000000000000, -1.000000000000000000, 0.000000000000000000 ) ) ;
#1790 = ORIENTED_EDGE ( 'NONE', *, *, #1426, .T. ) ;
#1791 = CARTESIAN_POINT ( 'NONE',  ( 1.748382715945129988E-16, -2.062500000000000000, -0.6375000000000000666 ) ) ;
#1792 = CARTESIAN_POINT ( 'NONE',  ( -0.8699999999999999956, -2.000000000000000000, -31.43999999999999773 ) ) ;
#1793 = ORIENTED_EDGE ( 'NONE', *, *, #1776, .F. ) ;
#1794 = CARTESIAN_POINT ( 'NONE',  ( -1.000000000000000000, -2.000000000000000000, -1.700000000000000178 ) ) ;
#1795 = CARTESIAN_POINT ( 'NONE',  ( -0.4634469599276339058, -2.125833333333333464, -0.6578667069481476393 ) ) ;
#1796 = DIRECTION ( 'NONE',  ( 0.000000000000000000, 0.000000000000000000, 1.000000000000000000 ) ) ;
#1797 = ORIENTED_EDGE ( 'NONE', *, *, #3543, .F. ) ;
#1798 = CARTESIAN_POINT ( 'NONE',  ( -0.5261358358605221497, -2.124956173452259733, -2.695840328796568208 ) ) ;
#1799 = DIRECTION ( 'NONE',  ( 1.000000000000000000, 0.000000000000000000, 0.000000000000000000 ) ) ;
#1800 = CIRCLE ( 'NONE', #1332, 0.9200394162139960974 ) ;
#1801 = CARTESIAN_POINT ( 'NONE',  ( -0.8137539741229092849, -1.946949869416073620, -2.281262805581067088 ) ) ;
#1802 = CARTESIAN_POINT ( 'NONE',  ( 0.6200000000000001066, -1.619999999999999885, 0.000000000000000000 ) ) ;
#1803 = EDGE_LOOP ( 'NONE', ( #181, #734, #2136, #1047 ) ) ;
#1804 = PRESENTATION_LAYER_ASSIGNMENT (  '', '', ( #3211 ) ) ;
#1805 = DIRECTION ( 'NONE',  ( 1.000000000000000000, 0.000000000000000000, -1.062428206736969878E-29 ) ) ;
#1806 = CARTESIAN_POINT ( 'NONE',  ( 0.4634469599276339058, -2.126250000000000195, -2.742133293051850274 ) ) ;
#1807 = ADVANCED_FACE ( 'NONE', ( #1262 ), #2862, .F. ) ;
#1808 = ORIENTED_EDGE ( 'NONE', *, *, #774, .F. ) ;
#1809 = DIRECTION ( 'NONE',  ( 0.7071067811865469066, 0.000000000000000000, -0.7071067811865479058 ) ) ;
#1810 = DIRECTION ( 'NONE',  ( 0.7071067811865474617, -0.7071067811865474617, 0.000000000000000000 ) ) ;
#1811 = EDGE_CURVE ( 'NONE', #205, #3622, #3332, .T. ) ;
#1812 = ORIENTED_EDGE ( 'NONE', *, *, #1877, .F. ) ;
#1813 = CARTESIAN_POINT ( 'NONE',  ( -1.000000000000000000, -2.125000000000000000, -2.215388203202208750 ) ) ;
#1814 = DIRECTION ( 'NONE',  ( 0.000000000000000000, 0.000000000000000000, -1.000000000000000000 ) ) ;
#1815 = EDGE_CURVE ( 'NONE', #2632, #805, #919, .T. ) ;
#1816 = CARTESIAN_POINT ( 'NONE',  ( -0.6200000000000001066, -1.619999999999999885, -0.9153981901626772055 ) ) ;
#1817 = CIRCLE ( 'NONE', #1351, 1.125000000000000000 ) ;
#1818 = CARTESIAN_POINT ( 'NONE',  ( -0.7876660869435030410, -1.961010462132110721, -2.316099992966988985 ) ) ;
#1819 = UNCERTAINTY_MEASURE_WITH_UNIT (LENGTH_MEASURE( 1.000000000000000082E-05 ), #2822, 'distance_accuracy_value', 'NONE');
#1820 = CARTESIAN_POINT ( 'NONE',  ( -0.9034690017054767264, -1.873074083065564333, -1.271358552674386466 ) ) ;
#1821 = DIRECTION ( 'NONE',  ( -1.727650905084119704E-16, 1.000000000000000000, 0.000000000000000000 ) ) ;
#1822 = ORIENTED_EDGE ( 'NONE', *, *, #730, .F. ) ;
#1823 = CARTESIAN_POINT ( 'NONE',  ( -0.6200000000000001066, -2.000000000000000000, 0.000000000000000000 ) ) ;
#1824 = DIRECTION ( 'NONE',  ( 0.000000000000000000, 0.000000000000000000, 1.000000000000000000 ) ) ;
#1825 = ORIENTED_EDGE ( 'NONE', *, *, #2618, .F. ) ;
#1826 = ORIENTED_EDGE ( 'NONE', *, *, #2369, .F. ) ;
#1827 = CARTESIAN_POINT ( 'NONE',  ( 1.748382715945129988E-16, -2.062500000000000000, -1.700000000000000178 ) ) ;
#1828 = CARTESIAN_POINT ( 'NONE',  ( 0.2837848072024649615, -2.125416666666666732, -0.5898127711672409568 ) ) ;
#1829 = PRODUCT_DEFINITION ( 'UNKNOWN', '', #1031, #1001 ) ;
#1830 = VERTEX_POINT ( 'NONE', #719 ) ;
#1831 = FILL_AREA_STYLE ('',( #3230 ) ) ;
#1832 = CARTESIAN_POINT ( 'NONE',  ( 0.7211075579487146170, -1.746666666666669254, -0.9952943682523013313 ) ) ;
#1833 = CARTESIAN_POINT ( 'NONE',  ( 0.9207139087409488276, -2.003800000000000470, -2.172165458813468675 ) ) ;
#1834 = FACE_OUTER_BOUND ( 'NONE', #450, .T. ) ;
#1835 = CARTESIAN_POINT ( 'NONE',  ( -0.9752551638306655724, -1.754885290769733208, -1.478934751822117866 ) ) ;
#1836 = DIRECTION ( 'NONE',  ( 1.000000000000000000, -1.224646799147350249E-16, 0.000000000000000000 ) ) ;
#1837 = CARTESIAN_POINT ( 'NONE',  ( 0.6200000000000001066, -2.000000000000000000, 0.000000000000000000 ) ) ;
#1838 = ORIENTED_EDGE ( 'NONE', *, *, #689, .T. ) ;
#1839 = SURFACE_STYLE_FILL_AREA ( #2726 ) ;
#1840 = CARTESIAN_POINT ( 'NONE',  ( 0.6200000000000001066, -2.125833333333333464, -2.638735852090460909 ) ) ;
#1841 = ORIENTED_EDGE ( 'NONE', *, *, #2499, .T. ) ;
#1842 = VECTOR ( 'NONE', #3119, 39.37007874015748854 ) ;
#1843 = DIRECTION ( 'NONE',  ( 1.000000000000000000, 0.000000000000000000, 0.000000000000000000 ) ) ;
#1844 = CARTESIAN_POINT ( 'NONE',  ( -0.2806197789507279272, -2.000000000000000000, -0.5946068647311654187 ) ) ;
#1845 = CIRCLE ( 'NONE', #2673, 1.125000000000000000 ) ;
#1846 = EDGE_LOOP ( 'NONE', ( #1518, #2622, #3495, #806 ) ) ;
#1847 = CARTESIAN_POINT ( 'NONE',  ( 0.3100000000000000533, 1.810000000000000053, 0.000000000000000000 ) ) ;
#1848 = CARTESIAN_POINT ( 'NONE',  ( -0.9207171544697027032, -1.746666666666669254, -1.227833269476779510 ) ) ;
#1849 = EDGE_CURVE ( 'NONE', #989, #1618, #129, .T. ) ;
#1850 = CARTESIAN_POINT ( 'NONE',  ( 0.6200000000000001066, -1.619999999999999885, -33.00000000000000000 ) ) ;
#1851 = CARTESIAN_POINT ( 'NONE',  ( -0.7817110799076116834, -1.963882748950449342, -1.076354553251841040 ) ) ;
#1852 = DIRECTION ( 'NONE',  ( 0.000000000000000000, 0.000000000000000000, -1.000000000000000000 ) ) ;
#1853 = DIRECTION ( 'NONE',  ( -0.7071067811865469066, 0.000000000000000000, -0.7071067811865479058 ) ) ;
#1854 = VERTEX_POINT ( 'NONE', #111 ) ;
#1855 = AXIS2_PLACEMENT_3D ( 'NONE', #1996, #251, #1675 ) ;
#1856 = DIRECTION ( 'NONE',  ( 0.000000000000000000, 1.000000000000000000, 0.000000000000000000 ) ) ;
#1857 = CARTESIAN_POINT ( 'NONE',  ( 0.6200000000000001066, -1.619999999999999885, 0.000000000000000000 ) ) ;
#1858 = DIRECTION ( 'NONE',  ( 0.000000000000000000, 0.000000000000000000, 1.000000000000000000 ) ) ;
#1859 = ADVANCED_FACE ( 'NONE', ( #2084 ), #2679, .T. ) ;
#1860 = ORIENTED_EDGE ( 'NONE', *, *, #1849, .T. ) ;
#1861 = ORIENTED_EDGE ( 'NONE', *, *, #3251, .T. ) ;
#1862 = CARTESIAN_POINT ( 'NONE',  ( 1.000000000000000000, -1.619999999999999885, -1.699999999999600497 ) ) ;
#1863 = CARTESIAN_POINT ( 'NONE',  ( -1.000000000000000000, 1.619999999999999885, 0.000000000000000000 ) ) ;
#1864 = ORIENTED_EDGE ( 'NONE', *, *, #1188, .T. ) ;
#1865 = SURFACE_SIDE_STYLE ('',( #1561 ) ) ;
#1866 = CARTESIAN_POINT ( 'NONE',  ( 0.6200000000000001066, -1.619999999999999885, -0.9153981901626772055 ) ) ;
#1867 = AXIS2_PLACEMENT_3D ( 'NONE', #2088, #3529, #2624 ) ;
#1868 = CARTESIAN_POINT ( 'NONE',  ( -1.000000000000000000, -2.003800000000000470, -1.700000000000000178 ) ) ;
#1869 = PRODUCT ( '.080 SHIMS', '.080 SHIMS', '', ( #36 ) ) ;
#1870 = CARTESIAN_POINT ( 'NONE',  ( -0.7414284321982457238, -1.980848483023301521, -2.546474416714776812 ) ) ;
#1871 = CARTESIAN_POINT ( 'NONE',  ( -0.8943701691974187407, -1.882928599200596409, -1.252672182213981023 ) ) ;
#1872 = LINE ( 'NONE', #2114, #2550 ) ;
#1873 = CARTESIAN_POINT ( 'NONE',  ( 0.6200000000000002176, -2.125000000000000000, -2.638735852090461353 ) ) ;
#1874 = EDGE_CURVE ( 'NONE', #184, #3485, #3306, .T. ) ;
#1875 = ORIENTED_EDGE ( 'NONE', *, *, #2570, .T. ) ;
#1876 = LENGTH_MEASURE_WITH_UNIT ( LENGTH_MEASURE( 0.02539999999999999897 ), #1310 );
#1877 = EDGE_CURVE ( 'NONE', #1199, #123, #3523, .T. ) ;
#1878 = CARTESIAN_POINT ( 'NONE',  ( 0.9769294592518765752, -1.750395792232159353, -1.486447616178279585 ) ) ;
#1879 = VERTEX_POINT ( 'NONE', #1246 ) ;
#1880 = ORIENTED_EDGE ( 'NONE', *, *, #2192, .F. ) ;
#1881 = ORIENTED_EDGE ( 'NONE', *, *, #1539, .F. ) ;
#1882 = CARTESIAN_POINT ( 'NONE',  ( 1.000000000000000444, -1.650158817685343227, -1.748924062646071587 ) ) ;
#1883 = CARTESIAN_POINT ( 'NONE',  ( -0.05505645405543020676, -2.125002783873716439, -0.5760124223079390315 ) ) ;
#1884 = EDGE_LOOP ( 'NONE', ( #1718, #1609, #3391, #2107 ) ) ;
#1885 = CARTESIAN_POINT ( 'NONE',  ( -0.6200000000000001066, 1.810000000000000053, 0.000000000000000000 ) ) ;
#1886 = CARTESIAN_POINT ( 'NONE',  ( -0.9121746125226930513, -1.788333333333330888, -1.014205514830860411 ) ) ;
#1887 = CARTESIAN_POINT ( 'NONE',  ( 0.9207139087409488276, -2.002533333333333498, -2.172165458813468675 ) ) ;
#1888 =( REPRESENTATION_RELATIONSHIP ('NONE','NONE', #1311, #2056 ) REPRESENTATION_RELATIONSHIP_WITH_TRANSFORMATION ( #1105 )SHAPE_REPRESENTATION_RELATIONSHIP( ) );
#1889 = CARTESIAN_POINT ( 'NONE',  ( 0.6200000000000001066, 2.000000000000000000, -31.43999999999999773 ) ) ;
#1890 = DIRECTION ( 'NONE',  ( 1.232595164407830946E-31, 1.000000000000000000, 0.000000000000000000 ) ) ;
#1891 = CARTESIAN_POINT ( 'NONE',  ( 0.9387752117066721080, -1.828167445808171809, -2.320267952472093942 ) ) ;
#1892 = LINE ( 'NONE', #3238, #2289 ) ;
#1893 = VECTOR ( 'NONE', #2500, 39.37007874015748143 ) ;
#1894 = ORIENTED_EDGE ( 'NONE', *, *, #3496, .F. ) ;
#1895 = DIRECTION ( 'NONE',  ( 0.000000000000000000, 0.000000000000000000, -1.000000000000000000 ) ) ;
#1896 = VERTEX_POINT ( 'NONE', #3205 ) ;
#1897 = ORIENTED_EDGE ( 'NONE', *, *, #2474, .T. ) ;
#1898 = CARTESIAN_POINT ( 'NONE',  ( 0.9050940263975842948, -1.871239801497530664, -2.125198398745034467 ) ) ;
#1899 = AXIS2_PLACEMENT_3D ( 'NONE', #1378, #2491, #3620 ) ;
#1900 = DIRECTION ( 'NONE',  ( 1.232595164407830946E-31, 1.000000000000000000, 0.000000000000000000 ) ) ;
#1901 = ADVANCED_FACE ( 'NONE', ( #1226 ), #2338, .F. ) ;
#1902 = ORIENTED_EDGE ( 'NONE', *, *, #397, .F. ) ;
#1903 = AXIS2_PLACEMENT_3D ( 'NONE', #2167, #1290, #3287 ) ;
#1904 = CARTESIAN_POINT ( 'NONE',  ( -0.6200000000000001066, -1.956666666666669441, -0.7612641479095413333 ) ) ;
#1905 = VECTOR ( 'NONE', #1810, 39.37007874015748854 ) ;
#1906 = CARTESIAN_POINT ( 'NONE',  ( 0.6200000000000002176, -2.125000000000000000, -2.638735852090461353 ) ) ;
#1907 = STYLED_ITEM ( 'NONE', ( #3216 ), #2419 ) ;
#1908 = CARTESIAN_POINT ( 'NONE',  ( -0.9818815193833567712, -1.736700138560890005, -2.249172770384537667 ) ) ;
#1909 = CARTESIAN_POINT ( 'NONE',  ( 0.8653136784671565662, -2.000039287809543431, -2.202739616233582165 ) ) ;
#1910 = LINE ( 'NONE', #1570, #287 ) ;
#1911 = EDGE_LOOP ( 'NONE', ( #2656, #2681, #2895, #697 ) ) ;
#1912 = CARTESIAN_POINT ( 'NONE',  ( 0.8394341312641095953, -1.930489381217675771, -1.156259228166588882 ) ) ;
#1913 = ORIENTED_EDGE ( 'NONE', *, *, #1209, .T. ) ;
#1914 = ORIENTED_EDGE ( 'NONE', *, *, #505, .F. ) ;
#1915 = VECTOR ( 'NONE', #634, 39.37007874015748143 ) ;
#1916 = CARTESIAN_POINT ( 'NONE',  ( 0.6200000000000001066, -1.956666666666669441, -0.7612641479095413333 ) ) ;
#1917 = EDGE_CURVE ( 'NONE', #2435, #2861, #2638, .T. ) ;
#1918 = CARTESIAN_POINT ( 'NONE',  ( -0.6200000000000001066, 2.000000000000000000, -33.00000000000000000 ) ) ;
#1919 = ORIENTED_EDGE ( 'NONE', *, *, #952, .T. ) ;
#1920 = VECTOR ( 'NONE', #1223, 39.37007874015748854 ) ;
#1921 = CARTESIAN_POINT ( 'NONE',  ( -1.000000000000000000, -1.619999999999999885, -1.184611796797789385 ) ) ;
#1922 = EDGE_CURVE ( 'NONE', #810, #2075, #2329, .T. ) ;
#1923 = CARTESIAN_POINT ( 'NONE',  ( 0.6200000000000001066, -1.619999999999999885, 0.000000000000000000 ) ) ;
#1924 = DIRECTION ( 'NONE',  ( 0.000000000000000000, 0.000000000000000000, -1.000000000000000000 ) ) ;
#1925 = EDGE_CURVE ( 'NONE', #1466, #3176, #2806, .T. ) ;
#1926 = FACE_OUTER_BOUND ( 'NONE', #536, .T. ) ;
#1927 = VERTEX_POINT ( 'NONE', #1536 ) ;
#1928 = FACE_OUTER_BOUND ( 'NONE', #2138, .T. ) ;
#1929 = ORIENTED_EDGE ( 'NONE', *, *, #684, .F. ) ;
#1930 = CLOSED_SHELL ( 'NONE', ( #304, #3070, #1022, #2481, #1478, #2364, #276, #301, #778, #3634, #3132, #2872, #2614, #1139 ) ) ;
#1931 =( NAMED_UNIT ( * ) SI_UNIT ( $, .STERADIAN. ) SOLID_ANGLE_UNIT ( ) );
#1932 = CARTESIAN_POINT ( 'NONE',  ( 0.9044179026059008253, -1.872005453705593681, -2.126634471974877094 ) ) ;
#1933 = CARTESIAN_POINT ( 'NONE',  ( -0.3488816483614378683, -2.124781777655961434, -0.6303453431294328002 ) ) ;
#1934 = ORIENTED_EDGE ( 'NONE', *, *, #2849, .F. ) ;
#1935 = PRODUCT_DEFINITION ( 'UNKNOWN', '', #3563, #710 ) ;
#1936 = CARTESIAN_POINT ( 'NONE',  ( -0.6200000000000001066, -2.102083333333331083, -0.7612641479095413333 ) ) ;
#1937 =( BOUNDED_CURVE ( )  B_SPLINE_CURVE ( 2, ( #581, #2586, #1194 ),
 .UNSPECIFIED., .F., .T. ) 
 B_SPLINE_CURVE_WITH_KNOTS ( ( 3, 3 ),
 ( 5.379483920505780503, 7.325234548217870234 ),
 .UNSPECIFIED. ) 
 CURVE ( )  GEOMETRIC_REPRESENTATION_ITEM ( )  RATIONAL_B_SPLINE_CURVE ( ( 1.000000000000000000, 1.085697807977689999, 1.109402099056649993 ) ) 
 REPRESENTATION_ITEM ( '' )  );
#1938 = DIRECTION ( 'NONE',  ( 2.964666163005751074E-31, 0.000000000000000000, -1.000000000000000000 ) ) ;
#1939 = CARTESIAN_POINT ( 'NONE',  ( -0.7499999999999823475, 1.977071421427149867, -33.00000000000000000 ) ) ;
#1940 = CARTESIAN_POINT ( 'NONE',  ( -4.370956789862818808E-17, -2.567044804220078881E-16, -33.00000000000000000 ) ) ;
#1941 = CARTESIAN_POINT ( 'NONE',  ( -1.067786252502610278, -0.7766438147493800459, 0.5000000000000000000 ) ) ;
#1942 = ORIENTED_EDGE ( 'NONE', *, *, #2853, .F. ) ;
#1943 = ADVANCED_FACE ( 'NONE', ( #2047 ), #2931, .F. ) ;
#1944 = PRESENTATION_STYLE_ASSIGNMENT (( #3085 ) ) ;
#1945 = CARTESIAN_POINT ( 'NONE',  ( 0.6200000000000001066, 1.810000000000000053, -33.00000000000000000 ) ) ;
#1946 = ORIENTED_EDGE ( 'NONE', *, *, #3492, .T. ) ;
#1947 = DIRECTION ( 'NONE',  ( 0.000000000000000000, -1.000000000000000000, 0.000000000000000000 ) ) ;
#1948 = EDGE_LOOP ( 'NONE', ( #602, #3146, #1057, #2172 ) ) ;
#1949 =( REPRESENTATION_RELATIONSHIP ('NONE','NONE', #1311, #3046 ) REPRESENTATION_RELATIONSHIP_WITH_TRANSFORMATION ( #874 )SHAPE_REPRESENTATION_RELATIONSHIP( ) );
#1950 = CARTESIAN_POINT ( 'NONE',  ( -1.000000000000000000, -2.000000000000000000, -1.700000000000000178 ) ) ;
#1951 = CARTESIAN_POINT ( 'NONE',  ( -1.000000000000000000, -2.001266666666666971, -1.828864803370358061 ) ) ;
#1952 = PRODUCT ( '6200K DET A', '6200K DET A', '', ( #2533 ) ) ;
#1953 = DIRECTION ( 'NONE',  ( 3.594536833768766614E-16, 1.000000000000000000, 0.000000000000000000 ) ) ;
#1954 = DIRECTION ( 'NONE',  ( 2.074744144795999766E-43, -2.254663031818779746E-28, -1.000000000000000000 ) ) ;
#1955 = EDGE_CURVE ( 'NONE', #3172, #1477, #2658, .T. ) ;
#1956 = CARTESIAN_POINT ( 'NONE',  ( -0.8699999999999999956, -2.000000000000000000, -33.00000000000000000 ) ) ;
#1957 = ORIENTED_EDGE ( 'NONE', *, *, #1983, .F. ) ;
#1958 = AXIS2_PLACEMENT_3D ( 'NONE', #2085, #688, #2933 ) ;
#1959 = APPLICATION_PROTOCOL_DEFINITION ( 'draft international standard', 'automotive_design', 1998, #1517 ) ;
#1960 = CYLINDRICAL_SURFACE ( 'NONE', #1735, 0.6850000000000000533 ) ;
#1961 = EDGE_CURVE ( 'NONE', #2337, #2984, #3093, .T. ) ;
#1962 = DIRECTION ( 'NONE',  ( -1.000000000000000000, 0.000000000000000000, -6.356494629578860125E-16 ) ) ;
#1963 = ORIENTED_EDGE ( 'NONE', *, *, #2460, .F. ) ;
#1964 = CARTESIAN_POINT ( 'NONE',  ( -0.3997091802137370253, -2.000000000000000000, -2.758920461614460695 ) ) ;
#1965 = FACE_OUTER_BOUND ( 'NONE', #1245, .T. ) ;
#1966 = DIRECTION ( 'NONE',  ( 0.000000000000000000, 0.000000000000000000, -1.000000000000000000 ) ) ;
#1967 = EDGE_CURVE ( 'NONE', #1050, #2541, #219, .T. ) ;
#1968 = DIRECTION ( 'NONE',  ( 0.000000000000000000, 0.000000000000000000, 1.000000000000000000 ) ) ;
#1969 = ORIENTED_EDGE ( 'NONE', *, *, #75, .T. ) ;
#1970 = AXIS2_PLACEMENT_3D ( 'NONE', #2133, #1027, #2407 ) ;
#1971 = AXIS2_PLACEMENT_3D ( 'NONE', #266, #3621, #14 ) ;
#1972 = DIRECTION ( 'NONE',  ( 0.000000000000000000, 0.000000000000000000, -1.000000000000000000 ) ) ;
#1973 = DIRECTION ( 'NONE',  ( -1.000000000000000000, 0.000000000000000000, 0.000000000000000000 ) ) ;
#1974 = DIRECTION ( 'NONE',  ( -2.964666163005751074E-31, 0.000000000000000000, 1.000000000000000000 ) ) ;
#1975 = VECTOR ( 'NONE', #207, 39.37007874015748143 ) ;
#1976 = LINE ( 'NONE', #1994, #1842 ) ;
#1977 = CARTESIAN_POINT ( 'NONE',  ( 0.6200000000000001066, 2.080000000000000071, -33.00000000000000000 ) ) ;
#1978 = DIRECTION ( 'NONE',  ( 0.000000000000000000, 0.000000000000000000, 1.000000000000000000 ) ) ;
#1979 = SHAPE_DEFINITION_REPRESENTATION ( #2846, #3046 ) ;
#1980 =( NAMED_UNIT ( * ) PLANE_ANGLE_UNIT ( ) SI_UNIT ( $, .RADIAN. ) );
#1981 = LINE ( 'NONE', #2018, #579 ) ;
#1982 = ORIENTED_EDGE ( 'NONE', *, *, #1161, .F. ) ;
#1983 = EDGE_CURVE ( 'NONE', #183, #1854, #488, .T. ) ;
#1984 = CARTESIAN_POINT ( 'NONE',  ( 0.7799664863037972795, -2.125000000000000000, -2.533083957270960251 ) ) ;
#1985 = DIRECTION ( 'NONE',  ( -1.000000000000000000, -7.189073667537533228E-16, 0.000000000000000000 ) ) ;
#1986 = CARTESIAN_POINT ( 'NONE',  ( 0.7742019377547320058, -1.967506669510489026, -0.8838548090453931527 ) ) ;
#1987 = B_SPLINE_SURFACE_WITH_KNOTS ( 'NONE', 3, 3, ( 
 ( #760, #2145, #1059, #1921 ),
 ( #3615, #2758, #1886, #1603 ),
 ( #2181, #3304, #263, #3266 ),
 ( #1621, #1904, #3044, #1338 ) ),
 .UNSPECIFIED., .F., .F., .F.,
 ( 4, 4 ),
 ( 4, 4 ),
 ( -1.094914077134480079, -0.5836952312336749493 ),
 ( 0.000000000000000000, 1.282699999999999951 ),
 .UNSPECIFIED. ) ;
#1988 = AXIS2_PLACEMENT_3D ( 'NONE', #314, #255, #2495 ) ;
#1989 = ORIENTED_EDGE ( 'NONE', *, *, #924, .T. ) ;
#1990 = ADVANCED_FACE ( 'NONE', ( #1333 ), #2466, .T. ) ;
#1991 = DIRECTION ( 'NONE',  ( 0.000000000000000000, 0.000000000000000000, -1.000000000000000000 ) ) ;
#1992 = FACE_OUTER_BOUND ( 'NONE', #1425, .T. ) ;
#1993 = CARTESIAN_POINT ( 'NONE',  ( -0.9413044969471024981, -1.746666666666669254, -2.129651214676189230 ) ) ;
#1994 = CARTESIAN_POINT ( 'NONE',  ( 1.872213747497389669, -1.476643814749380113, 0.5000000000000000000 ) ) ;
#1995 = DIRECTION ( 'NONE',  ( -1.000000000000000000, -7.189073667537533228E-16, 0.000000000000000000 ) ) ;
#1996 = CARTESIAN_POINT ( 'NONE',  ( -0.6200000000000001066, -1.619999999999999885, 0.000000000000000000 ) ) ;
#1997 = CONTEXT_DEPENDENT_SHAPE_REPRESENTATION ( #1949, #195 ) ;
#1998 = CARTESIAN_POINT ( 'NONE',  ( -0.8210783646325872098, -2.124800764913961970, -2.469142325217174694 ) ) ;
#1999 = DIRECTION ( 'NONE',  ( 0.000000000000000000, 0.000000000000000000, -1.000000000000000000 ) ) ;
#2000 = ORIENTED_EDGE ( 'NONE', *, *, #2242, .T. ) ;
#2001 = CARTESIAN_POINT ( 'NONE',  ( 0.000000000000000000, 0.000000000000000000, 0.000000000000000000 ) ) ;
#2002 = CARTESIAN_POINT ( 'NONE',  ( 1.572213747497389846, 0.9733561852506201761, 0.000000000000000000 ) ) ;
#2003 = DIRECTION ( 'NONE',  ( 0.000000000000000000, 0.000000000000000000, -1.000000000000000000 ) ) ;
#2004 = DIRECTION ( 'NONE',  ( 0.000000000000000000, -1.000000000000000000, 0.000000000000000000 ) ) ;
#2005 = ORIENTED_EDGE ( 'NONE', *, *, #835, .T. ) ;
#2006 = DIRECTION ( 'NONE',  ( 0.000000000000000000, 0.000000000000000000, 1.000000000000000000 ) ) ;
#2007 = FACE_OUTER_BOUND ( 'NONE', #752, .T. ) ;
#2008 = ADVANCED_FACE ( 'NONE', ( #2753 ), #3074, .T. ) ;
#2009 = CARTESIAN_POINT ( 'NONE',  ( -0.7799664863037972795, -1.788333333333330888, -2.533083957270960251 ) ) ;
#2010 = CARTESIAN_POINT ( 'NONE',  ( 1.000000000000000000, -2.000000000000000000, -1.700000000000000178 ) ) ;
#2011 = DIRECTION ( 'NONE',  ( 0.000000000000000000, -1.000000000000000000, 0.000000000000000000 ) ) ;
#2012 = STYLED_ITEM ( 'NONE', ( #388 ), #1229 ) ;
#2013 = CARTESIAN_POINT ( 'NONE',  ( -0.7211075579487146170, -2.000000000000000000, -0.9952943682523013313 ) ) ;
#2014 = VECTOR ( 'NONE', #318, 39.37007874015748143 ) ;
#2015 = CARTESIAN_POINT ( 'NONE',  ( -0.8880928881777767625, -1.890573955624528901, -2.161426499022453651 ) ) ;
#2016 = APPLICATION_PROTOCOL_DEFINITION ( 'draft international standard', 'automotive_design', 1998, #1448 ) ;
#2017 = CARTESIAN_POINT ( 'NONE',  ( -1.000000000000000000, -2.125000000000000000, -1.184611796797789385 ) ) ;
#2018 = CARTESIAN_POINT ( 'NONE',  ( -0.7799999999999993605, -0.7800000000000020250, 0.000000000000000000 ) ) ;
#2019 = VECTOR ( 'NONE', #1968, 39.37007874015748143 ) ;
#2020 = ORIENTED_EDGE ( 'NONE', *, *, #1679, .F. ) ;
#2021 =( GEOMETRIC_REPRESENTATION_CONTEXT ( 3 ) GLOBAL_UNCERTAINTY_ASSIGNED_CONTEXT ( ( #1238 ) ) GLOBAL_UNIT_ASSIGNED_CONTEXT ( ( #2981, #468, #2962 ) ) REPRESENTATION_CONTEXT ( 'NONE', 'WORKASPACE' ) );
#2022 = CARTESIAN_POINT ( 'NONE',  ( -0.6200000000000001066, -1.619999999999999885, -33.00000000000000000 ) ) ;
#2023 = DIRECTION ( 'NONE',  ( 1.000000000000000000, 0.000000000000000000, 0.000000000000000000 ) ) ;
#2024 = CYLINDRICAL_SURFACE ( 'NONE', #2142, 0.3800000000000000600 ) ;
#2025 = VERTEX_POINT ( 'NONE', #1388 ) ;
#2026 = PLANE ( 'NONE',  #3453 ) ;
#2027 = CARTESIAN_POINT ( 'NONE',  ( 0.7186430544152909716, -1.987778351610190786, -2.565967572156305998 ) ) ;
#2028 = CYLINDRICAL_SURFACE ( 'NONE', #1392, 0.3800000000000000600 ) ;
#2029 = AXIS2_PLACEMENT_3D ( 'NONE', #582, #2551, #2777 ) ;
#2030 = ORIENTED_EDGE ( 'NONE', *, *, #1815, .F. ) ;
#2031 = CARTESIAN_POINT ( 'NONE',  ( 1.000000000000000888, -2.000000000000001776, -1.457464374963899800 ) ) ;
#2032 = DIRECTION ( 'NONE',  ( -1.000000000000000000, 0.000000000000000000, 0.000000000000000000 ) ) ;
#2033 = VECTOR ( 'NONE', #3096, 39.37007874015748143 ) ;
#2034 = DIRECTION ( 'NONE',  ( 0.000000000000000000, 0.000000000000000000, -1.000000000000000000 ) ) ;
#2035 = DIMENSIONAL_EXPONENTS ( 1.000000000000000000, 0.000000000000000000, 0.000000000000000000, 0.000000000000000000, 0.000000000000000000, 0.000000000000000000, 0.000000000000000000 ) ;
#2036 = AXIS2_PLACEMENT_3D ( 'NONE', #1242, #370, #916 ) ;
#2037 = CARTESIAN_POINT ( 'NONE',  ( -1.000000000000000000, -1.619999999999999885, -1.700000000000399858 ) ) ;
#2038 = ADVANCED_FACE ( 'NONE', ( #1464 ), #2501, .T. ) ;
#2039 = FILL_AREA_STYLE_COLOUR ( '', #1625 ) ;
#2040 = PLANE ( 'NONE',  #228 ) ;
#2041 = ORIENTED_EDGE ( 'NONE', *, *, #1393, .F. ) ;
#2042 =( CONVERSION_BASED_UNIT ( 'INCH', #915 ) LENGTH_UNIT ( ) NAMED_UNIT ( #1555 ) );
#2043 = CIRCLE ( 'NONE', #2511, 1.000000000000000000 ) ;
#2044 = DIRECTION ( 'NONE',  ( 1.000000000000000000, 0.000000000000000000, -1.136728976842279838E-29 ) ) ;
#2045 = CARTESIAN_POINT ( 'NONE',  ( 0.6200000000000001066, -2.000000000000000000, 0.000000000000000000 ) ) ;
#2046 = ORIENTED_EDGE ( 'NONE', *, *, #3496, .T. ) ;
#2047 = FACE_OUTER_BOUND ( 'NONE', #1591, .T. ) ;
#2048 = CARTESIAN_POINT ( 'NONE',  ( -0.5153882032022079063, -1.000000000000000000, 0.000000000000000000 ) ) ;
#2049 = CARTESIAN_POINT ( 'NONE',  ( -0.6200000000000001066, -2.125000000000000000, -2.638735852090460909 ) ) ;
#2050 = ORIENTED_EDGE ( 'NONE', *, *, #1412, .T. ) ;
#2051 = PRODUCT_DEFINITION ( 'UNKNOWN', '', #3619, #1566 ) ;
#2052 = LINE ( 'NONE', #2920, #1261 ) ;
#2053 = PLANE ( 'NONE',  #1396 ) ;
#2054 = DIRECTION ( 'NONE',  ( -0.7071067811865474617, -0.7071067811865474617, 0.000000000000000000 ) ) ;
#2055 = CARTESIAN_POINT ( 'NONE',  ( -0.9061057730691804979, -1.870087320041811996, -2.123039690177651817 ) ) ;
#2056 = SHAPE_REPRESENTATION ( '6200K DET B', ( #2196 ), #2904 ) ;
#2057 = EDGE_CURVE ( 'NONE', #1114, #610, #1111, .T. ) ;
#2058 = ORIENTED_EDGE ( 'NONE', *, *, #1120, .T. ) ;
#2059 = SHAPE_REPRESENTATION_RELATIONSHIP ( 'NONE' , 'NONE' ,  #1689, #3053 ) ;
#2060 = DIRECTION ( 'NONE',  ( -0.000000000000000000, 1.000000000000000000, 0.000000000000000000 ) ) ;
#2061 = FACE_OUTER_BOUND ( 'NONE', #1734, .T. ) ;
#2062 = ORIENTED_EDGE ( 'NONE', *, *, #1917, .T. ) ;
#2063 = DIRECTION ( 'NONE',  ( 0.000000000000000000, -1.000000000000000000, 0.000000000000000000 ) ) ;
#2064 = CARTESIAN_POINT ( 'NONE',  ( -0.1587349916327909505, -2.125416666666666732, -0.5524336365865094578 ) ) ;
#2065 = LINE ( 'NONE', #1742, #1915 ) ;
#2066 = VERTEX_POINT ( 'NONE', #299 ) ;
#2067 = FACE_OUTER_BOUND ( 'NONE', #3366, .T. ) ;
#2068 = FACE_OUTER_BOUND ( 'NONE', #425, .T. ) ;
#2069 = CARTESIAN_POINT ( 'NONE',  ( -0.6200000000000001066, 1.619999999999999885, -31.43999999999999773 ) ) ;
#2070 = CARTESIAN_POINT ( 'NONE',  ( -0.8692125524629832345, -1.907946312608949313, -2.195806249236054608 ) ) ;
#2071 = UNCERTAINTY_MEASURE_WITH_UNIT (LENGTH_MEASURE( 1.000000000000000082E-05 ), #1731, 'distance_accuracy_value', 'NONE');
#2072 = EDGE_CURVE ( 'NONE', #1447, #183, #1667, .T. ) ;
#2073 =( LENGTH_UNIT ( ) NAMED_UNIT ( * ) SI_UNIT ( $, .METRE. ) );
#2074 = DIRECTION ( 'NONE',  ( 0.000000000000000000, 0.000000000000000000, -1.000000000000000000 ) ) ;
#2075 = VERTEX_POINT ( 'NONE', #3423 ) ;
#2076 = MANIFOLD_SOLID_BREP ( 'Weld[4]', #3227 ) ;
#2077 = EDGE_CURVE ( 'NONE', #2840, #3279, #1750, .T. ) ;
#2078 = CARTESIAN_POINT ( 'NONE',  ( -0.6794608942325258694, -2.000000000000003109, -2.437615231471142341 ) ) ;
#2079 = PLANE ( 'NONE',  #1498 ) ;
#2080 = ORIENTED_EDGE ( 'NONE', *, *, #2509, .F. ) ;
#2081 = ORIENTED_EDGE ( 'NONE', *, *, #1387, .F. ) ;
#2082 = PRESENTATION_LAYER_ASSIGNMENT (  '', '', ( #2489 ) ) ;
#2083 = EDGE_CURVE ( 'NONE', #3579, #2397, #843, .T. ) ;
#2084 = FACE_OUTER_BOUND ( 'NONE', #3242, .T. ) ;
#2085 = CARTESIAN_POINT ( 'NONE',  ( 0.5206592618450535115, -1.835200974563641951, -31.43999999999999773 ) ) ;
#2086 = ORIENTED_EDGE ( 'NONE', *, *, #2692, .F. ) ;
#2087 = CARTESIAN_POINT ( 'NONE',  ( 1.000000000000000000, -2.000000000000000000, -1.700000000000000178 ) ) ;
#2088 = CARTESIAN_POINT ( 'NONE',  ( -0.6200000000000001066, 2.000000000000000000, 0.000000000000000000 ) ) ;
#2089 = FACE_OUTER_BOUND ( 'NONE', #906, .T. ) ;
#2090 = B_SPLINE_CURVE_WITH_KNOTS ( 'NONE', 3,
 ( #3110, #1355, #2518, #4, #3404, #2593, #1126, #1964, #571, #2821 ),
 .UNSPECIFIED., .F., .F.,
 ( 4, 3, 3, 4 ),
 ( -3.404344486728179575, -1.971215286769069985, -1.015795820129659965, -0.06037635349025505249 ),
 .UNSPECIFIED. ) ;
#2091 = VECTOR ( 'NONE', #66, 39.37007874015748143 ) ;
#2092 = CARTESIAN_POINT ( 'NONE',  ( -0.7886217521926750518, -1.960539195839976712, -2.314876813494431751 ) ) ;
#2093 = CARTESIAN_POINT ( 'NONE',  ( 0.7799664863037972795, -1.788333333333330888, -2.533083957270960251 ) ) ;
#2094 = SURFACE_STYLE_USAGE ( .BOTH. , #351 ) ;
#2095 = FACE_BOUND ( 'NONE', #1571, .T. ) ;
#2096 = ORIENTED_EDGE ( 'NONE', *, *, #1426, .F. ) ;
#2097 = CIRCLE ( 'NONE', #1580, 0.3800000000000000600 ) ;
#2098 = PRODUCT_RELATED_PRODUCT_CATEGORY ( 'part', '', ( #1952 ) ) ;
#2099 =( CONVERSION_BASED_UNIT ( 'INCH', #1774 ) LENGTH_UNIT ( ) NAMED_UNIT ( #984 ) );
#2100 = CARTESIAN_POINT ( 'NONE',  ( -0.9164571632060877215, -2.000013839085730716, -2.101912434419288989 ) ) ;
#2101 = CARTESIAN_POINT ( 'NONE',  ( 0.4634469599276339058, -2.125000000000000000, -2.742133293051850274 ) ) ;
#2102 = EDGE_LOOP ( 'NONE', ( #3522, #2558, #1052, #3439 ) ) ;
#2103 = VERTEX_POINT ( 'NONE', #3092 ) ;
#2104 = DIRECTION ( 'NONE',  ( 0.000000000000000000, 0.000000000000000000, -1.000000000000000000 ) ) ;
#2105 = CARTESIAN_POINT ( 'NONE',  ( -0.1587349916327909505, -2.083333333333330817, -0.5524336365865094578 ) ) ;
#2106 = EDGE_CURVE ( 'NONE', #3601, #2075, #23, .T. ) ;
#2107 = ORIENTED_EDGE ( 'NONE', *, *, #3526, .T. ) ;
#2108 = CARTESIAN_POINT ( 'NONE',  ( -0.7499999999999803491, -2.250000000000000000, -33.00000000000000000 ) ) ;
#2109 = CARTESIAN_POINT ( 'NONE',  ( 0.7211075579487146170, -1.619999999999999885, -0.9952943682523013313 ) ) ;
#2110 = CARTESIAN_POINT ( 'NONE',  ( 1.572213747497389846, 0.9733561852506201761, 0.5000000000000000000 ) ) ;
#2111 = CARTESIAN_POINT ( 'NONE',  ( -0.7742019377547314507, -1.967506669510486805, -2.516145190954607980 ) ) ;
#2112 = PRODUCT_DEFINITION_CONTEXT ( 'detailed design', #1375, 'design' ) ;
#2113 = CARTESIAN_POINT ( 'NONE',  ( -0.7866421302270600879, -1.961512009208498775, -1.082593517253416682 ) ) ;
#2114 = CARTESIAN_POINT ( 'NONE',  ( 0.6200000000000001066, 2.000000000000000000, 0.000000000000000000 ) ) ;
#2115 = CARTESIAN_POINT ( 'NONE',  ( -0.5153882032022079063, 1.000000000000000000, 0.000000000000000000 ) ) ;
#2116 = ORIENTED_EDGE ( 'NONE', *, *, #2959, .T. ) ;
#2117 = CARTESIAN_POINT ( 'NONE',  ( 0.9760390065677346794, -1.752801836816917591, -1.482422343909176377 ) ) ;
#2118 = CARTESIAN_POINT ( 'NONE',  ( 0.6200000000000001066, -2.126250000000000195, -2.638735852090460909 ) ) ;
#2119 = ORIENTED_EDGE ( 'NONE', *, *, #3048, .T. ) ;
#2120 = CARTESIAN_POINT ( 'NONE',  ( -0.2425356250361009047, -1.000000000000000888, 1.060000000000000941 ) ) ;
#2121 = EDGE_CURVE ( 'NONE', #690, #810, #1445, .T. ) ;
#2122 = CARTESIAN_POINT ( 'NONE',  ( -0.6200000000000001066, -2.041666666666669183, -0.7612641479095413333 ) ) ;
#2123 = ORIENTED_EDGE ( 'NONE', *, *, #3425, .F. ) ;
#2124 = CARTESIAN_POINT ( 'NONE',  ( 1.000000000000000000, -2.002533333333333498, -1.528180262172850634 ) ) ;
#2125 = EDGE_CURVE ( 'NONE', #2653, #184, #1166, .T. ) ;
#2126 = CARTESIAN_POINT ( 'NONE',  ( -1.000000000000000000, -2.003800000000000470, -1.528180262172850634 ) ) ;
#2127 = FACE_OUTER_BOUND ( 'NONE', #3499, .T. ) ;
#2128 = LINE ( 'NONE', #3252, #3011 ) ;
#2129 = EDGE_CURVE ( 'NONE', #2406, #690, #2784, .T. ) ;
#2130 = DIRECTION ( 'NONE',  ( 0.000000000000000000, 0.000000000000000000, -1.000000000000000000 ) ) ;
#2131 = CARTESIAN_POINT ( 'NONE',  ( -1.062500000000000000, 0.000000000000000000, 0.9975000000000000533 ) ) ;
#2132 = ORIENTED_EDGE ( 'NONE', *, *, #513, .F. ) ;
#2133 = CARTESIAN_POINT ( 'NONE',  ( 0.000000000000000000, 0.000000000000000000, 0.000000000000000000 ) ) ;
#2134 = CARTESIAN_POINT ( 'NONE',  ( 0.9668455893676912716, -1.777285568809717775, -1.441443108586984767 ) ) ;
#2135 = VERTEX_POINT ( 'NONE', #3519 ) ;
#2136 = ORIENTED_EDGE ( 'NONE', *, *, #1776, .T. ) ;
#2137 = PRESENTATION_LAYER_ASSIGNMENT (  '', '', ( #1376 ) ) ;
#2138 = EDGE_LOOP ( 'NONE', ( #1861, #1298, #3324, #3283, #1010 ) ) ;
#2139 = CONICAL_SURFACE ( 'NONE', #609, 1.062500000000000000, 0.7853981633974476129 ) ;
#2140 = CARTESIAN_POINT ( 'NONE',  ( 0.9699438471777233062, -1.768151449883774928, -1.943354784572608907 ) ) ;
#2141 = CARTESIAN_POINT ( 'NONE',  ( 0.02747496199647449927, -2.124973308417085427, -2.824973308417070950 ) ) ;
#2142 = AXIS2_PLACEMENT_3D ( 'NONE', #2540, #2860, #24 ) ;
#2143 = ORIENTED_EDGE ( 'NONE', *, *, #1051, .F. ) ;
#2144 = DIRECTION ( 'NONE',  ( -1.433175345326599986E-43, -1.000000000000000000, 2.254663031818779746E-28 ) ) ;
#2145 = CARTESIAN_POINT ( 'NONE',  ( -1.000000000000000000, -1.956666666666669441, -1.184611796797789385 ) ) ;
#2146 = CARTESIAN_POINT ( 'NONE',  ( 0.7211075579487146170, -1.746666666666669254, -2.404705631747700689 ) ) ;
#2147 = APPLICATION_CONTEXT ( 'automotive_design' ) ;
#2148 = EDGE_CURVE ( 'NONE', #1114, #3246, #2391, .T. ) ;
#2149 = CARTESIAN_POINT ( 'NONE',  ( -1.067786252502610278, 0.9733561852506201761, 0.000000000000000000 ) ) ;
#2150 = CARTESIAN_POINT ( 'NONE',  ( -0.7540769449235117383, -1.975634792580953869, -1.043160597756493280 ) ) ;
#2151 = DIRECTION ( 'NONE',  ( 0.000000000000000000, 0.000000000000000000, -1.000000000000000000 ) ) ;
#2152 = CARTESIAN_POINT ( 'NONE',  ( -0.7799999999999993605, -0.7800000000000020250, -0.07499999999999988620 ) ) ;
#2153 = AXIS2_PLACEMENT_3D ( 'NONE', #1347, #1006, #731 ) ;
#2154 = EDGE_LOOP ( 'NONE', ( #1982, #1665, #2132, #1274 ) ) ;
#2155 = CIRCLE ( 'NONE', #560, 1.125000000000000000 ) ;
#2156 = EDGE_CURVE ( 'NONE', #205, #1497, #3184, .T. ) ;
#2157 =( CONVERSION_BASED_UNIT ( 'INCH', #1876 ) LENGTH_UNIT ( ) NAMED_UNIT ( #1532 ) );
#2158 = ORIENTED_EDGE ( 'NONE', *, *, #2072, .T. ) ;
#2159 = VECTOR ( 'NONE', #3445, 39.37007874015748143 ) ;
#2160 = ORIENTED_EDGE ( 'NONE', *, *, #3118, .F. ) ;
#2161 = ORIENTED_EDGE ( 'NONE', *, *, #2530, .F. ) ;
#2162 = CARTESIAN_POINT ( 'NONE',  ( 0.8876048341510263118, -1.889869236540679509, -2.160677324736237637 ) ) ;
#2163 = CARTESIAN_POINT ( 'NONE',  ( 0.4516402044780559177, -2.124826637101538740, -2.730537157312753482 ) ) ;
#2164 = ORIENTED_EDGE ( 'NONE', *, *, #1642, .F. ) ;
#2165 = CARTESIAN_POINT ( 'NONE',  ( 1.000000000000000000, -1.619999999999999885, -33.00000000000000000 ) ) ;
#2166 = CARTESIAN_POINT ( 'NONE',  ( 0.6200000000000001066, -2.001266666666666971, -2.484601809837319042 ) ) ;
#2167 = CARTESIAN_POINT ( 'NONE',  ( 1.748382715945129988E-16, -2.062500000000000000, -1.700000000000000178 ) ) ;
#2168 = CARTESIAN_POINT ( 'NONE',  ( 1.572213747497389846, -1.776643814749382155, 0.000000000000000000 ) ) ;
#2169 = CARTESIAN_POINT ( 'NONE',  ( 0.9913320078430258864, -1.999835398111629026, -1.850575392327732827 ) ) ;
#2170 = LINE ( 'NONE', #1837, #235 ) ;
#2171 = VECTOR ( 'NONE', #1419, 39.37007874015748143 ) ;
#2172 = ORIENTED_EDGE ( 'NONE', *, *, #1346, .T. ) ;
#2173 = DIRECTION ( 'NONE',  ( -1.437814733507505660E-15, 1.000000000000000000, 0.000000000000000000 ) ) ;
#2174 = EDGE_CURVE ( 'NONE', #1350, #1503, #2097, .T. ) ;
#2175 = EDGE_LOOP ( 'NONE', ( #624, #3051, #3275, #1522 ) ) ;
#2176 = ORIENTED_EDGE ( 'NONE', *, *, #168, .F. ) ;
#2177 = CARTESIAN_POINT ( 'NONE',  ( 0.6486154086724296164, -1.999999999999999778, -2.461989634904175439 ) ) ;
#2178 = VECTOR ( 'NONE', #2723, 39.37007874015748854 ) ;
#2179 = CARTESIAN_POINT ( 'NONE',  ( 0.05505575625769298237, -2.124982909693558408, -2.823967711142258086 ) ) ;
#2180 = VERTEX_POINT ( 'NONE', #628 ) ;
#2181 = CARTESIAN_POINT ( 'NONE',  ( -0.7799664863037972795, -2.125000000000000000, -0.8669160427290413251 ) ) ;
#2182 = CARTESIAN_POINT ( 'NONE',  ( 1.000000000000000000, -2.000000000000000000, -1.700000000000000178 ) ) ;
#2183 = CARTESIAN_POINT ( 'NONE',  ( 0.8099999999999999423, 1.619999999999999885, -33.00000000000000000 ) ) ;
#2184 = CARTESIAN_POINT ( 'NONE',  ( -0.9572576215501541474, -1.999773330357127232, -1.401762065313877814 ) ) ;
#2185 = CYLINDRICAL_SURFACE ( 'NONE', #2523, 0.3800000000000000600 ) ;
#2186 = ORIENTED_EDGE ( 'NONE', *, *, #1228, .T. ) ;
#2187 = ADVANCED_FACE ( 'NONE', ( #644 ), #951, .F. ) ;
#2188 = DIRECTION ( 'NONE',  ( 1.000000000000000078E-15, 0.000000000000000000, -1.000000000000000000 ) ) ;
#2189 = CARTESIAN_POINT ( 'NONE',  ( 0.9763351579961293547, -1.752006322183433884, -1.483753476809632543 ) ) ;
#2190 = ORIENTED_EDGE ( 'NONE', *, *, #679, .F. ) ;
#2191 = VERTEX_POINT ( 'NONE', #1201 ) ;
#2192 = EDGE_CURVE ( 'NONE', #754, #3223, #1549, .T. ) ;
#2193 = CARTESIAN_POINT ( 'NONE',  ( 0.9811377636094492649, -1.739226461511830912, -1.894856172292373353 ) ) ;
#2194 = COLOUR_RGB ( '',0.7921568627450980005, 0.8196078431372548767, 0.9333333333333333481 ) ;
#2195 = CARTESIAN_POINT ( 'NONE',  ( 0.09795228642715807232, -1.818940756034389761, -33.00000000000000000 ) ) ;
#2196 = AXIS2_PLACEMENT_3D ( 'NONE', #3478, #680, #3518 ) ;
#2197 = ORIENTED_EDGE ( 'NONE', *, *, #191, .T. ) ;
#2198 = ADVANCED_FACE ( 'NONE', ( #3460 ), #1494, .T. ) ;
#2199 = AXIS2_PLACEMENT_3D ( 'NONE', #1509, #2648, #420 ) ;
#2200 = CARTESIAN_POINT ( 'NONE',  ( -0.6200000000000001066, -1.619999999999999885, -33.00000000000000000 ) ) ;
#2201 = AXIS2_PLACEMENT_3D ( 'NONE', #2786, #2734, #3612 ) ;
#2202 = CARTESIAN_POINT ( 'NONE',  ( -0.7548100772649547485, -2.001266666666666971, -2.378073572384492351 ) ) ;
#2203 = CARTESIAN_POINT ( 'NONE',  ( -0.6200000000000001066, 1.619999999999999885, 0.000000000000000000 ) ) ;
#2204 = LINE ( 'NONE', #2168, #2542 ) ;
#2205 = CARTESIAN_POINT ( 'NONE',  ( -0.6200000000000001066, 1.619999999999999885, 0.000000000000000000 ) ) ;
#2206 = VERTEX_POINT ( 'NONE', #3480 ) ;
#2207 =( LENGTH_UNIT ( ) NAMED_UNIT ( * ) SI_UNIT ( $, .METRE. ) );
#2208 = CARTESIAN_POINT ( 'NONE',  ( -0.6200000000000002176, -2.125000000000000000, -2.638735852090461353 ) ) ;
#2209 = ORIENTED_EDGE ( 'NONE', *, *, #2420, .F. ) ;
#2210 = EDGE_LOOP ( 'NONE', ( #1637, #3218, #3557 ) ) ;
#2211 = EDGE_CURVE ( 'NONE', #1765, #1773, #743, .T. ) ;
#2212 = CARTESIAN_POINT ( 'NONE',  ( 0.6200000000000001066, -1.619999999999999885, -0.7612641479095413333 ) ) ;
#2213 = AXIS2_PLACEMENT_3D ( 'NONE', #117, #2344, #2380 ) ;
#2214 = CARTESIAN_POINT ( 'NONE',  ( -0.6200000000000001066, 2.000000000000000000, 0.000000000000000000 ) ) ;
#2215 = ORIENTED_EDGE ( 'NONE', *, *, #3551, .T. ) ;
#2216 = MECHANICAL_DESIGN_GEOMETRIC_PRESENTATION_REPRESENTATION (  '', ( #1281 ), #2021 ) ;
#2217 = DIRECTION ( 'NONE',  ( -1.000000000000000000, -7.189073667537533228E-16, 0.000000000000000000 ) ) ;
#2218 = EDGE_CURVE ( 'NONE', #2899, #2942, #2316, .T. ) ;
#2219 = DIRECTION ( 'NONE',  ( -1.000000000000000000, 0.000000000000000000, 0.000000000000000000 ) ) ;
#2220 = DIRECTION ( 'NONE',  ( 0.000000000000000000, 0.000000000000000000, 1.000000000000000000 ) ) ;
#2221 = VECTOR ( 'NONE', #1737, 39.37007874015748143 ) ;
#2222 = CYLINDRICAL_SURFACE ( 'NONE', #2535, 0.3800000000000000600 ) ;
#2223 = CYLINDRICAL_SURFACE ( 'NONE', #1855, 0.3800000000000000600 ) ;
#2224 = ORIENTED_EDGE ( 'NONE', *, *, #333, .F. ) ;
#2225 = B_SPLINE_SURFACE_WITH_KNOTS ( 'NONE', 3, 3, ( 
 ( #2118, #1840, #3520, #2928, #3461, #1777, #3498 ),
 ( #1806, #1202, #3442, #2101, #3186, #699, #1550 ),
 ( #109, #1243, #411, #917, #2910, #371, #1534 ),
 ( #3221, #2944, #2674, #2894, #1495, #2613, #92 ),
 ( #1224, #660, #70, #1751, #2628, #2888, #912 ),
 ( #383, #1769, #3454, #892, #3213, #366, #349 ) ),
 .UNSPECIFIED., .F., .F., .F.,
 ( 4, 1, 1, 4 ),
 ( 4, 3, 4 ),
 ( -0.5836952312336749493, -0.08338503303338200279, 0.2501550991001469937, 0.5836952312336749493 ),
 ( -0.003175000000000040203, 0.000000000000000000, 0.3175000000000040012 ),
 .UNSPECIFIED. ) ;
#2226 = SHAPE_DEFINITION_REPRESENTATION ( #1319, #2056 ) ;
#2227 = CARTESIAN_POINT ( 'NONE',  ( -0.5153882032022079063, -1.000000000000000000, 0.9350000000000000533 ) ) ;
#2228 = ORIENTED_EDGE ( 'NONE', *, *, #3185, .T. ) ;
#2229 = AXIS2_PLACEMENT_3D ( 'NONE', #353, #407, #1789 ) ;
#2230 = CARTESIAN_POINT ( 'NONE',  ( -0.6200000000000001066, -1.810000000000000053, 0.000000000000000000 ) ) ;
#2231 = CARTESIAN_POINT ( 'NONE',  ( 1.748382715945129988E-16, -2.000000000000000000, -1.700000000000000178 ) ) ;
#2232 = ORIENTED_EDGE ( 'NONE', *, *, #3455, .F. ) ;
#2233 = EDGE_CURVE ( 'NONE', #2522, #2180, #90, .T. ) ;
#2234 = VECTOR ( 'NONE', #2978, 39.37007874015748143 ) ;
#2235 = CARTESIAN_POINT ( 'NONE',  ( -0.9103170525727850571, -1.865457425513369794, -1.039090327387733437 ) ) ;
#2236 = CARTESIAN_POINT ( 'NONE',  ( -0.9413044969471024981, -2.002533333333333498, -2.129651214676189230 ) ) ;
#2237 = FACE_OUTER_BOUND ( 'NONE', #2102, .T. ) ;
#2238 = ADVANCED_FACE ( 'NONE', ( #2876 ), #1257, .T. ) ;
#2239 = DIRECTION ( 'NONE',  ( 0.000000000000000000, 0.000000000000000000, -1.000000000000000000 ) ) ;
#2240 = ORIENTED_EDGE ( 'NONE', *, *, #509, .T. ) ;
#2241 = VERTEX_POINT ( 'NONE', #389 ) ;
#2242 = EDGE_CURVE ( 'NONE', #1481, #754, #3626, .T. ) ;
#2243 = APPLICATION_PROTOCOL_DEFINITION ( 'draft international standard', 'automotive_design', 1998, #1189 ) ;
#2244 = CARTESIAN_POINT ( 'NONE',  ( 0.6773828247676720871, -1.996752705389974736, -0.9633410561280053575 ) ) ;
#2245 = CARTESIAN_POINT ( 'NONE',  ( 1.872213747497389669, 0.6733561852506200207, 0.5000000000000000000 ) ) ;
#2246 = FACE_OUTER_BOUND ( 'NONE', #1911, .T. ) ;
#2247 = DIRECTION ( 'NONE',  ( 0.000000000000000000, 0.000000000000000000, 1.000000000000000000 ) ) ;
#2248 = DIRECTION ( 'NONE',  ( 0.000000000000000000, 0.000000000000000000, -1.000000000000000000 ) ) ;
#2249 = CARTESIAN_POINT ( 'NONE',  ( 0.7186190520686254191, -1.987784877724027677, -0.8340124143022057401 ) ) ;
#2250 = ORIENTED_EDGE ( 'NONE', *, *, #664, .F. ) ;
#2251 = AXIS2_PLACEMENT_3D ( 'NONE', #1043, #216, #1359 ) ;
#2252 = LINE ( 'NONE', #576, #1403 ) ;
#2253 = CARTESIAN_POINT ( 'NONE',  ( 0.8948774904759712046, -1.882632259983106238, -2.381632001125591813 ) ) ;
#2254 = LINE ( 'NONE', #3149, #3207 ) ;
#2255 = PRODUCT ( '6200K DET B', '6200K DET B', '', ( #3381 ) ) ;
#2256 = DIRECTION ( 'NONE',  ( 0.000000000000000000, 0.000000000000000000, -1.000000000000000000 ) ) ;
#2257 = CARTESIAN_POINT ( 'NONE',  ( 1.000000000000000000, -2.125000000000000000, -1.184611796797789385 ) ) ;
#2258 = CIRCLE ( 'NONE', #1206, 0.6850000000000000533 ) ;
#2259 = CARTESIAN_POINT ( 'NONE',  ( 0.6200000000000001066, -2.000000000000000000, -33.00000000000000000 ) ) ;
#2260 = EDGE_CURVE ( 'NONE', #1879, #1315, #2594, .T. ) ;
#2261 = EDGE_LOOP ( 'NONE', ( #3066, #1934, #3535, #796 ) ) ;
#2262 = AXIS2_PLACEMENT_3D ( 'NONE', #2668, #2385, #1836 ) ;
#2263 = APPLICATION_PROTOCOL_DEFINITION ( 'draft international standard', 'automotive_design', 1998, #2517 ) ;
#2264 = DIRECTION ( 'NONE',  ( 0.000000000000000000, 0.000000000000000000, 1.000000000000000000 ) ) ;
#2265 = DIRECTION ( 'NONE',  ( 0.000000000000000000, 1.000000000000000000, 0.000000000000000000 ) ) ;
#2266 = EDGE_LOOP ( 'NONE', ( #522, #1084, #901, #429 ) ) ;
#2267 =( LENGTH_UNIT ( ) NAMED_UNIT ( * ) SI_UNIT ( $, .METRE. ) );
#2268 = CARTESIAN_POINT ( 'NONE',  ( 0.9121746125226930513, -1.788333333333330888, -2.385794485169141943 ) ) ;
#2269 = FILL_AREA_STYLE_COLOUR ( '', #3334 ) ;
#2270 = DIRECTION ( 'NONE',  ( 0.000000000000000000, 0.000000000000000000, -1.000000000000000000 ) ) ;
#2271 = EDGE_LOOP ( 'NONE', ( #242, #2123, #1596, #1611 ) ) ;
#2272 = VECTOR ( 'NONE', #1413, 39.37007874015748143 ) ;
#2273 = DIRECTION ( 'NONE',  ( 1.000000000000000000, -2.465190328815662439E-32, -5.300563685180870638E-16 ) ) ;
#2274 = CARTESIAN_POINT ( 'NONE',  ( -0.3100000000000000533, -1.810000000000000053, 0.000000000000000000 ) ) ;
#2275 = CARTESIAN_POINT ( 'NONE',  ( -1.000000000000000000, -1.873333333333330852, -1.700000000000000178 ) ) ;
#2276 = LINE ( 'NONE', #3395, #257 ) ;
#2277 = DIRECTION ( 'NONE',  ( -9.990758376829299075E-17, 1.000000000000000000, 0.000000000000000000 ) ) ;
#2278 = CARTESIAN_POINT ( 'NONE',  ( 0.7886217522030535276, -1.960539195834837711, -1.085123186518885730 ) ) ;
#2279 = DIRECTION ( 'NONE',  ( -1.232595164407830946E-31, -1.000000000000000000, 0.000000000000000000 ) ) ;
#2280 = VERTEX_POINT ( 'NONE', #698 ) ;
#2281 = ADVANCED_FACE ( 'NONE', ( #3441 ), #2372, .T. ) ;
#2282 = CARTESIAN_POINT ( 'NONE',  ( -0.5153882032022079063, -1.000000000000000000, 0.000000000000000000 ) ) ;
#2283 = CARTESIAN_POINT ( 'NONE',  ( 0.9106735687649296640, -1.865884649987468169, -1.039251034023934928 ) ) ;
#2284 = PRODUCT_DEFINITION_SHAPE ( 'NONE', 'NONE',  #3638 ) ;
#2285 = ORIENTED_EDGE ( 'NONE', *, *, #2211, .F. ) ;
#2286 = CARTESIAN_POINT ( 'NONE',  ( 1.000000000000000000, -1.619999999999999885, -1.184611796797789385 ) ) ;
#2287 = CARTESIAN_POINT ( 'NONE',  ( 0.000000000000000000, 0.000000000000000000, -0.07499999999999988620 ) ) ;
#2288 = DIRECTION ( 'NONE',  ( 1.000000000000000000, 0.000000000000000000, 0.000000000000000000 ) ) ;
#2289 = VECTOR ( 'NONE', #713, 39.37007874015748143 ) ;
#2290 = CARTESIAN_POINT ( 'NONE',  ( 0.8050648231323220827, -2.124800778113933308, -2.486980792160338627 ) ) ;
#2291 = CARTESIAN_POINT ( 'NONE',  ( 0.3491617515972896268, -2.124917471370695754, -0.6302897644144497269 ) ) ;
#2292 = CARTESIAN_POINT ( 'NONE',  ( -0.7211075579487146170, -2.003800000000000470, -0.9952943682523013313 ) ) ;
#2293 =( BOUNDED_CURVE ( )  B_SPLINE_CURVE ( 2, ( #2450, #3263, #2754 ),
 .UNSPECIFIED., .F., .T. ) 
 B_SPLINE_CURVE_WITH_KNOTS ( ( 3, 3 ),
 ( 3.433733292793690328, 5.379483920505780503 ),
 .UNSPECIFIED. ) 
 CURVE ( )  GEOMETRIC_REPRESENTATION_ITEM ( )  RATIONAL_B_SPLINE_CURVE ( ( 1.109402099056649993, 1.085697807977680007, 1.000000000000000000 ) ) 
 REPRESENTATION_ITEM ( '' )  );
#2294 = FACE_OUTER_BOUND ( 'NONE', #1328, .T. ) ;
#2295 = DIRECTION ( 'NONE',  ( 1.079248590089589989E-16, -1.000000000000000000, 0.000000000000000000 ) ) ;
#2296 = ORIENTED_EDGE ( 'NONE', *, *, #3204, .T. ) ;
#2297 = LENGTH_MEASURE_WITH_UNIT ( LENGTH_MEASURE( 0.02539999999999999897 ), #3027 );
#2298 = CARTESIAN_POINT ( 'NONE',  ( -0.7608583018541187348, -1.973004154543586797, -1.051018720630624737 ) ) ;
#2299 = CARTESIAN_POINT ( 'NONE',  ( 0.8099999999999999423, -1.619999999999999885, 0.000000000000000000 ) ) ;
#2300 = CARTESIAN_POINT ( 'NONE',  ( 0.9926365314291855091, -1.695806271884532146, -1.170525076285430455 ) ) ;
#2301 = ADVANCED_FACE ( 'NONE', ( #715 ), #1312, .F. ) ;
#2302 = ORIENTED_EDGE ( 'NONE', *, *, #215, .T. ) ;
#2303 = DIRECTION ( 'NONE',  ( 0.000000000000000000, 0.000000000000000000, -1.000000000000000000 ) ) ;
#2304 = DIRECTION ( 'NONE',  ( 0.000000000000000000, 0.000000000000000000, 1.000000000000000000 ) ) ;
#2305 = CARTESIAN_POINT ( 'NONE',  ( 0.6200000000000001066, 2.000000000000000000, 0.000000000000000000 ) ) ;
#2306 = EDGE_CURVE ( 'NONE', #2406, #2968, #3019, .T. ) ;
#2307 = CARTESIAN_POINT ( 'NONE',  ( 0.6200000000000001066, -1.619999999999999885, 0.000000000000000000 ) ) ;
#2308 = CARTESIAN_POINT ( 'NONE',  ( 6.140212531884542640E-13, -2.124961118771768742, -2.824961118771768032 ) ) ;
#2309 = LINE ( 'NONE', #674, #3087 ) ;
#2310 = CARTESIAN_POINT ( 'NONE',  ( -0.8394341312469401073, -1.930489381229780754, -2.243740771859499716 ) ) ;
#2311 = AXIS2_PLACEMENT_3D ( 'NONE', #2812, #2510, #249 ) ;
#2312 = CARTESIAN_POINT ( 'NONE',  ( -0.06778625250261023638, -1.776643814749382155, 0.000000000000000000 ) ) ;
#2313 = CARTESIAN_POINT ( 'NONE',  ( -1.000000000000000000, -2.000000000000000000, -1.700000000000000178 ) ) ;
#2314 = VECTOR ( 'NONE', #2561, 39.37007874015748143 ) ;
#2315 = ORIENTED_EDGE ( 'NONE', *, *, #40, .F. ) ;
#2316 = LINE ( 'NONE', #681, #1920 ) ;
#2317 = LINE ( 'NONE', #2375, #1145 ) ;
#2318 = ORIENTED_EDGE ( 'NONE', *, *, #2889, .F. ) ;
#2319 = CARTESIAN_POINT ( 'NONE',  ( -0.5153882032022079063, -1.000000000000000000, 0.9350000000000000533 ) ) ;
#2320 = CARTESIAN_POINT ( 'NONE',  ( 0.6200000000000001066, 1.619999999999999885, 0.000000000000000000 ) ) ;
#2321 = CARTESIAN_POINT ( 'NONE',  ( -1.067786252502610278, 0.9733561852506201761, 0.000000000000000000 ) ) ;
#2322 = PRODUCT_DEFINITION_FORMATION_WITH_SPECIFIED_SOURCE ( 'ANY', '', #1672, .NOT_KNOWN. ) ;
#2323 = AXIS2_PLACEMENT_3D ( 'NONE', #1195, #2647, #2330 ) ;
#2324 = EDGE_LOOP ( 'NONE', ( #240, #76, #3363, #2601 ) ) ;
#2325 = CARTESIAN_POINT ( 'NONE',  ( -0.6600871431009687207, -2.125000000000000000, -0.7877402100171656540 ) ) ;
#2326 = CARTESIAN_POINT ( 'NONE',  ( 0.6200000000000001066, -1.810000000000000053, 0.000000000000000000 ) ) ;
#2327 = MANIFOLD_SOLID_BREP ( 'Weld[3]', #2764 ) ;
#2328 = EDGE_CURVE ( 'NONE', #1552, #3622, #1636, .T. ) ;
#2329 = CIRCLE ( 'NONE', #740, 0.3800000000000000600 ) ;
#2330 = DIRECTION ( 'NONE',  ( 0.000000000000000000, 0.000000000000000000, -1.000000000000000000 ) ) ;
#2331 = CARTESIAN_POINT ( 'NONE',  ( -0.9791593888997341955, -1.744133619042599115, -1.903090243938901249 ) ) ;
#2332 = CARTESIAN_POINT ( 'NONE',  ( -0.6200000000000001066, -2.000000000000000000, 0.000000000000000000 ) ) ;
#2333 = VERTEX_POINT ( 'NONE', #1086 ) ;
#2334 =( LENGTH_UNIT ( ) NAMED_UNIT ( * ) SI_UNIT ( $, .METRE. ) );
#2335 = DIRECTION ( 'NONE',  ( 0.000000000000000000, 0.000000000000000000, -1.000000000000000000 ) ) ;
#2336 = DIRECTION ( 'NONE',  ( -1.000000000000000000, 0.000000000000000000, 0.000000000000000000 ) ) ;
#2337 = VERTEX_POINT ( 'NONE', #584 ) ;
#2338 = CYLINDRICAL_SURFACE ( 'NONE', #271, 0.1900000000000000300 ) ;
#2339 = CARTESIAN_POINT ( 'NONE',  ( 0.5156313066184228244, -2.041666666666669183, -0.6923325206019449451 ) ) ;
#2340 = FACE_OUTER_BOUND ( 'NONE', #519, .T. ) ;
#2341 = ORIENTED_EDGE ( 'NONE', *, *, #2083, .F. ) ;
#2342 = ADVANCED_FACE ( 'NONE', ( #3604 ), #1402, .F. ) ;
#2343 = CARTESIAN_POINT ( 'NONE',  ( 0.8981642062595053266, -2.124840788338760333, -2.377600663626675992 ) ) ;
#2344 = DIRECTION ( 'NONE',  ( 0.000000000000000000, 0.000000000000000000, 1.000000000000000000 ) ) ;
#2345 = MANIFOLD_SOLID_BREP ( 'Solid1[1]', #1295 ) ;
#2346 = DIRECTION ( 'NONE',  ( -5.357418791895920110E-16, 2.464952215218540271E-31, 1.000000000000000000 ) ) ;
#2347 = EDGE_CURVE ( 'NONE', #805, #2280, #3323, .T. ) ;
#2348 = CARTESIAN_POINT ( 'NONE',  ( -0.9760390065596410425, -1.752801836838610239, -1.917577656148462539 ) ) ;
#2349 =( NAMED_UNIT ( * ) SI_UNIT ( $, .STERADIAN. ) SOLID_ANGLE_UNIT ( ) );
#2350 = FACE_OUTER_BOUND ( 'NONE', #2324, .T. ) ;
#2351 = ORIENTED_EDGE ( 'NONE', *, *, #1955, .F. ) ;
#2352 = EDGE_CURVE ( 'NONE', #3458, #205, #673, .T. ) ;
#2353 =( NAMED_UNIT ( * ) SI_UNIT ( $, .STERADIAN. ) SOLID_ANGLE_UNIT ( ) );
#2354 = CARTESIAN_POINT ( 'NONE',  ( -0.8674442432193167907, -1.999875154412513956, -2.202881142612786114 ) ) ;
#2355 = CARTESIAN_POINT ( 'NONE',  ( 0.000000000000000000, 0.000000000000000000, 0.000000000000000000 ) ) ;
#2356 = ORIENTED_EDGE ( 'NONE', *, *, #1967, .T. ) ;
#2357 = DIRECTION ( 'NONE',  ( 0.000000000000000000, -1.000000000000000000, 0.000000000000000000 ) ) ;
#2358 = CARTESIAN_POINT ( 'NONE',  ( -0.4634469599276339058, -2.125000000000000000, -0.6578667069481476393 ) ) ;
#2359 = VECTOR ( 'NONE', #2247, 39.37007874015748143 ) ;
#2360 = ORIENTED_EDGE ( 'NONE', *, *, #2233, .T. ) ;
#2361 = PLANE ( 'NONE',  #1015 ) ;
#2362 = CARTESIAN_POINT ( 'NONE',  ( 1.000000000000000000, -1.619999999999999885, -1.528180262172850634 ) ) ;
#2363 = CARTESIAN_POINT ( 'NONE',  ( -0.6200000000000001066, -1.873333333333330852, -0.9153981901626772055 ) ) ;
#2364 = ADVANCED_FACE ( 'NONE', ( #875 ), #1960, .F. ) ;
#2365 = CARTESIAN_POINT ( 'NONE',  ( -0.9781252003647578075, -1.747096497330657083, -1.908036610948779410 ) ) ;
#2366 = UNCERTAINTY_MEASURE_WITH_UNIT (LENGTH_MEASURE( 1.000000000000000082E-05 ), #1062, 'distance_accuracy_value', 'NONE');
#2367 = DIRECTION ( 'NONE',  ( 1.000000000000000000, 0.000000000000000000, 0.000000000000000000 ) ) ;
#2368 = AXIS2_PLACEMENT_3D ( 'NONE', #1101, #540, #267 ) ;
#2369 = EDGE_CURVE ( 'NONE', #2468, #408, #128, .T. ) ;
#2370 = VERTEX_POINT ( 'NONE', #386 ) ;
#2371 = CIRCLE ( 'NONE', #786, 1.000000000000000000 ) ;
#2372 = PLANE ( 'NONE',  #978 ) ;
#2373 = VECTOR ( 'NONE', #2762, 39.37007874015748143 ) ;
#2374 = EDGE_CURVE ( 'NONE', #2025, #1595, #2590, .T. ) ;
#2375 = CARTESIAN_POINT ( 'NONE',  ( -0.6200000000000001066, -2.000000000000000000, 0.000000000000000000 ) ) ;
#2376 = VERTEX_POINT ( 'NONE', #1476 ) ;
#2377 = CARTESIAN_POINT ( 'NONE',  ( -0.4634469599276339058, -2.000000000000000000, -0.6578667069481476393 ) ) ;
#2378 = ORIENTED_EDGE ( 'NONE', *, *, #2780, .F. ) ;
#2379 = LINE ( 'NONE', #1755, #2014 ) ;
#2380 = DIRECTION ( 'NONE',  ( -1.000000000000000000, 0.000000000000000000, 0.000000000000000000 ) ) ;
#2381 = CARTESIAN_POINT ( 'NONE',  ( -1.000000000000000000, -2.001266666666666971, -1.700000000000000178 ) ) ;
#2382 = CIRCLE ( 'NONE', #2394, 0.3800000000000000600 ) ;
#2383 = CARTESIAN_POINT ( 'NONE',  ( -0.7848364641801353070, -1.962581795987449862, -2.505901376301553629 ) ) ;
#2384 = LINE ( 'NONE', #2423, #1551 ) ;
#2385 = DIRECTION ( 'NONE',  ( 0.000000000000000000, 0.000000000000000000, 1.000000000000000000 ) ) ;
#2386 = MANIFOLD_SOLID_BREP ( 'Weld[6]', #3348 ) ;
#2387 = ORIENTED_EDGE ( 'NONE', *, *, #888, .T. ) ;
#2388 = VECTOR ( 'NONE', #659, 39.37007874015748143 ) ;
#2389 = EDGE_CURVE ( 'NONE', #3538, #172, #1752, .T. ) ;
#2390 =( NAMED_UNIT ( * ) PLANE_ANGLE_UNIT ( ) SI_UNIT ( $, .RADIAN. ) );
#2391 = LINE ( 'NONE', #108, #1638 ) ;
#2392 = DIRECTION ( 'NONE',  ( 0.000000000000000000, 0.000000000000000000, -1.000000000000000000 ) ) ;
#2393 = ORIENTED_EDGE ( 'NONE', *, *, #2374, .T. ) ;
#2394 = AXIS2_PLACEMENT_3D ( 'NONE', #871, #1954, #1995 ) ;
#2395 = DIRECTION ( 'NONE',  ( 0.000000000000000000, 1.000000000000000000, 0.000000000000000000 ) ) ;
#2396 = CARTESIAN_POINT ( 'NONE',  ( 0.5156313066184228244, -2.000000000000000000, -0.6923325206019449451 ) ) ;
#2397 = VERTEX_POINT ( 'NONE', #1529 ) ;
#2398 =( LENGTH_UNIT ( ) NAMED_UNIT ( * ) SI_UNIT ( $, .METRE. ) );
#2399 = CARTESIAN_POINT ( 'NONE',  ( -0.6200000000000002176, -2.125000000000000000, -2.638735852090461353 ) ) ;
#2400 = CARTESIAN_POINT ( 'NONE',  ( 1.000000000000000000, -1.873333333333330852, -1.871819737827149721 ) ) ;
#2401 = CARTESIAN_POINT ( 'NONE',  ( -0.6200000000000001066, -2.000000000000000000, -33.00000000000000000 ) ) ;
#2402 = UNCERTAINTY_MEASURE_WITH_UNIT (LENGTH_MEASURE( 1.000000000000000082E-05 ), #2042, 'distance_accuracy_value', 'NONE');
#2403 = CARTESIAN_POINT ( 'NONE',  ( -0.7759248448734156201, -1.966569893697817539, -1.069144753462880626 ) ) ;
#2404 = CARTESIAN_POINT ( 'NONE',  ( 0.9572566233073973585, -1.999772134881887764, -1.998237076923885081 ) ) ;
#2405 = DIRECTION ( 'NONE',  ( 0.000000000000000000, -1.000000000000000000, 0.000000000000000000 ) ) ;
#2406 = VERTEX_POINT ( 'NONE', #2332 ) ;
#2407 = DIRECTION ( 'NONE',  ( 1.000000000000000000, 0.000000000000000000, 0.000000000000000000 ) ) ;
#2408 = CARTESIAN_POINT ( 'NONE',  ( 0.9826187482226986791, -1.733711584527029892, -1.514271892801808628 ) ) ;
#2409 = EDGE_LOOP ( 'NONE', ( #1512, #27, #2209, #2532 ) ) ;
#2410 = EDGE_LOOP ( 'NONE', ( #2190, #1560, #2119, #502 ) ) ;
#2411 = DIMENSIONAL_EXPONENTS ( 1.000000000000000000, 0.000000000000000000, 0.000000000000000000, 0.000000000000000000, 0.000000000000000000, 0.000000000000000000, 0.000000000000000000 ) ;
#2412 = VERTEX_POINT ( 'NONE', #3438 ) ;
#2413 = B_SPLINE_CURVE_WITH_KNOTS ( 'NONE', 3,
 ( #160, #3237, #1607, #462, #1307, #1909, #1272, #1326, #2404, #2169, #3014, #2722 ),
 .UNSPECIFIED., .F., .F.,
 ( 4, 2, 2, 2, 2, 4 ),
 ( 0.000000000000000000, 0.005693836458588200262, 0.008540754687882300827, 0.01138767291717640052, 0.01708150937576461553, 0.02277534583435283574 ),
 .UNSPECIFIED. ) ;
#2414 = CARTESIAN_POINT ( 'NONE',  ( 0.9557158376390136878, -1.798438678975174954, -1.994872347419466063 ) ) ;
#2415 = DIRECTION ( 'NONE',  ( 1.000000000000000000, 0.000000000000000000, 5.357418791895920110E-16 ) ) ;
#2416 = ORIENTED_EDGE ( 'NONE', *, *, #1849, .F. ) ;
#2417 = PRESENTATION_STYLE_ASSIGNMENT (( #476 ) ) ;
#2418 = LINE ( 'NONE', #2683, #464 ) ;
#2419 = MANIFOLD_SOLID_BREP ( 'Weld[2]', #350 ) ;
#2420 = EDGE_CURVE ( 'NONE', #1830, #295, #893, .T. ) ;
#2421 = CARTESIAN_POINT ( 'NONE',  ( -1.000000000000000000, -2.000000000000000000, -1.528180262172850634 ) ) ;
#2422 = DIRECTION ( 'NONE',  ( 0.000000000000000000, -1.000000000000000000, 0.000000000000000000 ) ) ;
#2423 = CARTESIAN_POINT ( 'NONE',  ( 0.6200000000000001066, 2.000000000000000000, -33.00000000000000000 ) ) ;
#2424 = LINE ( 'NONE', #1569, #3023 ) ;
#2425 = CARTESIAN_POINT ( 'NONE',  ( 0.6200000000000001066, 1.619999999999999885, 0.000000000000000000 ) ) ;
#2426 = ORIENTED_EDGE ( 'NONE', *, *, #2589, .F. ) ;
#2427 =( GEOMETRIC_REPRESENTATION_CONTEXT ( 3 ) GLOBAL_UNCERTAINTY_ASSIGNED_CONTEXT ( ( #2366 ) ) GLOBAL_UNIT_ASSIGNED_CONTEXT ( ( #1062, #2795, #2994 ) ) REPRESENTATION_CONTEXT ( 'NONE', 'WORKASPACE' ) );
#2428 = CARTESIAN_POINT ( 'NONE',  ( -1.385193085993463093E-16, 2.000000000000000444, -32.21999999999999886 ) ) ;
#2429 = CARTESIAN_POINT ( 'NONE',  ( 1.000000000000000000, -1.619999999999999885, -1.699999999999600497 ) ) ;
#2430 = ORIENTED_EDGE ( 'NONE', *, *, #2932, .F. ) ;
#2431 = ORIENTED_EDGE ( 'NONE', *, *, #1161, .T. ) ;
#2432 = CARTESIAN_POINT ( 'NONE',  ( 0.9747634549161855455, -1.756176284443730529, -1.923227733288611851 ) ) ;
#2433 = CARTESIAN_POINT ( 'NONE',  ( -0.2173794025258019291, -2.124881672253617015, -0.5949832895428865953 ) ) ;
#2434 = AXIS2_PLACEMENT_3D ( 'NONE', #608, #300, #2004 ) ;
#2435 = VERTEX_POINT ( 'NONE', #3197 ) ;
#2436 =( CONVERSION_BASED_UNIT ( 'INCH', #3528 ) LENGTH_UNIT ( ) NAMED_UNIT ( #403 ) );
#2437 = CARTESIAN_POINT ( 'NONE',  ( -1.067786252502610278, 0.9733561852506201761, 0.5000000000000000000 ) ) ;
#2438 = CARTESIAN_POINT ( 'NONE',  ( 0.6200000000000001066, -2.000000000000000000, -2.484601809837319042 ) ) ;
#2439 = CARTESIAN_POINT ( 'NONE',  ( -1.000000000000000444, -1.635703193496704788, -2.215388203202209638 ) ) ;
#2440 = ADVANCED_FACE ( 'NONE', ( #3145 ), #913, .F. ) ;
#2441 = CARTESIAN_POINT ( 'NONE',  ( 0.9859118541177727124, -1.723492199950259263, -2.241881859009837719 ) ) ;
#2442 = CARTESIAN_POINT ( 'NONE',  ( 1.000000000000000000, -2.125000000000000444, -1.184611796797789829 ) ) ;
#2443 = ORIENTED_EDGE ( 'NONE', *, *, #439, .T. ) ;
#2444 = VECTOR ( 'NONE', #2219, 39.37007874015748143 ) ;
#2445 = LENGTH_MEASURE_WITH_UNIT ( LENGTH_MEASURE( 0.02539999999999999897 ), #239 );
#2446 = EDGE_LOOP ( 'NONE', ( #630, #2815, #3256, #3554 ) ) ;
#2447 = VECTOR ( 'NONE', #1719, 39.37007874015748143 ) ;
#2448 = ORIENTED_EDGE ( 'NONE', *, *, #1704, .F. ) ;
#2449 = CARTESIAN_POINT ( 'NONE',  ( 1.000000000000000000, -1.619999999999999885, 0.000000000000000000 ) ) ;
#2450 = CARTESIAN_POINT ( 'NONE',  ( 0.5153882032022071291, 1.000000000000000000, 0.9350000000000000533 ) ) ;
#2451 = ORIENTED_EDGE ( 'NONE', *, *, #2389, .F. ) ;
#2452 = CARTESIAN_POINT ( 'NONE',  ( -1.000000000000000000, 1.619999999999999885, -33.00000000000000000 ) ) ;
#2453 = CARTESIAN_POINT ( 'NONE',  ( -1.000000000000000000, -1.873333333333330852, -1.528180262172850634 ) ) ;
#2454 = EDGE_CURVE ( 'NONE', #1050, #337, #2413, .T. ) ;
#2455 = CARTESIAN_POINT ( 'NONE',  ( 0.8099999999999999423, -0.8099999999999999423, -33.00000000000000000 ) ) ;
#2456 = FILL_AREA_STYLE ('',( #1606 ) ) ;
#2457 = CARTESIAN_POINT ( 'NONE',  ( -0.8247688120279739188, -2.000024303263444381, -1.133218445481028569 ) ) ;
#2458 = CARTESIAN_POINT ( 'NONE',  ( 1.872213747497389669, 0.6733561852506200207, 0.000000000000000000 ) ) ;
#2459 = VECTOR ( 'NONE', #1511, 39.37007874015748143 ) ;
#2460 = EDGE_CURVE ( 'NONE', #3458, #2435, #3068, .T. ) ;
#2461 = ORIENTED_EDGE ( 'NONE', *, *, #241, .T. ) ;
#2462 = CARTESIAN_POINT ( 'NONE',  ( 0.9758911938375871564, -1.753197160206059202, -1.481760761654914660 ) ) ;
#2463 = ORIENTED_EDGE ( 'NONE', *, *, #594, .T. ) ;
#2464 = ADVANCED_FACE ( 'NONE', ( #764 ), #785, .F. ) ;
#2465 = ORIENTED_EDGE ( 'NONE', *, *, #1204, .F. ) ;
#2466 = PLANE ( 'NONE',  #808 ) ;
#2467 = CARTESIAN_POINT ( 'NONE',  ( -0.1366920993377437332, -2.124967864940523476, -0.5830366135175063524 ) ) ;
#2468 = VERTEX_POINT ( 'NONE', #1545 ) ;
#2469 = DIRECTION ( 'NONE',  ( 0.000000000000000000, 0.000000000000000000, -1.000000000000000000 ) ) ;
#2470 = DIRECTION ( 'NONE',  ( 0.000000000000000000, 0.000000000000000000, 1.000000000000000000 ) ) ;
#2471 = CARTESIAN_POINT ( 'NONE',  ( 0.9996556270561005597, -1.636174203060399623, -33.00000000000000000 ) ) ;
#2472 = PLANE ( 'NONE',  #1424 ) ;
#2473 = DIRECTION ( 'NONE',  ( 0.000000000000000000, 0.000000000000000000, -1.000000000000000000 ) ) ;
#2474 = EDGE_CURVE ( 'NONE', #1386, #1481, #1872, .T. ) ;
#2475 = ORIENTED_EDGE ( 'NONE', *, *, #2125, .T. ) ;
#2476 = DIRECTION ( 'NONE',  ( 0.000000000000000000, 0.000000000000000000, 1.000000000000000000 ) ) ;
#2477 = CARTESIAN_POINT ( 'NONE',  ( 0.9867226026046913567, -1.720026280605760460, -1.536971515737721727 ) ) ;
#2478 = LINE ( 'NONE', #640, #2934 ) ;
#2479 = ORIENTED_EDGE ( 'NONE', *, *, #2460, .T. ) ;
#2480 = CARTESIAN_POINT ( 'NONE',  ( 1.000000000000000000, -1.788333333333330888, -2.215388203202208750 ) ) ;
#2481 = ADVANCED_FACE ( 'NONE', ( #3253 ), #1003, .T. ) ;
#2482 = CARTESIAN_POINT ( 'NONE',  ( 0.6200000000000001066, -1.788333333333330888, -0.7612641479095413333 ) ) ;
#2483 = LINE ( 'NONE', #1093, #1020 ) ;
#2484 = STYLED_ITEM ( 'NONE', ( #2417 ), #3597 ) ;
#2485 = ORIENTED_EDGE ( 'NONE', *, *, #2306, .T. ) ;
#2486 = DIRECTION ( 'NONE',  ( 0.000000000000000000, 0.000000000000000000, -1.000000000000000000 ) ) ;
#2487 = CIRCLE ( 'NONE', #960, 1.125000000000000000 ) ;
#2488 = CARTESIAN_POINT ( 'NONE',  ( -1.000000000000000000, -1.746666666666669254, -1.828864803370358061 ) ) ;
#2489 = STYLED_ITEM ( 'NONE', ( #1944 ), #2345 ) ;
#2490 = DIRECTION ( 'NONE',  ( 3.594536833768766614E-16, 1.000000000000000000, 0.000000000000000000 ) ) ;
#2491 = DIRECTION ( 'NONE',  ( 0.000000000000000000, 0.000000000000000000, -1.000000000000000000 ) ) ;
#2492 = CARTESIAN_POINT ( 'NONE',  ( 0.6850000000000000533, -8.388830574159370615E-17, 0.000000000000000000 ) ) ;
#2493 = ORIENTED_EDGE ( 'NONE', *, *, #575, .T. ) ;
#2494 = FILL_AREA_STYLE ('',( #3401 ) ) ;
#2495 = DIRECTION ( 'NONE',  ( -1.000000000000000000, -1.232595164407830946E-31, 2.471628097242615192E-31 ) ) ;
#2496 = AXIS2_PLACEMENT_3D ( 'NONE', #1048, #2476, #1610 ) ;
#2497 = CIRCLE ( 'NONE', #3564, 0.3800000000000000600 ) ;
#2498 = ORIENTED_EDGE ( 'NONE', *, *, #655, .T. ) ;
#2499 = EDGE_CURVE ( 'NONE', #1705, #2206, #2487, .T. ) ;
#2500 = DIRECTION ( 'NONE',  ( 0.000000000000000000, 0.000000000000000000, -1.000000000000000000 ) ) ;
#2501 = CYLINDRICAL_SURFACE ( 'NONE', #162, 0.3800000000000000600 ) ;
#2502 = VECTOR ( 'NONE', #1075, 39.37007874015748143 ) ;
#2503 = B_SPLINE_CURVE_WITH_KNOTS ( 'NONE', 3,
 ( #2308, #1453, #2569, #890, #2813, #3161, #1767, #3470, #1234, #1798, #943, #2399 ),
 .UNSPECIFIED., .F., .F.,
 ( 4, 2, 2, 2, 2, 4 ),
 ( 0.01669295528012110230, 0.02086910891259365075, 0.02504526254506619573, 0.02713333936130246302, 0.02922141617753873377, 0.03339756981001126834 ),
 .UNSPECIFIED. ) ;
#2504 = CARTESIAN_POINT ( 'NONE',  ( 0.5261384858741463555, -2.124915726328900245, -2.695799507182262023 ) ) ;
#2505 = VERTEX_POINT ( 'NONE', #2706 ) ;
#2506 = CARTESIAN_POINT ( 'NONE',  ( 1.000000000000019762, 2.080000000000000071, -31.43999999999999773 ) ) ;
#2507 = B_SPLINE_CURVE_WITH_KNOTS ( 'NONE', 3,
 ( #1293, #3534, #1590, #3032, #3553, #2707, #1645, #1004, #180, #1025, #2763, #2442 ),
 .UNSPECIFIED., .F., .F.,
 ( 4, 2, 2, 2, 2, 4 ),
 ( 0.000000000000000000, 0.003647858226729723888, 0.005471787340094588434, 0.007295716453459454715, 0.01094357468018917513, 0.01459143290691889902 ),
 .UNSPECIFIED. ) ;
#2508 = CARTESIAN_POINT ( 'NONE',  ( -0.9413044969471024981, -2.001266666666666971, -2.129651214676189230 ) ) ;
#2509 = EDGE_CURVE ( 'NONE', #3183, #2899, #2424, .T. ) ;
#2510 = DIRECTION ( 'NONE',  ( 1.062428206736969878E-29, 2.911939140901450616E-29, 1.000000000000000000 ) ) ;
#2511 = AXIS2_PLACEMENT_3D ( 'NONE', #3546, #537, #780 ) ;
#2512 = CARTESIAN_POINT ( 'NONE',  ( -0.6200000000000001066, 1.619999999999999885, -33.00000000000000000 ) ) ;
#2513 = DIRECTION ( 'NONE',  ( 0.000000000000000000, 0.000000000000000000, -1.000000000000000000 ) ) ;
#2514 = ORIENTED_EDGE ( 'NONE', *, *, #2174, .F. ) ;
#2515 = DIRECTION ( 'NONE',  ( -5.357418791895920110E-16, 0.000000000000000000, 1.000000000000000000 ) ) ;
#2516 = ORIENTED_EDGE ( 'NONE', *, *, #2785, .T. ) ;
#2517 = APPLICATION_CONTEXT ( 'automotive_design' ) ;
#2518 = CARTESIAN_POINT ( 'NONE',  ( 0.2806140907754078873, -2.000000000000000000, -2.805377179710421665 ) ) ;
#2519 = LINE ( 'NONE', #2002, #2359 ) ;
#2520 = CARTESIAN_POINT ( 'NONE',  ( 1.000000000000000000, -2.125000000000000000, -1.184611796797789385 ) ) ;
#2521 = CARTESIAN_POINT ( 'NONE',  ( 0.9990045866881386294, -1.651349834057841637, -1.182669546778248648 ) ) ;
#2522 = VERTEX_POINT ( 'NONE', #3552 ) ;
#2523 = AXIS2_PLACEMENT_3D ( 'NONE', #2425, #728, #3255 ) ;
#2524 = CARTESIAN_POINT ( 'NONE',  ( -0.8868575924807431399, -1.890769270314060391, -1.007974376531298955 ) ) ;
#2525 = EDGE_CURVE ( 'NONE', #2541, #2241, #727, .T. ) ;
#2526 = FACE_OUTER_BOUND ( 'NONE', #1803, .T. ) ;
#2527 = CARTESIAN_POINT ( 'NONE',  ( -1.000000000000000000, -2.002533333333333498, -1.700000000000000178 ) ) ;
#2528 = CARTESIAN_POINT ( 'NONE',  ( -0.9124592066200620799, -2.124863591714212685, -1.041736836919157305 ) ) ;
#2529 = CARTESIAN_POINT ( 'NONE',  ( 0.3753359665569976356, -2.124914620908330498, -0.6391942434115391869 ) ) ;
#2530 = EDGE_CURVE ( 'NONE', #2241, #981, #3162, .T. ) ;
#2531 = DIRECTION ( 'NONE',  ( 1.000000000000000000, 9.270305856177588894E-17, 0.000000000000000000 ) ) ;
#2532 = ORIENTED_EDGE ( 'NONE', *, *, #3379, .T. ) ;
#2533 = PRODUCT_CONTEXT ( 'NONE', #1706, 'mechanical' ) ;
#2534 = CARTESIAN_POINT ( 'NONE',  ( 1.748382715945129988E-16, -2.000000000000000000, -1.700000000000000178 ) ) ;
#2535 = AXIS2_PLACEMENT_3D ( 'NONE', #3049, #1658, #250 ) ;
#2536 = DIRECTION ( 'NONE',  ( -1.000000000000000000, 0.000000000000000000, 0.000000000000000000 ) ) ;
#2537 = SURFACE_STYLE_FILL_AREA ( #626 ) ;
#2538 = CARTESIAN_POINT ( 'NONE',  ( 0.9121746125226930513, -1.956666666666669441, -2.385794485169141943 ) ) ;
#2539 =( LENGTH_UNIT ( ) NAMED_UNIT ( * ) SI_UNIT ( $, .METRE. ) );
#2540 = CARTESIAN_POINT ( 'NONE',  ( -0.6200000000000001066, -1.619999999999999885, 0.000000000000000000 ) ) ;
#2541 = VERTEX_POINT ( 'NONE', #1708 ) ;
#2542 = VECTOR ( 'NONE', #1643, 39.37007874015748143 ) ;
#2543 = CARTESIAN_POINT ( 'NONE',  ( -0.9926219982656548924, -1.695861497763760939, -1.170498455079576727 ) ) ;
#2544 = DIRECTION ( 'NONE',  ( -1.000000000000000000, -7.189073667537533228E-16, 0.000000000000000000 ) ) ;
#2545 = CARTESIAN_POINT ( 'NONE',  ( -0.6200000000000001066, 2.040000000000000036, -31.43999999999999773 ) ) ;
#2546 = PRODUCT ( '6200K WELDS REF', '6200K WELDS REF', '', ( #822 ) ) ;
#2547 = VECTOR ( 'NONE', #456, 39.37007874015748143 ) ;
#2548 = DIRECTION ( 'NONE',  ( 0.000000000000000000, 0.000000000000000000, 1.000000000000000000 ) ) ;
#2549 = CARTESIAN_POINT ( 'NONE',  ( 0.5261356713553446696, -2.124957193138804712, -0.7041584200187254172 ) ) ;
#2550 = VECTOR ( 'NONE', #712, 39.37007874015748143 ) ;
#2551 = DIRECTION ( 'NONE',  ( 2.819972122492139751E-16, 1.000000000000000000, 0.000000000000000000 ) ) ;
#2552 =( BOUNDED_CURVE ( )  B_SPLINE_CURVE ( 2, ( #1144, #1, #1681 ),
 .UNSPECIFIED., .F., .T. ) 
 B_SPLINE_CURVE_WITH_KNOTS ( ( 3, 3 ),
 ( 5.379483920505780503, 7.325234548217870234 ),
 .UNSPECIFIED. ) 
 CURVE ( )  GEOMETRIC_REPRESENTATION_ITEM ( )  RATIONAL_B_SPLINE_CURVE ( ( 1.000000000000000000, 1.085697807977689999, 1.109402099056649993 ) ) 
 REPRESENTATION_ITEM ( '' )  );
#2553 = MECHANICAL_DESIGN_GEOMETRIC_PRESENTATION_REPRESENTATION (  '', ( #2489 ), #1147 ) ;
#2554 = ADVANCED_FACE ( 'NONE', ( #1992 ), #29, .T. ) ;
#2555 = CONTEXT_DEPENDENT_SHAPE_REPRESENTATION ( #3514, #1728 ) ;
#2556 = CARTESIAN_POINT ( 'NONE',  ( -0.8045319903532445194, -2.124809391091300625, -2.486447229270941861 ) ) ;
#2557 = CARTESIAN_POINT ( 'NONE',  ( 0.8099999999999999423, -0.8099999999999999423, 0.000000000000000000 ) ) ;
#2558 = ORIENTED_EDGE ( 'NONE', *, *, #2077, .F. ) ;
#2559 = CARTESIAN_POINT ( 'NONE',  ( 0.6794650386636960082, -1.999999999999998890, -0.9623880434987736043 ) ) ;
#2560 = CARTESIAN_POINT ( 'NONE',  ( -0.6200000000000001066, -2.000000000000000000, -33.00000000000000000 ) ) ;
#2561 = DIRECTION ( 'NONE',  ( 1.000000000000000000, 9.270305856177588894E-17, 0.000000000000000000 ) ) ;
#2562 = ORIENTED_EDGE ( 'NONE', *, *, #2129, .F. ) ;
#2563 = VECTOR ( 'NONE', #1796, 39.37007874015748143 ) ;
#2564 = CARTESIAN_POINT ( 'NONE',  ( -0.9677261184444970743, -1.773769542255378084, -1.126267702456138053 ) ) ;
#2565 = DIRECTION ( 'NONE',  ( -1.000000000000000000, 0.000000000000000000, 0.000000000000000000 ) ) ;
#2566 = CARTESIAN_POINT ( 'NONE',  ( -1.000000000000000000, -2.125000000000000000, -2.215388203202208750 ) ) ;
#2567 = AXIS2_PLACEMENT_3D ( 'NONE', #1515, #2654, #125 ) ;
#2568 = CARTESIAN_POINT ( 'NONE',  ( -0.6200000000000001066, -2.000000000000000000, 0.000000000000000000 ) ) ;
#2569 = CARTESIAN_POINT ( 'NONE',  ( -0.1093746124426130395, -2.124908472395963699, -2.820898692309546707 ) ) ;
#2570 = EDGE_CURVE ( 'NONE', #2997, #685, #3411, .T. ) ;
#2571 = DIRECTION ( 'NONE',  ( 0.000000000000000000, 0.000000000000000000, -1.000000000000000000 ) ) ;
#2572 = EDGE_CURVE ( 'NONE', #3223, #2406, #1264, .T. ) ;
#2573 = LINE ( 'NONE', #1124, #1766 ) ;
#2574 = ORIENTED_EDGE ( 'NONE', *, *, #2057, .F. ) ;
#2575 = LENGTH_MEASURE_WITH_UNIT ( LENGTH_MEASURE( 0.02539999999999999897 ), #2267 );
#2576 = CARTESIAN_POINT ( 'NONE',  ( -0.9052580821496540864, -1.871053484991287652, -1.275150821992911299 ) ) ;
#2577 = CARTESIAN_POINT ( 'NONE',  ( 0.7799664863037972795, -1.788333333333330888, -0.8669160427290394377 ) ) ;
#2578 = EDGE_CURVE ( 'NONE', #1381, #1122, #885, .T. ) ;
#2579 = CARTESIAN_POINT ( 'NONE',  ( 0.6200000000000001066, -1.619999999999999885, 0.000000000000000000 ) ) ;
#2580 = VECTOR ( 'NONE', #367, 39.37007874015748143 ) ;
#2581 = ORIENTED_EDGE ( 'NONE', *, *, #799, .T. ) ;
#2582 = CARTESIAN_POINT ( 'NONE',  ( -0.8948774904759706494, -1.882632259983106238, -1.018367998874409208 ) ) ;
#2583 = PLANE ( 'NONE',  #3138 ) ;
#2584 = CARTESIAN_POINT ( 'NONE',  ( 0.6200000000000001066, -2.000000000000000000, -2.484601809837319042 ) ) ;
#2585 = CARTESIAN_POINT ( 'NONE',  ( 0.8530280502816889321, -2.124800764913963302, -2.433548050737528001 ) ) ;
#2586 = CARTESIAN_POINT ( 'NONE',  ( -0.2425356250361009047, 1.000000000000000888, 1.060000000000000941 ) ) ;
#2587 = CARTESIAN_POINT ( 'NONE',  ( -0.6200000000000001066, -2.003800000000000470, -0.9153981901626772055 ) ) ;
#2588 = CARTESIAN_POINT ( 'NONE',  ( -0.9317632086692090310, -1.837535875845838662, -2.063433681379615248 ) ) ;
#2589 = EDGE_CURVE ( 'NONE', #840, #2653, #3116, .T. ) ;
#2590 = LINE ( 'NONE', #2871, #2678 ) ;
#2591 = CARTESIAN_POINT ( 'NONE',  ( 0.000000000000000000, 0.000000000000000000, 1.060000000000000053 ) ) ;
#2592 = ORIENTED_EDGE ( 'NONE', *, *, #1188, .F. ) ;
#2593 = CARTESIAN_POINT ( 'NONE',  ( -0.1573548923377250108, -2.000000000000000000, -2.820849537255228245 ) ) ;
#2594 = LINE ( 'NONE', #427, #1335 ) ;
#2595 = DIRECTION ( 'NONE',  ( 0.000000000000000000, 0.000000000000000000, -1.000000000000000000 ) ) ;
#2596 = ORIENTED_EDGE ( 'NONE', *, *, #1046, .T. ) ;
#2597 = ADVANCED_FACE ( 'NONE', ( #65 ), #1360, .T. ) ;
#2598 = DIRECTION ( 'NONE',  ( 0.000000000000000000, 0.000000000000000000, 1.000000000000000000 ) ) ;
#2599 = LINE ( 'NONE', #49, #1441 ) ;
#2600 = DIRECTION ( 'NONE',  ( 1.000000000000000000, 0.000000000000000000, 0.000000000000000000 ) ) ;
#2601 = ORIENTED_EDGE ( 'NONE', *, *, #124, .T. ) ;
#2602 = DIRECTION ( 'NONE',  ( 0.000000000000000000, 0.000000000000000000, -1.000000000000000000 ) ) ;
#2603 = CARTESIAN_POINT ( 'NONE',  ( 0.2702213261967864044, -2.124926693329415528, -0.6066295695267437393 ) ) ;
#2604 = CARTESIAN_POINT ( 'NONE',  ( 0.5153882032022079063, -1.000000000000000000, 0.9350000000000000533 ) ) ;
#2605 =( GEOMETRIC_REPRESENTATION_CONTEXT ( 3 ) GLOBAL_UNCERTAINTY_ASSIGNED_CONTEXT ( ( #1787 ) ) GLOBAL_UNIT_ASSIGNED_CONTEXT ( ( #2756, #1462, #1184 ) ) REPRESENTATION_CONTEXT ( 'NONE', 'WORKASPACE' ) );
#2606 = CARTESIAN_POINT ( 'NONE',  ( -0.9757783191151079283, -1.753498304942825214, -1.918743247612422875 ) ) ;
#2607 = CONICAL_SURFACE ( 'NONE', #2671, 1.062500000000000222, 0.7853981633974476129 ) ;
#2608 =( NAMED_UNIT ( * ) PLANE_ANGLE_UNIT ( ) SI_UNIT ( $, .RADIAN. ) );
#2609 = LINE ( 'NONE', #71, #171 ) ;
#2610 = CIRCLE ( 'NONE', #3078, 0.6850000000000000533 ) ;
#2611 = ORIENTED_EDGE ( 'NONE', *, *, #3251, .F. ) ;
#2612 = CARTESIAN_POINT ( 'NONE',  ( -0.7327675701999818436, -1.999835398111630358, -2.384444144260108978 ) ) ;
#2613 = CARTESIAN_POINT ( 'NONE',  ( -0.2837870538090520034, -2.041666666666669183, -2.810173443830870088 ) ) ;
#2614 = ADVANCED_FACE ( 'NONE', ( #326 ), #1450, .T. ) ;
#2615 = ORIENTED_EDGE ( 'NONE', *, *, #1387, .T. ) ;
#2616 = CARTESIAN_POINT ( 'NONE',  ( -0.7799999999999993605, -0.7800000000000020250, -0.07499999999999988620 ) ) ;
#2617 = CARTESIAN_POINT ( 'NONE',  ( 1.572213747497389846, 0.9733561852506201761, 0.5000000000000000000 ) ) ;
#2618 = EDGE_CURVE ( 'NONE', #2730, #2191, #2599, .T. ) ;
#2619 = CARTESIAN_POINT ( 'NONE',  ( -0.7499999999999823475, -2.000000000000000000, -31.43999999999999773 ) ) ;
#2620 =( GEOMETRIC_REPRESENTATION_CONTEXT ( 3 ) GLOBAL_UNCERTAINTY_ASSIGNED_CONTEXT ( ( #1270 ) ) GLOBAL_UNIT_ASSIGNED_CONTEXT ( ( #2157, #3035, #517 ) ) REPRESENTATION_CONTEXT ( 'NONE', 'WORKASPACE' ) );
#2621 = VECTOR ( 'NONE', #910, 39.37007874015748143 ) ;
#2622 = ORIENTED_EDGE ( 'NONE', *, *, #3185, .F. ) ;
#2623 = CARTESIAN_POINT ( 'NONE',  ( 0.6200000000000001066, -1.619999999999999885, -31.43999999999999773 ) ) ;
#2624 = DIRECTION ( 'NONE',  ( 0.000000000000000000, 1.000000000000000000, 0.000000000000000000 ) ) ;
#2625 = AXIS2_PLACEMENT_3D ( 'NONE', #414, #2357, #3225 ) ;
#2626 = ADVANCED_FACE ( 'NONE', ( #2007 ), #79, .T. ) ;
#2627 = CARTESIAN_POINT ( 'NONE',  ( 0.6200000000000001066, 1.810000000000000053, 0.000000000000000000 ) ) ;
#2628 = CARTESIAN_POINT ( 'NONE',  ( -0.5156313066184228244, -2.083333333333330817, -2.707667479398051302 ) ) ;
#2629 = UNCERTAINTY_MEASURE_WITH_UNIT (LENGTH_MEASURE( 1.000000000000000082E-05 ), #1770, 'distance_accuracy_value', 'NONE');
#2630 = CARTESIAN_POINT ( 'NONE',  ( -1.000000000000000000, -2.125000000000000000, -2.215388203202208750 ) ) ;
#2631 = FACE_OUTER_BOUND ( 'NONE', #223, .T. ) ;
#2632 = VERTEX_POINT ( 'NONE', #1468 ) ;
#2633 = CARTESIAN_POINT ( 'NONE',  ( -0.9914471843102178328, -1.999954514795290184, -1.850141183139464962 ) ) ;
#2634 = CARTESIAN_POINT ( 'NONE',  ( 1.000000000000019762, 2.080000000000000071, -31.43999999999999773 ) ) ;
#2635 = ORIENTED_EDGE ( 'NONE', *, *, #658, .F. ) ;
#2636 = ORIENTED_EDGE ( 'NONE', *, *, #1120, .F. ) ;
#2637 = B_SPLINE_CURVE_WITH_KNOTS ( 'NONE', 3,
 ( #2804, #1128, #1444, #277, #1736, #2783, #2857, #1683, #879, #1407, #2559, #1369 ),
 .UNSPECIFIED., .F., .F.,
 ( 4, 2, 2, 2, 2, 4 ),
 ( 0.000000000000000000, 0.005694456934199568048, 0.008541685401299342964, 0.01138891386839911875, 0.01708337080259865123, 0.02277782773679818198 ),
 .UNSPECIFIED. ) ;
#2638 = LINE ( 'NONE', #1794, #2976 ) ;
#2639 = CARTESIAN_POINT ( 'NONE',  ( -0.1587349916327909505, -2.000000000000000000, -0.5524336365865094578 ) ) ;
#2640 = ADVANCED_FACE ( 'NONE', ( #2526 ), #2583, .T. ) ;
#2641 = CLOSED_SHELL ( 'NONE', ( #620, #1233, #3245, #616, #373, #1990, #2912, #1524, #2038, #2809, #1744, #2187, #2464, #545, #2301, #1943, #1901, #2342 ) ) ;
#2642 = ORIENTED_EDGE ( 'NONE', *, *, #12, .F. ) ;
#2643 = APPLICATION_CONTEXT ( 'automotive_design' ) ;
#2644 = LINE ( 'NONE', #1471, #26 ) ;
#2645 = EDGE_CURVE ( 'NONE', #3208, #840, #1845, .T. ) ;
#2646 = CARTESIAN_POINT ( 'NONE',  ( 1.000000000000000000, -2.001266666666666971, -1.528180262172850634 ) ) ;
#2647 = DIRECTION ( 'NONE',  ( 2.132174043835519824E-16, -1.000000000000000000, 0.000000000000000000 ) ) ;
#2648 = DIRECTION ( 'NONE',  ( 0.000000000000000000, 0.000000000000000000, 1.000000000000000000 ) ) ;
#2649 = EDGE_CURVE ( 'NONE', #770, #2135, #1085, .T. ) ;
#2650 = CARTESIAN_POINT ( 'NONE',  ( -0.8086790217416663928, -1.950694594286286998, -1.110738461253810483 ) ) ;
#2651 = VECTOR ( 'NONE', #3571, 39.37007874015748143 ) ;
#2652 = CARTESIAN_POINT ( 'NONE',  ( -1.000000000000000000, -1.619999999999999885, 0.000000000000000000 ) ) ;
#2653 = VERTEX_POINT ( 'NONE', #2048 ) ;
#2654 = DIRECTION ( 'NONE',  ( 0.000000000000000000, 0.000000000000000000, 1.000000000000000000 ) ) ;
#2655 = CARTESIAN_POINT ( 'NONE',  ( 1.572213747497389846, -1.776643814749382155, 0.000000000000000000 ) ) ;
#2656 = ORIENTED_EDGE ( 'NONE', *, *, #1575, .F. ) ;
#2657 = ORIENTED_EDGE ( 'NONE', *, *, #16, .F. ) ;
#2658 = LINE ( 'NONE', #3483, #1037 ) ;
#2659 = CARTESIAN_POINT ( 'NONE',  ( -0.4634469599276339058, -2.125416666666666732, -0.6578667069481476393 ) ) ;
#2660 = ORIENTED_EDGE ( 'NONE', *, *, #2716, .F. ) ;
#2661 = CARTESIAN_POINT ( 'NONE',  ( 0.000000000000000000, 0.000000000000000000, 1.060000000000000053 ) ) ;
#2662 = CARTESIAN_POINT ( 'NONE',  ( 0.9207171544697027032, -2.003800000000000470, -1.227833269476779510 ) ) ;
#2663 = LINE ( 'NONE', #1489, #1687 ) ;
#2664 = FACE_OUTER_BOUND ( 'NONE', #3083, .T. ) ;
#2665 = UNCERTAINTY_MEASURE_WITH_UNIT (LENGTH_MEASURE( 1.000000000000000082E-05 ), #2099, 'distance_accuracy_value', 'NONE');
#2666 = CARTESIAN_POINT ( 'NONE',  ( 0.6200000000000001066, -1.619999999999999885, -2.638735852090460909 ) ) ;
#2667 = PRESENTATION_LAYER_ASSIGNMENT (  '', '', ( #2012 ) ) ;
#2668 = CARTESIAN_POINT ( 'NONE',  ( 0.000000000000000000, 0.000000000000000000, 0.000000000000000000 ) ) ;
#2669 = DIRECTION ( 'NONE',  ( 0.000000000000000000, 0.000000000000000000, -1.000000000000000000 ) ) ;
#2670 = ORIENTED_EDGE ( 'NONE', *, *, #3299, .F. ) ;
#2671 = AXIS2_PLACEMENT_3D ( 'NONE', #196, #2422, #440 ) ;
#2672 = DIRECTION ( 'NONE',  ( -1.000000000000000000, -2.465190328815662439E-32, -5.300563685180870638E-16 ) ) ;
#2673 = AXIS2_PLACEMENT_3D ( 'NONE', #1763, #2881, #360 ) ;
#2674 = CARTESIAN_POINT ( 'NONE',  ( -0.2837870538090520034, -2.125416666666666732, -2.810173443830870088 ) ) ;
#2675 = ORIENTED_EDGE ( 'NONE', *, *, #2892, .F. ) ;
#2676 = SHAPE_REPRESENTATION ( '6200K WELDS REF', ( #2196 ), #783 ) ;
#2677 = ORIENTED_EDGE ( 'NONE', *, *, #3526, .F. ) ;
#2678 = VECTOR ( 'NONE', #1510, 39.37007874015748143 ) ;
#2679 = PLANE ( 'NONE',  #1691 ) ;
#2680 = CARTESIAN_POINT ( 'NONE',  ( 0.5156313066184228244, -2.125416666666666732, -0.6923325206019449451 ) ) ;
#2681 = ORIENTED_EDGE ( 'NONE', *, *, #2733, .F. ) ;
#2682 =( LENGTH_UNIT ( ) NAMED_UNIT ( * ) SI_UNIT ( $, .METRE. ) );
#2683 = CARTESIAN_POINT ( 'NONE',  ( -0.06778625250261023638, -1.776643814749382155, 0.5000000000000000000 ) ) ;
#2684 = CARTESIAN_POINT ( 'NONE',  ( 1.000000000000000000, -1.619999999999999885, -1.871819737827149721 ) ) ;
#2685 = DIRECTION ( 'NONE',  ( 1.000000000000000000, 9.270305856177588894E-17, 0.000000000000000000 ) ) ;
#2686 = CARTESIAN_POINT ( 'NONE',  ( -0.9757224902774098707, -1.753646973416037147, -1.481007921287965878 ) ) ;
#2687 = AXIS2_PLACEMENT_3D ( 'NONE', #3633, #2006, #3357 ) ;
#2688 = B_SPLINE_CURVE_WITH_KNOTS ( 'NONE', 3,
 ( #3236, #3270, #1463, #967, #121, #2150, #2298, #746, #2403, #1851, #3550, #1528, #2113, #1588, #3422, #2650, #897, #3491, #695, #3512, #2975, #1871, #1756, #338, #1820, #1023, #2940, #2705, #2576, #461, #3215, #441, #178, #3532, #1306, #59, #405, #2954, #711, #1835, #627, #423, #2875, #2686, #1544, #138, #1185, #1271, #159 ),
 .UNSPECIFIED., .F., .F.,
 ( 4, 2, 2, 2, 1, 1, 1, 1, 2, 2, 2, 2, 2, 1, 1, 1, 1, 2, 2, 2, 2, 2, 1, 1, 1, 1, 1, 2, 2, 2, 4 ),
 ( 0.000000000000000000, 0.1250000000000138500, 0.1875000000000207612, 0.2187500000000241474, 0.2343750000000260625, 0.2421875000000271172, 0.2460937500000278944, 0.2480468750000285327, 0.2490234375000288380, 0.2500000000000291434, 0.3750000000000653921, 0.4375000000000835443, 0.4687500000000925371, 0.4843750000000973110, 0.4921875000000996980, 0.4960937500001008083, 0.4980468750001018630, 0.4990234375001022515, 0.5000000000001025846, 0.6250000000001275646, 0.6875000000001402212, 0.7187500000001466605, 0.7343750000001502132, 0.7421875000001521006, 0.7460937500001532108, 0.7480468750001542100, 0.7490234375001545430, 0.7495117187501544320, 0.7500000000001544320, 0.8750000000000771605, 1.000000000000000000 ),
 .UNSPECIFIED. ) ;
#2689 = CARTESIAN_POINT ( 'NONE',  ( 1.000000000000000000, -1.619999999999999885, 0.000000000000000000 ) ) ;
#2690 = CARTESIAN_POINT ( 'NONE',  ( -0.6200000000000001066, -1.810000000000000053, 0.000000000000000000 ) ) ;
#2691 = EDGE_LOOP ( 'NONE', ( #3539, #1519, #1187, #670 ) ) ;
#2692 = EDGE_CURVE ( 'NONE', #2746, #2824, #569, .T. ) ;
#2693 = CARTESIAN_POINT ( 'NONE',  ( 0.9068466722162540350, -1.869238265897041007, -1.278548556327802288 ) ) ;
#2694 = DIRECTION ( 'NONE',  ( 1.136728976842279838E-29, 2.254663031818779746E-28, 1.000000000000000000 ) ) ;
#2695 = ORIENTED_EDGE ( 'NONE', *, *, #2260, .F. ) ;
#2696 = ORIENTED_EDGE ( 'NONE', *, *, #2998, .T. ) ;
#2697 = AXIS2_PLACEMENT_3D ( 'NONE', #2200, #797, #2217 ) ;
#2698 = ADVANCED_FACE ( 'NONE', ( #959 ), #3226, .T. ) ;
#2699 = CARTESIAN_POINT ( 'NONE',  ( 0.6200000000000001066, -2.000000000000000000, -2.484601809837319042 ) ) ;
#2700 = DIRECTION ( 'NONE',  ( 0.000000000000000000, 0.000000000000000000, -1.000000000000000000 ) ) ;
#2701 = ORIENTED_EDGE ( 'NONE', *, *, #1325, .F. ) ;
#2702 = DIRECTION ( 'NONE',  ( 1.000000000000000000, 0.000000000000000000, 0.000000000000000000 ) ) ;
#2703 = CARTESIAN_POINT ( 'NONE',  ( 1.000000000000000000, -2.002533333333333498, -1.700000000000000178 ) ) ;
#2704 = DIRECTION ( 'NONE',  ( 0.000000000000000000, 0.000000000000000000, 1.000000000000000000 ) ) ;
#2705 = CARTESIAN_POINT ( 'NONE',  ( -0.9050940263230731198, -1.871239801582082141, -1.274801601096464232 ) ) ;
#2706 = CARTESIAN_POINT ( 'NONE',  ( -1.000000000000000000, -1.619999999999999885, -33.00000000000000000 ) ) ;
#2707 = CARTESIAN_POINT ( 'NONE',  ( 0.8045319903532444084, -2.124809391091300625, -0.9135527707290591604 ) ) ;
#2708 = ORIENTED_EDGE ( 'NONE', *, *, #2896, .T. ) ;
#2709 = ADVANCED_FACE ( 'NONE', ( #2897 ), #3465, .T. ) ;
#2710 = DIRECTION ( 'NONE',  ( -3.954444852144971014E-16, -0.9999999999999998890, -6.185201384261084444E-17 ) ) ;
#2711 = CARTESIAN_POINT ( 'NONE',  ( 0.8880928881937313335, -1.890573955608468415, -1.238573501007689703 ) ) ;
#2712 = ORIENTED_EDGE ( 'NONE', *, *, #3118, .T. ) ;
#2713 = ORIENTED_EDGE ( 'NONE', *, *, #2827, .F. ) ;
#2714 = CARTESIAN_POINT ( 'NONE',  ( 0.7870518885299254697, -1.961311761500865725, -2.316884208552011160 ) ) ;
#2715 = DIRECTION ( 'NONE',  ( 0.000000000000000000, 0.000000000000000000, 1.000000000000000000 ) ) ;
#2716 = EDGE_CURVE ( 'NONE', #853, #94, #2915, .T. ) ;
#2717 = VERTEX_POINT ( 'NONE', #667 ) ;
#2718 = LINE ( 'NONE', #3059, #3631 ) ;
#2719 = CARTESIAN_POINT ( 'NONE',  ( 0.9207139087409488276, -2.001266666666666971, -2.172165458813468675 ) ) ;
#2720 = LINE ( 'NONE', #2455, #548 ) ;
#2721 = LENGTH_MEASURE_WITH_UNIT ( LENGTH_MEASURE( 0.02539999999999999897 ), #527 );
#2722 = CARTESIAN_POINT ( 'NONE',  ( 1.000000000000000000, -2.000000000000000000, -1.700000000000000178 ) ) ;
#2723 = DIRECTION ( 'NONE',  ( -0.7071067811865469066, 0.7071067811865479058, 0.000000000000000000 ) ) ;
#2724 = EDGE_LOOP ( 'NONE', ( #3026, #1005, #3408, #2596 ) ) ;
#2725 = VECTOR ( 'NONE', #905, 39.37007874015748143 ) ;
#2726 = FILL_AREA_STYLE ('',( #1366 ) ) ;
#2727 = ORIENTED_EDGE ( 'NONE', *, *, #1067, .T. ) ;
#2728 = ORIENTED_EDGE ( 'NONE', *, *, #1167, .T. ) ;
#2729 = CIRCLE ( 'NONE', #133, 0.1900000000000001688 ) ;
#2730 = VERTEX_POINT ( 'NONE', #1227 ) ;
#2731 = VECTOR ( 'NONE', #3201, 39.37007874015748143 ) ;
#2732 = CARTESIAN_POINT ( 'NONE',  ( 0.7709209019383677086, -1.968763716489664306, -2.336939662785461724 ) ) ;
#2733 = EDGE_CURVE ( 'NONE', #2913, #3279, #415, .T. ) ;
#2734 = DIRECTION ( 'NONE',  ( 0.000000000000000000, 0.000000000000000000, -1.000000000000000000 ) ) ;
#2735 = COLOUR_RGB ( '',0.7921568627450980005, 0.8196078431372548767, 0.9333333333333333481 ) ;
#2736 = ORIENTED_EDGE ( 'NONE', *, *, #392, .F. ) ;
#2737 = CARTESIAN_POINT ( 'NONE',  ( -0.6850000000000000533, 0.000000000000000000, 0.000000000000000000 ) ) ;
#2738 = PLANE ( 'NONE',  #1099 ) ;
#2739 = ADVANCED_FACE ( 'NONE', ( #396 ), #2787, .T. ) ;
#2740 = CARTESIAN_POINT ( 'NONE',  ( -1.000000000000000000, -1.619999999999999885, -1.700000000000000178 ) ) ;
#2741 = CARTESIAN_POINT ( 'NONE',  ( -0.7186190520686254191, -1.987784877724029009, -2.565987585697795392 ) ) ;
#2742 = FACE_OUTER_BOUND ( 'NONE', #3521, .T. ) ;
#2743 = EDGE_CURVE ( 'NONE', #20, #2522, #1668, .T. ) ;
#2744 = CARTESIAN_POINT ( 'NONE',  ( 0.9990267431626377315, -1.651105667789623421, -2.217287648218380092 ) ) ;
#2745 = LINE ( 'NONE', #2690, #115 ) ;
#2746 = VERTEX_POINT ( 'NONE', #226 ) ;
#2747 = AXIS2_PLACEMENT_3D ( 'NONE', #1455, #3347, #1158 ) ;
#2748 = SHAPE_REPRESENTATION_RELATIONSHIP ( 'NONE' , 'NONE' ,  #3046, #292 ) ;
#2749 = DIRECTION ( 'NONE',  ( 1.000000000000000000, 0.000000000000000000, 0.000000000000000000 ) ) ;
#2750 = ORIENTED_EDGE ( 'NONE', *, *, #3450, .F. ) ;
#2751 = AXIS2_PLACEMENT_3D ( 'NONE', #589, #1422, #2859 ) ;
#2752 = EDGE_LOOP ( 'NONE', ( #99, #3128, #1739, #2574 ) ) ;
#2753 = FACE_OUTER_BOUND ( 'NONE', #1948, .T. ) ;
#2754 = CARTESIAN_POINT ( 'NONE',  ( 0.000000000000000000, 1.000000000000000000, 1.060000000000000053 ) ) ;
#2755 = ORIENTED_EDGE ( 'NONE', *, *, #2218, .F. ) ;
#2756 =( CONVERSION_BASED_UNIT ( 'INCH', #2297 ) LENGTH_UNIT ( ) NAMED_UNIT ( #3501 ) );
#2757 = PRODUCT_RELATED_PRODUCT_CATEGORY ( 'part', '', ( #2255 ) ) ;
#2758 = CARTESIAN_POINT ( 'NONE',  ( -0.9121746125226930513, -1.956666666666669441, -1.014205514830860411 ) ) ;
#2759 = CARTESIAN_POINT ( 'NONE',  ( -0.6200000000000001066, -2.002533333333333498, -2.484601809837319042 ) ) ;
#2760 = PLANE ( 'NONE',  #322 ) ;
#2761 = PLANE ( 'NONE',  #434 ) ;
#2762 = DIRECTION ( 'NONE',  ( 0.000000000000000000, 0.000000000000000000, 1.000000000000000000 ) ) ;
#2763 = CARTESIAN_POINT ( 'NONE',  ( 0.9779912095523894955, -2.124999999999998668, -1.141908470817750043 ) ) ;
#2764 = CLOSED_SHELL ( 'NONE', ( #1807, #3169, #2739, #2973, #2198, #814, #1548, #1276, #1502, #2008, #3232, #3500 ) ) ;
#2765 = ORIENTED_EDGE ( 'NONE', *, *, #2148, .T. ) ;
#2766 = EDGE_CURVE ( 'NONE', #503, #1497, #1364, .T. ) ;
#2767 = CARTESIAN_POINT ( 'NONE',  ( 0.8292642088158939107, -1.937420492890945978, -1.140886904406432034 ) ) ;
#2768 = ORIENTED_EDGE ( 'NONE', *, *, #1922, .T. ) ;
#2769 = ORIENTED_EDGE ( 'NONE', *, *, #421, .T. ) ;
#2770 = CARTESIAN_POINT ( 'NONE',  ( 0.7608583019045610518, -1.973004154523507525, -2.348981279310782710 ) ) ;
#2771 = CARTESIAN_POINT ( 'NONE',  ( 0.6200000000000002176, -2.125000000000000000, -2.638735852090461353 ) ) ;
#2772 = ORIENTED_EDGE ( 'NONE', *, *, #3043, .F. ) ;
#2773 = CARTESIAN_POINT ( 'NONE',  ( 1.000000000000000000, 1.619999999999999885, -33.00000000000000000 ) ) ;
#2774 = CARTESIAN_POINT ( 'NONE',  ( -0.7548100772649547485, -1.873333333333330852, -2.378073572384492351 ) ) ;
#2775 = CYLINDRICAL_SURFACE ( 'NONE', #3257, 0.3800000000000000600 ) ;
#2776 = ADVANCED_FACE ( 'NONE', ( #3057 ), #535, .T. ) ;
#2777 = DIRECTION ( 'NONE',  ( 1.000000000000000000, -2.819972122492139751E-16, 0.000000000000000000 ) ) ;
#2778 = ORIENTED_EDGE ( 'NONE', *, *, #1601, .T. ) ;
#2779 = CARTESIAN_POINT ( 'NONE',  ( -0.8988782554967427174, -2.124838687002491788, -2.377918625873504777 ) ) ;
#2780 = EDGE_CURVE ( 'NONE', #825, #1618, #1055, .T. ) ;
#2781 = CARTESIAN_POINT ( 'NONE',  ( -0.6200000000000002176, -2.125000000000000000, -2.638735852090461353 ) ) ;
#2782 = ORIENTED_EDGE ( 'NONE', *, *, #75, .F. ) ;
#2783 = CARTESIAN_POINT ( 'NONE',  ( 0.9307629623019364473, -1.999866362549270082, -1.332783796199712212 ) ) ;
#2784 = LINE ( 'NONE', #1823, #1456 ) ;
#2785 = EDGE_CURVE ( 'NONE', #2280, #302, #2293, .T. ) ;
#2786 = CARTESIAN_POINT ( 'NONE',  ( 0.09795228642715807232, -1.818940756034389761, -31.43999999999999773 ) ) ;
#2787 = B_SPLINE_SURFACE_WITH_KNOTS ( 'NONE', 3, 3, ( 
 ( #3206, #170, #1537, #720, #1013, #2122, #130 ),
 ( #376, #1795, #2659, #2358, #1263, #1300, #2377 ),
 ( #939, #97, #2064, #1521, #2105, #980, #2639 ),
 ( #704, #3189, #1828, #2947, #3174, #648, #1780 ),
 ( #432, #1558, #2680, #1500, #1284, #2339, #2396 ),
 ( #3524, #3244, #3006, #3041, #3322, #776, #812 ) ),
 .UNSPECIFIED., .F., .F., .F.,
 ( 4, 1, 1, 4 ),
 ( 4, 3, 4 ),
 ( -0.5836952312336749493, -0.08338503303338219708, 0.2501550991001469937, 0.5836952312336749493 ),
 ( -0.003175000000000040203, 0.000000000000000000, 0.3175000000000040012 ),
 .UNSPECIFIED. ) ;
#2788 = COLOUR_RGB ( '',0.7921568627450980005, 0.8196078431372548767, 0.9333333333333333481 ) ;
#2789 = EDGE_LOOP ( 'NONE', ( #2296, #163, #227, #949 ) ) ;
#2790 = CONICAL_SURFACE ( 'NONE', #1903, 1.062500000000000000, 0.7853981633974476129 ) ;
#2791 = DIRECTION ( 'NONE',  ( 0.000000000000000000, 1.000000000000000000, 0.000000000000000000 ) ) ;
#2792 = AXIS2_PLACEMENT_3D ( 'NONE', #2231, #1423, #629 ) ;
#2793 = CARTESIAN_POINT ( 'NONE',  ( -1.000000000000000000, -2.002533333333333498, -1.828864803370358061 ) ) ;
#2794 = CARTESIAN_POINT ( 'NONE',  ( 0.6200000000000001066, -2.000000000000000000, 0.000000000000000000 ) ) ;
#2795 =( NAMED_UNIT ( * ) PLANE_ANGLE_UNIT ( ) SI_UNIT ( $, .RADIAN. ) );
#2796 = LINE ( 'NONE', #1434, #3034 ) ;
#2797 = ORIENTED_EDGE ( 'NONE', *, *, #1642, .T. ) ;
#2798 = ORIENTED_EDGE ( 'NONE', *, *, #3139, .T. ) ;
#2799 = CARTESIAN_POINT ( 'NONE',  ( 0.7881245338256538391, -1.960784646478240356, -1.084486475347642642 ) ) ;
#2800 = CARTESIAN_POINT ( 'NONE',  ( -1.000000000000000000, -1.619999999999999885, -2.215388203202208750 ) ) ;
#2801 = VECTOR ( 'NONE', #3121, 39.37007874015748143 ) ;
#2802 = ORIENTED_EDGE ( 'NONE', *, *, #1282, .T. ) ;
#2803 = EDGE_CURVE ( 'NONE', #2824, #3622, #2483, .T. ) ;
#2804 = CARTESIAN_POINT ( 'NONE',  ( 1.000000000000000000, -2.000000000000000000, -1.700000000000000178 ) ) ;
#2805 = DIRECTION ( 'NONE',  ( 0.000000000000000000, 0.000000000000000000, -1.000000000000000000 ) ) ;
#2806 = CIRCLE ( 'NONE', #95, 0.3800000000000000600 ) ;
#2807 = CARTESIAN_POINT ( 'NONE',  ( 0.9953297041377067167, -1.681277255307355167, -1.175635876154227377 ) ) ;
#2808 = ORIENTED_EDGE ( 'NONE', *, *, #1725, .T. ) ;
#2809 = ADVANCED_FACE ( 'NONE', ( #244 ), #1635, .T. ) ;
#2810 = CARTESIAN_POINT ( 'NONE',  ( -1.000000000000000222, -1.635750705210387235, -1.184611796797789607 ) ) ;
#2811 = DIRECTION ( 'NONE',  ( 0.9443482561051640412, -0.3289473684210523219, 0.000000000000000000 ) ) ;
#2812 = CARTESIAN_POINT ( 'NONE',  ( 0.5206592618450535115, -1.835200974563641951, -33.00000000000000000 ) ) ;
#2813 = CARTESIAN_POINT ( 'NONE',  ( -0.2702198876813528550, -2.124915177627676233, -2.793358880555426360 ) ) ;
#2814 = DIRECTION ( 'NONE',  ( 0.000000000000000000, 0.000000000000000000, -1.000000000000000000 ) ) ;
#2815 = ORIENTED_EDGE ( 'NONE', *, *, #928, .T. ) ;
#2816 = B_SPLINE_SURFACE_WITH_KNOTS ( 'NONE', 3, 3, ( 
 ( #2049, #3175, #649, #1781 ),
 ( #1501, #2916, #2009, #1722 ),
 ( #2845, #3466, #328, #1451 ),
 ( #2566, #1173, #2837, #3386 ) ),
 .UNSPECIFIED., .F., .F., .F.,
 ( 4, 4 ),
 ( 4, 4 ),
 ( 0.5836952312336749493, 1.094914077134480079 ),
 ( 0.000000000000000000, 1.282699999999999951 ),
 .UNSPECIFIED. ) ;
#2817 = PRODUCT_CONTEXT ( 'NONE', #1517, 'mechanical' ) ;
#2818 = AXIS2_PLACEMENT_3D ( 'NONE', #424, #1198, #787 ) ;
#2819 = DIRECTION ( 'NONE',  ( -1.000000000000000000, 0.000000000000000000, 0.000000000000000000 ) ) ;
#2820 = CARTESIAN_POINT ( 'NONE',  ( -0.7499999999999823475, -2.500000000000000000, -31.43999999999999773 ) ) ;
#2821 = CARTESIAN_POINT ( 'NONE',  ( -0.6199999999999999956, -1.999999999999999334, -2.638735852090460465 ) ) ;
#2822 =( CONVERSION_BASED_UNIT ( 'INCH', #3353 ) LENGTH_UNIT ( ) NAMED_UNIT ( #1196 ) );
#2823 = PLANE ( 'NONE',  #2434 ) ;
#2824 = VERTEX_POINT ( 'NONE', #1056 ) ;
#2825 = CARTESIAN_POINT ( 'NONE',  ( -0.8152914079941653291, -1.946175858948805404, -0.9249615965884987467 ) ) ;
#2826 = DIRECTION ( 'NONE',  ( -1.000000000000000000, -1.232595164407830946E-31, 2.471628097242615192E-31 ) ) ;
#2827 = EDGE_CURVE ( 'NONE', #469, #3202, #3195, .T. ) ;
#2828 = CARTESIAN_POINT ( 'NONE',  ( -0.9413044969471024981, -2.000000000000000000, -2.129651214676189230 ) ) ;
#2829 = DIRECTION ( 'NONE',  ( -2.074744144795999766E-43, 2.254663031818779746E-28, 1.000000000000000000 ) ) ;
#2830 = CARTESIAN_POINT ( 'NONE',  ( -0.6200000000000001066, -2.000000000000000000, -31.43999999999999773 ) ) ;
#2831 = CARTESIAN_POINT ( 'NONE',  ( -1.000000000000000000, 0.000000000000000000, 1.060000000000000053 ) ) ;
#2832 = CONTEXT_DEPENDENT_SHAPE_REPRESENTATION ( #873, #286 ) ;
#2833 = CARTESIAN_POINT ( 'NONE',  ( -0.6982318164065146604, -2.124938508927577629, -2.583320645082357814 ) ) ;
#2834 = VECTOR ( 'NONE', #1398, 39.37007874015748143 ) ;
#2835 = PLANE ( 'NONE',  #1988 ) ;
#2836 = ORIENTED_EDGE ( 'NONE', *, *, #40, .T. ) ;
#2837 = CARTESIAN_POINT ( 'NONE',  ( -1.000000000000000000, -1.788333333333330888, -2.215388203202208750 ) ) ;
#2838 = CARTESIAN_POINT ( 'NONE',  ( 0.9121746125226930513, -1.956666666666669441, -1.014205514830860411 ) ) ;
#2839 = CARTESIAN_POINT ( 'NONE',  ( 0.8618127285608297994, -1.914011755751378052, -0.9766922392851290491 ) ) ;
#2840 = VERTEX_POINT ( 'NONE', #1918 ) ;
#2841 = EDGE_CURVE ( 'NONE', #1481, #1350, #1371, .T. ) ;
#2842 = VECTOR ( 'NONE', #331, 39.37007874015748143 ) ;
#2843 = CARTESIAN_POINT ( 'NONE',  ( -0.7741910727031782180, -1.967511190194319859, -0.8838446884775246204 ) ) ;
#2844 = DIRECTION ( 'NONE',  ( -1.232595164407831165E-31, -1.000000000000000000, -3.654233176604407624E-62 ) ) ;
#2845 = CARTESIAN_POINT ( 'NONE',  ( -0.9121746125226930513, -2.125000000000000000, -2.385794485169141943 ) ) ;
#2846 = PRODUCT_DEFINITION_SHAPE ( 'NONE', 'NONE',  #1829 ) ;
#2847 = VECTOR ( 'NONE', #2256, 39.37007874015748143 ) ;
#2848 = DIRECTION ( 'NONE',  ( 0.000000000000000000, -1.000000000000000000, 0.000000000000000000 ) ) ;
#2849 = EDGE_CURVE ( 'NONE', #2412, #487, #1318, .T. ) ;
#2850 = DIRECTION ( 'NONE',  ( -0.7071067811865480168, -0.7071067811865470176, 0.000000000000000000 ) ) ;
#2851 = VECTOR ( 'NONE', #1900, 39.37007874015748143 ) ;
#2852 = DIRECTION ( 'NONE',  ( 0.000000000000000000, -1.000000000000000000, 0.000000000000000000 ) ) ;
#2853 = EDGE_CURVE ( 'NONE', #1381, #2191, #3094, .T. ) ;
#2854 = FACE_OUTER_BOUND ( 'NONE', #2410, .T. ) ;
#2855 = ORIENTED_EDGE ( 'NONE', *, *, #3295, .F. ) ;
#2856 =( NAMED_UNIT ( * ) PLANE_ANGLE_UNIT ( ) SI_UNIT ( $, .RADIAN. ) );
#2857 = CARTESIAN_POINT ( 'NONE',  ( 0.9163527240535751517, -1.999922144760111431, -1.298078363567125804 ) ) ;
#2858 = B_SPLINE_SURFACE_WITH_KNOTS ( 'NONE', 3, 3, ( 
 ( #2587, #653, #402, #1251, #2363, #693, #1816 ),
 ( #2292, #3415, #891, #2013, #618, #1748, #2992 ),
 ( #744, #510, #999, #1640, #3530, #1848, #494 ),
 ( #2126, #1040, #1322, #2421, #2453, #3233, #437 ),
 ( #1868, #3249, #2381, #723, #176, #1304, #2740 ) ),
 .UNSPECIFIED., .F., .F., .F.,
 ( 4, 1, 4 ),
 ( 4, 3, 4 ),
 ( 0.6687427032023720574, 1.055337113313449926, 1.570796326794899889 ),
 ( -0.009651999999999999122, 0.000000000000000000, 0.9651999999999999469 ),
 .UNSPECIFIED. ) ;
#2859 = DIRECTION ( 'NONE',  ( 3.594536833768766614E-16, 1.000000000000000000, 0.000000000000000000 ) ) ;
#2860 = DIRECTION ( 'NONE',  ( 0.000000000000000000, 0.000000000000000000, -1.000000000000000000 ) ) ;
#2861 = VERTEX_POINT ( 'NONE', #1480 ) ;
#2862 = CONICAL_SURFACE ( 'NONE', #1757, 1.062500000000000000, 0.7853981633974476129 ) ;
#2863 = LINE ( 'NONE', #2506, #2033 ) ;
#2864 = CARTESIAN_POINT ( 'NONE',  ( 0.8618883891246044149, -1.913948799709769055, -2.423217176752824109 ) ) ;
#2865 = CARTESIAN_POINT ( 'NONE',  ( -0.7799999999999993605, -0.7800000000000020250, -0.07499999999999988620 ) ) ;
#2866 = COLOUR_RGB ( '',0.7921568627450980005, 0.8196078431372548767, 0.9333333333333333481 ) ;
#2867 = PRODUCT_RELATED_PRODUCT_CATEGORY ( 'part', '', ( #1672 ) ) ;
#2868 = CARTESIAN_POINT ( 'NONE',  ( 1.125000000000000000, -1.377727649040768938E-16, 0.000000000000000000 ) ) ;
#2869 = PLANE ( 'NONE',  #91 ) ;
#2870 = LINE ( 'NONE', #104, #438 ) ;
#2871 = CARTESIAN_POINT ( 'NONE',  ( -0.8099999999999999423, 1.619999999999999885, 0.000000000000000000 ) ) ;
#2872 = ADVANCED_FACE ( 'NONE', ( #279 ), #844, .F. ) ;
#2873 = ORIENTED_EDGE ( 'NONE', *, *, #1436, .F. ) ;
#2874 = PLANE ( 'NONE',  #77 ) ;
#2875 = CARTESIAN_POINT ( 'NONE',  ( -0.9756739980136250878, -1.753775995267854659, -1.480791964574892150 ) ) ;
#2876 = FACE_OUTER_BOUND ( 'NONE', #2691, .T. ) ;
#2877 = CARTESIAN_POINT ( 'NONE',  ( -0.5153882032022071291, 1.000000000000000000, 1.060000000000000053 ) ) ;
#2878 = CIRCLE ( 'NONE', #3400, 1.000000000000000000 ) ;
#2879 = EDGE_LOOP ( 'NONE', ( #809, #1256, #416, #1400 ) ) ;
#2880 = FACE_OUTER_BOUND ( 'NONE', #3591, .T. ) ;
#2881 = DIRECTION ( 'NONE',  ( 0.000000000000000000, 0.000000000000000000, -1.000000000000000000 ) ) ;
#2882 = LINE ( 'NONE', #2865, #2091 ) ;
#2883 = ORIENTED_EDGE ( 'NONE', *, *, #164, .F. ) ;
#2884 = DIRECTION ( 'NONE',  ( -9.270305856177588894E-17, 1.000000000000000000, 3.504833317489690111E-32 ) ) ;
#2885 = DIRECTION ( 'NONE',  ( 0.000000000000000000, 0.000000000000000000, -1.000000000000000000 ) ) ;
#2886 = CARTESIAN_POINT ( 'NONE',  ( 0.5153882032022079063, -1.000000000000000000, 1.060000000000000053 ) ) ;
#2887 = DIMENSIONAL_EXPONENTS ( 1.000000000000000000, 0.000000000000000000, 0.000000000000000000, 0.000000000000000000, 0.000000000000000000, 0.000000000000000000, 0.000000000000000000 ) ;
#2888 = CARTESIAN_POINT ( 'NONE',  ( -0.5156313066184228244, -2.041666666666669183, -2.707667479398051302 ) ) ;
#2889 = EDGE_CURVE ( 'NONE', #1334, #1447, #1112, .T. ) ;
#2890 = SURFACE_STYLE_FILL_AREA ( #3456 ) ;
#2891 = ORIENTED_EDGE ( 'NONE', *, *, #3113, .F. ) ;
#2892 = EDGE_CURVE ( 'NONE', #1050, #989, #724, .T. ) ;
#2893 = CARTESIAN_POINT ( 'NONE',  ( -1.000000000000000000, 1.619999999999999885, 0.000000000000000000 ) ) ;
#2894 = CARTESIAN_POINT ( 'NONE',  ( -0.2837870538090520034, -2.125000000000000000, -2.810173443830870088 ) ) ;
#2895 = ORIENTED_EDGE ( 'NONE', *, *, #3608, .F. ) ;
#2896 = EDGE_CURVE ( 'NONE', #110, #1074, #2258, .T. ) ;
#2897 = FACE_OUTER_BOUND ( 'NONE', #2175, .T. ) ;
#2898 = CARTESIAN_POINT ( 'NONE',  ( 0.6200000000000002176, -2.000000000000000000, -2.638735852090461353 ) ) ;
#2899 = VERTEX_POINT ( 'NONE', #62 ) ;
#2900 = AXIS2_PLACEMENT_3D ( 'NONE', #2022, #3148, #2367 ) ;
#2901 = DIRECTION ( 'NONE',  ( 0.000000000000000000, 0.000000000000000000, -1.000000000000000000 ) ) ;
#2902 = CARTESIAN_POINT ( 'NONE',  ( 0.9207171544697027032, -1.873333333333330852, -1.227833269476779510 ) ) ;
#2903 = FACE_OUTER_BOUND ( 'NONE', #933, .T. ) ;
#2904 =( GEOMETRIC_REPRESENTATION_CONTEXT ( 3 ) GLOBAL_UNCERTAINTY_ASSIGNED_CONTEXT ( ( #2402 ) ) GLOBAL_UNIT_ASSIGNED_CONTEXT ( ( #2042, #1222, #1514 ) ) REPRESENTATION_CONTEXT ( 'NONE', 'WORKASPACE' ) );
#2905 = CARTESIAN_POINT ( 'NONE',  ( -0.9055760666219260235, -1.870691715048635517, -2.124171365377685916 ) ) ;
#2906 = CARTESIAN_POINT ( 'NONE',  ( 0.000000000000000000, 1.000000000000000000, 1.060000000000000053 ) ) ;
#2907 = VECTOR ( 'NONE', #2151, 39.37007874015748143 ) ;
#2908 = ORIENTED_EDGE ( 'NONE', *, *, #575, .F. ) ;
#2909 = CARTESIAN_POINT ( 'NONE',  ( -0.8274964567656613035, -1.999772134881887986, -2.266158291432936345 ) ) ;
#2910 = CARTESIAN_POINT ( 'NONE',  ( 0.1587255113405909579, -2.083333333333330817, -2.847539770816130300 ) ) ;
#2911 = ORIENTED_EDGE ( 'NONE', *, *, #1811, .T. ) ;
#2912 = ADVANCED_FACE ( 'NONE', ( #1759 ), #5, .T. ) ;
#2913 = VERTEX_POINT ( 'NONE', #1701 ) ;
#2914 = CARTESIAN_POINT ( 'NONE',  ( 1.000000000000000000, 1.619999999999999885, 0.000000000000000000 ) ) ;
#2915 = LINE ( 'NONE', #2617, #1905 ) ;
#2916 = CARTESIAN_POINT ( 'NONE',  ( -0.7799664863037972795, -1.956666666666669441, -2.533083957270960251 ) ) ;
#2917 = CIRCLE ( 'NONE', #973, 0.1900000000000000300 ) ;
#2918 = ADVANCED_FACE ( 'NONE', ( #1738 ), #2823, .T. ) ;
#2919 = VERTEX_POINT ( 'NONE', #46 ) ;
#2920 = CARTESIAN_POINT ( 'NONE',  ( -0.8099999999999999423, -1.619999999999999885, 0.000000000000000000 ) ) ;
#2921 = CARTESIAN_POINT ( 'NONE',  ( -0.7499999999999803491, -2.000000000000000000, -33.00000000000000000 ) ) ;
#2922 = CARTESIAN_POINT ( 'NONE',  ( 1.872213747497389669, -1.476643814749380113, 0.000000000000000000 ) ) ;
#2923 = CARTESIAN_POINT ( 'NONE',  ( -0.7967236314390852003, -1.956428646398731486, -2.304368481860221252 ) ) ;
#2924 = PRESENTATION_STYLE_ASSIGNMENT (( #2094 ) ) ;
#2925 = CARTESIAN_POINT ( 'NONE',  ( 0.6200000000000001066, 1.619999999999999885, -33.00000000000000000 ) ) ;
#2926 = ORIENTED_EDGE ( 'NONE', *, *, #2260, .T. ) ;
#2927 = CARTESIAN_POINT ( 'NONE',  ( -0.7800000000000000266, 0.7800000000000020250, -0.07499999999999988620 ) ) ;
#2928 = CARTESIAN_POINT ( 'NONE',  ( 0.6200000000000001066, -2.125000000000000000, -2.638735852090460909 ) ) ;
#2929 = ORIENTED_EDGE ( 'NONE', *, *, #1237, .T. ) ;
#2930 = ORIENTED_EDGE ( 'NONE', *, *, #2454, .F. ) ;
#2931 = PLANE ( 'NONE',  #2625 ) ;
#2932 = EDGE_CURVE ( 'NONE', #2337, #1879, #1149, .T. ) ;
#2933 = DIRECTION ( 'NONE',  ( 0.000000000000000000, -1.000000000000000000, 2.911939140901450616E-29 ) ) ;
#2934 = VECTOR ( 'NONE', #2074, 39.37007874015748143 ) ;
#2935 = VERTEX_POINT ( 'NONE', #590 ) ;
#2936 = CARTESIAN_POINT ( 'NONE',  ( 1.000000000000000000, -2.000000000000000000, -1.700000000000000178 ) ) ;
#2937 = ADVANCED_FACE ( 'NONE', ( #3424 ), #2024, .F. ) ;
#2938 = CARTESIAN_POINT ( 'NONE',  ( 1.125000000000000000, -1.377727649040768938E-16, 0.9350000000000000533 ) ) ;
#2939 = CARTESIAN_POINT ( 'NONE',  ( -0.9057879836746542956, -1.870450103231066974, -2.123718891996763336 ) ) ;
#2940 = CARTESIAN_POINT ( 'NONE',  ( -0.9048236944943355287, -1.871546227955623642, -1.274226993956206311 ) ) ;
#2941 =( NAMED_UNIT ( * ) SI_UNIT ( $, .STERADIAN. ) SOLID_ANGLE_UNIT ( ) );
#2942 = VERTEX_POINT ( 'NONE', #862 ) ;
#2943 = CARTESIAN_POINT ( 'NONE',  ( 0.6200000000000001066, 1.810000000000000053, 0.000000000000000000 ) ) ;
#2944 = CARTESIAN_POINT ( 'NONE',  ( -0.2837870538090520034, -2.125833333333333464, -2.810173443830870088 ) ) ;
#2945 = ORIENTED_EDGE ( 'NONE', *, *, #2347, .T. ) ;
#2946 = DIRECTION ( 'NONE',  ( 0.000000000000000000, -0.7071067811865479058, -0.7071067811865469066 ) ) ;
#2947 = CARTESIAN_POINT ( 'NONE',  ( 0.2837848072024649615, -2.125000000000000000, -0.5898127711672409568 ) ) ;
#2948 = ORIENTED_EDGE ( 'NONE', *, *, #3517, .F. ) ;
#2949 =( NAMED_UNIT ( * ) PLANE_ANGLE_UNIT ( ) SI_UNIT ( $, .RADIAN. ) );
#2950 = CARTESIAN_POINT ( 'NONE',  ( -6.208636787100850267E-13, -2.124980696790421231, -0.5750193032095782808 ) ) ;
#2951 = CARTESIAN_POINT ( 'NONE',  ( 1.000000000000000000, -1.746666666666669254, -1.871819737827149721 ) ) ;
#2952 = CARTESIAN_POINT ( 'NONE',  ( -0.9512740431532104024, -1.807873893528755715, -2.300841492817009115 ) ) ;
#2953 = PRODUCT_DEFINITION_CONTEXT ( 'detailed design', #2643, 'design' ) ;
#2954 = CARTESIAN_POINT ( 'NONE',  ( -0.9737701802243275973, -1.758747948798272231, -1.472461090392405580 ) ) ;
#2955 = CARTESIAN_POINT ( 'NONE',  ( 0.000000000000000000, 0.000000000000000000, 0.000000000000000000 ) ) ;
#2956 = VECTOR ( 'NONE', #1504, 39.37007874015748143 ) ;
#2957 = CARTESIAN_POINT ( 'NONE',  ( 1.872213747497389669, -1.476643814749380113, 0.5000000000000000000 ) ) ;
#2958 = ORIENTED_EDGE ( 'NONE', *, *, #878, .T. ) ;
#2959 = EDGE_CURVE ( 'NONE', #2824, #1695, #3513, .T. ) ;
#2960 = AXIS2_PLACEMENT_3D ( 'NONE', #1305, #1565, #2685 ) ;
#2961 =( NAMED_UNIT ( * ) SI_UNIT ( $, .STERADIAN. ) SOLID_ANGLE_UNIT ( ) );
#2962 =( NAMED_UNIT ( * ) SI_UNIT ( $, .STERADIAN. ) SOLID_ANGLE_UNIT ( ) );
#2963 = DIRECTION ( 'NONE',  ( 1.000000000000000000, 0.000000000000000000, 0.000000000000000000 ) ) ;
#2964 = EDGE_LOOP ( 'NONE', ( #845, #2431, #2, #3199, #2798, #2808, #465, #2186 ) ) ;
#2965 = EDGE_LOOP ( 'NONE', ( #918, #2143, #3302, #749 ) ) ;
#2966 = DIRECTION ( 'NONE',  ( 0.000000000000000000, 0.000000000000000000, 1.000000000000000000 ) ) ;
#2967 = CARTESIAN_POINT ( 'NONE',  ( -0.09369810114518584143, -2.000000000000000000, -0.5789147053079882754 ) ) ;
#2968 = VERTEX_POINT ( 'NONE', #2045 ) ;
#2969 = CARTESIAN_POINT ( 'NONE',  ( -0.06778625250261023638, -1.776643814749382155, 0.000000000000000000 ) ) ;
#2970 = FACE_OUTER_BOUND ( 'NONE', #646, .T. ) ;
#2971 = AXIS2_PLACEMENT_3D ( 'NONE', #3294, #3602, #3635 ) ;
#2972 = CARTESIAN_POINT ( 'NONE',  ( 0.7211075579487146170, -2.001266666666666971, -2.404705631747700689 ) ) ;
#2973 = ADVANCED_FACE ( 'NONE', ( #992 ), #953, .F. ) ;
#2974 = PLANE ( 'NONE',  #2960 ) ;
#2975 = CARTESIAN_POINT ( 'NONE',  ( -0.8876048340743889487, -1.889869236616641412, -1.239322675116751427 ) ) ;
#2976 = VECTOR ( 'NONE', #2395, 39.37007874015748143 ) ;
#2977 = DIRECTION ( 'NONE',  ( -1.000000000000000000, 0.000000000000000000, 0.000000000000000000 ) ) ;
#2978 = DIRECTION ( 'NONE',  ( 0.000000000000000000, 0.000000000000000000, 1.000000000000000000 ) ) ;
#2979 = VERTEX_POINT ( 'NONE', #145 ) ;
#2980 = CARTESIAN_POINT ( 'NONE',  ( 0.2233561852506299183, 2.080000000000000071, -32.50778625250259779 ) ) ;
#2981 =( CONVERSION_BASED_UNIT ( 'INCH', #2445 ) LENGTH_UNIT ( ) NAMED_UNIT ( #2035 ) );
#2982 = EDGE_CURVE ( 'NONE', #2935, #1386, #669, .T. ) ;
#2983 = ORIENTED_EDGE ( 'NONE', *, *, #102, .T. ) ;
#2984 = VERTEX_POINT ( 'NONE', #1792 ) ;
#2985 = ORIENTED_EDGE ( 'NONE', *, *, #2499, .F. ) ;
#2986 = VECTOR ( 'NONE', #2486, 39.37007874015748143 ) ;
#2987 = CARTESIAN_POINT ( 'NONE',  ( 0.6200000000000001066, -2.125000000000000000, -0.7612641479095413333 ) ) ;
#2988 = CARTESIAN_POINT ( 'NONE',  ( 0.3488802744855878379, -2.124771905468590738, -2.769644718499272518 ) ) ;
#2989 = ORIENTED_EDGE ( 'NONE', *, *, #1623, .T. ) ;
#2990 = LINE ( 'NONE', #2108, #3075 ) ;
#2991 = CARTESIAN_POINT ( 'NONE',  ( -0.6200000000000001066, -2.018750000000000266, -0.7612641479095413333 ) ) ;
#2992 = CARTESIAN_POINT ( 'NONE',  ( -0.7211075579487146170, -1.619999999999999885, -0.9952943682523013313 ) ) ;
#2993 = CARTESIAN_POINT ( 'NONE',  ( -0.9106735687649296640, -1.865884649987468169, -2.360748965976066316 ) ) ;
#2994 =( NAMED_UNIT ( * ) SI_UNIT ( $, .STERADIAN. ) SOLID_ANGLE_UNIT ( ) );
#2995 = CARTESIAN_POINT ( 'NONE',  ( 1.000000000000000222, -1.635750705210386569, -2.215388203202209638 ) ) ;
#2996 = CARTESIAN_POINT ( 'NONE',  ( 0.6200000000000001066, -2.037500000000000089, -2.638735852090460909 ) ) ;
#2997 = VERTEX_POINT ( 'NONE', #2655 ) ;
#2998 = EDGE_CURVE ( 'NONE', #529, #2717, #2610, .T. ) ;
#2999 = VECTOR ( 'NONE', #1853, 39.37007874015748854 ) ;
#3000 = CARTESIAN_POINT ( 'NONE',  ( 0.9317632086725406992, -1.837535875840930366, -1.336566318632968375 ) ) ;
#3001 = ORIENTED_EDGE ( 'NONE', *, *, #3048, .F. ) ;
#3002 = ORIENTED_EDGE ( 'NONE', *, *, #1340, .T. ) ;
#3003 = ORIENTED_EDGE ( 'NONE', *, *, #1237, .F. ) ;
#3004 = ADVANCED_FACE ( 'NONE', ( #3481 ), #2079, .T. ) ;
#3005 = CARTESIAN_POINT ( 'NONE',  ( 0.9048236945688928889, -1.871546227871202728, -2.125773005885466027 ) ) ;
#3006 = CARTESIAN_POINT ( 'NONE',  ( 0.6200000000000001066, -2.125416666666666732, -0.7612641479095413333 ) ) ;
#3007 = VERTEX_POINT ( 'NONE', #1576 ) ;
#3008 = EDGE_CURVE ( 'NONE', #2840, #1697, #126, .T. ) ;
#3009 = CARTESIAN_POINT ( 'NONE',  ( 0.6200000000000001066, -1.619999999999999885, -33.00000000000000000 ) ) ;
#3010 = DIRECTION ( 'NONE',  ( 0.000000000000000000, -1.000000000000000000, 0.000000000000000000 ) ) ;
#3011 = VECTOR ( 'NONE', #1890, 39.37007874015748143 ) ;
#3012 = CARTESIAN_POINT ( 'NONE',  ( 1.000000000000000000, -2.000000000000000000, -1.871819737827149721 ) ) ;
#3013 = LINE ( 'NONE', #2794, #2847 ) ;
#3014 = CARTESIAN_POINT ( 'NONE',  ( 0.9999999999999998890, -2.000000000000000444, -1.775784803816415236 ) ) ;
#3015 = CARTESIAN_POINT ( 'NONE',  ( 0.6200000000000001066, -2.079166666666669272, -2.638735852090460909 ) ) ;
#3016 = ORIENTED_EDGE ( 'NONE', *, *, #60, .F. ) ;
#3018 = CIRCLE ( 'NONE', #1435, 0.3800000000000000600 ) ;
#3017 = SHAPE_REPRESENTATION_RELATIONSHIP ( 'NONE' , 'NONE' ,  #2056, #336 ) ;
#3019 = LINE ( 'NONE', #1007, #3038 ) ;
#3020 = ORIENTED_EDGE ( 'NONE', *, *, #285, .F. ) ;
#3021 = ORIENTED_EDGE ( 'NONE', *, *, #3573, .T. ) ;
#3022 = PRODUCT_RELATED_PRODUCT_CATEGORY ( 'part', '', ( #1869 ) ) ;
#3023 = VECTOR ( 'NONE', #1292, 39.37007874015748143 ) ;
#3024 = CARTESIAN_POINT ( 'NONE',  ( 0.9717447449582310437, -1.763849850517897666, -1.936106083521408783 ) ) ;
#3025 = CARTESIAN_POINT ( 'NONE',  ( -0.3748769818777318297, -2.124782950715192964, -0.6391689716954898071 ) ) ;
#3026 = ORIENTED_EDGE ( 'NONE', *, *, #1725, .F. ) ;
#3027 =( LENGTH_UNIT ( ) NAMED_UNIT ( * ) SI_UNIT ( $, .METRE. ) );
#3028 = DIRECTION ( 'NONE',  ( 0.000000000000000000, 1.000000000000000000, 0.000000000000000000 ) ) ;
#3029 = LINE ( 'NONE', #135, #212 ) ;
#3030 = PLANE ( 'NONE',  #1674 ) ;
#3031 = CARTESIAN_POINT ( 'NONE',  ( -1.000000000000000000, -2.000000000000000000, -1.700000000000000178 ) ) ;
#3032 = CARTESIAN_POINT ( 'NONE',  ( 0.7526256398928232727, -2.124863591714212241, -0.8636706140575782786 ) ) ;
#3033 = ORIENTED_EDGE ( 'NONE', *, *, #439, .F. ) ;
#3034 = VECTOR ( 'NONE', #2531, 39.37007874015748143 ) ;
#3035 =( NAMED_UNIT ( * ) PLANE_ANGLE_UNIT ( ) SI_UNIT ( $, .RADIAN. ) );
#3036 = CARTESIAN_POINT ( 'NONE',  ( 0.9187689874608104823, -1.854872382461702163, -1.305132236368026444 ) ) ;
#3037 = ORIENTED_EDGE ( 'NONE', *, *, #1961, .T. ) ;
#3038 = VECTOR ( 'NONE', #2749, 39.37007874015748143 ) ;
#3039 = VERTEX_POINT ( 'NONE', #74 ) ;
#3040 = CARTESIAN_POINT ( 'NONE',  ( 0.9756739980515882760, -1.753775995166920287, -1.919208035212253805 ) ) ;
#3041 = CARTESIAN_POINT ( 'NONE',  ( 0.6200000000000001066, -2.125000000000000000, -0.7612641479095413333 ) ) ;
#3042 = ORIENTED_EDGE ( 'NONE', *, *, #3091, .F. ) ;
#3043 = EDGE_CURVE ( 'NONE', #2746, #3458, #2317, .T. ) ;
#3044 = CARTESIAN_POINT ( 'NONE',  ( -0.6200000000000001066, -1.788333333333330888, -0.7612641479095413333 ) ) ;
#3045 = CARTESIAN_POINT ( 'NONE',  ( -1.000000000000000000, -1.873333333333330852, -1.828864803370358061 ) ) ;
#3046 = SHAPE_REPRESENTATION ( '.080 SHIMS', ( #2196 ), #451 ) ;
#3047 = DIRECTION ( 'NONE',  ( -1.000000000000000000, 0.000000000000000000, 1.062428206736969878E-29 ) ) ;
#3048 = EDGE_CURVE ( 'NONE', #1294, #1486, #645, .T. ) ;
#3049 = CARTESIAN_POINT ( 'NONE',  ( -0.6200000000000001066, -1.619999999999999885, 0.000000000000000000 ) ) ;
#3050 = DIRECTION ( 'NONE',  ( 1.000000000000000000, 0.000000000000000000, 0.000000000000000000 ) ) ;
#3051 = ORIENTED_EDGE ( 'NONE', *, *, #1925, .F. ) ;
#3052 = PLANE ( 'NONE',  #3105 ) ;
#3053 = ADVANCED_BREP_SHAPE_REPRESENTATION ( '', ( #3588, #2196 ), #604 ) ;
#3054 = ORIENTED_EDGE ( 'NONE', *, *, #1090, .T. ) ;
#3055 = DIRECTION ( 'NONE',  ( 0.000000000000000000, 0.000000000000000000, -1.000000000000000000 ) ) ;
#3056 = CARTESIAN_POINT ( 'NONE',  ( 1.000000000000000000, -1.788333333333330888, -1.184611796797789385 ) ) ;
#3057 = FACE_OUTER_BOUND ( 'NONE', #204, .T. ) ;
#3058 = ORIENTED_EDGE ( 'NONE', *, *, #924, .F. ) ;
#3059 = CARTESIAN_POINT ( 'NONE',  ( -0.7499999999999823475, 1.849999999999999867, -33.00000000000000000 ) ) ;
#3060 = LINE ( 'NONE', #2545, #1156 ) ;
#3061 = DIRECTION ( 'NONE',  ( 5.151221977308949281E-16, 0.2357022603955160889, -0.9718253158075499387 ) ) ;
#3062 = CARTESIAN_POINT ( 'NONE',  ( -0.6200000000000001066, 2.080000000000000071, -31.43999999999999773 ) ) ;
#3063 = CARTESIAN_POINT ( 'NONE',  ( 0.000000000000000000, 0.000000000000000000, 0.9350000000000000533 ) ) ;
#3064 = ORIENTED_EDGE ( 'NONE', *, *, #2572, .T. ) ;
#3065 = ADVANCED_FACE ( 'NONE', ( #2061 ), #2225, .T. ) ;
#3066 = ORIENTED_EDGE ( 'NONE', *, *, #1460, .T. ) ;
#3067 = CARTESIAN_POINT ( 'NONE',  ( 0.000000000000000000, 0.000000000000000000, 0.9350000000000000533 ) ) ;
#3068 = B_SPLINE_CURVE_WITH_KNOTS ( 'NONE', 3,
 ( #3309, #3515, #3533, #3585, #2457, #1063, #747, #987, #2184, #198, #139, #3031 ),
 .UNSPECIFIED., .F., .F.,
 ( 4, 2, 2, 2, 2, 4 ),
 ( 0.000000000000000000, 0.005693839861728780365, 0.008540759792593170113, 0.01138767972345756073, 0.01708151958518634023, 0.02277535944691512146 ),
 .UNSPECIFIED. ) ;
#3069 = DIRECTION ( 'NONE',  ( 0.000000000000000000, 1.000000000000000000, 0.000000000000000000 ) ) ;
#3070 = ADVANCED_FACE ( 'NONE', ( #2294 ), #3437, .T. ) ;
#3071 = ORIENTED_EDGE ( 'NONE', *, *, #3425, .T. ) ;
#3072 = CARTESIAN_POINT ( 'NONE',  ( -1.125000000000000000, 0.000000000000000000, 0.9350000000000000533 ) ) ;
#3073 = DIRECTION ( 'NONE',  ( 0.000000000000000000, -1.000000000000000000, 0.000000000000000000 ) ) ;
#3074 = B_SPLINE_SURFACE_WITH_KNOTS ( 'NONE', 3, 3, ( 
 ( #2987, #1916, #2482, #2212 ),
 ( #1012, #898, #2577, #572 ),
 ( #861, #2838, #1700, #339 ),
 ( #2520, #3406, #3056, #534 ) ),
 .UNSPECIFIED., .F., .F., .F.,
 ( 4, 4 ),
 ( 4, 4 ),
 ( 0.5836952312336749493, 1.094914077134480079 ),
 ( 0.000000000000000000, 1.282699999999999951 ),
 .UNSPECIFIED. ) ;
#3075 = VECTOR ( 'NONE', #2144, 39.37007874015748143 ) ;
#3076 = ORIENTED_EDGE ( 'NONE', *, *, #1041, .F. ) ;
#3077 = FACE_OUTER_BOUND ( 'NONE', #412, .T. ) ;
#3078 = AXIS2_PLACEMENT_3D ( 'NONE', #2355, #1824, #2336 ) ;
#3079 = DIRECTION ( 'NONE',  ( -1.000000000000000000, -1.232595164407830946E-31, 2.471628097242615192E-31 ) ) ;
#3080 = CARTESIAN_POINT ( 'NONE',  ( -0.6200000000000001066, -1.619999999999999885, -33.00000000000000000 ) ) ;
#3081 = CARTESIAN_POINT ( 'NONE',  ( -0.6200000000000001066, -1.619999999999999885, 0.000000000000000000 ) ) ;
#3082 = EDGE_CURVE ( 'NONE', #3224, #2337, #2870, .T. ) ;
#3083 = EDGE_LOOP ( 'NONE', ( #2030, #1686, #1582, #1313 ) ) ;
#3084 = APPLICATION_PROTOCOL_DEFINITION ( 'draft international standard', 'automotive_design', 1998, #2643 ) ;
#3085 = SURFACE_STYLE_USAGE ( .BOTH. , #254 ) ;
#3086 = AXIS2_PLACEMENT_3D ( 'NONE', #2980, #466, #1593 ) ;
#3087 = VECTOR ( 'NONE', #1177, 39.37007874015748854 ) ;
#3088 = EDGE_LOOP ( 'NONE', ( #475, #1579, #3054 ) ) ;
#3089 = CARTESIAN_POINT ( 'NONE',  ( 1.000000000000000000, -2.000000000000000000, -1.700000000000000178 ) ) ;
#3090 = CARTESIAN_POINT ( 'NONE',  ( 1.000000000000000000, -1.956666666666669441, -2.215388203202208750 ) ) ;
#3091 = EDGE_CURVE ( 'NONE', #1199, #1773, #246, .T. ) ;
#3092 = CARTESIAN_POINT ( 'NONE',  ( -0.6200000000000001066, 2.000000000000000000, -31.43999999999999773 ) ) ;
#3093 = CIRCLE ( 'NONE', #3569, 0.2499999999999999722 ) ;
#3094 = LINE ( 'NONE', #1446, #258 ) ;
#3095 = EDGE_LOOP ( 'NONE', ( #2096, #1026, #1280, #2855, #717 ) ) ;
#3096 = DIRECTION ( 'NONE',  ( 1.727650905084119704E-16, -1.000000000000000000, 0.000000000000000000 ) ) ;
#3097 = CARTESIAN_POINT ( 'NONE',  ( 0.8152914079941658843, -1.946175858948806292, -2.475038403411503829 ) ) ;
#3098 = CARTESIAN_POINT ( 'NONE',  ( -1.000000000000000000, -1.619999999999999885, -1.700000000000000178 ) ) ;
#3099 = CARTESIAN_POINT ( 'NONE',  ( 0.000000000000000000, 0.000000000000000000, 0.9350000000000000533 ) ) ;
#3100 = DIRECTION ( 'NONE',  ( 0.000000000000000000, 0.000000000000000000, -1.000000000000000000 ) ) ;
#3101 = LINE ( 'NONE', #834, #1454 ) ;
#3102 = ORIENTED_EDGE ( 'NONE', *, *, #1017, .F. ) ;
#3103 = PRODUCT_DEFINITION_SHAPE ( 'NONE', 'NONE',  #945 ) ;
#3104 = APPLICATION_PROTOCOL_DEFINITION ( 'draft international standard', 'automotive_design', 1998, #2147 ) ;
#3105 = AXIS2_PLACEMENT_3D ( 'NONE', #1008, #2694, #1367 ) ;
#3106 = CARTESIAN_POINT ( 'NONE',  ( 0.6200000000000001066, -2.000000000000000000, -0.9153981901626772055 ) ) ;
#3107 = DIRECTION ( 'NONE',  ( 0.000000000000000000, 0.000000000000000000, -1.000000000000000000 ) ) ;
#3108 = VERTEX_POINT ( 'NONE', #2183 ) ;
#3109 = ADVANCED_FACE ( 'NONE', ( #2127 ), #3030, .T. ) ;
#3110 = CARTESIAN_POINT ( 'NONE',  ( 0.6200000000000002176, -2.000000000000000000, -2.638735852090461353 ) ) ;
#3111 = CARTESIAN_POINT ( 'NONE',  ( 0.7799664863037972795, -1.956666666666669441, -2.533083957270960251 ) ) ;
#3112 = CARTESIAN_POINT ( 'NONE',  ( 0.8152345860009806433, -1.946209549667838434, -0.9249019877567828951 ) ) ;
#3113 = EDGE_CURVE ( 'NONE', #772, #123, #3541, .T. ) ;
#3114 = EDGE_LOOP ( 'NONE', ( #2660, #1822, #2315, #753, #941, #1682, #3419 ) ) ;
#3115 = CARTESIAN_POINT ( 'NONE',  ( -0.9513141855189792828, -1.807789810079020842, -1.099224826293581536 ) ) ;
#3116 = LINE ( 'NONE', #593, #324 ) ;
#3117 = FACE_OUTER_BOUND ( 'NONE', #1014, .T. ) ;
#3118 = EDGE_CURVE ( 'NONE', #529, #1074, #1269, .T. ) ;
#3119 = DIRECTION ( 'NONE',  ( -0.7071067811865474617, -0.7071067811865474617, 0.000000000000000000 ) ) ;
#3120 = CARTESIAN_POINT ( 'NONE',  ( 0.6200000000000001066, -2.000000000000000444, -0.7612641479095412222 ) ) ;
#3121 = DIRECTION ( 'NONE',  ( 0.000000000000000000, -1.000000000000000000, 0.000000000000000000 ) ) ;
#3122 = CONTEXT_DEPENDENT_SHAPE_REPRESENTATION ( #194, #1140 ) ;
#3123 = CARTESIAN_POINT ( 'NONE',  ( -0.8099999999999999423, 1.619999999999999885, 0.000000000000000000 ) ) ;
#3124 = DIRECTION ( 'NONE',  ( -6.356494629578860125E-16, 0.000000000000000000, 1.000000000000000000 ) ) ;
#3125 = DIRECTION ( 'NONE',  ( 1.000000000000000000, -1.224646799147350249E-16, 0.000000000000000000 ) ) ;
#3126 = DIRECTION ( 'NONE',  ( 0.000000000000000000, 0.000000000000000000, 1.000000000000000000 ) ) ;
#3127 = CARTESIAN_POINT ( 'NONE',  ( 0.9512740431532104024, -1.807873893528755715, -1.099158507182990130 ) ) ;
#3128 = ORIENTED_EDGE ( 'NONE', *, *, #977, .F. ) ;
#3129 = VECTOR ( 'NONE', #3336, 39.37007874015748143 ) ;
#3130 = AXIS2_PLACEMENT_3D ( 'NONE', #2307, #2602, #3433 ) ;
#3131 = FACE_OUTER_BOUND ( 'NONE', #1248, .T. ) ;
#3132 = ADVANCED_FACE ( 'NONE', ( #2664 ), #2139, .T. ) ;
#3133 = DIRECTION ( 'NONE',  ( 2.964666163005751074E-31, 0.000000000000000000, -1.000000000000000000 ) ) ;
#3134 = LINE ( 'NONE', #3412, #3312 ) ;
#3135 = AXIS2_PLACEMENT_3D ( 'NONE', #3080, #2829, #801 ) ;
#3136 = DIRECTION ( 'NONE',  ( -1.062428206736970018E-29, 0.000000000000000000, -1.000000000000000000 ) ) ;
#3137 = CARTESIAN_POINT ( 'NONE',  ( 0.4518190620712268513, -2.124925036551794655, -0.6694353486149055010 ) ) ;
#3138 = AXIS2_PLACEMENT_3D ( 'NONE', #9, #3428, #632 ) ;
#3139 = EDGE_CURVE ( 'NONE', #2397, #3108, #2720, .T. ) ;
#3140 = LINE ( 'NONE', #1525, #452 ) ;
#3141 = DIMENSIONAL_EXPONENTS ( 1.000000000000000000, 0.000000000000000000, 0.000000000000000000, 0.000000000000000000, 0.000000000000000000, 0.000000000000000000, 0.000000000000000000 ) ;
#3142 = AXIS2_PLACEMENT_3D ( 'NONE', #2534, #37, #1696 ) ;
#3143 = CARTESIAN_POINT ( 'NONE',  ( -0.9964604211806383782, -1.676525872406619433, -1.791616645668423713 ) ) ;
#3144 = ITEM_DEFINED_TRANSFORMATION ( 'NONE', 'NONE', #2153,  #2196 ) ;
#3145 = FACE_OUTER_BOUND ( 'NONE', #3335, .T. ) ;
#3146 = ORIENTED_EDGE ( 'NONE', *, *, #1393, .T. ) ;
#3147 = SURFACE_SIDE_STYLE ('',( #2537 ) ) ;
#3148 = DIRECTION ( 'NONE',  ( 0.000000000000000000, 0.000000000000000000, 1.000000000000000000 ) ) ;
#3149 = CARTESIAN_POINT ( 'NONE',  ( -0.7800000000000000266, 0.7800000000000020250, 0.000000000000000000 ) ) ;
#3150 = CARTESIAN_POINT ( 'NONE',  ( -1.000000000000000000, -2.000000000000000000, -1.700000000000000178 ) ) ;
#3151 = CARTESIAN_POINT ( 'NONE',  ( 0.9818815193833565491, -1.736700138560889339, -1.150827229615462688 ) ) ;
#3152 = ORIENTED_EDGE ( 'NONE', *, *, #1340, .F. ) ;
#3153 = VECTOR ( 'NONE', #1809, 39.37007874015748854 ) ;
#3154 = CARTESIAN_POINT ( 'NONE',  ( -0.7499999999999823475, 2.080000000000000071, -31.43999999999999773 ) ) ;
#3155 = CARTESIAN_POINT ( 'NONE',  ( -0.6200000000000001066, -1.619999999999999885, 0.000000000000000000 ) ) ;
#3156 = DIRECTION ( 'NONE',  ( 0.000000000000000000, -1.000000000000000000, 0.000000000000000000 ) ) ;
#3157 = VECTOR ( 'NONE', #3126, 39.37007874015748143 ) ;
#3158 = ORIENTED_EDGE ( 'NONE', *, *, #2827, .T. ) ;
#3159 = ADVANCED_FACE ( 'NONE', ( #1834 ), #2607, .F. ) ;
#3160 = DIRECTION ( 'NONE',  ( 0.000000000000000000, 0.000000000000000000, -1.000000000000000000 ) ) ;
#3161 = CARTESIAN_POINT ( 'NONE',  ( -0.3491596850376786909, -2.124909542626399972, -2.769702557521965147 ) ) ;
#3162 = B_SPLINE_CURVE_WITH_KNOTS ( 'NONE', 3,
 ( #3272, #2995, #2744, #481, #497, #2441, #3570, #1044, #3289, #1628, #1891, #217, #1343, #2253, #234, #2864, #613, #3097, #847, #1428, #577, #1152, #2027, #1484, #1191, #865 ),
 .UNSPECIFIED., .F., .F.,
 ( 4, 2, 2, 2, 2, 2, 2, 2, 2, 2, 2, 2, 4 ),
 ( 0.000000000000000000, 0.001180087321546962470, 0.002360174643093924940, 0.003540261964640887410, 0.004720349286187849880, 0.007080523929281760075, 0.008260611250828716473, 0.009440698572375673739, 0.01180087321546958827, 0.01298096053701655594, 0.01416104785856352188, 0.01652122250165748152, 0.01888139714475144462 ),
 .UNSPECIFIED. ) ;
#3163 = DIRECTION ( 'NONE',  ( 0.8637177756354240676, 0.5039757970889029437, 0.000000000000000000 ) ) ;
#3164 = ADVANCED_FACE ( 'NONE', ( #177 ), #2974, .T. ) ;
#3165 = VECTOR ( 'NONE', #2791, 39.37007874015748143 ) ;
#3166 = CARTESIAN_POINT ( 'NONE',  ( -0.9867226025503892384, -1.720026280801632446, -1.863028484604060342 ) ) ;
#3167 = SURFACE_STYLE_USAGE ( .BOTH. , #3417 ) ;
#3168 = ORIENTED_EDGE ( 'NONE', *, *, #2211, .T. ) ;
#3169 = ADVANCED_FACE ( 'NONE', ( #3549 ), #2790, .F. ) ;
#3170 = CARTESIAN_POINT ( 'NONE',  ( -0.9309448934234252349, -2.000039287809541211, -2.067228116137496574 ) ) ;
#3171 = CARTESIAN_POINT ( 'NONE',  ( 0.6200000000000001066, 1.619999999999999885, 0.000000000000000000 ) ) ;
#3172 = VERTEX_POINT ( 'NONE', #2401 ) ;
#3173 = DIRECTION ( 'NONE',  ( 0.9443482561051640412, -0.3289473684210523219, 0.000000000000000000 ) ) ;
#3174 = CARTESIAN_POINT ( 'NONE',  ( 0.2837848072024649615, -2.083333333333330817, -0.5898127711672409568 ) ) ;
#3175 = CARTESIAN_POINT ( 'NONE',  ( -0.6200000000000001066, -1.956666666666669441, -2.638735852090460909 ) ) ;
#3176 = VERTEX_POINT ( 'NONE', #1889 ) ;
#3177 = DIRECTION ( 'NONE',  ( 1.000000000000000000, 9.270305856177588894E-17, 0.000000000000000000 ) ) ;
#3178 = CARTESIAN_POINT ( 'NONE',  ( 1.000000000000000000, -1.873333333333330852, -1.700000000000000178 ) ) ;
#3179 = CARTESIAN_POINT ( 'NONE',  ( 0.6200000000000001066, -2.000000000000000000, -33.00000000000000000 ) ) ;
#3180 = EDGE_CURVE ( 'NONE', #610, #3202, #3318, .T. ) ;
#3181 = CARTESIAN_POINT ( 'NONE',  ( -0.9054989947363272229, -1.870779516221694694, -2.124335822385792216 ) ) ;
#3182 = UNCERTAINTY_MEASURE_WITH_UNIT (LENGTH_MEASURE( 1.000000000000000082E-05 ), #2436, 'distance_accuracy_value', 'NONE');
#3183 = VERTEX_POINT ( 'NONE', #2149 ) ;
#3184 = LINE ( 'NONE', #1791, #45 ) ;
#3185 = EDGE_CURVE ( 'NONE', #2968, #810, #3013, .T. ) ;
#3186 = CARTESIAN_POINT ( 'NONE',  ( 0.4634469599276339058, -2.083333333333330817, -2.742133293051850274 ) ) ;
#3187 = ORIENTED_EDGE ( 'NONE', *, *, #2982, .T. ) ;
#3188 = CARTESIAN_POINT ( 'NONE',  ( 0.6200000000000001066, 1.619999999999999885, -31.43999999999999773 ) ) ;
#3189 = CARTESIAN_POINT ( 'NONE',  ( 0.2837848072024649615, -2.125833333333333464, -0.5898127711672409568 ) ) ;
#3190 = LINE ( 'NONE', #2321, #316 ) ;
#3191 = ORIENTED_EDGE ( 'NONE', *, *, #2932, .T. ) ;
#3192 = COLOUR_RGB ( '',0.7921568627450980005, 0.8196078431372548767, 0.9333333333333333481 ) ;
#3193 = CARTESIAN_POINT ( 'NONE',  ( 1.000000000000000000, -2.003800000000000470, -1.700000000000000178 ) ) ;
#3194 = DIRECTION ( 'NONE',  ( 1.000000000000000000, 0.000000000000000000, 0.000000000000000000 ) ) ;
#3195 = CIRCLE ( 'NONE', #3609, 0.9200394162139960974 ) ;
#3196 = CARTESIAN_POINT ( 'NONE',  ( -0.9068466722038430738, -1.869238265911327135, -2.121451443698965544 ) ) ;
#3197 = CARTESIAN_POINT ( 'NONE',  ( -1.000000000000000000, -2.000000000000000000, -1.700000000000000178 ) ) ;
#3198 = AXIS2_PLACEMENT_3D ( 'NONE', #3067, #3624, #544 ) ;
#3199 = ORIENTED_EDGE ( 'NONE', *, *, #3547, .T. ) ;
#3200 = CARTESIAN_POINT ( 'NONE',  ( -0.6200000000000001066, -2.000000000000000000, -2.484601809837319042 ) ) ;
#3201 = DIRECTION ( 'NONE',  ( 0.000000000000000000, 1.000000000000000000, 0.000000000000000000 ) ) ;
#3202 = VERTEX_POINT ( 'NONE', #2471 ) ;
#3203 = ORIENTED_EDGE ( 'NONE', *, *, #3379, .F. ) ;
#3204 = EDGE_CURVE ( 'NONE', #362, #685, #1976, .T. ) ;
#3205 = CARTESIAN_POINT ( 'NONE',  ( 0.6200000000000001066, 2.000000000000000000, -33.00000000000000000 ) ) ;
#3206 = CARTESIAN_POINT ( 'NONE',  ( -0.6200000000000001066, -2.126250000000000195, -0.7612641479095413333 ) ) ;
#3207 = VECTOR ( 'NONE', #3079, 39.37007874015748143 ) ;
#3208 = VERTEX_POINT ( 'NONE', #539 ) ;
#3209 = FILL_AREA_STYLE_COLOUR ( '', #1727 ) ;
#3210 = DIRECTION ( 'NONE',  ( 0.7071067811865475727, 0.7071067811865475727, 0.000000000000000000 ) ) ;
#3211 = STYLED_ITEM ( 'NONE', ( #607 ), #2076 ) ;
#3212 = DIRECTION ( 'NONE',  ( 3.594536833768766614E-16, 1.000000000000000000, 0.000000000000000000 ) ) ;
#3213 = CARTESIAN_POINT ( 'NONE',  ( -0.6200000000000001066, -2.083333333333330817, -2.638735852090460909 ) ) ;
#3214 = UNCERTAINTY_MEASURE_WITH_UNIT (LENGTH_MEASURE( 1.000000000000000082E-05 ), #1336, 'distance_accuracy_value', 'NONE');
#3215 = CARTESIAN_POINT ( 'NONE',  ( -0.9320438434960489626, -1.838069773182591238, -1.335879944152434273 ) ) ;
#3216 = PRESENTATION_STYLE_ASSIGNMENT (( #3167 ) ) ;
#3217 = FACE_OUTER_BOUND ( 'NONE', #531, .T. ) ;
#3218 = ORIENTED_EDGE ( 'NONE', *, *, #2454, .T. ) ;
#3219 =( NAMED_UNIT ( * ) PLANE_ANGLE_UNIT ( ) SI_UNIT ( $, .RADIAN. ) );
#3220 = DIRECTION ( 'NONE',  ( 1.000000000000000000, 0.000000000000000000, 0.000000000000000000 ) ) ;
#3221 = CARTESIAN_POINT ( 'NONE',  ( -0.2837870538090520034, -2.126250000000000195, -2.810173443830870088 ) ) ;
#3222 = ADVANCED_FACE ( 'NONE', ( #2237 ), #1673, .F. ) ;
#3223 = VERTEX_POINT ( 'NONE', #3618 ) ;
#3224 = VERTEX_POINT ( 'NONE', #580 ) ;
#3225 = DIRECTION ( 'NONE',  ( 0.000000000000000000, 0.000000000000000000, -1.000000000000000000 ) ) ;
#3226 = PLANE ( 'NONE',  #1958 ) ;
#3227 = CLOSED_SHELL ( 'NONE', ( #3159, #2440, #821, #1157, #1710, #530, #882, #2281, #1071, #3429, #3065, #970 ) ) ;
#3228 = ADVANCED_FACE ( 'NONE', ( #3327 ), #3598, .T. ) ;
#3229 = EDGE_LOOP ( 'NONE', ( #2465, #1104, #1354, #2005 ) ) ;
#3230 = FILL_AREA_STYLE_COLOUR ( '', #2788 ) ;
#3231 = CARTESIAN_POINT ( 'NONE',  ( 0.6200000000000001066, -2.003800000000000470, -0.9153981901626772055 ) ) ;
#3232 = ADVANCED_FACE ( 'NONE', ( #308 ), #265, .T. ) ;
#3233 = CARTESIAN_POINT ( 'NONE',  ( -1.000000000000000000, -1.746666666666669254, -1.528180262172850634 ) ) ;
#3234 = B_SPLINE_CURVE_WITH_KNOTS ( 'NONE', 3,
 ( #330, #1452, #100, #1487, #2343, #1175, #2585, #2290, #67, #363, #615, #3469 ),
 .UNSPECIFIED., .F., .F.,
 ( 4, 2, 2, 2, 2, 4 ),
 ( 0.000000000000000000, 0.003647858226729729092, 0.005471787340094593638, 0.007295716453459458184, 0.01094357468018921677, 0.01459143290691897708 ),
 .UNSPECIFIED. ) ;
#3235 = CARTESIAN_POINT ( 'NONE',  ( -0.9677499035497236779, -1.773719801799702678, -2.273693018317837655 ) ) ;
#3236 = CARTESIAN_POINT ( 'NONE',  ( -0.6200000000000001066, -2.000000000000000000, -0.9153981901626790929 ) ) ;
#3237 = CARTESIAN_POINT ( 'NONE',  ( 0.6794722451871849644, -2.000000000000003553, -2.437606261836100519 ) ) ;
#3238 = CARTESIAN_POINT ( 'NONE',  ( -0.7800000000000000266, 0.7800000000000020250, -0.07499999999999988620 ) ) ;
#3239 = ORIENTED_EDGE ( 'NONE', *, *, #2645, .T. ) ;
#3240 =( CONVERSION_BASED_UNIT ( 'INCH', #446 ) LENGTH_UNIT ( ) NAMED_UNIT ( #702 ) );
#3241 = CARTESIAN_POINT ( 'NONE',  ( 1.000000000000000000, -1.619999999999999885, -1.184611796797789385 ) ) ;
#3242 = EDGE_LOOP ( 'NONE', ( #2158, #3572, #1554, #2989 ) ) ;
#3243 = DIRECTION ( 'NONE',  ( -1.000000000000000000, 0.000000000000000000, 1.136728976842279838E-29 ) ) ;
#3244 = CARTESIAN_POINT ( 'NONE',  ( 0.6200000000000001066, -2.125833333333333464, -0.7612641479095413333 ) ) ;
#3245 = ADVANCED_FACE ( 'NONE', ( #1100 ), #2775, .T. ) ;
#3246 = VERTEX_POINT ( 'NONE', #526 ) ;
#3247 = CARTESIAN_POINT ( 'NONE',  ( -1.000000000000000000, -2.000000000000000000, -1.700000000000000178 ) ) ;
#3248 = CYLINDRICAL_SURFACE ( 'NONE', #2213, 0.6850000000000000533 ) ;
#3249 = CARTESIAN_POINT ( 'NONE',  ( -1.000000000000000000, -2.002533333333333498, -1.700000000000000178 ) ) ;
#3250 = CARTESIAN_POINT ( 'NONE',  ( -0.9858836389681394641, -1.723603755472657317, -2.241933723289337710 ) ) ;
#3251 = EDGE_CURVE ( 'NONE', #1363, #3172, #1730, .T. ) ;
#3252 = CARTESIAN_POINT ( 'NONE',  ( 0.7800000000000004707, -0.7800000000000020250, 0.000000000000000000 ) ) ;
#3253 = FACE_OUTER_BOUND ( 'NONE', #3372, .T. ) ;
#3254 = MECHANICAL_DESIGN_GEOMETRIC_PRESENTATION_REPRESENTATION (  '', ( #199 ), #1619 ) ;
#3255 = DIRECTION ( 'NONE',  ( 1.000000000000000000, 0.000000000000000000, 0.000000000000000000 ) ) ;
#3256 = ORIENTED_EDGE ( 'NONE', *, *, #280, .T. ) ;
#3257 = AXIS2_PLACEMENT_3D ( 'NONE', #2203, #1358, #1953 ) ;
#3258 = DIRECTION ( 'NONE',  ( 1.000000000000000000, 0.000000000000000000, 0.000000000000000000 ) ) ;
#3259 = CARTESIAN_POINT ( 'NONE',  ( 0.9083259832450277793, -1.867529903424418825, -1.281738818220237164 ) ) ;
#3260 = LINE ( 'NONE', #166, #3525 ) ;
#3261 = ORIENTED_EDGE ( 'NONE', *, *, #2716, .T. ) ;
#3262 = CARTESIAN_POINT ( 'NONE',  ( 0.9757224903148236095, -1.753646973316455471, -1.918992078501394971 ) ) ;
#3263 = CARTESIAN_POINT ( 'NONE',  ( 0.2425356250361009602, 0.9999999999999993339, 1.059999999999999831 ) ) ;
#3264 = ORIENTED_EDGE ( 'NONE', *, *, #2369, .T. ) ;
#3265 = CARTESIAN_POINT ( 'NONE',  ( 1.000000000000000000, -2.000000000000000000, -1.700000000000000178 ) ) ;
#3266 = CARTESIAN_POINT ( 'NONE',  ( -0.7799664863037972795, -1.619999999999999885, -0.8669160427290413251 ) ) ;
#3267 = AXIS2_PLACEMENT_3D ( 'NONE', #2205, #2513, #2852 ) ;
#3268 = CARTESIAN_POINT ( 'NONE',  ( 0.7211075579487146170, -1.619999999999999885, -2.404705631747700689 ) ) ;
#3269 = DIRECTION ( 'NONE',  ( -1.000000000000000000, -1.727650905084119704E-16, 0.000000000000000000 ) ) ;
#3270 = CARTESIAN_POINT ( 'NONE',  ( -0.6486154086603241886, -2.000000000000000444, -0.9380103650862633424 ) ) ;
#3271 = VECTOR ( 'NONE', #431, 39.37007874015748143 ) ;
#3272 = CARTESIAN_POINT ( 'NONE',  ( 1.000000000000000000, -1.619999999999999885, -2.215388203202208750 ) ) ;
#3273 = CARTESIAN_POINT ( 'NONE',  ( 1.000000000000000000, -2.000000000000000000, -1.700000000000000178 ) ) ;
#3274 = EDGE_CURVE ( 'NONE', #2135, #3108, #3344, .T. ) ;
#3275 = ORIENTED_EDGE ( 'NONE', *, *, #1698, .F. ) ;
#3276 = ORIENTED_EDGE ( 'NONE', *, *, #168, .T. ) ;
#3277 = EDGE_CURVE ( 'NONE', #1130, #184, #3607, .T. ) ;
#3278 = ORIENTED_EDGE ( 'NONE', *, *, #3628, .T. ) ;
#3279 = VERTEX_POINT ( 'NONE', #1939 ) ;
#3280 = CARTESIAN_POINT ( 'NONE',  ( 0.9737701802622793501, -1.758747948701528729, -1.927538909403658574 ) ) ;
#3281 = CARTESIAN_POINT ( 'NONE',  ( 0.2173774242089725195, -2.124865275626174110, -2.805000384114898271 ) ) ;
#3282 = B_SPLINE_SURFACE_WITH_KNOTS ( 'NONE', 3, 3, ( 
 ( #3193, #998, #3487, #2936, #3178, #1540, #722 ),
 ( #672, #2124, #2646, #1250, #1584, #175, #2362 ),
 ( #2662, #134, #1303, #652, #2902, #380, #1266 ),
 ( #1505, #101, #3507, #436, #982, #1832, #2109 ),
 ( #3231, #1562, #154, #493, #3285, #1670, #1866 ) ),
 .UNSPECIFIED., .F., .F., .F.,
 ( 4, 1, 4 ),
 ( 4, 3, 4 ),
 ( -1.570796326794899889, -1.055337113313449926, -0.6687427032023710582 ),
 ( -0.009651999999999999122, 0.000000000000000000, 0.9651999999999999469 ),
 .UNSPECIFIED. ) ;
#3283 = ORIENTED_EDGE ( 'NONE', *, *, #878, .F. ) ;
#3284 = DIRECTION ( 'NONE',  ( 0.000000000000000000, 1.000000000000000000, 0.000000000000000000 ) ) ;
#3285 = CARTESIAN_POINT ( 'NONE',  ( 0.6200000000000001066, -1.873333333333330852, -0.9153981901626772055 ) ) ;
#3286 = CARTESIAN_POINT ( 'NONE',  ( 1.000000000000000000, -2.002533333333333498, -1.871819737827149721 ) ) ;
#3287 = DIRECTION ( 'NONE',  ( 0.000000000000000000, 0.000000000000000000, 1.000000000000000000 ) ) ;
#3288 = SURFACE_STYLE_USAGE ( .BOTH. , #3308 ) ;
#3289 = CARTESIAN_POINT ( 'NONE',  ( 0.9677261184444972963, -1.773769542255378528, -2.273732297543860970 ) ) ;
#3290 = DIRECTION ( 'NONE',  ( 1.000000000000000000, 0.000000000000000000, 0.000000000000000000 ) ) ;
#3291 = PRODUCT_RELATED_PRODUCT_CATEGORY ( 'part', '', ( #1113 ) ) ;
#3292 = ORIENTED_EDGE ( 'NONE', *, *, #2125, .F. ) ;
#3293 = VECTOR ( 'NONE', #2405, 39.37007874015748143 ) ;
#3294 = CARTESIAN_POINT ( 'NONE',  ( 0.000000000000000000, 0.000000000000000000, 0.000000000000000000 ) ) ;
#3295 = EDGE_CURVE ( 'NONE', #2206, #3039, #558, .T. ) ;
#3296 = CARTESIAN_POINT ( 'NONE',  ( 0.9061057730819832567, -1.870087320027163491, -1.276960309849788144 ) ) ;
#3297 = ORIENTED_EDGE ( 'NONE', *, *, #3475, .F. ) ;
#3298 = ORIENTED_EDGE ( 'NONE', *, *, #1922, .F. ) ;
#3299 = EDGE_CURVE ( 'NONE', #469, #610, #2276, .T. ) ;
#3300 = CARTESIAN_POINT ( 'NONE',  ( 0.8592777323600305772, -1.915467698080874692, -2.211798892401552141 ) ) ;
#3301 = CARTESIAN_POINT ( 'NONE',  ( 6.140212531884542640E-13, -2.124961118771768742, -2.824961118771768032 ) ) ;
#3302 = ORIENTED_EDGE ( 'NONE', *, *, #2982, .F. ) ;
#3303 = PRESENTATION_STYLE_ASSIGNMENT (( #354 ) ) ;
#3304 = CARTESIAN_POINT ( 'NONE',  ( -0.7799664863037972795, -1.956666666666669441, -0.8669160427290413251 ) ) ;
#3305 = CARTESIAN_POINT ( 'NONE',  ( 1.000000000000000000, -2.003800000000000470, -1.871819737827149721 ) ) ;
#3306 =( BOUNDED_CURVE ( )  B_SPLINE_CURVE ( 2, ( #2319, #2120, #149 ),
 .UNSPECIFIED., .F., .T. ) 
 B_SPLINE_CURVE_WITH_KNOTS ( ( 3, 3 ),
 ( 3.433733292793690328, 5.379483920505780503 ),
 .UNSPECIFIED. ) 
 CURVE ( )  GEOMETRIC_REPRESENTATION_ITEM ( )  RATIONAL_B_SPLINE_CURVE ( ( 1.109402099056649993, 1.085697807977689999, 1.000000000000000000 ) ) 
 REPRESENTATION_ITEM ( '' )  );
#3307 = CARTESIAN_POINT ( 'NONE',  ( -0.6709312012373734868, -1.997355861825295342, -2.603513722486936022 ) ) ;
#3308 = SURFACE_SIDE_STYLE ('',( #233 ) ) ;
#3309 = CARTESIAN_POINT ( 'NONE',  ( -0.6200000000000001066, -2.000000000000000000, -0.9153981901626790929 ) ) ;
#3310 = LINE ( 'NONE', #2131, #2999 ) ;
#3311 = ORIENTED_EDGE ( 'NONE', *, *, #3113, .T. ) ;
#3312 = VECTOR ( 'NONE', #1210, 39.37007874015748143 ) ;
#3314 = VECTOR ( 'NONE', #3284, 39.37007874015748143 ) ;
#3313 = DIRECTION ( 'NONE',  ( -1.000000000000000000, 3.954444852144972000E-16, 1.040834085586084257E-17 ) ) ;
#3315 = CARTESIAN_POINT ( 'NONE',  ( 0.9560064915327403101, -1.798956486016897394, -1.404469979905324406 ) ) ;
#3316 = ORIENTED_EDGE ( 'NONE', *, *, #259, .T. ) ;
#3317 = ORIENTED_EDGE ( 'NONE', *, *, #977, .T. ) ;
#3318 = CIRCLE ( 'NONE', #1556, 0.3800000000000000600 ) ;
#3319 = ADVANCED_FACE ( 'NONE', ( #1657 ), #1692, .F. ) ;
#3320 = AXIS2_PLACEMENT_3D ( 'NONE', #2320, #3446, #3374 ) ;
#3321 = DIRECTION ( 'NONE',  ( -5.396242950447929605E-17, 1.000000000000000000, 0.000000000000000000 ) ) ;
#3322 = CARTESIAN_POINT ( 'NONE',  ( 0.6200000000000001066, -2.083333333333330817, -0.7612641479095413333 ) ) ;
#3323 = CIRCLE ( 'NONE', #3198, 1.125000000000000000 ) ;
#3324 = ORIENTED_EDGE ( 'NONE', *, *, #3589, .T. ) ;
#3325 = CARTESIAN_POINT ( 'NONE',  ( 0.6200000000000001066, 1.619999999999999885, -33.00000000000000000 ) ) ;
#3326 = FACE_OUTER_BOUND ( 'NONE', #3229, .T. ) ;
#3327 = FACE_OUTER_BOUND ( 'NONE', #2789, .T. ) ;
#3328 = PRODUCT_DEFINITION_FORMATION_WITH_SPECIFIED_SOURCE ( 'ANY', '', #1113, .NOT_KNOWN. ) ;
#3329 = DIRECTION ( 'NONE',  ( 1.000000000000000000, 0.000000000000000000, 0.000000000000000000 ) ) ;
#3330 = DIRECTION ( 'NONE',  ( 1.000000000000000000, 0.000000000000000000, 0.000000000000000000 ) ) ;
#3331 = ORIENTED_EDGE ( 'NONE', *, *, #2803, .T. ) ;
#3332 = CIRCLE ( 'NONE', #1577, 1.000000000000000000 ) ;
#3333 = VERTEX_POINT ( 'NONE', #1377 ) ;
#3334 = COLOUR_RGB ( '',0.7921568627450980005, 0.8196078431372548767, 0.9333333333333333481 ) ;
#3335 = EDGE_LOOP ( 'NONE', ( #2356, #6, #3476, #188 ) ) ;
#3336 = DIRECTION ( 'NONE',  ( -5.396242950447929605E-17, 1.000000000000000000, 0.000000000000000000 ) ) ;
#3337 = CARTESIAN_POINT ( 'NONE',  ( 0.6773770877245549604, -1.996753579148530910, -2.436663516408828389 ) ) ;
#3338 = DIRECTION ( 'NONE',  ( 0.000000000000000000, 0.000000000000000000, -1.000000000000000000 ) ) ;
#3339 = CIRCLE ( 'NONE', #633, 0.6850000000000000533 ) ;
#3340 = EDGE_LOOP ( 'NONE', ( #1864, #252, #836, #568 ) ) ;
#3341 = CARTESIAN_POINT ( 'NONE',  ( -0.6200000000000001066, -2.125000000000000000, -0.7612641479095413333 ) ) ;
#3342 = CARTESIAN_POINT ( 'NONE',  ( -1.000000000000000000, -1.746666666666669254, -1.700000000000000178 ) ) ;
#3343 = B_SPLINE_SURFACE_WITH_KNOTS ( 'NONE', 3, 3, ( 
 ( #588, #3090, #2480, #1699 ),
 ( #1421, #2538, #2268, #859 ),
 ( #1984, #3111, #2093, #726 ),
 ( #1253, #1291, #1567, #2666 ) ),
 .UNSPECIFIED., .F., .F., .F.,
 ( 4, 4 ),
 ( 4, 4 ),
 ( -1.094914077134480079, -0.5836952312336749493 ),
 ( 0.000000000000000000, 1.282699999999999951 ),
 .UNSPECIFIED. ) ;
#3344 = LINE ( 'NONE', #1397, #83 ) ;
#3345 = FACE_BOUND ( 'NONE', #2964, .T. ) ;
#3346 = ADVANCED_FACE ( 'NONE', ( #1641 ), #2760, .F. ) ;
#3347 = DIRECTION ( 'NONE',  ( -0.000000000000000000, 1.000000000000000000, 0.000000000000000000 ) ) ;
#3348 = CLOSED_SHELL ( 'NONE', ( #3164, #2709, #996, #3109, #1859, #187 ) ) ;
#3349 = ORIENTED_EDGE ( 'NONE', *, *, #2578, .T. ) ;
#3350 = SHAPE_DEFINITION_REPRESENTATION ( #3103, #1689 ) ;
#3351 =( NAMED_UNIT ( * ) SI_UNIT ( $, .STERADIAN. ) SOLID_ANGLE_UNIT ( ) );
#3352 = ORIENTED_EDGE ( 'NONE', *, *, #3547, .F. ) ;
#3353 = LENGTH_MEASURE_WITH_UNIT ( LENGTH_MEASURE( 0.02539999999999999897 ), #3405 );
#3354 = CARTESIAN_POINT ( 'NONE',  ( -0.6200000000000001066, -1.619999999999999885, 0.000000000000000000 ) ) ;
#3355 = DIRECTION ( 'NONE',  ( 0.000000000000000000, 0.000000000000000000, -1.000000000000000000 ) ) ;
#3356 = ORIENTED_EDGE ( 'NONE', *, *, #1874, .T. ) ;
#3357 = DIRECTION ( 'NONE',  ( -1.000000000000000000, 0.000000000000000000, 0.000000000000000000 ) ) ;
#3358 = CARTESIAN_POINT ( 'NONE',  ( -0.7800000000000000266, 0.7800000000000020250, -0.07499999999999988620 ) ) ;
#3359 = DIRECTION ( 'NONE',  ( 0.000000000000000000, 0.000000000000000000, -1.000000000000000000 ) ) ;
#3360 = CARTESIAN_POINT ( 'NONE',  ( -0.6200000000000001066, 1.810000000000000053, 0.000000000000000000 ) ) ;
#3361 = B_SPLINE_CURVE_WITH_KNOTS ( 'NONE', 3,
 ( #1118, #288, #1414, #2528, #11, #1134, #849, #51, #889, #925, #2325, #346 ),
 .UNSPECIFIED., .F., .F.,
 ( 4, 2, 2, 2, 2, 4 ),
 ( 7.757919228897728493E-18, 0.003647858226729729526, 0.005471787340094590169, 0.007295716453459451245, 0.01094357468018917166, 0.01459143290691889382 ),
 .UNSPECIFIED. ) ;
#3362 = LINE ( 'NONE', #1956, #911 ) ;
#3363 = ORIENTED_EDGE ( 'NONE', *, *, #356, .T. ) ;
#3364 = CARTESIAN_POINT ( 'NONE',  ( 0.7897813935684213638, -1.959963581486699580, -1.086611952085304145 ) ) ;
#3365 = LINE ( 'NONE', #2557, #815 ) ;
#3366 = EDGE_LOOP ( 'NONE', ( #1630, #813, #2116, #2797 ) ) ;
#3367 =( GEOMETRIC_REPRESENTATION_CONTEXT ( 3 ) GLOBAL_UNCERTAINTY_ASSIGNED_CONTEXT ( ( #1819 ) ) GLOBAL_UNIT_ASSIGNED_CONTEXT ( ( #2822, #826, #1931 ) ) REPRESENTATION_CONTEXT ( 'NONE', 'WORKASPACE' ) );
#3368 = CARTESIAN_POINT ( 'NONE',  ( -0.7499999999999823475, 2.080000000000000071, -34.07999999999999829 ) ) ;
#3369 = FACE_OUTER_BOUND ( 'NONE', #1083, .T. ) ;
#3370 = CARTESIAN_POINT ( 'NONE',  ( 0.7848364641801356401, -1.962581795987450084, -0.8940986236984469482 ) ) ;
#3371 =( GEOMETRIC_REPRESENTATION_CONTEXT ( 3 ) GLOBAL_UNCERTAINTY_ASSIGNED_CONTEXT ( ( #3182 ) ) GLOBAL_UNIT_ASSIGNED_CONTEXT ( ( #2436, #2856, #779 ) ) REPRESENTATION_CONTEXT ( 'NONE', 'WORKASPACE' ) );
#3372 = EDGE_LOOP ( 'NONE', ( #275, #3002, #387, #1989 ) ) ;
#3373 = CARTESIAN_POINT ( 'NONE',  ( -0.8053807608941320195, -1.951915223316674997, -0.9146525008302006654 ) ) ;
#3374 = DIRECTION ( 'NONE',  ( -1.000000000000000000, 0.000000000000000000, 0.000000000000000000 ) ) ;
#3375 = AXIS2_PLACEMENT_3D ( 'NONE', #2877, #3073, #2595 ) ;
#3376 = PLANE ( 'NONE',  #1633 ) ;
#3377 = DIRECTION ( 'NONE',  ( -1.000000000000000000, 0.000000000000000000, 0.000000000000000000 ) ) ;
#3378 = CARTESIAN_POINT ( 'NONE',  ( 0.6200000000000001066, -2.102083333333331083, -0.7612641479095413333 ) ) ;
#3379 = EDGE_CURVE ( 'NONE', #1830, #503, #3361, .T. ) ;
#3380 = CARTESIAN_POINT ( 'NONE',  ( -0.8699999999999999956, -2.000000000000000000, -31.43999999999999773 ) ) ;
#3381 = PRODUCT_CONTEXT ( 'NONE', #1189, 'mechanical' ) ;
#3382 = EDGE_CURVE ( 'NONE', #3485, #635, #2371, .T. ) ;
#3383 = CARTESIAN_POINT ( 'NONE',  ( -0.6200000000000001066, -2.018750000000000266, -2.638735852090460909 ) ) ;
#3384 = CIRCLE ( 'NONE', #736, 0.2499999999999999722 ) ;
#3385 = ORIENTED_EDGE ( 'NONE', *, *, #2589, .T. ) ;
#3386 = CARTESIAN_POINT ( 'NONE',  ( -1.000000000000000000, -1.619999999999999885, -2.215388203202208750 ) ) ;
#3387 = CARTESIAN_POINT ( 'NONE',  ( 0.6200000000000001066, -2.000000000000000000, 0.000000000000000000 ) ) ;
#3388 = MECHANICAL_DESIGN_GEOMETRIC_PRESENTATION_REPRESENTATION (  '', ( #3211 ), #686 ) ;
#3389 = EDGE_CURVE ( 'NONE', #3403, #2376, #2052, .T. ) ;
#3390 = DIRECTION ( 'NONE',  ( 1.433175345326599986E-43, 1.000000000000000000, -2.254663031818779746E-28 ) ) ;
#3391 = ORIENTED_EDGE ( 'NONE', *, *, #1475, .F. ) ;
#3392 = DIRECTION ( 'NONE',  ( -5.151221977308931531E-16, -0.2357022603955152840, -0.9718253158075501608 ) ) ;
#3393 = CARTESIAN_POINT ( 'NONE',  ( 1.572213747497389846, -1.776643814749382155, 0.000000000000000000 ) ) ;
#3394 = CARTESIAN_POINT ( 'NONE',  ( -0.9413044969471024981, -2.003800000000000470, -2.129651214676189230 ) ) ;
#3395 = CARTESIAN_POINT ( 'NONE',  ( 0.5243479600150188213, -2.000000000000000000, -33.00000000000000000 ) ) ;
#3396 = DIRECTION ( 'NONE',  ( 0.000000000000000000, 0.000000000000000000, 1.000000000000000000 ) ) ;
#3397 = CARTESIAN_POINT ( 'NONE',  ( 1.872213747497389669, -1.476643814749380113, 0.000000000000000000 ) ) ;
#3398 = B_SPLINE_SURFACE_WITH_KNOTS ( 'NONE', 3, 3, ( 
 ( #1060, #192, #2166, #2438, #1019, #3583, #708 ),
 ( #478, #1604, #2972, #3509, #459, #2146, #3268 ),
 ( #1833, #1887, #2719, #761, #1586, #1564, #781 ),
 ( #3305, #3286, #3565, #3012, #2400, #2951, #2684 ),
 ( #213, #2703, #156, #2182, #1289, #1624, #1339 ) ),
 .UNSPECIFIED., .F., .F., .F.,
 ( 4, 1, 4 ),
 ( 4, 3, 4 ),
 ( 0.6687427032023710582, 1.055337113313449926, 1.570796326794899889 ),
 ( -0.009651999999999999122, 0.000000000000000000, 0.9651999999999999469 ),
 .UNSPECIFIED. ) ;
#3399 = PRODUCT_DEFINITION ( 'UNKNOWN', '', #2322, #3511 ) ;
#3400 = AXIS2_PLACEMENT_3D ( 'NONE', #839, #3069, #3107 ) ;
#3401 = FILL_AREA_STYLE_COLOUR ( '', #2735 ) ;
#3402 = FACE_OUTER_BOUND ( 'NONE', #315, .T. ) ;
#3403 = VERTEX_POINT ( 'NONE', #3413 ) ;
#3404 = CARTESIAN_POINT ( 'NONE',  ( -0.03092273086639870175, -2.000000000000000000, -2.831525630679591288 ) ) ;
#3405 =( LENGTH_UNIT ( ) NAMED_UNIT ( * ) SI_UNIT ( $, .METRE. ) );
#3406 = CARTESIAN_POINT ( 'NONE',  ( 1.000000000000000000, -1.956666666666669441, -1.184611796797789385 ) ) ;
#3407 = CARTESIAN_POINT ( 'NONE',  ( 0.6460552145580575889, -2.000000000000001776, -0.7784726448365755225 ) ) ;
#3408 = ORIENTED_EDGE ( 'NONE', *, *, #2649, .F. ) ;
#3409 = ADVANCED_FACE ( 'NONE', ( #1249 ), #2361, .T. ) ;
#3410 = CARTESIAN_POINT ( 'NONE',  ( -0.9819164807148466068, -1.736599059455017802, -1.150888949883867918 ) ) ;
#3411 = LINE ( 'NONE', #3393, #2373 ) ;
#3412 = CARTESIAN_POINT ( 'NONE',  ( 0.6200000000000001066, 1.810000000000000053, 0.000000000000000000 ) ) ;
#3413 = CARTESIAN_POINT ( 'NONE',  ( -0.8099999999999999423, -1.619999999999999885, 0.000000000000000000 ) ) ;
#3414 = CARTESIAN_POINT ( 'NONE',  ( 0.6199999999999999956, -2.125000000000000444, -0.7612641479095414443 ) ) ;
#3415 = CARTESIAN_POINT ( 'NONE',  ( -0.7211075579487146170, -2.002533333333333498, -0.9952943682523013313 ) ) ;
#3416 = CARTESIAN_POINT ( 'NONE',  ( -0.9757857225620975017, -1.753478549696430910, -1.918710184494861748 ) ) ;
#3417 = SURFACE_SIDE_STYLE ('',( #122 ) ) ;
#3418 = CARTESIAN_POINT ( 'NONE',  ( -0.6200000000000001066, -2.079166666666669272, -2.638735852090460909 ) ) ;
#3419 = ORIENTED_EDGE ( 'NONE', *, *, #1542, .F. ) ;
#3420 = DIMENSIONAL_EXPONENTS ( 1.000000000000000000, 0.000000000000000000, 0.000000000000000000, 0.000000000000000000, 0.000000000000000000, 0.000000000000000000, 0.000000000000000000 ) ;
#3421 = DIRECTION ( 'NONE',  ( -6.356494629578850264E-16, 0.000000000000000000, 1.000000000000000000 ) ) ;
#3422 = CARTESIAN_POINT ( 'NONE',  ( -0.7872956369816814792, -1.961192326916211925, -1.083426844475523509 ) ) ;
#3423 = CARTESIAN_POINT ( 'NONE',  ( 1.000000000000000000, -1.619999999999999885, -33.00000000000000000 ) ) ;
#3424 = FACE_OUTER_BOUND ( 'NONE', #1150, .T. ) ;
#3425 = EDGE_CURVE ( 'NONE', #754, #1503, #2644, .T. ) ;
#3426 = EDGE_LOOP ( 'NONE', ( #3033, #1957, #393, #2318 ) ) ;
#3427 = DIRECTION ( 'NONE',  ( 0.000000000000000000, -1.000000000000000000, 0.000000000000000000 ) ) ;
#3428 = DIRECTION ( 'NONE',  ( -1.000000000000000000, -1.232595164407831165E-31, -2.964666163005751074E-31 ) ) ;
#3429 = ADVANCED_FACE ( 'NONE', ( #651 ), #1783, .F. ) ;
#3430 = LINE ( 'NONE', #1764, #2563 ) ;
#3431 = EDGE_LOOP ( 'NONE', ( #1648, #555, #2360, #209 ) ) ;
#3432 = AXIS2_PLACEMENT_3D ( 'NONE', #3099, #2548, #3377 ) ;
#3433 = DIRECTION ( 'NONE',  ( 0.000000000000000000, -1.000000000000000000, 0.000000000000000000 ) ) ;
#3434 = VECTOR ( 'NONE', #2700, 39.37007874015748143 ) ;
#3435 = CARTESIAN_POINT ( 'NONE',  ( -0.6199999999999999956, -1.999999999999999334, -2.638735852090460465 ) ) ;
#3436 = PRESENTATION_LAYER_ASSIGNMENT (  '', '', ( #1907 ) ) ;
#3437 = CYLINDRICAL_SURFACE ( 'NONE', #2199, 1.125000000000000000 ) ;
#3438 = CARTESIAN_POINT ( 'NONE',  ( -1.067786252502610278, -0.7766438147493800459, 0.000000000000000000 ) ) ;
#3439 = ORIENTED_EDGE ( 'NONE', *, *, #679, .T. ) ;
#3440 =( NAMED_UNIT ( * ) SI_UNIT ( $, .STERADIAN. ) SOLID_ANGLE_UNIT ( ) );
#3441 = FACE_OUTER_BOUND ( 'NONE', #1631, .T. ) ;
#3442 = CARTESIAN_POINT ( 'NONE',  ( 0.4634469599276339058, -2.125416666666666732, -2.742133293051850274 ) ) ;
#3443 = VERTEX_POINT ( 'NONE', #3486 ) ;
#3444 = CIRCLE ( 'NONE', #2697, 0.3800000000000000600 ) ;
#3445 = DIRECTION ( 'NONE',  ( 0.000000000000000000, 0.000000000000000000, -1.000000000000000000 ) ) ;
#3446 = DIRECTION ( 'NONE',  ( 0.000000000000000000, 0.000000000000000000, -1.000000000000000000 ) ) ;
#3447 = DIRECTION ( 'NONE',  ( 0.000000000000000000, 0.000000000000000000, 1.000000000000000000 ) ) ;
#3448 = ORIENTED_EDGE ( 'NONE', *, *, #35, .F. ) ;
#3449 = CARTESIAN_POINT ( 'NONE',  ( 0.000000000000000000, 0.000000000000000000, 1.060000000000000053 ) ) ;
#3450 = EDGE_CURVE ( 'NONE', #337, #961, #42, .T. ) ;
#3451 = CARTESIAN_POINT ( 'NONE',  ( 0.6200000000000001066, 2.000000000000000000, 0.000000000000000000 ) ) ;
#3452 = PLANE ( 'NONE',  #1508 ) ;
#3453 = AXIS2_PLACEMENT_3D ( 'NONE', #1151, #2273, #3392 ) ;
#3454 = CARTESIAN_POINT ( 'NONE',  ( -0.6200000000000001066, -2.125416666666666732, -2.638735852090460909 ) ) ;
#3455 = EDGE_CURVE ( 'NONE', #41, #3606, #549, .T. ) ;
#3456 = FILL_AREA_STYLE ('',( #2039 ) ) ;
#3457 = DIRECTION ( 'NONE',  ( 0.000000000000000000, -1.000000000000000000, 0.000000000000000000 ) ) ;
#3458 = VERTEX_POINT ( 'NONE', #379 ) ;
#3459 = VECTOR ( 'NONE', #1753, 39.37007874015748143 ) ;
#3460 = FACE_OUTER_BOUND ( 'NONE', #2879, .T. ) ;
#3461 = CARTESIAN_POINT ( 'NONE',  ( 0.6200000000000001066, -2.083333333333330817, -2.638735852090460909 ) ) ;
#3462 = APPLICATION_CONTEXT ( 'automotive_design' ) ;
#3463 = ORIENTED_EDGE ( 'NONE', *, *, #119, .F. ) ;
#3464 = CARTESIAN_POINT ( 'NONE',  ( -0.6200000000000001066, -1.619999999999999885, 0.000000000000000000 ) ) ;
#3465 = PLANE ( 'NONE',  #1559 ) ;
#3466 = CARTESIAN_POINT ( 'NONE',  ( -0.9121746125226930513, -1.956666666666669441, -2.385794485169141943 ) ) ;
#3467 = ORIENTED_EDGE ( 'NONE', *, *, #1017, .T. ) ;
#3468 = VECTOR ( 'NONE', #499, 39.37007874015748143 ) ;
#3469 = CARTESIAN_POINT ( 'NONE',  ( 0.6200000000000002176, -2.125000000000000000, -2.638735852090461353 ) ) ;
#3470 = CARTESIAN_POINT ( 'NONE',  ( -0.4266144424150638548, -2.124913877552484731, -2.741241752067366200 ) ) ;
#3471 = CARTESIAN_POINT ( 'NONE',  ( -0.6200000000000001066, -2.000000000000000000, -31.43999999999999773 ) ) ;
#3472 = CARTESIAN_POINT ( 'NONE',  ( -0.9112742586962216951, -1.864072050704968841, -2.111825582272293111 ) ) ;
#3473 = UNCERTAINTY_MEASURE_WITH_UNIT (LENGTH_MEASURE( 1.000000000000000082E-05 ), #61, 'distance_accuracy_value', 'NONE');
#3474 = LINE ( 'NONE', #2313, #2459 ) ;
#3475 = EDGE_CURVE ( 'NONE', #3223, #2505, #636, .T. ) ;
#3476 = ORIENTED_EDGE ( 'NONE', *, *, #2530, .T. ) ;
#3477 = DIMENSIONAL_EXPONENTS ( 1.000000000000000000, 0.000000000000000000, 0.000000000000000000, 0.000000000000000000, 0.000000000000000000, 0.000000000000000000, 0.000000000000000000 ) ;
#3478 = CARTESIAN_POINT ( 'NONE',  ( 0.000000000000000000, 0.000000000000000000, 0.000000000000000000 ) ) ;
#3479 = VECTOR ( 'NONE', #1135, 39.37007874015748143 ) ;
#3480 = CARTESIAN_POINT ( 'NONE',  ( -0.5153882032022071291, 1.000000000000000000, 0.000000000000000000 ) ) ;
#3481 = FACE_OUTER_BOUND ( 'NONE', #3114, .T. ) ;
#3482 = ORIENTED_EDGE ( 'NONE', *, *, #2849, .T. ) ;
#3483 = CARTESIAN_POINT ( 'NONE',  ( -0.04598167090750834851, -2.000000000000000000, -33.00000000000000000 ) ) ;
#3484 = CARTESIAN_POINT ( 'NONE',  ( 0.5156313066184228244, -2.000000000000000000, -0.6923325206019449451 ) ) ;
#3485 = VERTEX_POINT ( 'NONE', #1723 ) ;
#3486 = CARTESIAN_POINT ( 'NONE',  ( 0.9996556270561005597, -1.636174203060399623, -31.43999999999999773 ) ) ;
#3487 = CARTESIAN_POINT ( 'NONE',  ( 1.000000000000000000, -2.001266666666666971, -1.700000000000000178 ) ) ;
#3488 = VECTOR ( 'NONE', #1154, 39.37007874015748143 ) ;
#3489 = AXIS2_PLACEMENT_3D ( 'NONE', #179, #1589, #2977 ) ;
#3490 = CARTESIAN_POINT ( 'NONE',  ( -0.8059349078533928346, -1.951497941095335698, -2.292110466644127875 ) ) ;
#3491 = CARTESIAN_POINT ( 'NONE',  ( -0.8592777322836101517, -1.915467698142589548, -1.188201107470831408 ) ) ;
#3492 = EDGE_CURVE ( 'NONE', #3443, #1114, #3018, .T. ) ;
#3493 = DIRECTION ( 'NONE',  ( 0.000000000000000000, 0.000000000000000000, -1.000000000000000000 ) ) ;
#3494 =( GEOMETRIC_REPRESENTATION_CONTEXT ( 3 ) GLOBAL_UNCERTAINTY_ASSIGNED_CONTEXT ( ( #422 ) ) GLOBAL_UNIT_ASSIGNED_CONTEXT ( ( #1218, #406, #2349 ) ) REPRESENTATION_CONTEXT ( 'NONE', 'WORKASPACE' ) );
#3495 = ORIENTED_EDGE ( 'NONE', *, *, #2306, .F. ) ;
#3496 = EDGE_CURVE ( 'NONE', #961, #825, #3234, .T. ) ;
#3497 = CARTESIAN_POINT ( 'NONE',  ( -1.000000000000000000, -2.000000000000000000, -1.775799270969709687 ) ) ;
#3498 = CARTESIAN_POINT ( 'NONE',  ( 0.6200000000000001066, -2.000000000000000000, -2.638735852090460909 ) ) ;
#3499 = EDGE_LOOP ( 'NONE', ( #2443, #1088, #1285, #2461 ) ) ;
#3500 = ADVANCED_FACE ( 'NONE', ( #2067 ), #1193, .F. ) ;
#3501 = DIMENSIONAL_EXPONENTS ( 1.000000000000000000, 0.000000000000000000, 0.000000000000000000, 0.000000000000000000, 0.000000000000000000, 0.000000000000000000, 0.000000000000000000 ) ;
#3502 = DIRECTION ( 'NONE',  ( 0.000000000000000000, 0.000000000000000000, 1.000000000000000000 ) ) ;
#3503 = CARTESIAN_POINT ( 'NONE',  ( 0.6200000000000001066, -2.000000000000000444, -0.7612641479095412222 ) ) ;
#3504 = AXIS2_PLACEMENT_3D ( 'NONE', #361, #3156, #98 ) ;
#3505 = ORIENTED_EDGE ( 'NONE', *, *, #3551, .F. ) ;
#3506 = DIRECTION ( 'NONE',  ( 0.000000000000000000, 0.000000000000000000, -1.000000000000000000 ) ) ;
#3507 = CARTESIAN_POINT ( 'NONE',  ( 0.7211075579487146170, -2.001266666666666971, -0.9952943682523013313 ) ) ;
#3508 = AXIS2_PLACEMENT_3D ( 'NONE', #1857, #1895, #2173 ) ;
#3509 = CARTESIAN_POINT ( 'NONE',  ( 0.7211075579487146170, -2.000000000000000000, -2.404705631747700689 ) ) ;
#3510 = CARTESIAN_POINT ( 'NONE',  ( -0.9990045866881396286, -1.651349834057841859, -2.217330453221749931 ) ) ;
#3511 = PRODUCT_DEFINITION_CONTEXT ( 'detailed design', #317, 'design' ) ;
#3512 = CARTESIAN_POINT ( 'NONE',  ( -0.8830041501329956022, -1.894352975990990062, -1.230574767768132238 ) ) ;
#3513 = B_SPLINE_CURVE_WITH_KNOTS ( 'NONE', 3,
 ( #554, #3407, #1168, #2249, #1409, #1986, #3370, #1186, #3112, #1685, #2839, #321, #2283, #881, #3127, #341, #1465, #3151, #357, #2300, #2807, #2521, #428, #3241 ),
 .UNSPECIFIED., .F., .F.,
 ( 4, 2, 2, 2, 2, 2, 2, 2, 2, 2, 2, 4 ),
 ( 0.000000000000000000, 0.002340557654497803664, 0.004681115308995607328, 0.005851394136244505474, 0.007021672963493404487, 0.009362230617991202514, 0.01170278827248899881, 0.01404334592698679683, 0.01521362475423569498, 0.01638390358148459139, 0.01755418240873348953, 0.01872446123598238768 ),
 .UNSPECIFIED. ) ;
#3514 =( REPRESENTATION_RELATIONSHIP ('NONE','NONE', #1311, #2056 ) REPRESENTATION_RELATIONSHIP_WITH_TRANSFORMATION ( #1401 )SHAPE_REPRESENTATION_RELATIONSHIP( ) );
#3515 = CARTESIAN_POINT ( 'NONE',  ( -0.6794722895373936922, -1.999999999999998890, -0.9623937732098655218 ) ) ;
#3516 = EDGE_LOOP ( 'NONE', ( #1095, #1029, #1760, #445 ) ) ;
#3517 = EDGE_CURVE ( 'NONE', #337, #2541, #907, .T. ) ;
#3518 = DIRECTION ( 'NONE',  ( 1.000000000000000000, 0.000000000000000000, 0.000000000000000000 ) ) ;
#3519 = CARTESIAN_POINT ( 'NONE',  ( 0.8099999999999999423, 1.619999999999999885, 0.000000000000000000 ) ) ;
#3520 = CARTESIAN_POINT ( 'NONE',  ( 0.6200000000000001066, -2.125416666666666732, -2.638735852090460909 ) ) ;
#3521 = EDGE_LOOP ( 'NONE', ( #2836, #721, #729, #3482 ) ) ;
#3522 = ORIENTED_EDGE ( 'NONE', *, *, #2733, .T. ) ;
#3523 = LINE ( 'NONE', #395, #2159 ) ;
#3524 = CARTESIAN_POINT ( 'NONE',  ( 0.6200000000000001066, -2.126250000000000195, -0.7612641479095413333 ) ) ;
#3525 = VECTOR ( 'NONE', #3605, 39.37007874015748143 ) ;
#3526 = EDGE_CURVE ( 'NONE', #1220, #1927, #741, .T. ) ;
#3527 = ORIENTED_EDGE ( 'NONE', *, *, #3082, .T. ) ;
#3528 = LENGTH_MEASURE_WITH_UNIT ( LENGTH_MEASURE( 0.02539999999999999897 ), #2682 );
#3529 = DIRECTION ( 'NONE',  ( 1.000000000000000000, 0.000000000000000000, 0.000000000000000000 ) ) ;
#3530 = CARTESIAN_POINT ( 'NONE',  ( -0.9207171544697027032, -1.873333333333330852, -1.227833269476779510 ) ) ;
#3531 = CARTESIAN_POINT ( 'NONE',  ( -1.000000000000000000, -1.619999999999999885, -2.215388203202208750 ) ) ;
#3532 = CARTESIAN_POINT ( 'NONE',  ( -0.9636962892405644965, -1.782201209031424316, -1.432861242621430886 ) ) ;
#3533 = CARTESIAN_POINT ( 'NONE',  ( -0.7324987125800004328, -1.999954976770428772, -1.015196045276371972 ) ) ;
#3534 = CARTESIAN_POINT ( 'NONE',  ( 0.6600868425680089802, -2.125000000000000444, -0.7877400115263604174 ) ) ;
#3535 = ORIENTED_EDGE ( 'NONE', *, *, #421, .F. ) ;
#3536 = CARTESIAN_POINT ( 'NONE',  ( 0.000000000000000000, 0.000000000000000000, 0.000000000000000000 ) ) ;
#3537 = PRESENTATION_STYLE_ASSIGNMENT (( #769 ) ) ;
#3538 = VERTEX_POINT ( 'NONE', #2969 ) ;
#3539 = ORIENTED_EDGE ( 'NONE', *, *, #1542, .T. ) ;
#3540 = VERTEX_POINT ( 'NONE', #759 ) ;
#3541 = B_SPLINE_CURVE_WITH_KNOTS ( 'NONE', 3,
 ( #1061, #3584, #3307, #2741, #1870, #2111, #2383, #157, #3567, #1323, #214, #784, #2993, #479, #2952, #3235, #762, #1908, #3250, #1341, #725, #3510, #2439, #3531 ),
 .UNSPECIFIED., .F., .F.,
 ( 4, 2, 2, 2, 2, 2, 2, 2, 2, 2, 2, 4 ),
 ( 0.000000000000000000, 0.002340557654497768970, 0.004681115308995537939, 0.005851394136244423075, 0.007021672963493307343, 0.009362230617991124451, 0.01170278827248893982, 0.01404334592698675867, 0.01521362475423566896, 0.01638390358148457751, 0.01755418240873348606, 0.01872446123598239462 ),
 .UNSPECIFIED. ) ;
#3542 = CARTESIAN_POINT ( 'NONE',  ( 1.000000000000019762, 2.080000000000000071, -31.43999999999999773 ) ) ;
#3543 = EDGE_CURVE ( 'NONE', #408, #1765, #1171, .T. ) ;
#3544 = CARTESIAN_POINT ( 'NONE',  ( -0.7500000000000001110, 1.977071421427141873, 0.000000000000000000 ) ) ;
#3545 = ORIENTED_EDGE ( 'NONE', *, *, #2649, .T. ) ;
#3546 = CARTESIAN_POINT ( 'NONE',  ( 0.000000000000000000, 0.000000000000000000, 1.060000000000000053 ) ) ;
#3547 = EDGE_CURVE ( 'NONE', #2191, #2397, #2729, .T. ) ;
#3548 = FACE_OUTER_BOUND ( 'NONE', #2210, .T. ) ;
#3549 = FACE_OUTER_BOUND ( 'NONE', #1778, .T. ) ;
#3550 = CARTESIAN_POINT ( 'NONE',  ( -0.7845907970542909116, -1.962507408578525459, -1.079987281669162913 ) ) ;
#3551 = EDGE_CURVE ( 'NONE', #2717, #110, #189, .T. ) ;
#3552 = CARTESIAN_POINT ( 'NONE',  ( 0.7799999999999996936, 0.7800000000000020250, -0.07500000000000014988 ) ) ;
#3553 = CARTESIAN_POINT ( 'NONE',  ( 0.7703126605492721657, -2.124840788338761666, -0.8799634119439683211 ) ) ;
#3554 = ORIENTED_EDGE ( 'NONE', *, *, #3008, .T. ) ;
#3555 = CARTESIAN_POINT ( 'NONE',  ( 0.9893850988079156972, -1.709911370361844929, -1.553658813569221087 ) ) ;
#3556 = ORIENTED_EDGE ( 'NONE', *, *, #1041, .T. ) ;
#3557 = ORIENTED_EDGE ( 'NONE', *, *, #3517, .T. ) ;
#3558 = CARTESIAN_POINT ( 'NONE',  ( 0.8977189094719874030, -1.879404538985787632, -2.140596152565129362 ) ) ;
#3559 = CARTESIAN_POINT ( 'NONE',  ( 0.3748758513862913699, -2.124774459133678572, -2.760822418141570811 ) ) ;
#3560 = ORIENTED_EDGE ( 'NONE', *, *, #1301, .F. ) ;
#3561 = LINE ( 'NONE', #3580, #374 ) ;
#3562 = CARTESIAN_POINT ( 'NONE',  ( 1.000000000000000000, -1.619999999999999885, 0.000000000000000000 ) ) ;
#3563 = PRODUCT_DEFINITION_FORMATION_WITH_SPECIFIED_SOURCE ( 'ANY', '', #2255, .NOT_KNOWN. ) ;
#3564 = AXIS2_PLACEMENT_3D ( 'NONE', #1923, #2470, #3596 ) ;
#3565 = CARTESIAN_POINT ( 'NONE',  ( 1.000000000000000000, -2.001266666666666971, -1.871819737827149721 ) ) ;
#3566 = EDGE_CURVE ( 'NONE', #302, #2632, #1142, .T. ) ;
#3567 = CARTESIAN_POINT ( 'NONE',  ( -0.8152345860009811984, -1.946209549667838212, -2.475098012243218459 ) ) ;
#3568 = DIRECTION ( 'NONE',  ( 1.000000000000000000, 0.000000000000000000, 0.000000000000000000 ) ) ;
#3569 = AXIS2_PLACEMENT_3D ( 'NONE', #979, #2104, #703 ) ;
#3570 = CARTESIAN_POINT ( 'NONE',  ( 0.9819164807148472729, -1.736599059455017802, -2.249111050116130439 ) ) ;
#3571 = DIRECTION ( 'NONE',  ( -6.055128453130049979E-48, 3.504833317489690111E-32, -1.000000000000000000 ) ) ;
#3572 = ORIENTED_EDGE ( 'NONE', *, *, #1698, .T. ) ;
#3573 = EDGE_CURVE ( 'NONE', #3039, #2280, #3561, .T. ) ;
#3574 = CARTESIAN_POINT ( 'NONE',  ( 0.9380387882016606449, -1.828285322956597181, -1.353038684276810066 ) ) ;
#3575 = ORIENTED_EDGE ( 'NONE', *, *, #2578, .F. ) ;
#3576 = ORIENTED_EDGE ( 'NONE', *, *, #3566, .F. ) ;
#3577 = CARTESIAN_POINT ( 'NONE',  ( 0.7759248449277742488, -1.966569893673382197, -2.330855246470559639 ) ) ;
#3578 = DIRECTION ( 'NONE',  ( 0.000000000000000000, 0.000000000000000000, 1.000000000000000000 ) ) ;
#3579 = VERTEX_POINT ( 'NONE', #492 ) ;
#3580 = CARTESIAN_POINT ( 'NONE',  ( 0.5153882032022071291, 1.000000000000000000, 0.000000000000000000 ) ) ;
#3581 = AXIS2_PLACEMENT_3D ( 'NONE', #1439, #2515, #38 ) ;
#3582 = CARTESIAN_POINT ( 'NONE',  ( 1.872213747497389669, 0.6733561852506200207, 0.5000000000000000000 ) ) ;
#3583 = CARTESIAN_POINT ( 'NONE',  ( 0.6200000000000001066, -1.746666666666669254, -2.484601809837319042 ) ) ;
#3584 = CARTESIAN_POINT ( 'NONE',  ( -0.6460552145580575889, -1.999999999999998890, -2.621527355163427053 ) ) ;
#3585 = CARTESIAN_POINT ( 'NONE',  ( -0.8028626042055242440, -1.999998444935703334, -1.102665299154416134 ) ) ;
#3586 = LINE ( 'NONE', #2458, #3293 ) ;
#3587 = ORIENTED_EDGE ( 'NONE', *, *, #1961, .F. ) ;
#3588 = MANIFOLD_SOLID_BREP ( 'Solid1[1]', #2641 ) ;
#3589 = EDGE_CURVE ( 'NONE', #1477, #3224, #2990, .T. ) ;
#3590 = EDGE_LOOP ( 'NONE', ( #3276, #3264, #518, #2891 ) ) ;
#3591 = EDGE_LOOP ( 'NONE', ( #1493, #1914, #1241, #507 ) ) ;
#3592 = CARTESIAN_POINT ( 'NONE',  ( 0.7866421302839758933, -1.961512009180726768, -2.317406482674101209 ) ) ;
#3593 = DIRECTION ( 'NONE',  ( 0.000000000000000000, 0.000000000000000000, -1.000000000000000000 ) ) ;
#3594 = ORIENTED_EDGE ( 'NONE', *, *, #1617, .T. ) ;
#3595 = LINE ( 'NONE', #3582, #152 ) ;
#3596 = DIRECTION ( 'NONE',  ( 0.000000000000000000, -1.000000000000000000, 0.000000000000000000 ) ) ;
#3597 = MANIFOLD_SOLID_BREP ( 'Base-Flange1', #1703 ) ;
#3598 = PLANE ( 'NONE',  #1379 ) ;
#3599 = CARTESIAN_POINT ( 'NONE',  ( 0.5280366581849826879, -2.000000000000000000, -32.95924664428948603 ) ) ;
#3600 = CARTESIAN_POINT ( 'NONE',  ( -0.06778625250261023638, -1.776643814749382155, 0.000000000000000000 ) ) ;
#3601 = VERTEX_POINT ( 'NONE', #858 ) ;
#3603 = PRESENTATION_LAYER_ASSIGNMENT (  '', '', ( #199 ) ) ;
#3602 = DIRECTION ( 'NONE',  ( 0.000000000000000000, 0.000000000000000000, 1.000000000000000000 ) ) ;
#3604 = FACE_OUTER_BOUND ( 'NONE', #1669, .T. ) ;
#3605 = DIRECTION ( 'NONE',  ( 0.000000000000000000, 0.000000000000000000, -1.000000000000000000 ) ) ;
#3606 = VERTEX_POINT ( 'NONE', #3089 ) ;
#3607 = CIRCLE ( 'NONE', #3432, 1.125000000000000000 ) ;
#3608 = EDGE_CURVE ( 'NONE', #1486, #2913, #2379, .T. ) ;
#3609 = AXIS2_PLACEMENT_3D ( 'NONE', #2195, #2715, #186 ) ;
#3610 = SURFACE_STYLE_USAGE ( .BOTH. , #1091 ) ;
#3611 = CARTESIAN_POINT ( 'NONE',  ( 0.8943701692734333797, -1.882928599121280078, -2.147327817634523406 ) ) ;
#3612 = DIRECTION ( 'NONE',  ( 0.8637177756354240676, 0.5039757970889029437, 0.000000000000000000 ) ) ;
#3613 = ORIENTED_EDGE ( 'NONE', *, *, #2780, .T. ) ;
#3614 = ADVANCED_FACE ( 'NONE', ( #2246 ), #2874, .T. ) ;
#3615 = CARTESIAN_POINT ( 'NONE',  ( -0.9121746125226930513, -2.125000000000000000, -1.014205514830860411 ) ) ;
#3616 = CARTESIAN_POINT ( 'NONE',  ( -0.7548100772649547485, -1.619999999999999885, -2.378073572384492351 ) ) ;
#3617 = MANIFOLD_SOLID_BREP ( 'Solid1[1]', #1930 ) ;
#3618 = CARTESIAN_POINT ( 'NONE',  ( -1.000000000000000000, -1.619999999999999885, 0.000000000000000000 ) ) ;
#3619 = PRODUCT_DEFINITION_FORMATION_WITH_SPECIFIED_SOURCE ( 'ANY', '', #2546, .NOT_KNOWN. ) ;
#3620 = DIRECTION ( 'NONE',  ( -1.000000000000000000, 0.000000000000000000, 0.000000000000000000 ) ) ;
#3621 = DIRECTION ( 'NONE',  ( 1.000000000000000000, 1.079248590089589989E-16, 0.000000000000000000 ) ) ;
#3622 = VERTEX_POINT ( 'NONE', #1164 ) ;
#3623 = VECTOR ( 'NONE', #2946, 39.37007874015748854 ) ;
#3624 = DIRECTION ( 'NONE',  ( 0.000000000000000000, 0.000000000000000000, 1.000000000000000000 ) ) ;
#3625 = CARTESIAN_POINT ( 'NONE',  ( -0.6200000000000001066, -2.102083333333331083, -2.638735852090460909 ) ) ;
#3626 = CIRCLE ( 'NONE', #2567, 0.3800000000000000600 ) ;
#3627 = ORIENTED_EDGE ( 'NONE', *, *, #102, .F. ) ;
#3628 = EDGE_CURVE ( 'NONE', #981, #772, #2090, .T. ) ;
#3629 = CARTESIAN_POINT ( 'NONE',  ( 0.6200000000000001066, -2.000000000000000000, -31.43999999999999773 ) ) ;
#3630 = CARTESIAN_POINT ( 'NONE',  ( 0.4263559605901085514, -2.124801903450516338, -2.741229292586438326 ) ) ;
#3631 = VECTOR ( 'NONE', #3028, 39.37007874015748143 ) ;
#3632 = EDGE_LOOP ( 'NONE', ( #1913, #2451, #3003, #1875 ) ) ;
#3633 = CARTESIAN_POINT ( 'NONE',  ( 0.6200000000000001066, 1.619999999999999885, -33.00000000000000000 ) ) ;
#3634 = ADVANCED_FACE ( 'NONE', ( #297 ), #1420, .T. ) ;
#3635 = DIRECTION ( 'NONE',  ( 1.000000000000000000, 0.000000000000000000, 0.000000000000000000 ) ) ;
#3636 = NEXT_ASSEMBLY_USAGE_OCCURRENCE ( 'NAUO1', ' ', ' ', #3399, #2051, $ ) ;
#3637 = NEXT_ASSEMBLY_USAGE_OCCURRENCE ( 'NAUO2', ' ', ' ', #3399, #945, $ ) ;
#3638 = NEXT_ASSEMBLY_USAGE_OCCURRENCE ( 'NAUO3', ' ', ' ', #3399, #1180, $ ) ;
#3639 = NEXT_ASSEMBLY_USAGE_OCCURRENCE ( 'NAUO4', ' ', ' ', #3399, #1935, $ ) ;
#3640 = NEXT_ASSEMBLY_USAGE_OCCURRENCE ( 'NAUO5', ' ', ' ', #3399, #1935, $ ) ;
#3641 = NEXT_ASSEMBLY_USAGE_OCCURRENCE ( 'NAUO6', ' ', ' ', #3399, #1829, $ ) ;
ENDSEC;
END-ISO-10303-21;
