ISO-10303-21;
HEADER;
FILE_DESCRIPTION (( 'STEP AP214' ),
    '1' );
FILE_NAME ('102049.STEP',
    '2026-04-27T17:48:29',
    ( '' ),
    ( '' ),
    'SwSTEP 2.0',
    'SolidWorks 2025',
    '' );
FILE_SCHEMA (( 'AUTOMOTIVE_DESIGN' ));
ENDSEC;

DATA;
#1 = AXIS2_PLACEMENT_3D ( 'NONE', #8717, #9542, #4945 ) ;
#2 = VERTEX_POINT ( 'NONE', #3756 ) ;
#3 = CARTESIAN_POINT ( 'NONE',  ( 26.74999999999988276, -29.74999999999996447, 24.00000000000000355 ) ) ;
#4 = ADVANCED_FACE ( 'NONE', ( #7383 ), #9634, .F. ) ;
#5 = EDGE_LOOP ( 'NONE', ( #9433, #265, #7255, #2621 ) ) ;
#6 = EDGE_CURVE ( 'NONE', #503, #898, #5247, .T. ) ;
#7 = VECTOR ( 'NONE', #6633, 39.37007874015748143 ) ;
#8 = DIRECTION ( 'NONE',  ( -1.000000000000000000, 1.486340760031678554E-14, -3.000000000000001022E-15 ) ) ;
#9 = CARTESIAN_POINT ( 'NONE',  ( 29.74999999999985789, -29.75000000000004619, -0.1203511549773090827 ) ) ;
#10 = DIRECTION ( 'NONE',  ( -1.362904321013719208E-14, -6.999999999999993839E-15, 1.000000000000000000 ) ) ;
#11 = DIRECTION ( 'NONE',  ( 0.7071067811865480168, 0.7071067811865470176, 7.778174593052020697E-15 ) ) ;
#12 = CARTESIAN_POINT ( 'NONE',  ( -28.25000000000030198, -30.00000000000005329, 23.31496062992053808 ) ) ;
#13 = ORIENTED_EDGE ( 'NONE', *, *, #3328, .F. ) ;
#14 = ORIENTED_EDGE ( 'NONE', *, *, #1101, .T. ) ;
#15 = PRESENTATION_LAYER_ASSIGNMENT (  '', '', ( #7282 ) ) ;
#16 = ORIENTED_EDGE ( 'NONE', *, *, #7819, .T. ) ;
#17 = EDGE_CURVE ( 'NONE', #9539, #2080, #5944, .T. ) ;
#18 = LINE ( 'NONE', #9599, #609 ) ;
#19 = FACE_OUTER_BOUND ( 'NONE', #6896, .T. ) ;
#20 = DIRECTION ( 'NONE',  ( -4.000000000000001100E-15, -1.000000000000000000, -6.817876800422381418E-15 ) ) ;
#21 = VECTOR ( 'NONE', #4211, 39.37007874015748143 ) ;
#22 = FACE_OUTER_BOUND ( 'NONE', #4504, .T. ) ;
#23 = DIRECTION ( 'NONE',  ( 3.999999999999769175E-15, -1.000000000000000000, -9.999999999999930568E-15 ) ) ;
#24 = VERTEX_POINT ( 'NONE', #6643 ) ;
#25 = CARTESIAN_POINT ( 'NONE',  ( 26.74999999999988276, -27.93503937007870164, 1.000000000000001332 ) ) ;
#26 = VERTEX_POINT ( 'NONE', #5195 ) ;
#27 = ORIENTED_EDGE ( 'NONE', *, *, #5482, .T. ) ;
#28 = EDGE_CURVE ( 'NONE', #2622, #7112, #8223, .T. ) ;
#29 = CARTESIAN_POINT ( 'NONE',  ( 26.87500000000016698, 29.49999999999992895, 23.99999999999981526 ) ) ;
#30 = CARTESIAN_POINT ( 'NONE',  ( -29.75000000000039080, 29.74999999999953459, 23.93699999999966721 ) ) ;
#31 = LINE ( 'NONE', #1507, #437 ) ;
#32 = EDGE_CURVE ( 'NONE', #3855, #189, #9009, .T. ) ;
#33 = PRESENTATION_STYLE_ASSIGNMENT (( #3835 ) ) ;
#34 = CYLINDRICAL_SURFACE ( 'NONE', #1547, 0.1250000000000015266 ) ;
#35 = AXIS2_PLACEMENT_3D ( 'NONE', #2166, #1622, #6136 ) ;
#36 = CARTESIAN_POINT ( 'NONE',  ( 28.24999999999966960, 26.99999999999974065, 23.31496062992196627 ) ) ;
#37 = FACE_BOUND ( 'NONE', #2461, .T. ) ;
#38 = CARTESIAN_POINT ( 'NONE',  ( 37.49999999999965894, -37.50000000000026290, 24.50000000000040856 ) ) ;
#39 = SURFACE_STYLE_USAGE ( .BOTH. , #6820 ) ;
#40 = DIRECTION ( 'NONE',  ( -4.000000000000000311E-15, -6.999999999999997783E-15, 1.000000000000000000 ) ) ;
#41 = ORIENTED_EDGE ( 'NONE', *, *, #3167, .T. ) ;
#42 = ORIENTED_EDGE ( 'NONE', *, *, #748, .F. ) ;
#43 = ORIENTED_EDGE ( 'NONE', *, *, #3979, .T. ) ;
#44 = VECTOR ( 'NONE', #8986, 39.37007874015748143 ) ;
#45 = CARTESIAN_POINT ( 'NONE',  ( -29.75000000000036238, 28.24999999999954170, 22.99999999999965894 ) ) ;
#46 = CARTESIAN_POINT ( 'NONE',  ( 29.99999999999988276, -29.99999999999997513, -0.5000000000001253442 ) ) ;
#47 = ADVANCED_FACE ( 'NONE', ( #2963 ), #2869, .F. ) ;
#48 = CARTESIAN_POINT ( 'NONE',  ( 29.99999999999991829, 29.99999999999999645, -0.2928932188131521119 ) ) ;
#49 = VECTOR ( 'NONE', #5400, 39.37007874015748143 ) ;
#50 = DIRECTION ( 'NONE',  ( -1.000000000000000000, -4.000000000000083930E-15, -1.700000000000008533E-14 ) ) ;
#51 = ORIENTED_EDGE ( 'NONE', *, *, #6843, .F. ) ;
#52 = DIRECTION ( 'NONE',  ( -3.000000000000293689E-15, -1.000000000000000000, -7.000000000000061681E-15 ) ) ;
#53 = EDGE_CURVE ( 'NONE', #6774, #5358, #2121, .T. ) ;
#54 = ORIENTED_EDGE ( 'NONE', *, *, #6046, .T. ) ;
#55 = CIRCLE ( 'NONE', #2563, 0.3149606299212601157 ) ;
#56 = DIRECTION ( 'NONE',  ( -7.000000000000000938E-15, 5.605193857299268284E-45, -1.000000000000000000 ) ) ;
#57 = DIRECTION ( 'NONE',  ( 3.863407600316787446E-15, 1.000000000000000000, 9.561467977824923821E-31 ) ) ;
#58 = EDGE_CURVE ( 'NONE', #3650, #4482, #5892, .T. ) ;
#59 = LINE ( 'NONE', #6006, #377 ) ;
#60 = PRESENTATION_LAYER_ASSIGNMENT (  '', '', ( #2728 ) ) ;
#61 = VERTEX_POINT ( 'NONE', #5790 ) ;
#62 = CIRCLE ( 'NONE', #694, 0.3149606299212601157 ) ;
#63 = VERTEX_POINT ( 'NONE', #8118 ) ;
#64 = ORIENTED_EDGE ( 'NONE', *, *, #3503, .T. ) ;
#65 = CARTESIAN_POINT ( 'NONE',  ( 0.000000000000000000, 0.000000000000000000, 0.000000000000000000 ) ) ;
#66 = PLANE ( 'NONE',  #7419 ) ;
#67 = VECTOR ( 'NONE', #2689, 39.37007874015748143 ) ;
#68 = AXIS2_PLACEMENT_3D ( 'NONE', #1986, #8673, #5046 ) ;
#69 = LINE ( 'NONE', #1638, #4721 ) ;
#70 = CARTESIAN_POINT ( 'NONE',  ( 29.99999999999963407, 29.99999999999974065, 24.50000000000076028 ) ) ;
#71 = VECTOR ( 'NONE', #867, 39.37007874015748143 ) ;
#72 = EDGE_CURVE ( 'NONE', #4365, #61, #5041, .T. ) ;
#73 = CARTESIAN_POINT ( 'NONE',  ( 29.50000000000015632, 26.87499999999991829, 23.99999999999979750 ) ) ;
#74 = ORIENTED_EDGE ( 'NONE', *, *, #2539, .F. ) ;
#75 = CARTESIAN_POINT ( 'NONE',  ( -29.75000000000044409, 29.74999999999940670, 24.24999999999980815 ) ) ;
#76 = ORIENTED_EDGE ( 'NONE', *, *, #7878, .F. ) ;
#77 =( GEOMETRIC_REPRESENTATION_CONTEXT ( 3 ) GLOBAL_UNCERTAINTY_ASSIGNED_CONTEXT ( ( #5933 ) ) GLOBAL_UNIT_ASSIGNED_CONTEXT ( ( #7148, #2624, #1288 ) ) REPRESENTATION_CONTEXT ( 'NONE', 'WORKASPACE' ) );
#78 = CIRCLE ( 'NONE', #1329, 0.3149606299212598381 ) ;
#79 = ORIENTED_EDGE ( 'NONE', *, *, #7140, .F. ) ;
#80 = LINE ( 'NONE', #8387, #4956 ) ;
#81 = CARTESIAN_POINT ( 'NONE',  ( 27.12499999999961986, 27.12499999999977973, 24.25000000000064659 ) ) ;
#82 = EDGE_CURVE ( 'NONE', #4840, #7055, #3508, .T. ) ;
#83 =( LENGTH_UNIT ( ) NAMED_UNIT ( * ) SI_UNIT ( $, .METRE. ) );
#84 = CARTESIAN_POINT ( 'NONE',  ( -29.75000000000015632, -29.74999999999977263, 0.06299999999970794240 ) ) ;
#85 = EDGE_CURVE ( 'NONE', #1045, #434, #2228, .T. ) ;
#86 = ADVANCED_FACE ( 'NONE', ( #5845 ), #5145, .T. ) ;
#87 = COLOUR_RGB ( '',0.7921568627450980005, 0.8196078431372548767, 0.9333333333333333481 ) ;
#88 = CARTESIAN_POINT ( 'NONE',  ( 29.74999999999988631, -29.74999999999996447, 0.000000000000000000 ) ) ;
#89 = FACE_OUTER_BOUND ( 'NONE', #3713, .T. ) ;
#90 = VERTEX_POINT ( 'NONE', #1378 ) ;
#91 = CARTESIAN_POINT ( 'NONE',  ( 9.749999999999884537, -29.74999999999991473, -0.2500000000002716716 ) ) ;
#92 = ORIENTED_EDGE ( 'NONE', *, *, #5903, .T. ) ;
#93 = ORIENTED_EDGE ( 'NONE', *, *, #6498, .F. ) ;
#94 = CARTESIAN_POINT ( 'NONE',  ( 29.74999999999976197, -9.749999999999888090, 24.00000000000045475 ) ) ;
#95 = EDGE_CURVE ( 'NONE', #5418, #7208, #494, .T. ) ;
#96 = DIRECTION ( 'NONE',  ( 0.000000000000000000, 1.000000000000000000, 7.102804783526997988E-15 ) ) ;
#97 = AXIS2_PLACEMENT_3D ( 'NONE', #770, #179, #3193 ) ;
#98 = LINE ( 'NONE', #8949, #3205 ) ;
#99 = ORIENTED_EDGE ( 'NONE', *, *, #3437, .F. ) ;
#100 = DIRECTION ( 'NONE',  ( -7.000000000000000938E-15, 0.000000000000000000, -1.000000000000000000 ) ) ;
#101 = VERTEX_POINT ( 'NONE', #4292 ) ;
#102 = AXIS2_PLACEMENT_3D ( 'NONE', #6948, #5316, #166 ) ;
#103 = LINE ( 'NONE', #7636, #7120 ) ;
#104 = CARTESIAN_POINT ( 'NONE',  ( 29.74999999999991473, 29.74999999999998224, 2.375000000000302869 ) ) ;
#105 = CARTESIAN_POINT ( 'NONE',  ( 29.99999999999992895, 29.74999999999998579, 0.5000000000003038680 ) ) ;
#106 = ADVANCED_FACE ( 'NONE', ( #9729 ), #8951, .T. ) ;
#107 = CARTESIAN_POINT ( 'NONE',  ( -9.281500000000361794, 9.281499999999875072, 24.24999999999986855 ) ) ;
#108 = PLANE ( 'NONE',  #6546 ) ;
#109 =( REPRESENTATION_RELATIONSHIP ('NONE','NONE', #4286, #5315 ) REPRESENTATION_RELATIONSHIP_WITH_TRANSFORMATION ( #8475 )SHAPE_REPRESENTATION_RELATIONSHIP( ) );
#110 = ORIENTED_EDGE ( 'NONE', *, *, #7534, .F. ) ;
#111 = ORIENTED_EDGE ( 'NONE', *, *, #8727, .F. ) ;
#112 = ORIENTED_EDGE ( 'NONE', *, *, #1704, .F. ) ;
#113 = ORIENTED_EDGE ( 'NONE', *, *, #1411, .F. ) ;
#114 = CONTEXT_DEPENDENT_SHAPE_REPRESENTATION ( #7000, #2828 ) ;
#115 = CARTESIAN_POINT ( 'NONE',  ( 26.99999999999992895, 26.99999999999998934, -0.4999999999997244982 ) ) ;
#116 = ADVANCED_FACE ( 'NONE', ( #739 ), #2917, .F. ) ;
#117 = PRESENTATION_STYLE_ASSIGNMENT (( #5958 ) ) ;
#118 = CYLINDRICAL_SURFACE ( 'NONE', #1854, 0.3149606299212598381 ) ;
#119 = LINE ( 'NONE', #1594, #4950 ) ;
#120 = CIRCLE ( 'NONE', #5971, 0.3149606299212601157 ) ;
#121 = ORIENTED_EDGE ( 'NONE', *, *, #7333, .F. ) ;
#122 = FACE_BOUND ( 'NONE', #8785, .T. ) ;
#123 = ORIENTED_EDGE ( 'NONE', *, *, #5353, .F. ) ;
#124 = ORIENTED_EDGE ( 'NONE', *, *, #4307, .T. ) ;
#125 = EDGE_CURVE ( 'NONE', #2923, #2346, #6045, .T. ) ;
#126 = FACE_OUTER_BOUND ( 'NONE', #2773, .T. ) ;
#127 = CARTESIAN_POINT ( 'NONE',  ( 29.50000000000000355, 9.749999999999651834, -0.2499999999998312461 ) ) ;
#128 = AXIS2_PLACEMENT_3D ( 'NONE', #1191, #7946, #7101 ) ;
#129 = DIRECTION ( 'NONE',  ( -8.000000000000033754E-15, -1.000000000000000000, -9.999999999999998410E-15 ) ) ;
#130 = SURFACE_STYLE_USAGE ( .BOTH. , #6912 ) ;
#131 = CARTESIAN_POINT ( 'NONE',  ( 29.49999999999988631, -29.24999999999996092, 24.00000000000000355 ) ) ;
#132 = CARTESIAN_POINT ( 'NONE',  ( -29.75000000000012790, -29.74999999999975486, 2.374999999999697131 ) ) ;
#133 = FACE_BOUND ( 'NONE', #1143, .T. ) ;
#134 = VERTEX_POINT ( 'NONE', #9102 ) ;
#135 = DIRECTION ( 'NONE',  ( -1.000000000000000000, 8.000000000000000622E-15, -2.999999999999999839E-15 ) ) ;
#136 = ORIENTED_EDGE ( 'NONE', *, *, #7131, .F. ) ;
#137 = CIRCLE ( 'NONE', #5659, 0.3149606299212601157 ) ;
#138 = ORIENTED_EDGE ( 'NONE', *, *, #9437, .T. ) ;
#139 = CIRCLE ( 'NONE', #6596, 0.3149606299212601157 ) ;
#140 = CARTESIAN_POINT ( 'NONE',  ( 9.750000000000001776, 29.49999999999965539, -0.2499999999997719602 ) ) ;
#141 = VECTOR ( 'NONE', #4612, 39.37007874015748143 ) ;
#142 = CARTESIAN_POINT ( 'NONE',  ( 26.74999999999988276, -29.62499999999996092, 24.00000000000000355 ) ) ;
#143 = CARTESIAN_POINT ( 'NONE',  ( -28.25000000000007461, 26.99999999999981526, 1.000000000000109468 ) ) ;
#144 = VECTOR ( 'NONE', #8553, 39.37007874015748143 ) ;
#145 = ORIENTED_EDGE ( 'NONE', *, *, #3999, .F. ) ;
#146 = CARTESIAN_POINT ( 'NONE',  ( 29.99999999999992184, 30.00000000000000000, -0.4999999999996949662 ) ) ;
#147 = VECTOR ( 'NONE', #1322, 39.37007874015748143 ) ;
#148 = ORIENTED_EDGE ( 'NONE', *, *, #9404, .F. ) ;
#149 = EDGE_CURVE ( 'NONE', #5306, #6547, #6833, .T. ) ;
#150 = AXIS2_PLACEMENT_3D ( 'NONE', #6392, #7882, #9485 ) ;
#151 = CARTESIAN_POINT ( 'NONE',  ( 47.99999999999968736, -29.43700000000028538, 23.93700000000065486 ) ) ;
#152 = DIRECTION ( 'NONE',  ( 0.000000000000000000, -1.000000000000000000, 0.000000000000000000 ) ) ;
#153 = CARTESIAN_POINT ( 'NONE',  ( 26.74999999999988276, -29.74999999999996447, 24.00000000000000355 ) ) ;
#154 = CARTESIAN_POINT ( 'NONE',  ( 29.99999999999972999, -30.00000000000021672, 21.50000000000032685 ) ) ;
#155 = CARTESIAN_POINT ( 'NONE',  ( -28.25000000000008527, 29.74999999999981526, 1.314960629921388735 ) ) ;
#156 = ORIENTED_EDGE ( 'NONE', *, *, #5045, .T. ) ;
#157 = ORIENTED_EDGE ( 'NONE', *, *, #7217, .F. ) ;
#158 = ORIENTED_EDGE ( 'NONE', *, *, #6078, .F. ) ;
#159 = ORIENTED_EDGE ( 'NONE', *, *, #5466, .T. ) ;
#160 = AXIS2_PLACEMENT_3D ( 'NONE', #3665, #697, #9682 ) ;
#161 = SHAPE_DEFINITION_REPRESENTATION ( #9454, #7722 ) ;
#162 = CARTESIAN_POINT ( 'NONE',  ( -29.99999999999991473, -28.25000000000046541, 23.31496062992052032 ) ) ;
#163 =( LENGTH_UNIT ( ) NAMED_UNIT ( * ) SI_UNIT ( $, .METRE. ) );
#164 = CARTESIAN_POINT ( 'NONE',  ( 29.87499999999964473, 47.99999999999979394, 21.50000000000084555 ) ) ;
#165 = FILL_AREA_STYLE_COLOUR ( '', #528 ) ;
#166 = DIRECTION ( 'NONE',  ( 0.000000000000000000, 1.000000000000000000, 0.000000000000000000 ) ) ;
#167 = VECTOR ( 'NONE', #3949, 39.37007874015748854 ) ;
#168 = ORIENTED_EDGE ( 'NONE', *, *, #7058, .T. ) ;
#169 = CARTESIAN_POINT ( 'NONE',  ( 29.80177669529633633, -29.80177669529685858, 21.50000000000033040 ) ) ;
#170 = EDGE_LOOP ( 'NONE', ( #8568, #4448 ) ) ;
#171 = ORIENTED_EDGE ( 'NONE', *, *, #5463, .T. ) ;
#172 = FACE_OUTER_BOUND ( 'NONE', #1574, .T. ) ;
#173 = ORIENTED_EDGE ( 'NONE', *, *, #7043, .F. ) ;
#174 = CARTESIAN_POINT ( 'NONE',  ( 29.75000000000000355, 9.749999999999651834, 1.697843528062339534E-13 ) ) ;
#175 = PRESENTATION_LAYER_ASSIGNMENT (  '', '', ( #4428 ) ) ;
#176 = DIRECTION ( 'NONE',  ( -1.000000000000000000, 8.000000000000084241E-15, -3.999999999999832283E-15 ) ) ;
#177 =( NAMED_UNIT ( * ) PLANE_ANGLE_UNIT ( ) SI_UNIT ( $, .RADIAN. ) );
#178 = DIRECTION ( 'NONE',  ( -2.999999999999999839E-15, 1.000000000000000000, 6.999999999999998572E-15 ) ) ;
#179 = DIRECTION ( 'NONE',  ( 0.7071067811865442421, 0.7071067811865507924, 1.909188309203675441E-14 ) ) ;
#180 = EDGE_LOOP ( 'NONE', ( #3977, #5699, #2434, #5673 ) ) ;
#181 = DIRECTION ( 'NONE',  ( -9.106159978880878627E-17, 1.000000000000000000, 0.000000000000000000 ) ) ;
#182 = EDGE_LOOP ( 'NONE', ( #1264, #4069, #9202, #7655 ) ) ;
#183 = VERTEX_POINT ( 'NONE', #2267 ) ;
#184 = CARTESIAN_POINT ( 'NONE',  ( 28.56496062992126639, 29.49999999999992184, 0.9999999999998024913 ) ) ;
#185 = CLOSED_SHELL ( 'NONE', ( #9288, #1140, #5569, #106, #9016, #8967, #8844, #497, #1950, #7955, #7633, #6803, #8425, #214, #7110 ) ) ;
#186 = DIRECTION ( 'NONE',  ( 0.000000000000000000, 1.000000000000000000, 9.999999999999809084E-15 ) ) ;
#187 = CARTESIAN_POINT ( 'NONE',  ( -29.74999999999974776, 29.74999999999961275, 24.00000000000008527 ) ) ;
#188 = AXIS2_PLACEMENT_3D ( 'NONE', #6318, #5665, #5710 ) ;
#189 = VERTEX_POINT ( 'NONE', #880 ) ;
#190 = DIRECTION ( 'NONE',  ( -2.999999999999986428E-15, -6.999999999999997783E-15, 1.000000000000000000 ) ) ;
#191 = ORIENTED_EDGE ( 'NONE', *, *, #8120, .T. ) ;
#192 = EDGE_CURVE ( 'NONE', #2225, #3262, #6198, .T. ) ;
#193 = AXIS2_PLACEMENT_3D ( 'NONE', #7884, #6190, #9346 ) ;
#194 = DIRECTION ( 'NONE',  ( 1.000000000000000000, -3.999999999999916692E-15, 1.699999999999991494E-14 ) ) ;
#195 = PLANE ( 'NONE',  #8454 ) ;
#196 = CARTESIAN_POINT ( 'NONE',  ( 26.74999999999988276, -29.49999999999996447, 0.000000000000000000 ) ) ;
#198 = ADVANCED_FACE ( 'NONE', ( #5394, #8363, #9057 ), #8407, .F. ) ;
#197 = CARTESIAN_POINT ( 'NONE',  ( 28.99999999999991118, 28.99999999999997868, 1.000000000000295541 ) ) ;
#199 = ADVANCED_FACE ( 'NONE', ( #927 ), #1575, .T. ) ;
#200 = CARTESIAN_POINT ( 'NONE',  ( 26.74999999999988276, -28.56496062992122376, 22.99999999999966604 ) ) ;
#201 = CARTESIAN_POINT ( 'NONE',  ( 47.99999999999992184, 30.00000000000005329, -0.4999999999996408984 ) ) ;
#202 = EDGE_LOOP ( 'NONE', ( #9330, #5371, #7267, #1062 ) ) ;
#203 = VERTEX_POINT ( 'NONE', #4634 ) ;
#204 = ORIENTED_EDGE ( 'NONE', *, *, #3624, .F. ) ;
#205 = VECTOR ( 'NONE', #1881, 39.37007874015748143 ) ;
#206 = ORIENTED_EDGE ( 'NONE', *, *, #2388, .F. ) ;
#207 = DIRECTION ( 'NONE',  ( -2.137095678986282129E-14, -7.000000000000002516E-15, 1.000000000000000000 ) ) ;
#208 = CARTESIAN_POINT ( 'NONE',  ( -27.00000000000011013, -26.99999999999974420, -0.5000000000002756684 ) ) ;
#209 = DIRECTION ( 'NONE',  ( -0.7071067811865474617, 0.7071067811865474617, 2.121320343559641219E-15 ) ) ;
#210 = AXIS2_PLACEMENT_3D ( 'NONE', #4157, #5607, #4111 ) ;
#211 = DIRECTION ( 'NONE',  ( -1.000000000000000000, -2.999999999999936730E-15, -3.000000000000063342E-15 ) ) ;
#212 = VERTEX_POINT ( 'NONE', #1667 ) ;
#213 = ORIENTED_EDGE ( 'NONE', *, *, #3369, .T. ) ;
#214 = ADVANCED_FACE ( 'NONE', ( #833 ), #3897, .F. ) ;
#215 = ORIENTED_EDGE ( 'NONE', *, *, #367, .T. ) ;
#216 = PRODUCT_DEFINITION_SHAPE ( 'NONE', 'NONE',  #9767 ) ;
#217 = EDGE_CURVE ( 'NONE', #6400, #565, #1055, .T. ) ;
#218 = VECTOR ( 'NONE', #5481, 39.37007874015748143 ) ;
#219 = STYLED_ITEM ( 'NONE', ( #3226 ), #1815 ) ;
#220 = AXIS2_PLACEMENT_3D ( 'NONE', #8621, #1834, #4838 ) ;
#221 = ORIENTED_EDGE ( 'NONE', *, *, #6613, .T. ) ;
#222 = DIRECTION ( 'NONE',  ( 0.7071067811865516806, 0.7071067811865431318, 3.980334625480022343E-15 ) ) ;
#223 = CARTESIAN_POINT ( 'NONE',  ( -9.749999999999927169, -29.50000000000008527, 24.24999999999948841 ) ) ;
#224 = CARTESIAN_POINT ( 'NONE',  ( 26.99999999999966604, -27.00000000000022737, 24.50000000000026645 ) ) ;
#225 = DIRECTION ( 'NONE',  ( -1.000000000000000000, 1.486340760031678554E-14, -3.000000000000001022E-15 ) ) ;
#226 = CARTESIAN_POINT ( 'NONE',  ( -29.87500000000012790, -29.87499999999975486, 2.499999999999696243 ) ) ;
#227 = CYLINDRICAL_SURFACE ( 'NONE', #6581, 0.1250000000000015266 ) ;
#228 = VECTOR ( 'NONE', #3786, 39.37007874015748143 ) ;
#229 = VECTOR ( 'NONE', #6237, 39.37007874015748143 ) ;
#230 = EDGE_CURVE ( 'NONE', #9157, #6895, #3945, .T. ) ;
#231 = ORIENTED_EDGE ( 'NONE', *, *, #1968, .T. ) ;
#232 = STYLED_ITEM ( 'NONE', ( #1216 ), #4864 ) ;
#233 = DIRECTION ( 'NONE',  ( -4.000000000000000311E-15, -1.099999999999999888E-14, 1.000000000000000000 ) ) ;
#234 = ORIENTED_EDGE ( 'NONE', *, *, #2133, .F. ) ;
#235 = VERTEX_POINT ( 'NONE', #3018 ) ;
#236 = CARTESIAN_POINT ( 'NONE',  ( -27.12500000000031264, -27.12500000000006040, 24.24999999999931788 ) ) ;
#237 = EDGE_CURVE ( 'NONE', #8117, #1647, #3159, .T. ) ;
#238 = VECTOR ( 'NONE', #6732, 39.37007874015748143 ) ;
#239 = DIRECTION ( 'NONE',  ( -3.000000000000000233E-15, 1.000000000000000000, 7.091061599788807937E-15 ) ) ;
#240 = EDGE_CURVE ( 'NONE', #8452, #331, #5442, .T. ) ;
#241 =( LENGTH_UNIT ( ) NAMED_UNIT ( * ) SI_UNIT ( $, .METRE. ) );
#242 = CARTESIAN_POINT ( 'NONE',  ( 29.99999999999966604, 29.99999999999980105, 21.50000000000071765 ) ) ;
#243 = VERTEX_POINT ( 'NONE', #6835 ) ;
#244 = ORIENTED_EDGE ( 'NONE', *, *, #7892, .F. ) ;
#245 = ADVANCED_FACE ( 'NONE', ( #6097 ), #6183, .F. ) ;
#246 = CARTESIAN_POINT ( 'NONE',  ( -29.74999999999972644, -48.00000000000046185, 21.62499999999912603 ) ) ;
#247 =( LENGTH_UNIT ( ) NAMED_UNIT ( * ) SI_UNIT ( $, .METRE. ) );
#248 = CARTESIAN_POINT ( 'NONE',  ( 9.750000000000001776, 29.49999999999965539, 2.280580853210847908E-13 ) ) ;
#249 = CARTESIAN_POINT ( 'NONE',  ( 29.99999999999966604, 29.99999999999980105, 21.50000000000071765 ) ) ;
#250 = DIRECTION ( 'NONE',  ( -1.000000000000000000, -1.000000000000064173E-15, -1.781787680042240397E-14 ) ) ;
#251 = DIRECTION ( 'NONE',  ( 1.000000000000000000, 0.000000000000000000, 0.000000000000000000 ) ) ;
#252 = ORIENTED_EDGE ( 'NONE', *, *, #6964, .F. ) ;
#253 = ORIENTED_EDGE ( 'NONE', *, *, #718, .F. ) ;
#254 = ORIENTED_EDGE ( 'NONE', *, *, #3001, .F. ) ;
#255 = ORIENTED_EDGE ( 'NONE', *, *, #1359, .T. ) ;
#256 = VECTOR ( 'NONE', #6081, 39.37007874015748143 ) ;
#257 = EDGE_CURVE ( 'NONE', #2739, #2939, #7465, .T. ) ;
#258 = EDGE_CURVE ( 'NONE', #5285, #376, #5087, .T. ) ;
#259 = ITEM_DEFINED_TRANSFORMATION ( 'NONE', 'NONE', #2538,  #3073 ) ;
#260 = CARTESIAN_POINT ( 'NONE',  ( -28.25000000000033396, 26.99999999999951328, 23.31496062992094664 ) ) ;
#261 = CARTESIAN_POINT ( 'NONE',  ( 47.99999999999968736, -27.00000000000028777, 24.37500000000067146 ) ) ;
#262 = LINE ( 'NONE', #5558, #3108 ) ;
#263 = SURFACE_STYLE_USAGE ( .BOTH. , #9255 ) ;
#264 = CARTESIAN_POINT ( 'NONE',  ( -27.12499999999969802, 27.12500000000020961, -0.2499999999998834266 ) ) ;
#265 = ORIENTED_EDGE ( 'NONE', *, *, #535, .F. ) ;
#266 = ORIENTED_EDGE ( 'NONE', *, *, #6046, .F. ) ;
#267 = EDGE_CURVE ( 'NONE', #6642, #4577, #4475, .T. ) ;
#268 = VERTEX_POINT ( 'NONE', #3691 ) ;
#269 = ORIENTED_EDGE ( 'NONE', *, *, #4302, .T. ) ;
#270 = FACE_OUTER_BOUND ( 'NONE', #4430, .T. ) ;
#271 =( CONVERSION_BASED_UNIT ( 'INCH', #1005 ) LENGTH_UNIT ( ) NAMED_UNIT ( #2816 ) );
#272 = LINE ( 'NONE', #5378, #9285 ) ;
#273 = ADVANCED_FACE ( 'NONE', ( #9712, #37, #5876 ), #5070, .F. ) ;
#274 = PLANE ( 'NONE',  #9209 ) ;
#275 = CYLINDRICAL_SURFACE ( 'NONE', #2654, 0.1250000000000015266 ) ;
#276 = CARTESIAN_POINT ( 'NONE',  ( -29.80177669529674134, -29.80177669529639317, 2.499999999999696243 ) ) ;
#277 = CARTESIAN_POINT ( 'NONE',  ( 9.750000000000001776, 29.74999999999965183, 2.297996384170457617E-13 ) ) ;
#278 = ORIENTED_EDGE ( 'NONE', *, *, #7677, .F. ) ;
#279 = DIRECTION ( 'NONE',  ( 9.483827159451533256E-15, 1.000000000000000000, 1.000000000000014514E-14 ) ) ;
#280 = ORIENTED_EDGE ( 'NONE', *, *, #525, .T. ) ;
#281 = ORIENTED_EDGE ( 'NONE', *, *, #9694, .T. ) ;
#282 = AXIS2_PLACEMENT_3D ( 'NONE', #2358, #3163, #7026 ) ;
#283 = CARTESIAN_POINT ( 'NONE',  ( 28.24999999999970868, -29.75000000000021672, 22.68503937007903559 ) ) ;
#284 = DIRECTION ( 'NONE',  ( -0.7071067811865516806, 0.7071067811865433539, -1.016180099825106085E-14 ) ) ;
#285 = CARTESIAN_POINT ( 'NONE',  ( 29.24999999999988276, -29.49999999999996092, 24.00000000000000355 ) ) ;
#286 = FILL_AREA_STYLE_COLOUR ( '', #8149 ) ;
#287 = VECTOR ( 'NONE', #815, 39.37007874015748143 ) ;
#288 = FACE_OUTER_BOUND ( 'NONE', #5670, .T. ) ;
#289 = VECTOR ( 'NONE', #723, 39.37007874015748143 ) ;
#290 = ORIENTED_EDGE ( 'NONE', *, *, #5821, .F. ) ;
#291 = EDGE_CURVE ( 'NONE', #7149, #1388, #724, .T. ) ;
#292 = VECTOR ( 'NONE', #2487, 39.37007874015748143 ) ;
#293 = ADVANCED_FACE ( 'NONE', ( #8202 ), #6824, .F. ) ;
#294 = ORIENTED_EDGE ( 'NONE', *, *, #7344, .T. ) ;
#295 = CIRCLE ( 'NONE', #3133, 0.1250000000000015266 ) ;
#296 = DIRECTION ( 'NONE',  ( -4.000000000000000311E-15, -9.999999999999998410E-15, 1.000000000000000000 ) ) ;
#297 =( CONVERSION_BASED_UNIT ( 'INCH', #1972 ) LENGTH_UNIT ( ) NAMED_UNIT ( #3350 ) );
#298 = CARTESIAN_POINT ( 'NONE',  ( -29.74999999999969802, 28.25000000000022382, 1.000000000000114353 ) ) ;
#299 = VECTOR ( 'NONE', #7964, 39.37007874015748143 ) ;
#300 = CARTESIAN_POINT ( 'NONE',  ( 29.25000000000017053, 29.49999999999992184, 23.99999999999979750 ) ) ;
#301 = CARTESIAN_POINT ( 'NONE',  ( -29.74999999999968736, 29.75000000000021672, 2.375000000000124345 ) ) ;
#302 = CARTESIAN_POINT ( 'NONE',  ( -29.74999999999975842, 28.24999999999961986, 22.99999999999974065 ) ) ;
#303 = VECTOR ( 'NONE', #6481, 39.37007874015748143 ) ;
#304 = ORIENTED_EDGE ( 'NONE', *, *, #9006, .T. ) ;
#305 = ORIENTED_EDGE ( 'NONE', *, *, #1676, .T. ) ;
#306 = EDGE_LOOP ( 'NONE', ( #4615, #2990, #64, #3195 ) ) ;
#307 = VERTEX_POINT ( 'NONE', #7417 ) ;
#308 = CIRCLE ( 'NONE', #3461, 0.2499999999999986955 ) ;
#309 = DIRECTION ( 'NONE',  ( -3.000000000000293689E-15, -1.000000000000000000, -7.000000000000061681E-15 ) ) ;
#310 = CARTESIAN_POINT ( 'NONE',  ( -30.00000000000008171, 29.91666666666647956, 0.8333333333334584925 ) ) ;
#311 = CARTESIAN_POINT ( 'NONE',  ( 29.99999999999967670, -30.00000000000023803, 24.50000000000032685 ) ) ;
#312 = DIRECTION ( 'NONE',  ( 3.000000000000000233E-15, -1.000000000000000000, -7.182123199577606259E-15 ) ) ;
#313 = ORIENTED_EDGE ( 'NONE', *, *, #3912, .F. ) ;
#314 =( BOUNDED_CURVE ( )  B_SPLINE_CURVE ( 3, ( #6672, #8836, #2053, #3883 ),
 .UNSPECIFIED., .F., .F. ) 
 B_SPLINE_CURVE_WITH_KNOTS ( ( 4, 4 ),
 ( 4.930380657631269593E-32, 1.570796326794895004 ),
 .UNSPECIFIED. ) 
 CURVE ( )  GEOMETRIC_REPRESENTATION_ITEM ( )  RATIONAL_B_SPLINE_CURVE ( ( 1.000000000000000000, 0.8047378541243649375, 0.8047378541243649375, 1.000000000000000000 ) ) 
 REPRESENTATION_ITEM ( '' )  );
#315 = ORIENTED_EDGE ( 'NONE', *, *, #9638, .F. ) ;
#316 = AXIS2_PLACEMENT_3D ( 'NONE', #8859, #1930, #9635 ) ;
#317 = ORIENTED_EDGE ( 'NONE', *, *, #4300, .T. ) ;
#318 = ADVANCED_FACE ( 'NONE', ( #5925 ), #8934, .F. ) ;
#319 = DIRECTION ( 'NONE',  ( -1.000000000000000000, 8.000000000000084241E-15, -3.999999999999832283E-15 ) ) ;
#320 = ORIENTED_EDGE ( 'NONE', *, *, #3658, .F. ) ;
#321 = CARTESIAN_POINT ( 'NONE',  ( -26.75000000000038369, -27.93503937007855953, 22.99999999999932143 ) ) ;
#322 = LENGTH_MEASURE_WITH_UNIT ( LENGTH_MEASURE( 0.02539999999999999897 ), #3236 );
#323 = PLANE ( 'NONE',  #9749 ) ;
#324 = DIRECTION ( 'NONE',  ( -1.000000000000000000, -7.914423644570428025E-15, -1.800000000000016627E-14 ) ) ;
#325 = VECTOR ( 'NONE', #9479, 39.37007874015748143 ) ;
#326 = DIRECTION ( 'NONE',  ( 0.000000000000000000, -1.387778780781445676E-14, 1.000000000000000000 ) ) ;
#327 = CARTESIAN_POINT ( 'NONE',  ( -29.75000000000027711, 9.749999999999406697, 23.99999999999960920 ) ) ;
#328 = CARTESIAN_POINT ( 'NONE',  ( -29.75000000000035527, 29.74999999999950262, 23.93699999999968142 ) ) ;
#329 = EDGE_LOOP ( 'NONE', ( #1936, #2451 ) ) ;
#330 = DIRECTION ( 'NONE',  ( 1.387778780781444571E-14, 1.387778780781444571E-14, -1.000000000000000000 ) ) ;
#331 = VERTEX_POINT ( 'NONE', #1414 ) ;
#332 = ORIENTED_EDGE ( 'NONE', *, *, #72, .F. ) ;
#333 = EDGE_CURVE ( 'NONE', #7374, #3480, #4373, .T. ) ;
#334 = VECTOR ( 'NONE', #6211, 39.37007874015748143 ) ;
#335 = DIRECTION ( 'NONE',  ( -1.486340760031678554E-14, -1.000000000000000000, -9.999999999999999988E-15 ) ) ;
#336 = CARTESIAN_POINT ( 'NONE',  ( 9.750000000000001776, 29.74999999999965183, 2.297996384170457617E-13 ) ) ;
#337 = FACE_OUTER_BOUND ( 'NONE', #3662, .T. ) ;
#338 = CARTESIAN_POINT ( 'NONE',  ( -29.75000000000043698, 29.74999999999941380, 23.99999999999980460 ) ) ;
#339 = CARTESIAN_POINT ( 'NONE',  ( -26.87500000000040856, -29.49999999999982947, 23.99999999999963762 ) ) ;
#340 = CARTESIAN_POINT ( 'NONE',  ( 47.99999999999993605, 27.00000000000005329, -0.2499999999996616595 ) ) ;
#341 = ORIENTED_EDGE ( 'NONE', *, *, #1272, .T. ) ;
#342 = DIRECTION ( 'NONE',  ( 0.000000000000000000, 1.000000000000000000, 0.000000000000000000 ) ) ;
#343 = ORIENTED_EDGE ( 'NONE', *, *, #1318, .T. ) ;
#344 = EDGE_CURVE ( 'NONE', #972, #3407, #4422, .T. ) ;
#345 = AXIS2_PLACEMENT_3D ( 'NONE', #3818, #6848, #6750 ) ;
#346 = CARTESIAN_POINT ( 'NONE',  ( 29.74999999999976197, -9.749999999999888090, 24.25000000000045830 ) ) ;
#347 = CARTESIAN_POINT ( 'NONE',  ( -29.75000000000034817, -29.75000000000005684, 24.12035115497647197 ) ) ;
#348 = DIRECTION ( 'NONE',  ( 1.000000000000000000, -4.000000000000063420E-15, 2.999999999999915825E-15 ) ) ;
#349 = CARTESIAN_POINT ( 'NONE',  ( 29.74999999999968736, -29.75000000000023093, 23.93700000000032446 ) ) ;
#350 = CARTESIAN_POINT ( 'NONE',  ( -30.00000000000008171, 29.99999999999982236, -0.4999999999998747113 ) ) ;
#351 = CARTESIAN_POINT ( 'NONE',  ( 29.75000000000000355, 29.74999999999991473, -2.076204475184839967E-13 ) ) ;
#352 = EDGE_CURVE ( 'NONE', #1351, #5563, #3051, .T. ) ;
#353 = EDGE_LOOP ( 'NONE', ( #8903, #9010, #1234, #5553 ) ) ;
#354 = ORIENTED_EDGE ( 'NONE', *, *, #1089, .T. ) ;
#355 = VERTEX_POINT ( 'NONE', #2101 ) ;
#356 = AXIS2_PLACEMENT_3D ( 'NONE', #4644, #8972, #2186 ) ;
#357 = CARTESIAN_POINT ( 'NONE',  ( -29.00000000000006395, 28.99999999999981526, 1.216034498340193784E-13 ) ) ;
#358 = CARTESIAN_POINT ( 'NONE',  ( -30.00000000000036948, 29.99999999999949907, 24.49999999999968026 ) ) ;
#359 = VECTOR ( 'NONE', #3363, 39.37007874015748143 ) ;
#360 = ORIENTED_EDGE ( 'NONE', *, *, #6039, .F. ) ;
#361 = EDGE_LOOP ( 'NONE', ( #8159, #8090, #4702, #6520 ) ) ;
#362 = ORIENTED_EDGE ( 'NONE', *, *, #8792, .T. ) ;
#363 =( LENGTH_UNIT ( ) NAMED_UNIT ( * ) SI_UNIT ( $, .METRE. ) );
#364 = ORIENTED_EDGE ( 'NONE', *, *, #8552, .F. ) ;
#365 = CARTESIAN_POINT ( 'NONE',  ( -29.74999999999985079, -9.750000000000005329, 24.24999999999936762 ) ) ;
#366 = SURFACE_STYLE_FILL_AREA ( #7051 ) ;
#367 = EDGE_CURVE ( 'NONE', #5562, #4674, #3741, .T. ) ;
#368 = DIRECTION ( 'NONE',  ( -2.999999999999999839E-15, -7.000000000000000150E-15, 1.000000000000000000 ) ) ;
#369 = DIRECTION ( 'NONE',  ( 4.000000000000000311E-15, 1.000000000000000000, 0.000000000000000000 ) ) ;
#370 = DIRECTION ( 'NONE',  ( -0.7071067811865462405, 0.7071067811865487940, 2.744875730218081903E-15 ) ) ;
#371 = DIRECTION ( 'NONE',  ( 1.000000000000000000, 0.000000000000000000, 0.000000000000000000 ) ) ;
#372 = ORIENTED_EDGE ( 'NONE', *, *, #3987, .F. ) ;
#373 = CARTESIAN_POINT ( 'NONE',  ( -29.74999999999991829, -29.75000000000050093, 24.12035115497647908 ) ) ;
#374 = VERTEX_POINT ( 'NONE', #627 ) ;
#375 = CIRCLE ( 'NONE', #3061, 0.3149606299212601157 ) ;
#376 = VERTEX_POINT ( 'NONE', #3002 ) ;
#377 = VECTOR ( 'NONE', #6745, 39.37007874015748143 ) ;
#378 = DIRECTION ( 'NONE',  ( -1.000000000000000000, 3.908938400211191734E-15, 7.000000000000000938E-15 ) ) ;
#379 = LINE ( 'NONE', #5015, #3909 ) ;
#380 = EDGE_CURVE ( 'NONE', #8181, #7241, #6444, .T. ) ;
#381 = FACE_OUTER_BOUND ( 'NONE', #953, .T. ) ;
#382 = EDGE_CURVE ( 'NONE', #859, #1540, #1376, .T. ) ;
#383 = EDGE_CURVE ( 'NONE', #9539, #4022, #314, .T. ) ;
#384 = AXIS2_PLACEMENT_3D ( 'NONE', #3890, #9184, #3100 ) ;
#385 = VECTOR ( 'NONE', #2407, 39.37007874015748143 ) ;
#386 = CARTESIAN_POINT ( 'NONE',  ( 9.281499999999933692, 9.281499999999828887, 24.25000000000022737 ) ) ;
#387 = VECTOR ( 'NONE', #5595, 39.37007874015748143 ) ;
#388 = DIRECTION ( 'NONE',  ( -2.999999999999986428E-15, -6.999999999999997783E-15, 1.000000000000000000 ) ) ;
#389 = LINE ( 'NONE', #576, #7003 ) ;
#390 = EDGE_LOOP ( 'NONE', ( #3719, #8417, #2292, #2904 ) ) ;
#391 = EDGE_CURVE ( 'NONE', #8928, #4953, #6818, .T. ) ;
#392 = VECTOR ( 'NONE', #8757, 39.37007874015748143 ) ;
#393 = CARTESIAN_POINT ( 'NONE',  ( 9.749999999999642952, 29.49999999999968026, 24.25000000000047251 ) ) ;
#394 = ORIENTED_EDGE ( 'NONE', *, *, #8251, .T. ) ;
#395 = CARTESIAN_POINT ( 'NONE',  ( -29.75000000000003908, -9.749999999999642952, -0.2500000000002279288 ) ) ;
#396 = CARTESIAN_POINT ( 'NONE',  ( -27.00000000000031264, -27.00000000000006395, 24.37499999999932143 ) ) ;
#397 = LINE ( 'NONE', #1220, #5092 ) ;
#398 = FACE_OUTER_BOUND ( 'NONE', #9081, .T. ) ;
#399 = ORIENTED_EDGE ( 'NONE', *, *, #6667, .T. ) ;
#400 = ORIENTED_EDGE ( 'NONE', *, *, #4754, .T. ) ;
#401 = EDGE_LOOP ( 'NONE', ( #578, #9719, #1799, #6488 ) ) ;
#402 = AXIS2_PLACEMENT_3D ( 'NONE', #7214, #7166, #388 ) ;
#403 = ITEM_DEFINED_TRANSFORMATION ( 'NONE', 'NONE', #6352,  #3073 ) ;
#404 = FACE_OUTER_BOUND ( 'NONE', #6893, .T. ) ;
#405 = FACE_OUTER_BOUND ( 'NONE', #6682, .T. ) ;
#406 = SURFACE_STYLE_USAGE ( .BOTH. , #7192 ) ;
#407 = FACE_OUTER_BOUND ( 'NONE', #3555, .T. ) ;
#408 = ORIENTED_EDGE ( 'NONE', *, *, #4815, .T. ) ;
#409 = VECTOR ( 'NONE', #8088, 39.37007874015748143 ) ;
#410 = ORIENTED_EDGE ( 'NONE', *, *, #4589, .T. ) ;
#411 = ORIENTED_EDGE ( 'NONE', *, *, #6788, .T. ) ;
#412 = EDGE_CURVE ( 'NONE', #3264, #1781, #1314, .T. ) ;
#413 = ORIENTED_EDGE ( 'NONE', *, *, #3194, .T. ) ;
#414 = LINE ( 'NONE', #7242, #2329 ) ;
#415 = CARTESIAN_POINT ( 'NONE',  ( 26.99999999999983658, -48.00000000000001421, -0.3750000000002222111 ) ) ;
#416 = CARTESIAN_POINT ( 'NONE',  ( 29.49999999999988276, -29.24999999999996092, 24.00000000000000355 ) ) ;
#417 = SURFACE_STYLE_FILL_AREA ( #561 ) ;
#418 = DIRECTION ( 'NONE',  ( 1.000000000000000000, 2.148382715945122022E-14, 4.000000000000276412E-15 ) ) ;
#419 = DIMENSIONAL_EXPONENTS ( 1.000000000000000000, 0.000000000000000000, 0.000000000000000000, 0.000000000000000000, 0.000000000000000000, 0.000000000000000000, 0.000000000000000000 ) ;
#420 = CARTESIAN_POINT ( 'NONE',  ( -48.00000000000036948, 29.99999999999942446, 24.49999999999935696 ) ) ;
#421 = LINE ( 'NONE', #277, #1186 ) ;
#422 = ORIENTED_EDGE ( 'NONE', *, *, #7404, .F. ) ;
#423 = ORIENTED_EDGE ( 'NONE', *, *, #5556, .T. ) ;
#424 = EDGE_CURVE ( 'NONE', #3116, #7241, #4031, .T. ) ;
#425 =( REPRESENTATION_RELATIONSHIP ('NONE','NONE', #4286, #3611 ) REPRESENTATION_RELATIONSHIP_WITH_TRANSFORMATION ( #7283 )SHAPE_REPRESENTATION_RELATIONSHIP( ) );
#426 = EDGE_LOOP ( 'NONE', ( #5749, #2854, #579, #9079 ) ) ;
#427 = FACE_OUTER_BOUND ( 'NONE', #6757, .T. ) ;
#428 = LINE ( 'NONE', #5770, #8499 ) ;
#429 = VECTOR ( 'NONE', #5861, 39.37007874015748143 ) ;
#430 = LINE ( 'NONE', #9473, #1703 ) ;
#431 = DIRECTION ( 'NONE',  ( -4.000000000000000311E-15, -1.000000000000000000, -6.999999999999998572E-15 ) ) ;
#432 = DIRECTION ( 'NONE',  ( 1.000000000000000000, 0.000000000000000000, 0.000000000000000000 ) ) ;
#433 = CIRCLE ( 'NONE', #8657, 0.3149606299212601157 ) ;
#434 = VERTEX_POINT ( 'NONE', #2298 ) ;
#435 = ORIENTED_EDGE ( 'NONE', *, *, #1359, .F. ) ;
#436 = CYLINDRICAL_SURFACE ( 'NONE', #2497, 0.3149606299212598381 ) ;
#437 = VECTOR ( 'NONE', #5324, 39.37007874015748143 ) ;
#438 =( NAMED_UNIT ( * ) SI_UNIT ( $, .STERADIAN. ) SOLID_ANGLE_UNIT ( ) );
#439 = AXIS2_PLACEMENT_3D ( 'NONE', #5756, #2677, #8641 ) ;
#440 = LINE ( 'NONE', #5732, #3307 ) ;
#441 = CARTESIAN_POINT ( 'NONE',  ( 29.24999999999988276, -29.74999999999996447, 24.00000000000000355 ) ) ;
#442 = DIRECTION ( 'NONE',  ( 0.000000000000000000, -1.000000000000000000, 0.000000000000000000 ) ) ;
#443 = AXIS2_PLACEMENT_3D ( 'NONE', #3129, #5318, #8337 ) ;
#444 = ORIENTED_EDGE ( 'NONE', *, *, #6257, .T. ) ;
#445 = ORIENTED_EDGE ( 'NONE', *, *, #2344, .T. ) ;
#446 = EDGE_CURVE ( 'NONE', #1791, #3796, #8393, .T. ) ;
#447 = EDGE_LOOP ( 'NONE', ( #4092, #9120, #54, #1155 ) ) ;
#448 = CIRCLE ( 'NONE', #4874, 0.3149606299212601157 ) ;
#449 = CARTESIAN_POINT ( 'NONE',  ( 28.24999999999988276, -26.74999999999996092, 22.99999999999966604 ) ) ;
#450 = CARTESIAN_POINT ( 'NONE',  ( -30.00000000000007105, 29.74999999999982592, -0.4999999999998763767 ) ) ;
#451 = AXIS2_PLACEMENT_3D ( 'NONE', #7271, #5555, #4383 ) ;
#452 = CARTESIAN_POINT ( 'NONE',  ( 29.49999999999972289, 9.749999999999761968, 24.00000000000061462 ) ) ;
#453 = ORIENTED_EDGE ( 'NONE', *, *, #786, .T. ) ;
#454 = AXIS2_PLACEMENT_3D ( 'NONE', #3634, #3536, #511 ) ;
#455 = EDGE_LOOP ( 'NONE', ( #3629, #6813 ) ) ;
#456 = ORIENTED_EDGE ( 'NONE', *, *, #3968, .F. ) ;
#457 = PRODUCT_DEFINITION_SHAPE ( 'NONE', 'NONE',  #9772 ) ;
#458 = VERTEX_POINT ( 'NONE', #5475 ) ;
#459 = DIRECTION ( 'NONE',  ( 4.000000000000000311E-15, 6.999999999999997783E-15, -1.000000000000000000 ) ) ;
#460 = DIRECTION ( 'NONE',  ( -0.7071067811865511255, 0.7071067811865439090, 2.892817399462491491E-15 ) ) ;
#461 = DIRECTION ( 'NONE',  ( 8.000000000000000622E-15, 1.000000000000000000, 7.000000000000000150E-15 ) ) ;
#462 = VECTOR ( 'NONE', #6638, 39.37007874015748143 ) ;
#463 =( NAMED_UNIT ( * ) PLANE_ANGLE_UNIT ( ) SI_UNIT ( $, .RADIAN. ) );
#464 = FACE_BOUND ( 'NONE', #5246, .T. ) ;
#465 = DIRECTION ( 'NONE',  ( 1.000000000000000000, 8.000000000000063731E-15, 1.800000000000016627E-14 ) ) ;
#466 = DIRECTION ( 'NONE',  ( -0.000000000000000000, -0.000000000000000000, 1.000000000000000000 ) ) ;
#467 = VECTOR ( 'NONE', #4015, 39.37007874015748143 ) ;
#468 = ORIENTED_EDGE ( 'NONE', *, *, #2542, .T. ) ;
#469 = DIRECTION ( 'NONE',  ( 1.365923996832131856E-16, -1.000000000000000000, 0.000000000000000000 ) ) ;
#470 = ORIENTED_EDGE ( 'NONE', *, *, #9710, .F. ) ;
#471 = EDGE_CURVE ( 'NONE', #9655, #2311, #4761, .T. ) ;
#472 = EDGE_LOOP ( 'NONE', ( #3825, #3685, #3813, #7183 ) ) ;
#473 = DIRECTION ( 'NONE',  ( 9.106159978880878627E-17, -1.000000000000000000, -0.000000000000000000 ) ) ;
#474 = CARTESIAN_POINT ( 'NONE',  ( 28.24999999999991829, 29.99999999999998224, 1.314960629921560153 ) ) ;
#475 = CARTESIAN_POINT ( 'NONE',  ( -28.25000000000008527, 29.74999999999981881, 0.6850393700788691698 ) ) ;
#476 = CARTESIAN_POINT ( 'NONE',  ( 29.43699999999961747, 29.43699999999977734, 24.25000000000070699 ) ) ;
#477 = PLANE ( 'NONE',  #3246 ) ;
#478 = CARTESIAN_POINT ( 'NONE',  ( -30.00000000000027356, -30.00000000000003553, 21.49999999999924682 ) ) ;
#479 = VERTEX_POINT ( 'NONE', #9223 ) ;
#480 = ORIENTED_EDGE ( 'NONE', *, *, #3380, .T. ) ;
#481 = LINE ( 'NONE', #5883, #1577 ) ;
#482 = VERTEX_POINT ( 'NONE', #9178 ) ;
#483 = DIRECTION ( 'NONE',  ( 0.000000000000000000, 1.000000000000000000, 0.000000000000000000 ) ) ;
#484 = AXIS2_PLACEMENT_3D ( 'NONE', #8731, #2038, #4960 ) ;
#485 = ADVANCED_FACE ( 'NONE', ( #1654 ), #5326, .F. ) ;
#486 = FILL_AREA_STYLE_COLOUR ( '', #1809 ) ;
#487 = LINE ( 'NONE', #540, #624 ) ;
#488 = CARTESIAN_POINT ( 'NONE',  ( -27.12500000000031264, -27.12500000000006040, 24.24999999999931788 ) ) ;
#489 = ORIENTED_EDGE ( 'NONE', *, *, #7708, .T. ) ;
#490 = ORIENTED_EDGE ( 'NONE', *, *, #1443, .T. ) ;
#491 = ORIENTED_EDGE ( 'NONE', *, *, #945, .F. ) ;
#492 = ADVANCED_FACE ( 'NONE', ( #4572 ), #7617, .F. ) ;
#493 = EDGE_CURVE ( 'NONE', #1060, #2593, #3094, .T. ) ;
#494 = CIRCLE ( 'NONE', #6043, 0.3149606299212601157 ) ;
#495 = DIRECTION ( 'NONE',  ( 4.000000000000000311E-15, 1.000000000000000000, 9.999999999999998410E-15 ) ) ;
#496 = CARTESIAN_POINT ( 'NONE',  ( -30.00000000000008171, 29.83333333333314741, 0.6666666666667914187 ) ) ;
#497 = ADVANCED_FACE ( 'NONE', ( #7760, #3141, #958 ), #5382, .F. ) ;
#498 = PLANE ( 'NONE',  #8604 ) ;
#499 = EDGE_CURVE ( 'NONE', #307, #2879, #6169, .T. ) ;
#500 = EDGE_CURVE ( 'NONE', #8782, #9361, #3199, .T. ) ;
#501 = LINE ( 'NONE', #5202, #6070 ) ;
#502 = VERTEX_POINT ( 'NONE', #7804 ) ;
#503 = VERTEX_POINT ( 'NONE', #7710 ) ;
#504 = AXIS2_PLACEMENT_3D ( 'NONE', #820, #3836, #6865 ) ;
#505 = VERTEX_POINT ( 'NONE', #908 ) ;
#506 = EDGE_CURVE ( 'NONE', #4253, #3896, #2393, .T. ) ;
#507 =( NAMED_UNIT ( * ) SI_UNIT ( $, .STERADIAN. ) SOLID_ANGLE_UNIT ( ) );
#508 = CYLINDRICAL_SURFACE ( 'NONE', #1070, 0.1250000000000015266 ) ;
#509 = CARTESIAN_POINT ( 'NONE',  ( 29.62499999999988276, -26.87499999999996447, 24.00000000000000355 ) ) ;
#510 = AXIS2_PLACEMENT_3D ( 'NONE', #885, #1033, #4054 ) ;
#511 = DIRECTION ( 'NONE',  ( 1.000000000000000000, 9.106159978880878627E-17, 0.000000000000000000 ) ) ;
#512 = CARTESIAN_POINT ( 'NONE',  ( 26.99999999999961631, 26.99999999999977263, 24.37500000000064304 ) ) ;
#513 = CARTESIAN_POINT ( 'NONE',  ( -28.25000000000029488, -30.00000000000004974, 22.68503937007801596 ) ) ;
#514 = UNCERTAINTY_MEASURE_WITH_UNIT (LENGTH_MEASURE( 1.000000000000000082E-05 ), #3969, 'distance_accuracy_value', 'NONE');
#515 = EDGE_CURVE ( 'NONE', #3896, #4253, #7153, .T. ) ;
#516 = EDGE_CURVE ( 'NONE', #2346, #4598, #4076, .T. ) ;
#517 = ORIENTED_EDGE ( 'NONE', *, *, #8640, .F. ) ;
#518 = DIRECTION ( 'NONE',  ( 1.000000000000000000, -8.557635543004879725E-17, 1.699999999999999698E-14 ) ) ;
#519 = EDGE_LOOP ( 'NONE', ( #1749, #8481, #8914, #6387 ) ) ;
#520 = VERTEX_POINT ( 'NONE', #8043 ) ;
#521 = VECTOR ( 'NONE', #5976, 39.37007874015748143 ) ;
#522 = CARTESIAN_POINT ( 'NONE',  ( -27.93503937007910309, -26.74999999999980105, 22.99999999999932854 ) ) ;
#523 = LINE ( 'NONE', #6574, #8187 ) ;
#524 = LINE ( 'NONE', #7259, #8215 ) ;
#525 = EDGE_CURVE ( 'NONE', #2441, #1540, #9325, .T. ) ;
#526 = LINE ( 'NONE', #2846, #8360 ) ;
#527 = PLANE ( 'NONE',  #4980 ) ;
#528 = COLOUR_RGB ( '',0.7921568627450980005, 0.8196078431372548767, 0.9333333333333333481 ) ;
#529 = CARTESIAN_POINT ( 'NONE',  ( -9.750000000000435207, 29.49999999999957012, 24.00000000000016342 ) ) ;
#530 = CIRCLE ( 'NONE', #7974, 0.3149606299212601157 ) ;
#531 = EDGE_LOOP ( 'NONE', ( #2799, #2650, #5599, #27, #5169, #8769, #6655, #6354, #6543 ) ) ;
#532 = VERTEX_POINT ( 'NONE', #7203 ) ;
#533 = CARTESIAN_POINT ( 'NONE',  ( -30.00000000000027356, -30.00000000000003553, 21.49999999999924682 ) ) ;
#534 = EDGE_LOOP ( 'NONE', ( #4159, #3749, #8381, #1659, #43 ) ) ;
#535 = EDGE_CURVE ( 'NONE', #666, #1876, #2551, .T. ) ;
#536 = VECTOR ( 'NONE', #1712, 39.37007874015748854 ) ;
#537 = AXIS2_PLACEMENT_3D ( 'NONE', #5150, #1534, #3715 ) ;
#538 = AXIS2_PLACEMENT_3D ( 'NONE', #7620, #6127, #823 ) ;
#539 = DIRECTION ( 'NONE',  ( 0.000000000000000000, -1.000000000000000000, 0.000000000000000000 ) ) ;
#540 = CARTESIAN_POINT ( 'NONE',  ( 29.74999999999990763, 29.74999999999997158, 2.375000000000349942 ) ) ;
#541 = DIRECTION ( 'NONE',  ( -2.999999999999999839E-15, -6.999999999999997783E-15, 1.000000000000000000 ) ) ;
#542 = FACE_OUTER_BOUND ( 'NONE', #4270, .T. ) ;
#543 = AXIS2_PLACEMENT_3D ( 'NONE', #9316, #3233, #4703 ) ;
#544 = AXIS2_PLACEMENT_3D ( 'NONE', #6394, #2607, #6436 ) ;
#545 = ORIENTED_EDGE ( 'NONE', *, *, #3019, .T. ) ;
#546 = DIRECTION ( 'NONE',  ( 1.000000000000000000, 4.000000000000063420E-15, 1.800000000000008423E-14 ) ) ;
#547 = EDGE_CURVE ( 'NONE', #5654, #63, #826, .T. ) ;
#548 = DIRECTION ( 'NONE',  ( 0.000000000000000000, -1.000000000000000000, 0.000000000000000000 ) ) ;
#549 = DIRECTION ( 'NONE',  ( 0.7071067811865516806, -0.7071067811865433539, 7.154619206393827716E-15 ) ) ;
#550 = SURFACE_STYLE_FILL_AREA ( #4947 ) ;
#551 = CARTESIAN_POINT ( 'NONE',  ( -29.74999999999974776, 29.74999999999961275, 24.00000000000008527 ) ) ;
#552 = ORIENTED_EDGE ( 'NONE', *, *, #5465, .T. ) ;
#553 = ORIENTED_EDGE ( 'NONE', *, *, #9027, .T. ) ;
#554 = ORIENTED_EDGE ( 'NONE', *, *, #1111, .T. ) ;
#555 = ADVANCED_FACE ( 'NONE', ( #1948 ), #8644, .F. ) ;
#556 =( GEOMETRIC_REPRESENTATION_CONTEXT ( 3 ) GLOBAL_UNCERTAINTY_ASSIGNED_CONTEXT ( ( #3494 ) ) GLOBAL_UNIT_ASSIGNED_CONTEXT ( ( #6586, #3893, #7719 ) ) REPRESENTATION_CONTEXT ( 'NONE', 'WORKASPACE' ) );
#557 = SHAPE_REPRESENTATION_RELATIONSHIP ( 'NONE' , 'NONE' ,  #3611, #9135 ) ;
#558 = CARTESIAN_POINT ( 'NONE',  ( -27.00000000000007105, 26.99999999999982947, -0.4999999999998867573 ) ) ;
#559 = CARTESIAN_POINT ( 'NONE',  ( 29.99999999999963762, 28.24999999999978684, 23.00000000000070699 ) ) ;
#560 = CARTESIAN_POINT ( 'NONE',  ( -9.750000000000438760, 29.49999999999956657, 24.25000000000016342 ) ) ;
#561 = FILL_AREA_STYLE ('',( #8777 ) ) ;
#562 = FACE_BOUND ( 'NONE', #3198, .T. ) ;
#563 = DIRECTION ( 'NONE',  ( -1.000000000000000000, 7.908938400211192045E-15, -3.000000000000000233E-15 ) ) ;
#564 = EDGE_CURVE ( 'NONE', #7001, #3981, #5572, .T. ) ;
#565 = VERTEX_POINT ( 'NONE', #9417 ) ;
#566 = DIRECTION ( 'NONE',  ( 1.387778780781444571E-14, 1.387778780781444571E-14, -1.000000000000000000 ) ) ;
#567 = ORIENTED_EDGE ( 'NONE', *, *, #2314, .T. ) ;
#568 = ORIENTED_EDGE ( 'NONE', *, *, #4426, .F. ) ;
#569 = VECTOR ( 'NONE', #6113, 39.37007874015748143 ) ;
#570 = CARTESIAN_POINT ( 'NONE',  ( 29.49999999999988276, -26.87499999999996447, 24.00000000000000355 ) ) ;
#571 = DIRECTION ( 'NONE',  ( 0.000000000000000000, -1.387778780781445676E-14, 1.000000000000000000 ) ) ;
#572 = ADVANCED_FACE ( 'NONE', ( #8001 ), #5620, .F. ) ;
#573 = FACE_BOUND ( 'NONE', #1812, .T. ) ;
#574 = DIRECTION ( 'NONE',  ( 2.999999999999999839E-15, 9.999999999999998410E-15, -1.000000000000000000 ) ) ;
#575 = DIRECTION ( 'NONE',  ( 1.000000000000000000, 1.000000000000064567E-15, 1.776368096940622733E-14 ) ) ;
#576 = CARTESIAN_POINT ( 'NONE',  ( 29.74999999999988631, -29.74999999999996447, 0.000000000000000000 ) ) ;
#577 = CARTESIAN_POINT ( 'NONE',  ( -29.50000000000040501, -29.24999999999978684, 23.99999999999963407 ) ) ;
#578 = ORIENTED_EDGE ( 'NONE', *, *, #8962, .F. ) ;
#579 = ORIENTED_EDGE ( 'NONE', *, *, #5761, .T. ) ;
#580 = ORIENTED_EDGE ( 'NONE', *, *, #2491, .T. ) ;
#581 = CARTESIAN_POINT ( 'NONE',  ( 29.74999999999991829, 29.75000000000001421, -0.1203511549768925687 ) ) ;
#582 = ORIENTED_EDGE ( 'NONE', *, *, #884, .F. ) ;
#583 = LINE ( 'NONE', #3608, #2651 ) ;
#584 = EDGE_CURVE ( 'NONE', #9350, #8033, #2631, .T. ) ;
#585 =( LENGTH_UNIT ( ) NAMED_UNIT ( * ) SI_UNIT ( $, .METRE. ) );
#586 = CARTESIAN_POINT ( 'NONE',  ( -28.25000000000007461, 26.99999999999981171, 1.314960629921369417 ) ) ;
#587 = DIRECTION ( 'NONE',  ( -2.999999999999986428E-15, -6.999999999999997783E-15, 1.000000000000000000 ) ) ;
#588 = VECTOR ( 'NONE', #5506, 39.37007874015748143 ) ;
#589 = CARTESIAN_POINT ( 'NONE',  ( 28.24999999999988276, -29.49999999999996092, 1.000000000000001332 ) ) ;
#590 = EDGE_CURVE ( 'NONE', #2687, #2046, #1244, .T. ) ;
#591 = EDGE_CURVE ( 'NONE', #5178, #9388, #7309, .T. ) ;
#592 = ORIENTED_EDGE ( 'NONE', *, *, #4293, .T. ) ;
#593 = CARTESIAN_POINT ( 'NONE',  ( -29.87500000000034817, 29.87499999999954881, 21.49999999999966960 ) ) ;
#594 = VECTOR ( 'NONE', #2326, 39.37007874015748143 ) ;
#595 = PLANE ( 'NONE',  #4887 ) ;
#596 = DIRECTION ( 'NONE',  ( -0.000000000000000000, 0.000000000000000000, -1.000000000000000000 ) ) ;
#597 = DIRECTION ( 'NONE',  ( 1.000000000000189010E-15, -1.000000000000000000, -6.999999999999980428E-15 ) ) ;
#598 = CARTESIAN_POINT ( 'NONE',  ( -30.00000000000006395, 29.99999999999980815, -0.2928932188133191450 ) ) ;
#599 = CARTESIAN_POINT ( 'NONE',  ( 29.74999999999988631, -28.24999999999996092, 22.99999999999966604 ) ) ;
#600 = AXIS2_PLACEMENT_3D ( 'NONE', #8981, #6719, #2843 ) ;
#601 = EDGE_LOOP ( 'NONE', ( #145, #6345, #678, #7903, #5635 ) ) ;
#602 = VECTOR ( 'NONE', #625, 39.37007874015748143 ) ;
#603 = ORIENTED_EDGE ( 'NONE', *, *, #6342, .F. ) ;
#604 = EDGE_LOOP ( 'NONE', ( #654, #4315, #9265, #400 ) ) ;
#605 = AXIS2_PLACEMENT_3D ( 'NONE', #4714, #7763, #3978 ) ;
#606 =( NAMED_UNIT ( * ) SI_UNIT ( $, .STERADIAN. ) SOLID_ANGLE_UNIT ( ) );
#607 = CARTESIAN_POINT ( 'NONE',  ( -26.87500000000033751, -29.49999999999958789, -3.627894135586141523E-13 ) ) ;
#608 = LINE ( 'NONE', #6508, #4741 ) ;
#609 = VECTOR ( 'NONE', #5210, 39.37007874015748143 ) ;
#610 = APPLICATION_CONTEXT ( 'automotive_design' ) ;
#611 = DIRECTION ( 'NONE',  ( 3.000000000000149722E-15, 9.999999999999999988E-15, -1.000000000000000000 ) ) ;
#612 = CARTESIAN_POINT ( 'NONE',  ( -29.74999999999970157, 26.74999999999978328, 6.337887345301090825E-14 ) ) ;
#613 = LINE ( 'NONE', #3112, #4289 ) ;
#614 = CARTESIAN_POINT ( 'NONE',  ( 29.49999999999988276, -28.24999999999996092, 22.99999999999966604 ) ) ;
#615 = AXIS2_PLACEMENT_3D ( 'NONE', #5536, #431, #5581 ) ;
#616 = UNCERTAINTY_MEASURE_WITH_UNIT (LENGTH_MEASURE( 1.000000000000000082E-05 ), #5109, 'distance_accuracy_value', 'NONE');
#617 = EDGE_LOOP ( 'NONE', ( #8545, #4070, #6451, #8666 ) ) ;
#618 = CARTESIAN_POINT ( 'NONE',  ( -38.71850000000039671, 38.71849999999946590, 24.24999999999958078 ) ) ;
#619 = ORIENTED_EDGE ( 'NONE', *, *, #8409, .T. ) ;
#620 = VECTOR ( 'NONE', #1662, 39.37007874015748143 ) ;
#621 = ORIENTED_EDGE ( 'NONE', *, *, #2418, .F. ) ;
#622 = DIRECTION ( 'NONE',  ( -1.000000000000000000, 1.718547839493144606E-14, -2.999999999999978539E-15 ) ) ;
#623 = LINE ( 'NONE', #5873, #3758 ) ;
#624 = VECTOR ( 'NONE', #9344, 39.37007874015748143 ) ;
#625 = DIRECTION ( 'NONE',  ( 3.863407600316787446E-15, 1.000000000000000000, 9.561467977824923821E-31 ) ) ;
#626 = CARTESIAN_POINT ( 'NONE',  ( 29.50000000000015632, 28.24999999999991829, 22.99999999999945999 ) ) ;
#627 = CARTESIAN_POINT ( 'NONE',  ( -9.750000000000198952, -29.74999999999980460, -3.679116285467346580E-13 ) ) ;
#628 = CARTESIAN_POINT ( 'NONE',  ( 29.74999999999996447, -9.749999999999998224, -0.2499999999999916733 ) ) ;
#629 = DIRECTION ( 'NONE',  ( 1.387778780781444571E-14, 1.387778780781444571E-14, -1.000000000000000000 ) ) ;
#630 = LINE ( 'NONE', #1417, #8290 ) ;
#631 = EDGE_CURVE ( 'NONE', #9312, #1905, #3435, .T. ) ;
#632 = ORIENTED_EDGE ( 'NONE', *, *, #651, .T. ) ;
#633 = VERTEX_POINT ( 'NONE', #7860 ) ;
#634 = VERTEX_POINT ( 'NONE', #1153 ) ;
#635 = VECTOR ( 'NONE', #7936, 39.37007874015748143 ) ;
#636 = LINE ( 'NONE', #3699, #2356 ) ;
#637 = ORIENTED_EDGE ( 'NONE', *, *, #1570, .T. ) ;
#638 = LINE ( 'NONE', #2956, #7254 ) ;
#639 = DIRECTION ( 'NONE',  ( 4.115025178680601158E-15, 1.000000000000000000, -8.051762507642113390E-31 ) ) ;
#640 = CARTESIAN_POINT ( 'NONE',  ( -30.00000000000035882, 28.24999999999953815, 22.99999999999965183 ) ) ;
#641 = VECTOR ( 'NONE', #4281, 39.37007874015748143 ) ;
#642 = CARTESIAN_POINT ( 'NONE',  ( 29.99999999999964828, 28.24999999999979039, 22.68503937007944771 ) ) ;
#643 = ORIENTED_EDGE ( 'NONE', *, *, #1362, .F. ) ;
#644 = CARTESIAN_POINT ( 'NONE',  ( 28.24999999999999645, 26.74999999999992184, 0.9999999999998047118 ) ) ;
#645 = EDGE_CURVE ( 'NONE', #8614, #8752, #1109, .T. ) ;
#646 = PRESENTATION_LAYER_ASSIGNMENT (  '', '', ( #5863 ) ) ;
#647 = LINE ( 'NONE', #1432, #7276 ) ;
#648 = FACE_OUTER_BOUND ( 'NONE', #5270, .T. ) ;
#649 = FACE_OUTER_BOUND ( 'NONE', #1312, .T. ) ;
#650 = CARTESIAN_POINT ( 'NONE',  ( 28.24999999999988276, -26.74999999999996092, 1.000000000000001332 ) ) ;
#651 = EDGE_CURVE ( 'NONE', #2937, #6439, #5570, .T. ) ;
#652 = DIRECTION ( 'NONE',  ( 1.000000000000000000, 8.557635542960778703E-17, 4.000000000000001100E-15 ) ) ;
#653 = ORIENTED_EDGE ( 'NONE', *, *, #8010, .T. ) ;
#654 = ORIENTED_EDGE ( 'NONE', *, *, #5155, .F. ) ;
#655 = EDGE_LOOP ( 'NONE', ( #124, #4304, #3119, #4367 ) ) ;
#656 = CARTESIAN_POINT ( 'NONE',  ( 0.000000000000000000, 0.000000000000000000, 0.000000000000000000 ) ) ;
#657 = LINE ( 'NONE', #2981, #2489 ) ;
#658 = FILL_AREA_STYLE ('',( #9164 ) ) ;
#659 = CARTESIAN_POINT ( 'NONE',  ( -9.749999999999927169, -29.75000000000008882, 24.24999999999948486 ) ) ;
#660 =( NAMED_UNIT ( * ) PLANE_ANGLE_UNIT ( ) SI_UNIT ( $, .RADIAN. ) );
#661 = CARTESIAN_POINT ( 'NONE',  ( -48.00000000000035527, 26.99999999999942801, 24.49999999999933564 ) ) ;
#662 = DIRECTION ( 'NONE',  ( 1.000000000000000000, 4.000000000000063420E-15, 1.800000000000008423E-14 ) ) ;
#663 = CARTESIAN_POINT ( 'NONE',  ( 29.74999999999987566, -29.74999999999999289, 2.374999999999895195 ) ) ;
#664 = ORIENTED_EDGE ( 'NONE', *, *, #1676, .F. ) ;
#665 = CARTESIAN_POINT ( 'NONE',  ( -30.00000000000014921, -28.24999999999977263, 0.9999999999997177813 ) ) ;
#666 = VERTEX_POINT ( 'NONE', #4124 ) ;
#667 = ORIENTED_EDGE ( 'NONE', *, *, #5463, .F. ) ;
#668 = EDGE_CURVE ( 'NONE', #9526, #1275, #7155, .T. ) ;
#669 = CYLINDRICAL_SURFACE ( 'NONE', #5290, 0.1250000000000015266 ) ;
#670 = CARTESIAN_POINT ( 'NONE',  ( -26.99999999999991118, -28.25000000000043698, 22.99999999999931077 ) ) ;
#671 = CARTESIAN_POINT ( 'NONE',  ( 27.93503937007888993, 26.74999999999992539, 22.99999999999947065 ) ) ;
#672 = DIRECTION ( 'NONE',  ( 0.000000000000000000, 1.000000000000000000, 0.000000000000000000 ) ) ;
#673 = DIRECTION ( 'NONE',  ( -1.000000000000000000, 0.000000000000000000, 6.938893903907222856E-15 ) ) ;
#674 = CARTESIAN_POINT ( 'NONE',  ( -27.00000000000007105, 26.99999999999982947, -0.4999999999998867573 ) ) ;
#675 = CARTESIAN_POINT ( 'NONE',  ( 29.74999999999991473, 29.74999999999998224, 2.375000000000302869 ) ) ;
#676 = VERTEX_POINT ( 'NONE', #4914 ) ;
#677 = AXIS2_PLACEMENT_3D ( 'NONE', #5058, #2089, #1294 ) ;
#678 = ORIENTED_EDGE ( 'NONE', *, *, #9569, .F. ) ;
#680 = EDGE_LOOP ( 'NONE', ( #123, #1188, #8210, #2916 ) ) ;
#679 = EDGE_CURVE ( 'NONE', #8398, #7196, #7953, .T. ) ;
#681 = CARTESIAN_POINT ( 'NONE',  ( -29.80177669529669515, 29.80177669529643225, 2.500000000000123901 ) ) ;
#682 = ORIENTED_EDGE ( 'NONE', *, *, #1832, .F. ) ;
#683 = LINE ( 'NONE', #6178, #9610 ) ;
#684 = COLOUR_RGB ( '',0.7921568627450980005, 0.8196078431372548767, 0.9333333333333333481 ) ;
#685 = AXIS2_PLACEMENT_3D ( 'NONE', #7790, #2669, #8632 ) ;
#686 = CARTESIAN_POINT ( 'NONE',  ( 10.49999999999992362, -10.50000000000028777, 24.50000000000007461 ) ) ;
#687 = LINE ( 'NONE', #9581, #5602 ) ;
#688 = LINE ( 'NONE', #6881, #8106 ) ;
#689 =( BOUNDED_CURVE ( )  B_SPLINE_CURVE ( 3, ( #488, #5637, #4053, #396 ),
 .UNSPECIFIED., .F., .T. ) 
 B_SPLINE_CURVE_WITH_KNOTS ( ( 4, 4 ),
 ( 1.570796326794895004, 3.141592653589795336 ),
 .UNSPECIFIED. ) 
 CURVE ( )  GEOMETRIC_REPRESENTATION_ITEM ( )  RATIONAL_B_SPLINE_CURVE ( ( 1.000000000000000000, 0.8047378541243649375, 0.8047378541243649375, 1.000000000000000000 ) ) 
 REPRESENTATION_ITEM ( '' )  );
#690 = EDGE_CURVE ( 'NONE', #2025, #4506, #9508, .T. ) ;
#691 = EDGE_CURVE ( 'NONE', #4829, #9274, #5759, .T. ) ;
#692 = EDGE_LOOP ( 'NONE', ( #1813, #8158 ) ) ;
#693 = DIRECTION ( 'NONE',  ( 0.000000000000000000, 0.000000000000000000, -1.000000000000000000 ) ) ;
#694 = AXIS2_PLACEMENT_3D ( 'NONE', #3127, #6158, #6253 ) ;
#695 = ORIENTED_EDGE ( 'NONE', *, *, #4327, .T. ) ;
#696 = EDGE_CURVE ( 'NONE', #972, #5453, #8520, .T. ) ;
#697 = DIRECTION ( 'NONE',  ( -1.000000000000000000, 8.000000000000000622E-15, -2.999999999999999839E-15 ) ) ;
#698 = DIRECTION ( 'NONE',  ( 1.000000000000000000, -6.185478394931414830E-15, -7.000000000000000938E-15 ) ) ;
#699 = CARTESIAN_POINT ( 'NONE',  ( 26.99999999999959854, 47.99999999999977973, 24.37500000000079226 ) ) ;
#700 = LINE ( 'NONE', #3623, #5443 ) ;
#701 = VECTOR ( 'NONE', #6022, 39.37007874015748143 ) ;
#702 = VECTOR ( 'NONE', #4938, 39.37007874015748143 ) ;
#703 = CIRCLE ( 'NONE', #538, 0.3149606299212601157 ) ;
#704 = DIRECTION ( 'NONE',  ( -1.000000000000000000, -8.000000000000084241E-15, -1.700000000000016738E-14 ) ) ;
#705 = ORIENTED_EDGE ( 'NONE', *, *, #6189, .F. ) ;
#706 = ORIENTED_EDGE ( 'NONE', *, *, #690, .F. ) ;
#707 = ORIENTED_EDGE ( 'NONE', *, *, #6235, .F. ) ;
#708 = CARTESIAN_POINT ( 'NONE',  ( 3.496765431890241773E-14, 4.370956789862821150E-14, 24.25000000000013145 ) ) ;
#709 = CARTESIAN_POINT ( 'NONE',  ( 29.43699999999992301, 29.43699999999999761, -0.2499999999997003786 ) ) ;
#710 = SURFACE_STYLE_FILL_AREA ( #804 ) ;
#711 = DIRECTION ( 'NONE',  ( 1.000000000000000000, -1.387778780781444571E-14, 3.035766082959409654E-15 ) ) ;
#712 = CARTESIAN_POINT ( 'NONE',  ( -29.43699999999968142, 29.43700000000023209, -0.2499999999998765987 ) ) ;
#713 = CARTESIAN_POINT ( 'NONE',  ( 29.49999999999988276, -28.24999999999996092, 1.000000000000001332 ) ) ;
#714 = LINE ( 'NONE', #6891, #9203 ) ;
#715 = DIRECTION ( 'NONE',  ( 1.000000000000000000, 0.000000000000000000, 0.000000000000000000 ) ) ;
#716 = ORIENTED_EDGE ( 'NONE', *, *, #7724, .T. ) ;
#717 = CARTESIAN_POINT ( 'NONE',  ( -28.24999999999970512, 26.74999999999976552, 1.000000000000069056 ) ) ;
#718 = EDGE_CURVE ( 'NONE', #7170, #3668, #5006, .T. ) ;
#719 = ORIENTED_EDGE ( 'NONE', *, *, #7756, .T. ) ;
#720 = DIRECTION ( 'NONE',  ( -1.000000000000000000, 2.999999999999936730E-15, -1.799999999999993592E-14 ) ) ;
#721 = CARTESIAN_POINT ( 'NONE',  ( 27.12499999999967315, -27.12500000000022382, 24.25000000000026645 ) ) ;
#722 = AXIS2_PLACEMENT_3D ( 'NONE', #8987, #8254, #2795 ) ;
#723 = DIRECTION ( 'NONE',  ( 2.999999999999999839E-15, 7.000000000000000938E-15, -1.000000000000000000 ) ) ;
#724 = LINE ( 'NONE', #2149, #1286 ) ;
#725 = CARTESIAN_POINT ( 'NONE',  ( -26.74999999999967670, 29.62499999999976197, 9.179009258711924730E-14 ) ) ;
#726 = FILL_AREA_STYLE ('',( #3693 ) ) ;
#727 = DIRECTION ( 'NONE',  ( -1.000000000000000000, -2.999999999999936730E-15, -3.000000000000063342E-15 ) ) ;
#728 = ORIENTED_EDGE ( 'NONE', *, *, #8550, .T. ) ;
#729 = ORIENTED_EDGE ( 'NONE', *, *, #1246, .T. ) ;
#730 = CIRCLE ( 'NONE', #1989, 0.3149606299212601157 ) ;
#731 = EDGE_CURVE ( 'NONE', #2923, #6748, #613, .T. ) ;
#732 = VERTEX_POINT ( 'NONE', #6145 ) ;
#733 = CARTESIAN_POINT ( 'NONE',  ( 29.49999999999988631, -26.74999999999996092, 0.000000000000000000 ) ) ;
#734 = VERTEX_POINT ( 'NONE', #5910 ) ;
#735 = CARTESIAN_POINT ( 'NONE',  ( -29.50000000000036948, -26.87499999999978684, 23.99999999999965539 ) ) ;
#736 = DIRECTION ( 'NONE',  ( 1.387778780781444571E-14, 1.387778780781444571E-14, -1.000000000000000000 ) ) ;
#737 = ORIENTED_EDGE ( 'NONE', *, *, #4603, .T. ) ;
#738 = ADVANCED_FACE ( 'NONE', ( #4362 ), #2835, .F. ) ;
#739 = FACE_OUTER_BOUND ( 'NONE', #353, .T. ) ;
#740 = VERTEX_POINT ( 'NONE', #6661 ) ;
#741 = LINE ( 'NONE', #9732, #2198 ) ;
#742 = FACE_OUTER_BOUND ( 'NONE', #7785, .T. ) ;
#743 = FACE_OUTER_BOUND ( 'NONE', #5644, .T. ) ;
#744 = DIRECTION ( 'NONE',  ( 0.000000000000000000, -1.000000000000000000, 0.000000000000000000 ) ) ;
#745 = EDGE_CURVE ( 'NONE', #9048, #7270, #8922, .T. ) ;
#746 = DIRECTION ( 'NONE',  ( 2.999999999999999839E-15, 7.000000000000000938E-15, -1.000000000000000000 ) ) ;
#747 = ORIENTED_EDGE ( 'NONE', *, *, #7585, .T. ) ;
#748 = EDGE_CURVE ( 'NONE', #9172, #8943, #6203, .T. ) ;
#749 = ORIENTED_EDGE ( 'NONE', *, *, #2072, .T. ) ;
#750 = AXIS2_PLACEMENT_3D ( 'NONE', #8766, #7084, #1138 ) ;
#751 = ORIENTED_EDGE ( 'NONE', *, *, #192, .F. ) ;
#752 = CARTESIAN_POINT ( 'NONE',  ( 0.000000000000000000, 0.000000000000000000, 0.000000000000000000 ) ) ;
#753 = CARTESIAN_POINT ( 'NONE',  ( 29.74999999999969802, -28.25000000000021672, 23.00000000000030909 ) ) ;
#754 = CARTESIAN_POINT ( 'NONE',  ( 28.56496062992114204, -29.49999999999996447, 1.000000000000001332 ) ) ;
#755 = CARTESIAN_POINT ( 'NONE',  ( -26.87499999999975486, 29.62499999999959144, 24.00000000000009237 ) ) ;
#756 = FILL_AREA_STYLE ('',( #1499 ) ) ;
#757 = VECTOR ( 'NONE', #5275, 39.37007874015748143 ) ;
#758 = CIRCLE ( 'NONE', #6294, 0.3149606299212601157 ) ;
#759 = DIRECTION ( 'NONE',  ( 1.000000000000000000, -1.000000000000063581E-15, 3.091061599788788299E-15 ) ) ;
#760 = VERTEX_POINT ( 'NONE', #9155 ) ;
#761 = LINE ( 'NONE', #25, #8670 ) ;
#762 = VECTOR ( 'NONE', #469, 39.37007874015748143 ) ;
#763 = ORIENTED_EDGE ( 'NONE', *, *, #6714, .F. ) ;
#764 = ORIENTED_EDGE ( 'NONE', *, *, #5292, .F. ) ;
#765 = CARTESIAN_POINT ( 'NONE',  ( 27.93503937007862348, -26.74999999999996092, 22.99999999999966604 ) ) ;
#766 = DIRECTION ( 'NONE',  ( -7.908938400211192045E-15, -1.000000000000000000, -7.000000000000000938E-15 ) ) ;
#767 = FILL_AREA_STYLE ('',( #9490 ) ) ;
#768 = DIRECTION ( 'NONE',  ( 0.000000000000000000, -1.000000000000000000, 0.000000000000000000 ) ) ;
#769 = DIRECTION ( 'NONE',  ( 1.000000000000000000, -2.148382715945122022E-14, 1.699999999999972246E-14 ) ) ;
#770 = CARTESIAN_POINT ( 'NONE',  ( 29.49999999999972289, 9.749999999999756639, 24.25000000000061107 ) ) ;
#771 = EDGE_CURVE ( 'NONE', #2500, #1172, #3190, .T. ) ;
#772 = AXIS2_PLACEMENT_3D ( 'NONE', #3560, #8065, #2758 ) ;
#773 = DIRECTION ( 'NONE',  ( -1.000000000000000000, 1.488497482131939756E-14, -2.999999999999851138E-15 ) ) ;
#774 = ORIENTED_EDGE ( 'NONE', *, *, #3772, .T. ) ;
#775 = ORIENTED_EDGE ( 'NONE', *, *, #9676, .T. ) ;
#776 = VECTOR ( 'NONE', #6283, 39.37007874015748143 ) ;
#777 = ORIENTED_EDGE ( 'NONE', *, *, #834, .F. ) ;
#778 = CARTESIAN_POINT ( 'NONE',  ( 9.749999999999761968, -29.49999999999988987, 23.99999999999997868 ) ) ;
#779 = VERTEX_POINT ( 'NONE', #8240 ) ;
#780 = CARTESIAN_POINT ( 'NONE',  ( -29.43699999999992301, -29.43700000000047012, 24.24999999999926104 ) ) ;
#781 = DIRECTION ( 'NONE',  ( 1.000000000000000000, -4.115025178680601158E-15, -7.000000000000000938E-15 ) ) ;
#782 = CARTESIAN_POINT ( 'NONE',  ( -29.75000000000036593, 28.24999999999953815, 23.31496062992091822 ) ) ;
#783 = ORIENTED_EDGE ( 'NONE', *, *, #8959, .F. ) ;
#784 = CARTESIAN_POINT ( 'NONE',  ( 26.99999999999983658, -48.00000000000001421, -0.5000000000002223777 ) ) ;
#785 = ORIENTED_EDGE ( 'NONE', *, *, #7756, .F. ) ;
#786 = EDGE_CURVE ( 'NONE', #7134, #7160, #2141, .T. ) ;
#787 = VECTOR ( 'NONE', #8, 39.37007874015748143 ) ;
#788 = LINE ( 'NONE', #1578, #4254 ) ;
#789 =( NAMED_UNIT ( * ) PLANE_ANGLE_UNIT ( ) SI_UNIT ( $, .RADIAN. ) );
#790 = CARTESIAN_POINT ( 'NONE',  ( -29.99999999999992184, -30.00000000000047251, 24.49999999999924682 ) ) ;
#791 = LINE ( 'NONE', #3861, #3374 ) ;
#792 = EDGE_LOOP ( 'NONE', ( #1209, #4713, #1848, #1073 ) ) ;
#793 = VERTEX_POINT ( 'NONE', #7352 ) ;
#794 = EDGE_CURVE ( 'NONE', #4482, #235, #1449, .T. ) ;
#795 = VECTOR ( 'NONE', #9053, 39.37007874015748143 ) ;
#796 = ORIENTED_EDGE ( 'NONE', *, *, #4706, .T. ) ;
#797 = EDGE_CURVE ( 'NONE', #9701, #1980, #6566, .T. ) ;
#798 = ADVANCED_FACE ( 'NONE', ( #3860 ), #2041, .F. ) ;
#799 = EDGE_CURVE ( 'NONE', #6748, #3392, #5433, .T. ) ;
#800 = DIRECTION ( 'NONE',  ( -1.000000000000000000, -6.982962677686266711E-15, 0.000000000000000000 ) ) ;
#801 = EDGE_CURVE ( 'NONE', #8306, #2789, #714, .T. ) ;
#802 = CARTESIAN_POINT ( 'NONE',  ( 29.99999999999991118, 28.24999999999997868, 1.000000000000320632 ) ) ;
#803 = ADVANCED_FACE ( 'NONE', ( #1349 ), #1396, .F. ) ;
#804 = FILL_AREA_STYLE ('',( #7346 ) ) ;
#805 = DIRECTION ( 'NONE',  ( -1.000000000000000000, 0.000000000000000000, 6.938893903907222856E-15 ) ) ;
#806 = EDGE_CURVE ( 'NONE', #2453, #4320, #9555, .T. ) ;
#807 =( LENGTH_UNIT ( ) NAMED_UNIT ( * ) SI_UNIT ( $, .METRE. ) );
#808 = CARTESIAN_POINT ( 'NONE',  ( -29.74999999999960920, 9.749999999999770850, 1.104691032437986482E-14 ) ) ;
#809 = EDGE_LOOP ( 'NONE', ( #1015, #7011, #8739, #213 ) ) ;
#810 = ORIENTED_EDGE ( 'NONE', *, *, #1825, .F. ) ;
#811 = EDGE_CURVE ( 'NONE', #134, #2560, #3635, .T. ) ;
#812 = ORIENTED_EDGE ( 'NONE', *, *, #7058, .F. ) ;
#813 = LINE ( 'NONE', #6071, #3701 ) ;
#814 = AXIS2_PLACEMENT_3D ( 'NONE', #2229, #848, #5259 ) ;
#815 = DIRECTION ( 'NONE',  ( -1.000000000000000000, -2.999999999999936730E-15, -3.000000000000063342E-15 ) ) ;
#816 = DIRECTION ( 'NONE',  ( -1.000000000000000000, 0.000000000000000000, 0.000000000000000000 ) ) ;
#817 = CARTESIAN_POINT ( 'NONE',  ( -29.75000000000035172, 29.74999999999955236, 21.62499999999964828 ) ) ;
#818 = CLOSED_SHELL ( 'NONE', ( #7907, #2892, #2134, #1279, #2474, #4546, #5917 ) ) ;
#819 = EDGE_CURVE ( 'NONE', #9639, #5430, #6709, .T. ) ;
#820 = CARTESIAN_POINT ( 'NONE',  ( -28.25000000000008527, 29.99999999999981171, 1.000000000000130784 ) ) ;
#821 = DIRECTION ( 'NONE',  ( -1.387778780781444571E-14, -1.000000000000000000, -6.938893903907222856E-15 ) ) ;
#822 = EDGE_LOOP ( 'NONE', ( #7771, #1927, #6207, #7561 ) ) ;
#823 = DIRECTION ( 'NONE',  ( 1.000000000000000000, -1.387778780781444571E-14, 0.000000000000000000 ) ) ;
#824 = ORIENTED_EDGE ( 'NONE', *, *, #2546, .F. ) ;
#825 = ORIENTED_EDGE ( 'NONE', *, *, #3293, .F. ) ;
#826 = CIRCLE ( 'NONE', #9658, 0.3149606299212598381 ) ;
#827 = FACE_BOUND ( 'NONE', #1918, .T. ) ;
#828 = EDGE_CURVE ( 'NONE', #1760, #1770, #3213, .T. ) ;
#829 = LINE ( 'NONE', #6878, #8988 ) ;
#830 = CARTESIAN_POINT ( 'NONE',  ( -27.00000000000036593, 28.24999999999955946, 23.31496062992096441 ) ) ;
#831 = CARTESIAN_POINT ( 'NONE',  ( -29.49999999999977263, 26.87499999999961275, 24.00000000000006750 ) ) ;
#832 = ORIENTED_EDGE ( 'NONE', *, *, #3017, .T. ) ;
#833 = FACE_OUTER_BOUND ( 'NONE', #5930, .T. ) ;
#834 = EDGE_CURVE ( 'NONE', #532, #7747, #4735, .T. ) ;
#835 = ORIENTED_EDGE ( 'NONE', *, *, #6575, .F. ) ;
#836 = AXIS2_PLACEMENT_3D ( 'NONE', #8014, #1206, #2010 ) ;
#837 = DIRECTION ( 'NONE',  ( -3.914423644570133469E-15, 1.000000000000000000, 9.999999999999914791E-15 ) ) ;
#838 =( CONVERSION_BASED_UNIT ( 'INCH', #6930 ) LENGTH_UNIT ( ) NAMED_UNIT ( #2574 ) );
#839 = LINE ( 'NONE', #9196, #7181 ) ;
#840 = CARTESIAN_POINT ( 'NONE',  ( 9.750000000000001776, 29.49999999999965539, -0.2499999999997719602 ) ) ;
#841 = EDGE_CURVE ( 'NONE', #7941, #3710, #5639, .T. ) ;
#842 = MECHANICAL_DESIGN_GEOMETRIC_PRESENTATION_REPRESENTATION (  '', ( #3530 ), #9679 ) ;
#843 = ORIENTED_EDGE ( 'NONE', *, *, #3481, .F. ) ;
#844 = ORIENTED_EDGE ( 'NONE', *, *, #8347, .T. ) ;
#845 = CIRCLE ( 'NONE', #6860, 0.3149606299212598381 ) ;
#846 = ORIENTED_EDGE ( 'NONE', *, *, #7389, .F. ) ;
#847 = VERTEX_POINT ( 'NONE', #7129 ) ;
#848 = DIRECTION ( 'NONE',  ( 0.000000000000000000, 0.000000000000000000, 1.000000000000000000 ) ) ;
#849 = FACE_OUTER_BOUND ( 'NONE', #3482, .T. ) ;
#850 = AXIS2_PLACEMENT_3D ( 'NONE', #7334, #2569, #3422 ) ;
#851 = CARTESIAN_POINT ( 'NONE',  ( -29.24999999999975131, 29.49999999999960920, 24.00000000000008527 ) ) ;
#852 = DIRECTION ( 'NONE',  ( 1.000000000000189010E-15, -1.000000000000000000, -6.999999999999980428E-15 ) ) ;
#853 = VECTOR ( 'NONE', #5284, 39.37007874015748143 ) ;
#854 = FILL_AREA_STYLE ('',( #165 ) ) ;
#855 = CARTESIAN_POINT ( 'NONE',  ( 29.74999999999976197, -9.749999999999888090, 24.25000000000045830 ) ) ;
#856 = EDGE_LOOP ( 'NONE', ( #5305, #7522, #4868, #1114 ) ) ;
#857 = CYLINDRICAL_SURFACE ( 'NONE', #2971, 0.2499999999999986955 ) ;
#858 = EDGE_LOOP ( 'NONE', ( #1039, #843, #1538, #4278 ) ) ;
#859 = VERTEX_POINT ( 'NONE', #301 ) ;
#860 = CYLINDRICAL_SURFACE ( 'NONE', #6715, 0.3130000000000007221 ) ;
#861 = DIRECTION ( 'NONE',  ( 1.000000000000000000, 1.000000000000064173E-15, 1.781787680042240397E-14 ) ) ;
#862 = FILL_AREA_STYLE ('',( #5377 ) ) ;
#863 = DIRECTION ( 'NONE',  ( -1.000000000000000000, -9.106159978880879860E-17, 0.000000000000000000 ) ) ;
#864 = DIRECTION ( 'NONE',  ( 8.000000000000000622E-15, 1.000000000000000000, 7.000000000000000150E-15 ) ) ;
#865 = DIRECTION ( 'NONE',  ( -2.999999999999999839E-15, -9.999999999999998410E-15, 1.000000000000000000 ) ) ;
#866 = ORIENTED_EDGE ( 'NONE', *, *, #6694, .F. ) ;
#867 = DIRECTION ( 'NONE',  ( 2.999999999999999839E-15, 9.999999999999999988E-15, -1.000000000000000000 ) ) ;
#868 = EDGE_LOOP ( 'NONE', ( #5317, #5683 ) ) ;
#869 = DIMENSIONAL_EXPONENTS ( 1.000000000000000000, 0.000000000000000000, 0.000000000000000000, 0.000000000000000000, 0.000000000000000000, 0.000000000000000000, 0.000000000000000000 ) ;
#870 = ORIENTED_EDGE ( 'NONE', *, *, #4068, .T. ) ;
#871 = EDGE_CURVE ( 'NONE', #3065, #9058, #3316, .T. ) ;
#872 = AXIS2_PLACEMENT_3D ( 'NONE', #3647, #9042, #6029 ) ;
#873 = CARTESIAN_POINT ( 'NONE',  ( 29.50000000000000355, 28.24999999999991829, 0.9999999999997959410 ) ) ;
#874 = LINE ( 'NONE', #3151, #9147 ) ;
#875 = ADVANCED_FACE ( 'NONE', ( #4001 ), #3168, .F. ) ;
#876 = DIRECTION ( 'NONE',  ( 0.7071067811865462405, -0.7071067811865487940, 2.623060616391516279E-16 ) ) ;
#877 = CIRCLE ( 'NONE', #8940, 0.3149606299212598381 ) ;
#878 = CARTESIAN_POINT ( 'NONE',  ( -29.75000000000016342, -29.74999999999978684, 2.374999999999708233 ) ) ;
#879 = ORIENTED_EDGE ( 'NONE', *, *, #8395, .T. ) ;
#880 = CARTESIAN_POINT ( 'NONE',  ( 29.49999999999988987, 29.50000000000000000, -0.2499999999996994349 ) ) ;
#881 = EDGE_LOOP ( 'NONE', ( #2837, #8178, #6663, #4233, #3207 ) ) ;
#882 = CARTESIAN_POINT ( 'NONE',  ( 29.74999999999996447, -9.749999999999998224, 8.315062330715601208E-15 ) ) ;
#883 = DIRECTION ( 'NONE',  ( -3.236319030593794019E-15, -7.236319030593792358E-15, 1.000000000000000000 ) ) ;
#884 = EDGE_CURVE ( 'NONE', #1454, #2560, #9296, .T. ) ;
#885 = CARTESIAN_POINT ( 'NONE',  ( -28.25000000000012434, -29.74999999999975486, 0.9999999999997019051 ) ) ;
#886 = DIRECTION ( 'NONE',  ( -1.000000000000000000, -2.999999999999936730E-15, -3.000000000000062948E-15 ) ) ;
#887 = ORIENTED_EDGE ( 'NONE', *, *, #1673, .T. ) ;
#888 = ORIENTED_EDGE ( 'NONE', *, *, #7583, .F. ) ;
#889 = VERTEX_POINT ( 'NONE', #6285 ) ;
#890 = VERTEX_POINT ( 'NONE', #6934 ) ;
#891 = APPLICATION_PROTOCOL_DEFINITION ( 'draft international standard', 'automotive_design', 1998, #2815 ) ;
#892 = LINE ( 'NONE', #3911, #3450 ) ;
#893 = LINE ( 'NONE', #4745, #2043 ) ;
#894 = LINE ( 'NONE', #946, #7228 ) ;
#895 = DIRECTION ( 'NONE',  ( -1.799999999999999903E-14, -9.999999999999974745E-15, 1.000000000000000000 ) ) ;
#896 = CARTESIAN_POINT ( 'NONE',  ( 29.74999999999987921, -29.74999999999997513, 0.06299999999987568322 ) ) ;
#897 = AXIS2_PLACEMENT_3D ( 'NONE', #6050, #7542, #8126 ) ;
#898 = VERTEX_POINT ( 'NONE', #2458 ) ;
#899 = FACE_BOUND ( 'NONE', #6182, .T. ) ;
#900 = VERTEX_POINT ( 'NONE', #6982 ) ;
#901 = ORIENTED_EDGE ( 'NONE', *, *, #500, .T. ) ;
#902 = DIRECTION ( 'NONE',  ( 1.799999999999999903E-14, 9.999999999999998410E-15, -1.000000000000000000 ) ) ;
#903 = CARTESIAN_POINT ( 'NONE',  ( 47.99999999999993605, 27.00000000000005329, -0.4999999999996616595 ) ) ;
#904 = SURFACE_SIDE_STYLE ('',( #3137 ) ) ;
#905 = VECTOR ( 'NONE', #6815, 39.37007874015748854 ) ;
#906 = CARTESIAN_POINT ( 'NONE',  ( -29.75000000000041211, -29.74999999999978328, 23.99999999999963052 ) ) ;
#907 = CARTESIAN_POINT ( 'NONE',  ( 9.749999999999761968, -29.74999999999988987, 24.24999999999997868 ) ) ;
#908 = CARTESIAN_POINT ( 'NONE',  ( -30.00000000000014921, -28.24999999999977973, 1.314960629920977286 ) ) ;
#909 = PLANE ( 'NONE',  #97 ) ;
#910 = CIRCLE ( 'NONE', #1389, 0.3149606299212601157 ) ;
#911 = ORIENTED_EDGE ( 'NONE', *, *, #7708, .F. ) ;
#912 = CARTESIAN_POINT ( 'NONE',  ( -27.00000000000007105, 26.99999999999982947, -0.3749999999998865907 ) ) ;
#913 = ORIENTED_EDGE ( 'NONE', *, *, #6988, .T. ) ;
#914 = AXIS2_PLACEMENT_3D ( 'NONE', #2135, #2929, #8234 ) ;
#915 = EDGE_LOOP ( 'NONE', ( #1048, #7673, #3170, #1530 ) ) ;
#916 = ADVANCED_FACE ( 'NONE', ( #8620, #5594, #3904 ), #4836, .F. ) ;
#917 = FACE_OUTER_BOUND ( 'NONE', #8502, .T. ) ;
#918 = VECTOR ( 'NONE', #4913, 39.37007874015748143 ) ;
#919 = EDGE_CURVE ( 'NONE', #9350, #5765, #8468, .T. ) ;
#920 = CARTESIAN_POINT ( 'NONE',  ( 29.49999999999998934, 26.87499999999991829, -2.054349691235526035E-13 ) ) ;
#921 =( REPRESENTATION_RELATIONSHIP ('NONE','NONE', #4286, #5315 ) REPRESENTATION_RELATIONSHIP_WITH_TRANSFORMATION ( #9492 )SHAPE_REPRESENTATION_RELATIONSHIP( ) );
#922 = EDGE_CURVE ( 'NONE', #565, #3378, #6395, .T. ) ;
#923 = CARTESIAN_POINT ( 'NONE',  ( 38.71849999999984959, -38.71850000000002012, -0.2500000000001222911 ) ) ;
#924 = CARTESIAN_POINT ( 'NONE',  ( -28.25000000000008527, 29.74999999999981881, 0.6850393700788690587 ) ) ;
#925 = AXIS2_PLACEMENT_3D ( 'NONE', #9242, #3257, #8562 ) ;
#926 = VERTEX_POINT ( 'NONE', #7832 ) ;
#927 = FACE_OUTER_BOUND ( 'NONE', #8516, .T. ) ;
#928 = AXIS2_PLACEMENT_3D ( 'NONE', #8056, #3446, #7362 ) ;
#929 = EDGE_LOOP ( 'NONE', ( #3495, #9212, #9730, #3244 ) ) ;
#930 = AXIS2_PLACEMENT_3D ( 'NONE', #2040, #5057, #6660 ) ;
#931 = CARTESIAN_POINT ( 'NONE',  ( 9.749999999999761968, -29.49999999999988987, 24.24999999999997868 ) ) ;
#932 = FILL_AREA_STYLE_COLOUR ( '', #5337 ) ;
#933 = DIRECTION ( 'NONE',  ( 0.000000000000000000, -1.387778780781446149E-14, 1.000000000000000000 ) ) ;
#934 = LINE ( 'NONE', #6188, #6868 ) ;
#935 = AXIS2_PLACEMENT_3D ( 'NONE', #6298, #3913, #1784 ) ;
#936 = DIRECTION ( 'NONE',  ( 0.7071067811865462405, 0.7071067811865487940, 1.458693634327831679E-14 ) ) ;
#937 = FACE_BOUND ( 'NONE', #5610, .T. ) ;
#938 = VERTEX_POINT ( 'NONE', #5495 ) ;
#939 = VERTEX_POINT ( 'NONE', #5449 ) ;
#940 = ORIENTED_EDGE ( 'NONE', *, *, #4397, .F. ) ;
#941 = VERTEX_POINT ( 'NONE', #5547 ) ;
#942 = AXIS2_PLACEMENT_3D ( 'NONE', #8559, #4189, #342 ) ;
#943 = APPLICATION_PROTOCOL_DEFINITION ( 'draft international standard', 'automotive_design', 1998, #4646 ) ;
#944 = DIRECTION ( 'NONE',  ( 0.7071067811865439090, 0.7071067811865511255, 7.135458086581850450E-15 ) ) ;
#945 = EDGE_CURVE ( 'NONE', #900, #2576, #8664, .T. ) ;
#946 = CARTESIAN_POINT ( 'NONE',  ( 29.99999999999992184, 30.00000000000000000, -0.4999999999996949662 ) ) ;
#947 = CARTESIAN_POINT ( 'NONE',  ( -37.50000000000014921, -37.49999999999970157, -0.5000000000003805845 ) ) ;
#948 = VECTOR ( 'NONE', #4047, 39.37007874015748143 ) ;
#949 = EDGE_LOOP ( 'NONE', ( #4841, #568 ) ) ;
#950 = ORIENTED_EDGE ( 'NONE', *, *, #4284, .T. ) ;
#951 = EDGE_CURVE ( 'NONE', #8309, #482, #1675, .T. ) ;
#952 = EDGE_LOOP ( 'NONE', ( #8722, #4306 ) ) ;
#953 = EDGE_LOOP ( 'NONE', ( #2812, #5387, #8371, #5713 ) ) ;
#954 = CARTESIAN_POINT ( 'NONE',  ( 26.99999999999960920, 26.99999999999975131, 24.30177669529728490 ) ) ;
#955 = CARTESIAN_POINT ( 'NONE',  ( -27.12499999999969802, 27.12500000000020961, -0.2499999999998834266 ) ) ;
#956 = PLANE ( 'NONE',  #7173 ) ;
#957 = DIRECTION ( 'NONE',  ( -3.000000000000290928E-15, -1.000000000000000000, -7.182123199577678834E-15 ) ) ;
#958 = FACE_OUTER_BOUND ( 'NONE', #6834, .T. ) ;
#959 = LINE ( 'NONE', #9127, #3092 ) ;
#960 = ORIENTED_EDGE ( 'NONE', *, *, #5804, .T. ) ;
#961 = CARTESIAN_POINT ( 'NONE',  ( -28.25000000000029843, -29.75000000000004974, 22.99999999999928235 ) ) ;
#962 = ORIENTED_EDGE ( 'NONE', *, *, #5322, .F. ) ;
#963 = EDGE_CURVE ( 'NONE', #9058, #2427, #4771, .T. ) ;
#964 = ORIENTED_EDGE ( 'NONE', *, *, #7819, .F. ) ;
#965 = CARTESIAN_POINT ( 'NONE',  ( -29.24999999999975486, 29.24999999999961275, 24.00000000000008527 ) ) ;
#966 = DIRECTION ( 'NONE',  ( -2.999999999999999444E-15, -7.091061599788816615E-15, 1.000000000000000000 ) ) ;
#967 = CARTESIAN_POINT ( 'NONE',  ( 9.749999999999884537, -29.74999999999991473, -0.2500000000002716716 ) ) ;
#968 = DIRECTION ( 'NONE',  ( -3.999999999999706066E-15, 1.000000000000000000, 6.999999999999913375E-15 ) ) ;
#969 = EDGE_CURVE ( 'NONE', #1549, #3755, #8566, .T. ) ;
#970 = EDGE_CURVE ( 'NONE', #1199, #8208, #1777, .T. ) ;
#971 = VECTOR ( 'NONE', #370, 39.37007874015748143 ) ;
#972 = VERTEX_POINT ( 'NONE', #4790 ) ;
#973 = EDGE_CURVE ( 'NONE', #3438, #8958, #3982, .T. ) ;
#974 = DIRECTION ( 'NONE',  ( 1.000000000000000000, 0.000000000000000000, 0.000000000000000000 ) ) ;
#975 = VERTEX_POINT ( 'NONE', #7074 ) ;
#976 = VECTOR ( 'NONE', #5114, 39.37007874015748854 ) ;
#977 = CARTESIAN_POINT ( 'NONE',  ( 26.99999999999985434, -28.25000000000002487, 0.9999999999999156231 ) ) ;
#978 = DIRECTION ( 'NONE',  ( -0.7071067811865481278, 0.7071067811865469066, 2.892817399462545134E-15 ) ) ;
#979 = LINE ( 'NONE', #9292, #5840 ) ;
#980 = LINE ( 'NONE', #4787, #5752 ) ;
#981 = EDGE_CURVE ( 'NONE', #3077, #5306, #397, .T. ) ;
#982 = DIRECTION ( 'NONE',  ( 1.000000000000042085E-15, 1.000000000000000000, 7.000000000000001727E-15 ) ) ;
#983 = FACE_OUTER_BOUND ( 'NONE', #3117, .T. ) ;
#984 = ORIENTED_EDGE ( 'NONE', *, *, #691, .F. ) ;
#985 = EDGE_LOOP ( 'NONE', ( #3055, #812, #79, #5152 ) ) ;
#986 = ORIENTED_EDGE ( 'NONE', *, *, #2265, .T. ) ;
#987 = CIRCLE ( 'NONE', #4626, 0.3149606299212601157 ) ;
#988 = VERTEX_POINT ( 'NONE', #5691 ) ;
#989 = EDGE_CURVE ( 'NONE', #3403, #4970, #3413, .T. ) ;
#990 = PRODUCT_CONTEXT ( 'NONE', #3458, 'mechanical' ) ;
#991 = DIRECTION ( 'NONE',  ( 2.999999999999999839E-15, 7.091061599788807937E-15, -1.000000000000000000 ) ) ;
#992 = CARTESIAN_POINT ( 'NONE',  ( -26.99999999999969447, 28.25000000000020250, 1.000000000000124789 ) ) ;
#993 = FACE_OUTER_BOUND ( 'NONE', #5, .T. ) ;
#994 = COLOUR_RGB ( '',0.7921568627450980005, 0.8196078431372548767, 0.9333333333333333481 ) ;
#995 = AXIS2_PLACEMENT_3D ( 'NONE', #2620, #4951, #1094 ) ;
#996 = PLANE ( 'NONE',  #3210 ) ;
#997 = ORIENTED_EDGE ( 'NONE', *, *, #6890, .F. ) ;
#998 =( BOUNDED_CURVE ( )  B_SPLINE_CURVE ( 3, ( #7857, #3337, #9124, #955 ),
 .UNSPECIFIED., .F., .F. ) 
 B_SPLINE_CURVE_WITH_KNOTS ( ( 4, 4 ),
 ( 4.930380657631299699E-32, 1.570796326794895004 ),
 .UNSPECIFIED. ) 
 CURVE ( )  GEOMETRIC_REPRESENTATION_ITEM ( )  RATIONAL_B_SPLINE_CURVE ( ( 1.000000000000000000, 0.8047378541243649375, 0.8047378541243649375, 1.000000000000000000 ) ) 
 REPRESENTATION_ITEM ( '' )  );
#999 = ORIENTED_EDGE ( 'NONE', *, *, #2344, .F. ) ;
#1000 = EDGE_LOOP ( 'NONE', ( #7406, #5319, #14, #2281 ) ) ;
#1001 = AXIS2_PLACEMENT_3D ( 'NONE', #9470, #7359, #5818 ) ;
#1002 = DIRECTION ( 'NONE',  ( 0.000000000000000000, 1.000000000000000000, 0.000000000000000000 ) ) ;
#1003 = ORIENTED_EDGE ( 'NONE', *, *, #471, .F. ) ;
#1004 = DIRECTION ( 'NONE',  ( -1.000000000000000000, 1.499999999999999919E-14, -2.999999999999999839E-15 ) ) ;
#1005 = LENGTH_MEASURE_WITH_UNIT ( LENGTH_MEASURE( 0.02539999999999999897 ), #4759 );
#1006 = LINE ( 'NONE', #906, #4223 ) ;
#1007 = PLANE ( 'NONE',  #5192 ) ;
#1008 = CARTESIAN_POINT ( 'NONE',  ( -28.25000000000008527, 29.74999999999981526, 1.000000000000129008 ) ) ;
#1009 = CARTESIAN_POINT ( 'NONE',  ( 28.24999999999988276, -26.74999999999996092, 22.99999999999966604 ) ) ;
#1010 = EDGE_CURVE ( 'NONE', #5347, #9259, #6589, .T. ) ;
#1011 = CIRCLE ( 'NONE', #6876, 0.3149606299212601157 ) ;
#1012 = AXIS2_PLACEMENT_3D ( 'NONE', #5733, #8759, #3515 ) ;
#1013 = EDGE_LOOP ( 'NONE', ( #159, #2313, #4121, #8293 ) ) ;
#1014 = LINE ( 'NONE', #7010, #4544 ) ;
#1015 = ORIENTED_EDGE ( 'NONE', *, *, #6688, .T. ) ;
#1016 = ORIENTED_EDGE ( 'NONE', *, *, #9113, .F. ) ;
#1017 = FACE_OUTER_BOUND ( 'NONE', #7734, .T. ) ;
#1018 = CARTESIAN_POINT ( 'NONE',  ( 26.99999999999959144, 47.99999999999977973, 24.50000000000078870 ) ) ;
#1019 = ADVANCED_FACE ( 'NONE', ( #9438 ), #1129, .F. ) ;
#1020 = CARTESIAN_POINT ( 'NONE',  ( 29.62500000000015987, 26.74999999999991829, 23.99999999999979750 ) ) ;
#1021 = PRESENTATION_STYLE_ASSIGNMENT (( #2599 ) ) ;
#1022 = CARTESIAN_POINT ( 'NONE',  ( 9.750000000000001776, 29.49999999999965539, -0.2499999999997719602 ) ) ;
#1023 = EDGE_CURVE ( 'NONE', #7886, #6422, #1327, .T. ) ;
#1024 = ORIENTED_EDGE ( 'NONE', *, *, #1611, .T. ) ;
#1025 = CIRCLE ( 'NONE', #7684, 0.3149606299212601157 ) ;
#1026 = FACE_OUTER_BOUND ( 'NONE', #7458, .T. ) ;
#1027 = EDGE_LOOP ( 'NONE', ( #4067, #5332, #7316, #7505 ) ) ;
#1028 = LINE ( 'NONE', #346, #8380 ) ;
#1029 = CARTESIAN_POINT ( 'NONE',  ( -29.62499999999969802, 26.87499999999978328, 6.556435184794231409E-14 ) ) ;
#1030 = VECTOR ( 'NONE', #8394, 39.37007874015748143 ) ;
#1031 = CARTESIAN_POINT ( 'NONE',  ( 26.74999999999988276, -29.49999999999996447, 24.00000000000000355 ) ) ;
#1032 = CARTESIAN_POINT ( 'NONE',  ( 28.99999999999991829, 29.16666666666666430, 0.6666666666669637253 ) ) ;
#1033 = DIRECTION ( 'NONE',  ( -4.000000000000000311E-15, -1.000000000000000000, -6.999999999999998572E-15 ) ) ;
#1034 = EDGE_CURVE ( 'NONE', #5577, #3006, #9632, .T. ) ;
#1035 = CYLINDRICAL_SURFACE ( 'NONE', #1963, 0.3149606299212601157 ) ;
#1036 = ORIENTED_EDGE ( 'NONE', *, *, #4446, .T. ) ;
#1037 = ORIENTED_EDGE ( 'NONE', *, *, #951, .F. ) ;
#1038 = VERTEX_POINT ( 'NONE', #4197 ) ;
#1039 = ORIENTED_EDGE ( 'NONE', *, *, #3573, .T. ) ;
#1040 = PRODUCT_CONTEXT ( 'NONE', #4646, 'mechanical' ) ;
#1041 = FACE_OUTER_BOUND ( 'NONE', #1103, .T. ) ;
#1042 = EDGE_CURVE ( 'NONE', #9340, #6580, #4718, .T. ) ;
#1043 = EDGE_CURVE ( 'NONE', #9286, #479, #3564, .T. ) ;
#1044 = DIRECTION ( 'NONE',  ( -2.999999999999999839E-15, -7.182123199577615725E-15, 1.000000000000000000 ) ) ;
#1045 = VERTEX_POINT ( 'NONE', #5734 ) ;
#1046 = ORIENTED_EDGE ( 'NONE', *, *, #8423, .F. ) ;
#1047 = AXIS2_PLACEMENT_3D ( 'NONE', #1192, #4212, #9415 ) ;
#1048 = ORIENTED_EDGE ( 'NONE', *, *, #6613, .F. ) ;
#1049 = ORIENTED_EDGE ( 'NONE', *, *, #5063, .F. ) ;
#1050 = DIRECTION ( 'NONE',  ( 0.000000000000000000, 0.000000000000000000, -1.000000000000000000 ) ) ;
#1051 = LINE ( 'NONE', #2136, #6025 ) ;
#1052 = CARTESIAN_POINT ( 'NONE',  ( 9.749999999999642952, 29.74999999999968026, 24.25000000000047606 ) ) ;
#1053 =( NAMED_UNIT ( * ) PLANE_ANGLE_UNIT ( ) SI_UNIT ( $, .RADIAN. ) );
#1054 = CARTESIAN_POINT ( 'NONE',  ( -27.12499999999977263, -48.00000000000046185, 24.24999999999916866 ) ) ;
#1055 =( BOUNDED_CURVE ( )  B_SPLINE_CURVE ( 3, ( #1527, #6975, #7590, #6883 ),
 .UNSPECIFIED., .F., .F. ) 
 B_SPLINE_CURVE_WITH_KNOTS ( ( 4, 4 ),
 ( 4.930380657631269593E-32, 1.570796326794895004 ),
 .UNSPECIFIED. ) 
 CURVE ( )  GEOMETRIC_REPRESENTATION_ITEM ( )  RATIONAL_B_SPLINE_CURVE ( ( 1.000000000000000000, 0.8047378541243649375, 0.8047378541243649375, 1.000000000000000000 ) ) 
 REPRESENTATION_ITEM ( '' )  );
#1056 = DIRECTION ( 'NONE',  ( -8.000000000000000622E-15, -1.000000000000000000, -6.999999999999997783E-15 ) ) ;
#1057 = DIRECTION ( 'NONE',  ( 1.387778780781444571E-14, 1.387778780781444571E-14, -1.000000000000000000 ) ) ;
#1058 = ORIENTED_EDGE ( 'NONE', *, *, #5294, .F. ) ;
#1059 = DIRECTION ( 'NONE',  ( -1.499999999999999919E-14, -1.000000000000000000, -9.999999999999999988E-15 ) ) ;
#1060 = VERTEX_POINT ( 'NONE', #4239 ) ;
#1061 = EDGE_CURVE ( 'NONE', #3981, #6128, #9758, .T. ) ;
#1062 = ORIENTED_EDGE ( 'NONE', *, *, #8724, .F. ) ;
#1063 = STYLED_ITEM ( 'NONE', ( #3109 ), #4830 ) ;
#1064 = PLANE ( 'NONE',  #1955 ) ;
#1065 = DIMENSIONAL_EXPONENTS ( 1.000000000000000000, 0.000000000000000000, 0.000000000000000000, 0.000000000000000000, 0.000000000000000000, 0.000000000000000000, 0.000000000000000000 ) ;
#1066 = LINE ( 'NONE', #4086, #6473 ) ;
#1067 = EDGE_CURVE ( 'NONE', #3638, #926, #8579, .T. ) ;
#1068 = DIRECTION ( 'NONE',  ( 1.000000000000000000, -1.348382715945121960E-14, 1.699999999999991179E-14 ) ) ;
#1069 = DIRECTION ( 'NONE',  ( 0.000000000000000000, -1.387778780781445676E-14, 1.000000000000000000 ) ) ;
#1070 = AXIS2_PLACEMENT_3D ( 'NONE', #3486, #5803, #8730 ) ;
#1071 = LINE ( 'NONE', #187, #8431 ) ;
#1072 = VECTOR ( 'NONE', #6670, 39.37007874015748854 ) ;
#1073 = ORIENTED_EDGE ( 'NONE', *, *, #919, .T. ) ;
#1074 = VECTOR ( 'NONE', #7405, 39.37007874015748143 ) ;
#1075 = CARTESIAN_POINT ( 'NONE',  ( 28.24999999999970868, -30.00000000000022027, 22.68503937007903559 ) ) ;
#1076 = ORIENTED_EDGE ( 'NONE', *, *, #7831, .T. ) ;
#1077 = CIRCLE ( 'NONE', #5988, 0.2499999999999986955 ) ;
#1078 = LINE ( 'NONE', #7377, #5924 ) ;
#1079 = CARTESIAN_POINT ( 'NONE',  ( 26.74999999999988276, -29.74999999999996447, 0.000000000000000000 ) ) ;
#1080 = VECTOR ( 'NONE', #4135, 39.37007874015748143 ) ;
#1081 = DIRECTION ( 'NONE',  ( 0.000000000000000000, 1.000000000000000000, 0.000000000000000000 ) ) ;
#1082 = CARTESIAN_POINT ( 'NONE',  ( 47.99999999999991473, 29.87500000000003553, 2.500000000000358380 ) ) ;
#1083 = CARTESIAN_POINT ( 'NONE',  ( -9.750000000000198952, -29.74999999999980105, -0.2500000000003679279 ) ) ;
#1084 = VECTOR ( 'NONE', #6585, 39.37007874015748143 ) ;
#1085 = ORIENTED_EDGE ( 'NONE', *, *, #3503, .F. ) ;
#1086 = ORIENTED_EDGE ( 'NONE', *, *, #9047, .T. ) ;
#1087 = VERTEX_POINT ( 'NONE', #1176 ) ;
#1088 = VERTEX_POINT ( 'NONE', #4988 ) ;
#1089 = EDGE_CURVE ( 'NONE', #4902, #4798, #7225, .T. ) ;
#1090 = VECTOR ( 'NONE', #5909, 39.37007874015748143 ) ;
#1091 = DIRECTION ( 'NONE',  ( -4.000000000000001100E-15, -1.000000000000000000, -6.817876800422381418E-15 ) ) ;
#1092 = LINE ( 'NONE', #699, #9278 ) ;
#1093 = PLANE ( 'NONE',  #4489 ) ;
#1094 = DIRECTION ( 'NONE',  ( 1.000000000000000000, 0.000000000000000000, 4.370956789862767507E-15 ) ) ;
#1095 = EDGE_CURVE ( 'NONE', #1735, #6128, #6541, .T. ) ;
#1096 = ORIENTED_EDGE ( 'NONE', *, *, #8494, .F. ) ;
#1097 = ORIENTED_EDGE ( 'NONE', *, *, #2619, .T. ) ;
#1098 = EDGE_CURVE ( 'NONE', #2034, #6938, #6641, .T. ) ;
#1099 = AXIS2_PLACEMENT_3D ( 'NONE', #2983, #4510, #7554 ) ;
#1100 = ORIENTED_EDGE ( 'NONE', *, *, #2234, .T. ) ;
#1101 = EDGE_CURVE ( 'NONE', #4577, #5563, #9487, .T. ) ;
#1102 = EDGE_CURVE ( 'NONE', #9349, #4562, #2763, .T. ) ;
#1103 = EDGE_LOOP ( 'NONE', ( #2059, #313, #6258, #1726 ) ) ;
#1104 = PLANE ( 'NONE',  #3609 ) ;
#1105 = CARTESIAN_POINT ( 'NONE',  ( 29.74999999999976197, -29.74999999999989342, 24.25000000000031974 ) ) ;
#1106 = CARTESIAN_POINT ( 'NONE',  ( -29.74999999999969091, 28.24999999999977973, 1.000000000000075717 ) ) ;
#1107 = VECTOR ( 'NONE', #7373, 39.37007874015748143 ) ;
#1108 = CARTESIAN_POINT ( 'NONE',  ( 28.25000000000016342, 29.49999999999992539, 22.99999999999947065 ) ) ;
#1109 = LINE ( 'NONE', #6367, #3974 ) ;
#1110 = CARTESIAN_POINT ( 'NONE',  ( -28.25000000000034817, 29.99999999999951328, 23.31496062992097151 ) ) ;
#1111 = EDGE_CURVE ( 'NONE', #1892, #7172, #6846, .T. ) ;
#1112 = ORIENTED_EDGE ( 'NONE', *, *, #4241, .F. ) ;
#1113 = DIRECTION ( 'NONE',  ( -1.000000000000000000, -2.999999999999978539E-15, -3.000000000000020743E-15 ) ) ;
#1114 = ORIENTED_EDGE ( 'NONE', *, *, #9089, .F. ) ;
#1115 =( REPRESENTATION_RELATIONSHIP ('NONE','NONE', #4286, #3611 ) REPRESENTATION_RELATIONSHIP_WITH_TRANSFORMATION ( #5647 )SHAPE_REPRESENTATION_RELATIONSHIP( ) );
#1116 = ORIENTED_EDGE ( 'NONE', *, *, #4397, .T. ) ;
#1117 = CARTESIAN_POINT ( 'NONE',  ( -29.50000000000009948, 29.49999999999981526, -0.4999999999998731015 ) ) ;
#1118 = FACE_OUTER_BOUND ( 'NONE', #6634, .T. ) ;
#1119 = FACE_BOUND ( 'NONE', #6432, .T. ) ;
#1120 = DIRECTION ( 'NONE',  ( -2.999999999999999839E-15, -9.999999999999998410E-15, 1.000000000000000000 ) ) ;
#1121 = CARTESIAN_POINT ( 'NONE',  ( 47.99999999999967315, -30.00000000000029132, 24.50000000000065015 ) ) ;
#1122 = ORIENTED_EDGE ( 'NONE', *, *, #4529, .T. ) ;
#1123 = EDGE_LOOP ( 'NONE', ( #1421, #3700, #2032, #775 ) ) ;
#1124 = PRODUCT_DEFINITION_FORMATION_WITH_SPECIFIED_SOURCE ( 'ANY', '', #7016, .NOT_KNOWN. ) ;
#1125 =( NAMED_UNIT ( * ) PLANE_ANGLE_UNIT ( ) SI_UNIT ( $, .RADIAN. ) );
#1126 = CARTESIAN_POINT ( 'NONE',  ( -9.750000000000198952, -29.74999999999980105, -0.2500000000003679279 ) ) ;
#1127 = FACE_OUTER_BOUND ( 'NONE', #3731, .T. ) ;
#1128 = AXIS2_PLACEMENT_3D ( 'NONE', #8320, #7632, #2354 ) ;
#1129 = PLANE ( 'NONE',  #6996 ) ;
#1130 = DIRECTION ( 'NONE',  ( 0.000000000000000000, -1.387778780781445044E-14, 1.000000000000000000 ) ) ;
#1131 = ADVANCED_FACE ( 'NONE', ( #542 ), #5843, .F. ) ;
#1132 = EDGE_LOOP ( 'NONE', ( #1049, #6984, #4020, #4851 ) ) ;
#1133 = EDGE_LOOP ( 'NONE', ( #3221, #6204, #7853, #6254 ) ) ;
#1134 = ORIENTED_EDGE ( 'NONE', *, *, #806, .T. ) ;
#1135 = AXIS2_PLACEMENT_3D ( 'NONE', #4816, #4964, #1855 ) ;
#1136 = CONTEXT_DEPENDENT_SHAPE_REPRESENTATION ( #921, #5750 ) ;
#1137 = CARTESIAN_POINT ( 'NONE',  ( 28.24999999999988276, -29.49999999999996447, 1.000000000000001332 ) ) ;
#1138 = DIRECTION ( 'NONE',  ( -4.000000000000000311E-15, -1.000000000000000000, -6.908938400211189995E-15 ) ) ;
#1139 = CARTESIAN_POINT ( 'NONE',  ( -29.25000000000040856, -29.24999999999979039, 23.99999999999963407 ) ) ;
#1140 = ADVANCED_FACE ( 'NONE', ( #22 ), #3104, .F. ) ;
#1141 = LINE ( 'NONE', #8721, #2262 ) ;
#1142 = AXIS2_PLACEMENT_3D ( 'NONE', #4437, #3064, #7483 ) ;
#1143 = EDGE_LOOP ( 'NONE', ( #8569, #5116 ) ) ;
#1144 = ORIENTED_EDGE ( 'NONE', *, *, #7320, .F. ) ;
#1145 = ORIENTED_EDGE ( 'NONE', *, *, #9561, .F. ) ;
#1146 = ORIENTED_EDGE ( 'NONE', *, *, #6769, .F. ) ;
#1147 = LINE ( 'NONE', #321, #6773 ) ;
#1148 = VECTOR ( 'NONE', #6724, 39.37007874015748143 ) ;
#1149 = SURFACE_SIDE_STYLE ('',( #4166 ) ) ;
#1150 = LINE ( 'NONE', #2039, #4858 ) ;
#1151 = CARTESIAN_POINT ( 'NONE',  ( -29.74999999999987566, -29.75000000000043343, 21.55177669529588869 ) ) ;
#1152 = CARTESIAN_POINT ( 'NONE',  ( 28.56496062992114204, -29.74999999999996447, 1.000000000000001332 ) ) ;
#1153 = CARTESIAN_POINT ( 'NONE',  ( 26.99999999999968381, -27.00000000000022737, 24.50000000000029132 ) ) ;
#1154 = DIRECTION ( 'NONE',  ( -1.000000000000000000, -3.999999999999956135E-15, -4.000000000000083930E-15 ) ) ;
#1155 = ORIENTED_EDGE ( 'NONE', *, *, #4876, .T. ) ;
#1156 = CYLINDRICAL_SURFACE ( 'NONE', #4078, 0.3149606299212601157 ) ;
#1157 = ORIENTED_EDGE ( 'NONE', *, *, #1010, .F. ) ;
#1158 = VECTOR ( 'NONE', #6458, 39.37007874015748143 ) ;
#1159 = VERTEX_POINT ( 'NONE', #1572 ) ;
#1160 = VECTOR ( 'NONE', #9545, 39.37007874015748143 ) ;
#1161 = FACE_BOUND ( 'NONE', #3335, .T. ) ;
#1162 = CARTESIAN_POINT ( 'NONE',  ( 26.74999999999988276, -29.74999999999996447, 24.00000000000000355 ) ) ;
#1163 = PLANE ( 'NONE',  #928 ) ;
#1164 = VECTOR ( 'NONE', #9706, 39.37007874015748854 ) ;
#1165 = VECTOR ( 'NONE', #1786, 39.37007874015748143 ) ;
#1166 = CARTESIAN_POINT ( 'NONE',  ( -28.25000000000008527, 29.74999999999981526, 1.000000000000129008 ) ) ;
#1167 = CIRCLE ( 'NONE', #2743, 0.3149606299212601157 ) ;
#1168 = DIRECTION ( 'NONE',  ( -0.7071067811865469066, -0.7071067811865481278, -7.135458086581875693E-15 ) ) ;
#1169 = EDGE_CURVE ( 'NONE', #8330, #7423, #688, .T. ) ;
#1170 = ORIENTED_EDGE ( 'NONE', *, *, #8855, .T. ) ;
#1171 = MECHANICAL_DESIGN_GEOMETRIC_PRESENTATION_REPRESENTATION (  '', ( #1648 ), #6096 ) ;
#1172 = VERTEX_POINT ( 'NONE', #3754 ) ;
#1173 = DIRECTION ( 'NONE',  ( 1.000000000000000000, -7.884974821319400563E-15, 3.000000000000000233E-15 ) ) ;
#1174 = DIRECTION ( 'NONE',  ( -4.000000000000000311E-15, -6.999999999999997783E-15, 1.000000000000000000 ) ) ;
#1175 = DIRECTION ( 'NONE',  ( 1.799999999999999903E-14, 9.999999999999998410E-15, -1.000000000000000000 ) ) ;
#1176 = CARTESIAN_POINT ( 'NONE',  ( -28.25000000000030198, -29.75000000000005329, 23.31496062992054163 ) ) ;
#1177 = VERTEX_POINT ( 'NONE', #3708 ) ;
#1178 = EDGE_LOOP ( 'NONE', ( #8406, #5237, #6106, #7599, #6676 ) ) ;
#1179 = STYLED_ITEM ( 'NONE', ( #1021 ), #5044 ) ;
#1180 = DIRECTION ( 'NONE',  ( 0.7071067811865466846, -0.7071067811865483499, 7.713784318335651497E-15 ) ) ;
#1181 = CARTESIAN_POINT ( 'NONE',  ( -29.75000000000034461, -29.74999999999954525, -3.737168055332711941E-13 ) ) ;
#1182 = FACE_BOUND ( 'NONE', #7764, .T. ) ;
#1183 = EDGE_CURVE ( 'NONE', #1478, #5550, #5942, .T. ) ;
#1184 = DIRECTION ( 'NONE',  ( 0.000000000000000000, -1.000000000000000000, 0.000000000000000000 ) ) ;
#1185 = EDGE_LOOP ( 'NONE', ( #7100, #6421 ) ) ;
#1186 = VECTOR ( 'NONE', #5526, 39.37007874015748143 ) ;
#1187 = ORIENTED_EDGE ( 'NONE', *, *, #8794, .T. ) ;
#1188 = ORIENTED_EDGE ( 'NONE', *, *, #525, .F. ) ;
#1189 =( NAMED_UNIT ( * ) PLANE_ANGLE_UNIT ( ) SI_UNIT ( $, .RADIAN. ) );
#1190 = EDGE_LOOP ( 'NONE', ( #3275, #6927, #4716, #2092 ) ) ;
#1191 = CARTESIAN_POINT ( 'NONE',  ( 29.75000000000000355, 29.74999999999965183, -0.2499999999996901923 ) ) ;
#1192 = CARTESIAN_POINT ( 'NONE',  ( -29.74999999999992895, -29.75000000000000711, 24.24999999999914735 ) ) ;
#1193 = CARTESIAN_POINT ( 'NONE',  ( -30.00000000000008171, 29.99999999999982236, -0.4999999999998747113 ) ) ;
#1194 = CARTESIAN_POINT ( 'NONE',  ( -29.74999999999969802, 28.25000000000022382, 1.000000000000114353 ) ) ;
#1195 = DIRECTION ( 'NONE',  ( 2.939999999999999909E-28, 1.000000000000000000, 6.999999999999997783E-15 ) ) ;
#1196 = VERTEX_POINT ( 'NONE', #6832 ) ;
#1197 = DIRECTION ( 'NONE',  ( -1.000000000000000000, 8.000000000000082663E-15, -3.817876800422215130E-15 ) ) ;
#1198 = VERTEX_POINT ( 'NONE', #782 ) ;
#1199 = VERTEX_POINT ( 'NONE', #9727 ) ;
#1200 = ADVANCED_FACE ( 'NONE', ( #7630, #3661, #8267 ), #1523, .F. ) ;
#1201 = FACE_OUTER_BOUND ( 'NONE', #6095, .T. ) ;
#1202 = DIRECTION ( 'NONE',  ( 1.000000000000000000, -3.863407600316787446E-15, -7.000000000000000938E-15 ) ) ;
#1203 = CYLINDRICAL_SURFACE ( 'NONE', #7742, 0.3149606299212601157 ) ;
#1204 = CARTESIAN_POINT ( 'NONE',  ( -29.74999999999960920, 9.749999999999770850, -0.2499999999999889255 ) ) ;
#1205 = DIRECTION ( 'NONE',  ( 1.000000000000000000, 9.106159978880878627E-17, -0.000000000000000000 ) ) ;
#1206 = DIRECTION ( 'NONE',  ( -1.788184048470311792E-14, -6.999999999999998572E-15, 1.000000000000000000 ) ) ;
#1207 = EDGE_CURVE ( 'NONE', #6439, #3099, #98, .T. ) ;
#1208 = VECTOR ( 'NONE', #6743, 39.37007874015748854 ) ;
#1209 = ORIENTED_EDGE ( 'NONE', *, *, #3582, .T. ) ;
#1210 = ADVANCED_FACE ( 'NONE', ( #6736 ), #9675, .T. ) ;
#1211 = DIRECTION ( 'NONE',  ( 1.000000000000000000, -4.000000000000063420E-15, 2.999999999999915825E-15 ) ) ;
#1212 = ORIENTED_EDGE ( 'NONE', *, *, #412, .T. ) ;
#1213 = LINE ( 'NONE', #5783, #147 ) ;
#1214 = EDGE_CURVE ( 'NONE', #9621, #938, #2215, .T. ) ;
#1215 = VECTOR ( 'NONE', #1004, 39.37007874015748143 ) ;
#1216 = PRESENTATION_STYLE_ASSIGNMENT (( #9343 ) ) ;
#1217 = VECTOR ( 'NONE', #1899, 39.37007874015748143 ) ;
#1218 = DIRECTION ( 'NONE',  ( -1.387778780781444571E-14, -1.000000000000000000, -1.387778780781444571E-14 ) ) ;
#1219 = LINE ( 'NONE', #2022, #3702 ) ;
#1220 = CARTESIAN_POINT ( 'NONE',  ( -26.87500000000033751, -29.49999999999958789, -3.627894135586141523E-13 ) ) ;
#1221 = AXIS2_PLACEMENT_3D ( 'NONE', #7701, #2428, #3919 ) ;
#1222 = ADVANCED_FACE ( 'NONE', ( #8221 ), #6134, .T. ) ;
#1223 = ORIENTED_EDGE ( 'NONE', *, *, #8286, .T. ) ;
#1224 = ORIENTED_EDGE ( 'NONE', *, *, #4925, .F. ) ;
#1225 = VERTEX_POINT ( 'NONE', #642 ) ;
#1226 = AXIS2_PLACEMENT_3D ( 'NONE', #9416, #8590, #3389 ) ;
#1227 = DIRECTION ( 'NONE',  ( 3.000000000000000233E-15, -1.000000000000000000, -7.182123199577615725E-15 ) ) ;
#1228 = EDGE_CURVE ( 'NONE', #6963, #4997, #6687, .T. ) ;
#1229 = FACE_OUTER_BOUND ( 'NONE', #9558, .T. ) ;
#1230 = EDGE_CURVE ( 'NONE', #1770, #6952, #1477, .T. ) ;
#1231 = AXIS2_PLACEMENT_3D ( 'NONE', #6154, #9306, #539 ) ;
#1232 = APPLICATION_CONTEXT ( 'automotive_design' ) ;
#1233 = LINE ( 'NONE', #6699, #7014 ) ;
#1234 = ORIENTED_EDGE ( 'NONE', *, *, #4817, .F. ) ;
#1235 = CIRCLE ( 'NONE', #3780, 0.3149606299212601157 ) ;
#1236 = ORIENTED_EDGE ( 'NONE', *, *, #5465, .F. ) ;
#1237 = ORIENTED_EDGE ( 'NONE', *, *, #6535, .T. ) ;
#1238 = PRODUCT_DEFINITION_SHAPE ( 'NONE', 'NONE',  #8472 ) ;
#1239 = ADVANCED_FACE ( 'NONE', ( #4536 ), #3014, .F. ) ;
#1240 = LENGTH_MEASURE_WITH_UNIT ( LENGTH_MEASURE( 0.02539999999999999897 ), #9598 );
#1241 = LINE ( 'NONE', #5658, #8357 ) ;
#1242 = FACE_OUTER_BOUND ( 'NONE', #7887, .T. ) ;
#1243 = DIRECTION ( 'NONE',  ( 0.7071067811865511255, -0.7071067811865439090, -2.828427124746129391E-15 ) ) ;
#1244 = LINE ( 'NONE', #327, #6365 ) ;
#1245 = DIRECTION ( 'NONE',  ( 3.236319030593794019E-15, 6.763680969406202419E-15, -1.000000000000000000 ) ) ;
#1246 = EDGE_CURVE ( 'NONE', #331, #565, #2264, .T. ) ;
#1247 = CIRCLE ( 'NONE', #6478, 0.3149606299212598381 ) ;
#1248 = VERTEX_POINT ( 'NONE', #5338 ) ;
#1249 = CARTESIAN_POINT ( 'NONE',  ( 9.749999999999642952, 29.74999999999968381, 24.00000000000047962 ) ) ;
#1250 = VERTEX_POINT ( 'NONE', #5244 ) ;
#1251 = ADVANCED_FACE ( 'NONE', ( #4493 ), #7531, .T. ) ;
#1252 = ORIENTED_EDGE ( 'NONE', *, *, #6102, .F. ) ;
#1253 = DIRECTION ( 'NONE',  ( -9.483827159451302909E-15, 1.000000000000000000, 9.999999999999946346E-15 ) ) ;
#1254 = DIRECTION ( 'NONE',  ( -3.000000000000290928E-15, -1.000000000000000000, -7.182123199577678834E-15 ) ) ;
#1255 = VECTOR ( 'NONE', #2907, 39.37007874015748143 ) ;
#1256 = CARTESIAN_POINT ( 'NONE',  ( 29.74999999999964473, 28.24999999999979039, 22.68503937007944060 ) ) ;
#1257 = CARTESIAN_POINT ( 'NONE',  ( 29.49999999999988631, -28.24999999999996092, 22.99999999999966604 ) ) ;
#1258 = CARTESIAN_POINT ( 'NONE',  ( -28.25000000000008527, 29.99999999999981171, 1.000000000000130784 ) ) ;
#1259 = ADVANCED_FACE ( 'NONE', ( #1766 ), #3988, .F. ) ;
#1260 = ADVANCED_FACE ( 'NONE', ( #7770 ), #4632, .F. ) ;
#1261 = CARTESIAN_POINT ( 'NONE',  ( 29.74999999999966604, 29.74999999999977263, 21.55177669529734530 ) ) ;
#1262 = MECHANICAL_DESIGN_GEOMETRIC_PRESENTATION_REPRESENTATION (  '', ( #7282 ), #5056 ) ;
#1263 = EDGE_LOOP ( 'NONE', ( #7477, #3908, #8840, #1633 ) ) ;
#1264 = ORIENTED_EDGE ( 'NONE', *, *, #4529, .F. ) ;
#1265 = CARTESIAN_POINT ( 'NONE',  ( -26.99999999999990408, -28.25000000000043698, 22.68503937007805149 ) ) ;
#1266 = ORIENTED_EDGE ( 'NONE', *, *, #6063, .T. ) ;
#1267 = DIRECTION ( 'NONE',  ( 0.7071067811865502373, 0.7071067811865446862, 9.899494936611604330E-15 ) ) ;
#1268 = DIRECTION ( 'NONE',  ( 0.000000000000000000, 0.000000000000000000, -1.000000000000000000 ) ) ;
#1269 = CARTESIAN_POINT ( 'NONE',  ( 29.74999999999972289, 9.749999999999761968, 24.25000000000061817 ) ) ;
#1270 = DIRECTION ( 'NONE',  ( 4.000000000000000311E-15, 6.999999999999997783E-15, -1.000000000000000000 ) ) ;
#1272 = EDGE_CURVE ( 'NONE', #8061, #3855, #4777, .T. ) ;
#1271 = DIRECTION ( 'NONE',  ( 0.000000000000000000, -1.387778780781445676E-14, 1.000000000000000000 ) ) ;
#1273 = ADVANCED_FACE ( 'NONE', ( #288 ), #5485, .T. ) ;
#1274 = DIRECTION ( 'NONE',  ( -4.085576355429845853E-15, -1.000000000000000000, -1.100000000000008566E-14 ) ) ;
#1275 = VERTEX_POINT ( 'NONE', #2499 ) ;
#1276 = DIRECTION ( 'NONE',  ( -7.999999999999707165E-15, 1.000000000000000000, 6.999999999999831333E-15 ) ) ;
#1277 = VECTOR ( 'NONE', #8459, 39.37007874015748143 ) ;
#1278 = CARTESIAN_POINT ( 'NONE',  ( 28.24999999999991829, 29.99999999999998224, 1.000000000000300426 ) ) ;
#1279 = ADVANCED_FACE ( 'NONE', ( #2450 ), #3355, .F. ) ;
#1280 = FACE_BOUND ( 'NONE', #7631, .T. ) ;
#1281 = FACE_OUTER_BOUND ( 'NONE', #7033, .T. ) ;
#1282 = CARTESIAN_POINT ( 'NONE',  ( 9.750000000000001776, 29.74999999999965183, -0.2499999999997701838 ) ) ;
#1283 = ORIENTED_EDGE ( 'NONE', *, *, #6558, .F. ) ;
#1284 = ADVANCED_FACE ( 'NONE', ( #1820 ), #2352, .F. ) ;
#1285 = VERTEX_POINT ( 'NONE', #4828 ) ;
#1286 = VECTOR ( 'NONE', #1307, 39.37007874015748854 ) ;
#1287 = VERTEX_POINT ( 'NONE', #242 ) ;
#1288 =( NAMED_UNIT ( * ) SI_UNIT ( $, .STERADIAN. ) SOLID_ANGLE_UNIT ( ) );
#1289 = FACE_OUTER_BOUND ( 'NONE', #9159, .T. ) ;
#1290 = DIRECTION ( 'NONE',  ( 0.000000000000000000, -1.000000000000000000, 0.000000000000000000 ) ) ;
#1291 =( CONVERSION_BASED_UNIT ( 'INCH', #3489 ) LENGTH_UNIT ( ) NAMED_UNIT ( #1830 ) );
#1292 = AXIS2_PLACEMENT_3D ( 'NONE', #589, #442, #8760 ) ;
#1293 = FACE_BOUND ( 'NONE', #7491, .T. ) ;
#1294 = DIRECTION ( 'NONE',  ( 0.000000000000000000, -1.387778780781445676E-14, 1.000000000000000000 ) ) ;
#1295 = CARTESIAN_POINT ( 'NONE',  ( -28.56496062992155771, -26.74999999999957367, 0.9999999999996603828 ) ) ;
#1296 = UNCERTAINTY_MEASURE_WITH_UNIT (LENGTH_MEASURE( 1.000000000000000082E-05 ), #5662, 'distance_accuracy_value', 'NONE');
#1297 = VERTEX_POINT ( 'NONE', #3252 ) ;
#1298 = PLANE ( 'NONE',  #5985 ) ;
#1299 = ORIENTED_EDGE ( 'NONE', *, *, #2249, .T. ) ;
#1300 = ORIENTED_EDGE ( 'NONE', *, *, #4917, .T. ) ;
#1301 =( GEOMETRIC_REPRESENTATION_CONTEXT ( 3 ) GLOBAL_UNCERTAINTY_ASSIGNED_CONTEXT ( ( #5165 ) ) GLOBAL_UNIT_ASSIGNED_CONTEXT ( ( #3338, #177, #7005 ) ) REPRESENTATION_CONTEXT ( 'NONE', 'WORKASPACE' ) );
#1302 = CARTESIAN_POINT ( 'NONE',  ( 28.56496062992114204, -29.74999999999996447, 22.99999999999966604 ) ) ;
#1303 = CARTESIAN_POINT ( 'NONE',  ( -26.99999999999994316, -27.00000000000044409, 24.37499999999932143 ) ) ;
#1304 = CARTESIAN_POINT ( 'NONE',  ( 9.749999999999642952, 29.74999999999968026, 24.25000000000047606 ) ) ;
#1305 = EDGE_CURVE ( 'NONE', #941, #8244, #8404, .T. ) ;
#1306 = CARTESIAN_POINT ( 'NONE',  ( -9.749999999999687361, 29.74999999999985079, 3.110379681286367511E-13 ) ) ;
#1307 = DIRECTION ( 'NONE',  ( 0.7071067811865502373, 0.7071067811865446862, 9.899494936611604330E-15 ) ) ;
#1308 = LINE ( 'NONE', #3599, #5142 ) ;
#1309 = DIRECTION ( 'NONE',  ( -1.000000000000000000, 2.999999999999936730E-15, -1.799999999999993592E-14 ) ) ;
#1310 = AXIS2_PLACEMENT_3D ( 'NONE', #1789, #4805, #5652 ) ;
#1311 = LINE ( 'NONE', #5929, #5444 ) ;
#1312 = EDGE_LOOP ( 'NONE', ( #1658, #1951, #4749, #4661 ) ) ;
#1313 = EDGE_LOOP ( 'NONE', ( #8262, #4738, #4083, #2319 ) ) ;
#1314 =( BOUNDED_CURVE ( )  B_SPLINE_CURVE ( 3, ( #132, #8345, #276, #226 ),
 .UNSPECIFIED., .F., .F. ) 
 B_SPLINE_CURVE_WITH_KNOTS ( ( 4, 4 ),
 ( 4.930380657631269593E-32, 1.570796326794895004 ),
 .UNSPECIFIED. ) 
 CURVE ( )  GEOMETRIC_REPRESENTATION_ITEM ( )  RATIONAL_B_SPLINE_CURVE ( ( 1.000000000000000000, 0.8047378541243649375, 0.8047378541243649375, 1.000000000000000000 ) ) 
 REPRESENTATION_ITEM ( '' )  );
#1315 = ORIENTED_EDGE ( 'NONE', *, *, #4825, .F. ) ;
#1316 = DIRECTION ( 'NONE',  ( -4.000000000000000311E-15, -1.099999999999999888E-14, 1.000000000000000000 ) ) ;
#1317 = ORIENTED_EDGE ( 'NONE', *, *, #5045, .F. ) ;
#1318 = EDGE_CURVE ( 'NONE', #1504, #9716, #3306, .T. ) ;
#1319 = VECTOR ( 'NONE', #3642, 39.37007874015748143 ) ;
#1320 = AXIS2_PLACEMENT_3D ( 'NONE', #5252, #8275, #1487 ) ;
#1321 = VECTOR ( 'NONE', #6218, 39.37007874015748143 ) ;
#1322 = DIRECTION ( 'NONE',  ( 1.000000000000000000, 9.106159978880878627E-17, -0.000000000000000000 ) ) ;
#1323 = DIRECTION ( 'NONE',  ( 0.000000000000000000, 1.000000000000000000, 0.000000000000000000 ) ) ;
#1324 = FACE_OUTER_BOUND ( 'NONE', #180, .T. ) ;
#1325 = CARTESIAN_POINT ( 'NONE',  ( 29.74999999999988631, -29.74999999999996447, 24.00000000000000355 ) ) ;
#1326 = PRODUCT_DEFINITION_SHAPE ( 'NONE', 'NONE',  #9763 ) ;
#1327 = LINE ( 'NONE', #1976, #7643 ) ;
#1328 = AXIS2_PLACEMENT_3D ( 'NONE', #6120, #9122, #2338 ) ;
#1329 = AXIS2_PLACEMENT_3D ( 'NONE', #8901, #5141, #1476 ) ;
#1330 = ORIENTED_EDGE ( 'NONE', *, *, #7366, .T. ) ;
#1331 = CARTESIAN_POINT ( 'NONE',  ( -29.75000000000035172, 29.74999999999952394, 21.55177669529630791 ) ) ;
#1332 = ITEM_DEFINED_TRANSFORMATION ( 'NONE', 'NONE', #3346,  #3073 ) ;
#1333 = DIRECTION ( 'NONE',  ( 1.000000000000000000, -1.490893840021118904E-14, 3.000000000000000233E-15 ) ) ;
#1334 = FACE_OUTER_BOUND ( 'NONE', #3698, .T. ) ;
#1335 = CARTESIAN_POINT ( 'NONE',  ( -29.62035115497690185, 29.62035115497746318, -0.2499999999998764877 ) ) ;
#1336 = VECTOR ( 'NONE', #5139, 39.37007874015748143 ) ;
#1337 = CARTESIAN_POINT ( 'NONE',  ( 9.750000000000001776, 29.49999999999965539, -0.2499999999997719602 ) ) ;
#1338 = LINE ( 'NONE', #9637, #3847 ) ;
#1339 = ORIENTED_EDGE ( 'NONE', *, *, #7188, .F. ) ;
#1340 = ORIENTED_EDGE ( 'NONE', *, *, #731, .F. ) ;
#1341 = EDGE_LOOP ( 'NONE', ( #5144, #7509, #360, #7942 ) ) ;
#1342 = VECTOR ( 'NONE', #7469, 39.37007874015748143 ) ;
#1343 = DIRECTION ( 'NONE',  ( 1.098424497522229102E-16, 6.862566070964248865E-15, 1.000000000000000000 ) ) ;
#1344 = CARTESIAN_POINT ( 'NONE',  ( -29.43700000000039196, 29.43699999999953576, 24.24999999999967315 ) ) ;
#1345 = LINE ( 'NONE', #6753, #7409 ) ;
#1346 = EDGE_CURVE ( 'NONE', #2802, #1467, #2375, .T. ) ;
#1347 = CARTESIAN_POINT ( 'NONE',  ( -30.00000000000008171, 29.99999999999982236, -0.4999999999998747113 ) ) ;
#1348 = VECTOR ( 'NONE', #6418, 39.37007874015748143 ) ;
#1349 = FACE_OUTER_BOUND ( 'NONE', #4839, .T. ) ;
#1350 = PLANE ( 'NONE',  #3410 ) ;
#1351 = VERTEX_POINT ( 'NONE', #6181 ) ;
#1352 = DIRECTION ( 'NONE',  ( -0.7071067811865402453, -0.7071067811865545671, -1.705411414300527427E-14 ) ) ;
#1353 = VERTEX_POINT ( 'NONE', #7721 ) ;
#1354 = ORIENTED_EDGE ( 'NONE', *, *, #811, .F. ) ;
#1355 = CARTESIAN_POINT ( 'NONE',  ( 29.49999999999972289, 9.749999999999756639, 24.25000000000061107 ) ) ;
#1356 = DIRECTION ( 'NONE',  ( 0.000000000000000000, -1.387778780781445044E-14, 1.000000000000000000 ) ) ;
#1357 = CARTESIAN_POINT ( 'NONE',  ( -29.79289321881353203, 29.64644660940654930, -0.2499999999998681055 ) ) ;
#1358 = FACE_OUTER_BOUND ( 'NONE', #617, .T. ) ;
#1359 = EDGE_CURVE ( 'NONE', #101, #8079, #3894, .T. ) ;
#1360 = DIRECTION ( 'NONE',  ( 1.799999999999999903E-14, 6.999999999999997783E-15, -1.000000000000000000 ) ) ;
#1361 = CARTESIAN_POINT ( 'NONE',  ( 26.99999999999962697, 26.99999999999972999, 24.30177669529732043 ) ) ;
#1362 = EDGE_CURVE ( 'NONE', #8094, #3755, #2399, .T. ) ;
#1363 = FACE_BOUND ( 'NONE', #1645, .T. ) ;
#1364 = ORIENTED_EDGE ( 'NONE', *, *, #5766, .F. ) ;
#1365 = ORIENTED_EDGE ( 'NONE', *, *, #1214, .T. ) ;
#1366 = VERTEX_POINT ( 'NONE', #924 ) ;
#1367 = PLANE ( 'NONE',  #5540 ) ;
#1368 = VERTEX_POINT ( 'NONE', #8608 ) ;
#1369 = EDGE_CURVE ( 'NONE', #3770, #9157, #55, .T. ) ;
#1370 = DIRECTION ( 'NONE',  ( -0.7071067811865466846, 0.7071067811865483499, -7.778174593052012808E-15 ) ) ;
#1371 = FACE_OUTER_BOUND ( 'NONE', #1133, .T. ) ;
#1372 = CARTESIAN_POINT ( 'NONE',  ( -38.71849999999960801, 38.71850000000030434, -0.2499999999998487321 ) ) ;
#1373 = CARTESIAN_POINT ( 'NONE',  ( -27.00000000000034817, 26.99999999999950973, 24.37499999999971223 ) ) ;
#1374 = AXIS2_PLACEMENT_3D ( 'NONE', #1381, #8954, #8906 ) ;
#1375 = CARTESIAN_POINT ( 'NONE',  ( 47.99999999999972999, -29.87500000000027001, 21.50000000000065370 ) ) ;
#1376 =( BOUNDED_CURVE ( )  B_SPLINE_CURVE ( 3, ( #2247, #8302, #5279, #3646 ),
 .UNSPECIFIED., .F., .F. ) 
 B_SPLINE_CURVE_WITH_KNOTS ( ( 4, 4 ),
 ( 4.930380657631269593E-32, 1.570796326794895004 ),
 .UNSPECIFIED. ) 
 CURVE ( )  GEOMETRIC_REPRESENTATION_ITEM ( )  RATIONAL_B_SPLINE_CURVE ( ( 1.000000000000000000, 0.8047378541243649375, 0.8047378541243649375, 1.000000000000000000 ) ) 
 REPRESENTATION_ITEM ( '' )  );
#1377 = ORIENTED_EDGE ( 'NONE', *, *, #6568, .F. ) ;
#1378 = CARTESIAN_POINT ( 'NONE',  ( 29.87499999999966249, 29.87499999999979750, 21.50000000000071765 ) ) ;
#1379 = AXIS2_PLACEMENT_3D ( 'NONE', #2639, #8652, #8789 ) ;
#1380 = LINE ( 'NONE', #6839, #1737 ) ;
#1381 = CARTESIAN_POINT ( 'NONE',  ( 29.74999999999988631, -29.74999999999996447, 24.00000000000000355 ) ) ;
#1382 = CARTESIAN_POINT ( 'NONE',  ( -27.12500000000037303, 27.12499999999955591, 24.24999999999969447 ) ) ;
#1383 = DIRECTION ( 'NONE',  ( -1.000000000000000000, 0.000000000000000000, 0.000000000000000000 ) ) ;
#1384 = EDGE_CURVE ( 'NONE', #4740, #4639, #1071, .T. ) ;
#1385 = ORIENTED_EDGE ( 'NONE', *, *, #1754, .F. ) ;
#1386 = AXIS2_PLACEMENT_3D ( 'NONE', #6123, #1557, #768 ) ;
#1387 = ORIENTED_EDGE ( 'NONE', *, *, #5022, .F. ) ;
#1388 = VERTEX_POINT ( 'NONE', #4726 ) ;
#1389 = AXIS2_PLACEMENT_3D ( 'NONE', #7056, #5623, #8648 ) ;
#1390 = DIRECTION ( 'NONE',  ( 0.000000000000000000, 0.000000000000000000, 1.000000000000000000 ) ) ;
#1391 = DIRECTION ( 'NONE',  ( -9.106159978880878627E-17, 1.000000000000000000, 0.000000000000000000 ) ) ;
#1392 =( NAMED_UNIT ( * ) SI_UNIT ( $, .STERADIAN. ) SOLID_ANGLE_UNIT ( ) );
#1393 = AXIS2_PLACEMENT_3D ( 'NONE', #1521, #3802, #7527 ) ;
#1394 = DIRECTION ( 'NONE',  ( 1.000000000000000000, 0.000000000000000000, 0.000000000000000000 ) ) ;
#1395 = LINE ( 'NONE', #4963, #1090 ) ;
#1396 = PLANE ( 'NONE',  #8266 ) ;
#1397 = CARTESIAN_POINT ( 'NONE',  ( 26.99999999999964828, 26.99999999999972999, 24.37500000000068567 ) ) ;
#1398 = VECTOR ( 'NONE', #8686, 39.37007874015748143 ) ;
#1399 = ADVANCED_FACE ( 'NONE', ( #6386 ), #3452, .T. ) ;
#1400 = UNCERTAINTY_MEASURE_WITH_UNIT (LENGTH_MEASURE( 1.000000000000000082E-05 ), #6074, 'distance_accuracy_value', 'NONE');
#1401 = VERTEX_POINT ( 'NONE', #2600 ) ;
#1402 = CARTESIAN_POINT ( 'NONE',  ( -29.24999999999968026, 29.49999999999977618, 8.523365740232501715E-14 ) ) ;
#1403 = ADVANCED_FACE ( 'NONE', ( #7367 ), #4332, .F. ) ;
#1404 = ORIENTED_EDGE ( 'NONE', *, *, #8049, .T. ) ;
#1405 = AXIS2_PLACEMENT_3D ( 'NONE', #2545, #8602, #4824 ) ;
#1406 = EDGE_LOOP ( 'NONE', ( #4989, #7520, #8352, #8593 ) ) ;
#1407 = CARTESIAN_POINT ( 'NONE',  ( 29.43699999999960326, 47.99999999999977973, 23.93700000000083605 ) ) ;
#1408 = CARTESIAN_POINT ( 'NONE',  ( 29.74999999999995026, 29.74999999999999289, -0.1203511549769196998 ) ) ;
#1409 = VECTOR ( 'NONE', #7176, 39.37007874015748143 ) ;
#1410 = DIRECTION ( 'NONE',  ( 0.000000000000000000, 1.000000000000000000, 0.000000000000000000 ) ) ;
#1411 = EDGE_CURVE ( 'NONE', #1838, #7747, #8838, .T. ) ;
#1412 = PLANE ( 'NONE',  #6152 ) ;
#1413 = EDGE_CURVE ( 'NONE', #4562, #8474, #9522, .T. ) ;
#1414 = CARTESIAN_POINT ( 'NONE',  ( 29.99999999999991473, 29.99999999999997868, 2.500000000000305089 ) ) ;
#1415 = CARTESIAN_POINT ( 'NONE',  ( -29.74999999999969802, 28.25000000000022382, 1.314960629921374080 ) ) ;
#1416 = CARTESIAN_POINT ( 'NONE',  ( 26.99999999999966604, -27.00000000000022737, 24.30177669529692608 ) ) ;
#1417 = CARTESIAN_POINT ( 'NONE',  ( -26.87500000000040856, -29.49999999999982947, 23.99999999999963762 ) ) ;
#1418 = EDGE_LOOP ( 'NONE', ( #4853, #8997 ) ) ;
#1419 = ORIENTED_EDGE ( 'NONE', *, *, #4147, .T. ) ;
#1420 = ADVANCED_FACE ( 'NONE', ( #1871 ), #7168, .F. ) ;
#1421 = ORIENTED_EDGE ( 'NONE', *, *, #7366, .F. ) ;
#1422 = AXIS2_PLACEMENT_3D ( 'NONE', #3475, #6646, #4248 ) ;
#1423 = CARTESIAN_POINT ( 'NONE',  ( 29.74999999999991473, 29.74999999999998579, 0.06300000000033012526 ) ) ;
#1424 = EDGE_LOOP ( 'NONE', ( #5541, #7656, #6950, #3098 ) ) ;
#1425 = DIRECTION ( 'NONE',  ( -4.370956789862791962E-15, 1.000000000000000000, 7.194809033789390421E-15 ) ) ;
#1426 = DIRECTION ( 'NONE',  ( -0.7071067811865402453, 0.7071067811865545671, 2.204871738087928127E-15 ) ) ;
#1427 = DIRECTION ( 'NONE',  ( -3.000000000000000233E-15, 1.000000000000000000, 7.182123199577615725E-15 ) ) ;
#1428 = CIRCLE ( 'NONE', #6654, 0.3149606299212601157 ) ;
#1429 = DIRECTION ( 'NONE',  ( -7.000000000000000938E-15, 5.605193857299268284E-45, -1.000000000000000000 ) ) ;
#1430 = EDGE_LOOP ( 'NONE', ( #1537, #8729, #8796, #5633 ) ) ;
#1431 = CARTESIAN_POINT ( 'NONE',  ( 47.99999999999992184, 29.50000000000004619, -0.2499999999996439237 ) ) ;
#1432 = CARTESIAN_POINT ( 'NONE',  ( -29.75000000000019895, -29.74999999999964828, -4.279098401075860062E-13 ) ) ;
#1433 = CARTESIAN_POINT ( 'NONE',  ( -29.49999999999985079, -9.750000000000010658, 24.24999999999937117 ) ) ;
#1434 = DIRECTION ( 'NONE',  ( -1.387778780781444571E-14, -1.000000000000000000, -6.938893903907222856E-15 ) ) ;
#1435 = EDGE_CURVE ( 'NONE', #6580, #5048, #6475, .T. ) ;
#1436 = CARTESIAN_POINT ( 'NONE',  ( 47.99999999999968736, -29.75000000000028777, 23.93700000000065131 ) ) ;
#1437 = ORIENTED_EDGE ( 'NONE', *, *, #7550, .T. ) ;
#1438 = EDGE_LOOP ( 'NONE', ( #8991, #491, #1926, #747 ) ) ;
#1439 = EDGE_LOOP ( 'NONE', ( #8145, #1656, #6917, #305 ) ) ;
#1440 = AXIS2_PLACEMENT_3D ( 'NONE', #4539, #5297, #190 ) ;
#1441 = DIRECTION ( 'NONE',  ( 0.000000000000000000, 0.000000000000000000, 1.000000000000000000 ) ) ;
#1442 = LINE ( 'NONE', #7345, #7086 ) ;
#1443 = EDGE_CURVE ( 'NONE', #3554, #3045, #7264, .T. ) ;
#1444 = CARTESIAN_POINT ( 'NONE',  ( 29.62499999999988276, -26.87499999999996447, 24.00000000000000355 ) ) ;
#1445 = LINE ( 'NONE', #659, #429 ) ;
#1446 = DIRECTION ( 'NONE',  ( -1.000000000000000000, 8.000000000000000622E-15, -2.999999999999999839E-15 ) ) ;
#1447 = CARTESIAN_POINT ( 'NONE',  ( 29.25000000000000000, 29.24999999999991829, -2.032494907286211850E-13 ) ) ;
#1448 = EDGE_CURVE ( 'NONE', #2879, #2057, #389, .T. ) ;
#1449 = LINE ( 'NONE', #512, #3520 ) ;
#1450 = DIRECTION ( 'NONE',  ( -1.800000000000007476E-14, -2.629043210137173478E-15, 1.000000000000000000 ) ) ;
#1451 = ORIENTED_EDGE ( 'NONE', *, *, #3979, .F. ) ;
#1452 = LINE ( 'NONE', #1402, #1074 ) ;
#1453 = ORIENTED_EDGE ( 'NONE', *, *, #3001, .T. ) ;
#1454 = VERTEX_POINT ( 'NONE', #9430 ) ;
#1455 = DIRECTION ( 'NONE',  ( 1.000000000000000000, -2.799999999999999673E-29, 4.000000000000000311E-15 ) ) ;
#1456 = FACE_OUTER_BOUND ( 'NONE', #856, .T. ) ;
#1457 = VECTOR ( 'NONE', #7687, 39.37007874015748143 ) ;
#1458 =( LENGTH_UNIT ( ) NAMED_UNIT ( * ) SI_UNIT ( $, .METRE. ) );
#1459 = LINE ( 'NONE', #3789, #3916 ) ;
#1460 = LINE ( 'NONE', #2100, #9142 ) ;
#1461 = DIRECTION ( 'NONE',  ( 4.000000000000000311E-15, 1.000000000000000000, 0.000000000000000000 ) ) ;
#1462 = CARTESIAN_POINT ( 'NONE',  ( -28.24999999999974776, 29.74999999999960920, 22.99999999999975842 ) ) ;
#1463 = DIRECTION ( 'NONE',  ( -2.999999999999999839E-15, 1.000000000000000000, 6.999999999999998572E-15 ) ) ;
#1464 = DIRECTION ( 'NONE',  ( -2.999999999999999050E-15, -6.763680969406203997E-15, 1.000000000000000000 ) ) ;
#1465 = EDGE_LOOP ( 'NONE', ( #7824, #5943, #6150, #3182 ) ) ;
#1466 = AXIS2_PLACEMENT_3D ( 'NONE', #143, #5392, #3206 ) ;
#1467 = VERTEX_POINT ( 'NONE', #5681 ) ;
#1468 = ORIENTED_EDGE ( 'NONE', *, *, #6526, .F. ) ;
#1469 = DIRECTION ( 'NONE',  ( 1.000000000000000000, -4.000000000000000311E-15, -7.000000000000000150E-15 ) ) ;
#1470 = EDGE_LOOP ( 'NONE', ( #3296, #2611, #1783, #2536 ) ) ;
#1471 = ADVANCED_FACE ( 'NONE', ( #8702 ), #5074, .F. ) ;
#1472 = DIRECTION ( 'NONE',  ( -1.000000000000000000, -8.000000000000084241E-15, -1.700000000000016738E-14 ) ) ;
#1473 = AXIS2_PLACEMENT_3D ( 'NONE', #2875, #6553, #9495 ) ;
#1474 = EDGE_CURVE ( 'NONE', #2046, #4880, #2753, .T. ) ;
#1475 = LINE ( 'NONE', #4491, #6500 ) ;
#1476 = DIRECTION ( 'NONE',  ( 0.000000000000000000, -1.387778780781445676E-14, 1.000000000000000000 ) ) ;
#1477 = LINE ( 'NONE', #1375, #5422 ) ;
#1478 = VERTEX_POINT ( 'NONE', #3553 ) ;
#1479 = CARTESIAN_POINT ( 'NONE',  ( -29.80177669529697937, 29.80177669529615869, 21.49999999999966960 ) ) ;
#1480 = AXIS2_PLACEMENT_3D ( 'NONE', #965, #5579, #4719 ) ;
#1481 = CIRCLE ( 'NONE', #4783, 0.3149606299212601157 ) ;
#1482 = AXIS2_PLACEMENT_3D ( 'NONE', #6674, #4480, #727 ) ;
#1483 = ORIENTED_EDGE ( 'NONE', *, *, #5488, .T. ) ;
#1484 = DIRECTION ( 'NONE',  ( -1.387778780781444571E-14, -1.000000000000000000, -9.974659986866631327E-15 ) ) ;
#1485 = CARTESIAN_POINT ( 'NONE',  ( -29.74999999999960920, 9.749999999999770850, -0.2499999999999889255 ) ) ;
#1486 = LINE ( 'NONE', #6791, #8806 ) ;
#1487 = DIRECTION ( 'NONE',  ( -1.000000000000000000, 0.000000000000000000, 0.000000000000000000 ) ) ;
#1488 = VECTOR ( 'NONE', #8802, 39.37007874015748143 ) ;
#1489 = DIRECTION ( 'NONE',  ( -1.000000000000000000, 1.499999999999999919E-14, -2.999999999999999839E-15 ) ) ;
#1490 = ORIENTED_EDGE ( 'NONE', *, *, #217, .T. ) ;
#1491 = ORIENTED_EDGE ( 'NONE', *, *, #4167, .T. ) ;
#1492 = ORIENTED_EDGE ( 'NONE', *, *, #5228, .T. ) ;
#1493 = CIRCLE ( 'NONE', #3556, 0.3149606299212601157 ) ;
#1494 = CARTESIAN_POINT ( 'NONE',  ( 2.501868876767477445E-13, 1.081811805491056936E-13, 23.99999999999896971 ) ) ;
#1495 = CARTESIAN_POINT ( 'NONE',  ( 29.99999999999991118, 28.24999999999997868, 0.6850393700790605722 ) ) ;
#1496 = EDGE_CURVE ( 'NONE', #1248, #90, #8465, .T. ) ;
#1497 = CARTESIAN_POINT ( 'NONE',  ( 29.74999999999988631, -26.74999999999996092, 0.000000000000000000 ) ) ;
#1498 = LINE ( 'NONE', #3578, #2792 ) ;
#1499 = FILL_AREA_STYLE_COLOUR ( '', #994 ) ;
#1500 = CARTESIAN_POINT ( 'NONE',  ( 29.49999999999976197, -9.749999999999888090, 24.00000000000045119 ) ) ;
#1501 = VERTEX_POINT ( 'NONE', #478 ) ;
#1502 = VECTOR ( 'NONE', #876, 39.37007874015748143 ) ;
#1503 = CARTESIAN_POINT ( 'NONE',  ( -29.75000000000019895, -29.74999999999964473, -0.2500000000004278800 ) ) ;
#1504 = VERTEX_POINT ( 'NONE', #1914 ) ;
#1505 = EDGE_CURVE ( 'NONE', #8452, #633, #6579, .T. ) ;
#1506 = CARTESIAN_POINT ( 'NONE',  ( -29.74999999999975842, 28.24999999999961986, 22.99999999999974065 ) ) ;
#1507 = CARTESIAN_POINT ( 'NONE',  ( -48.00000000000031974, 29.87499999999944933, 21.49999999999935341 ) ) ;
#1508 =( NAMED_UNIT ( * ) PLANE_ANGLE_UNIT ( ) SI_UNIT ( $, .RADIAN. ) );
#1509 = VECTOR ( 'NONE', #7456, 39.37007874015748143 ) ;
#1510 = DIRECTION ( 'NONE',  ( -1.000000000000000000, 4.129999999999999391E-28, -1.699999999999999698E-14 ) ) ;
#1511 = CARTESIAN_POINT ( 'NONE',  ( -29.74999999999985079, -9.750000000000005329, 24.24999999999936762 ) ) ;
#1512 = CARTESIAN_POINT ( 'NONE',  ( 29.87499999999969091, 29.87499999999975842, 21.50000000000075318 ) ) ;
#1513 = DIRECTION ( 'NONE',  ( 1.000000000000000000, 1.000000000000062989E-15, 1.800000000000002112E-14 ) ) ;
#1514 = ORIENTED_EDGE ( 'NONE', *, *, #7972, .F. ) ;
#1515 = EDGE_CURVE ( 'NONE', #2953, #9017, #5431, .T. ) ;
#1516 = ORIENTED_EDGE ( 'NONE', *, *, #6497, .F. ) ;
#1517 = AXIS2_PLACEMENT_3D ( 'NONE', #2090, #5115, #759 ) ;
#1518 = ORIENTED_EDGE ( 'NONE', *, *, #1688, .T. ) ;
#1519 = CYLINDRICAL_SURFACE ( 'NONE', #7668, 0.3149606299212601157 ) ;
#1520 = ORIENTED_EDGE ( 'NONE', *, *, #6650, .T. ) ;
#1521 = CARTESIAN_POINT ( 'NONE',  ( 29.74999999999969802, -28.25000000000021672, 23.00000000000030909 ) ) ;
#1522 = LINE ( 'NONE', #586, #462 ) ;
#1523 = PLANE ( 'NONE',  #1619 ) ;
#1524 = ADVANCED_FACE ( 'NONE', ( #4185 ), #7215, .F. ) ;
#1525 = ORIENTED_EDGE ( 'NONE', *, *, #8248, .T. ) ;
#1526 = EDGE_CURVE ( 'NONE', #2488, #734, #987, .T. ) ;
#1527 = CARTESIAN_POINT ( 'NONE',  ( 29.74999999999991473, 29.74999999999998224, 2.375000000000302869 ) ) ;
#1528 = EDGE_CURVE ( 'NONE', #3957, #3429, #2849, .T. ) ;
#1529 = EDGE_CURVE ( 'NONE', #1196, #5008, #9714, .T. ) ;
#1530 = ORIENTED_EDGE ( 'NONE', *, *, #7550, .F. ) ;
#1531 = CARTESIAN_POINT ( 'NONE',  ( 29.74999999999971934, -29.75000000000023803, 24.12035115497754489 ) ) ;
#1532 = DIRECTION ( 'NONE',  ( 1.000000000000000000, 1.000000000000062989E-15, 1.800000000000002112E-14 ) ) ;
#1533 = CARTESIAN_POINT ( 'NONE',  ( 29.49999999999988631, -29.24999999999996092, 0.000000000000000000 ) ) ;
#1534 = DIRECTION ( 'NONE',  ( -1.000000000000000000, -9.106159978880879860E-17, 0.000000000000000000 ) ) ;
#1535 = EDGE_CURVE ( 'NONE', #9033, #4691, #2201, .T. ) ;
#1536 = DIRECTION ( 'NONE',  ( -1.499999999999999919E-14, -1.000000000000000000, -9.999999999999999988E-15 ) ) ;
#1537 = ORIENTED_EDGE ( 'NONE', *, *, #2668, .T. ) ;
#1538 = ORIENTED_EDGE ( 'NONE', *, *, #5804, .F. ) ;
#1539 = AXIS2_PLACEMENT_3D ( 'NONE', #5906, #7555, #8185 ) ;
#1540 = VERTEX_POINT ( 'NONE', #6347 ) ;
#1541 = CARTESIAN_POINT ( 'NONE',  ( 0.000000000000000000, 0.000000000000000000, 0.000000000000000000 ) ) ;
#1542 = LINE ( 'NONE', #260, #2644 ) ;
#1543 = CYLINDRICAL_SURFACE ( 'NONE', #4571, 0.1250000000000015266 ) ;
#1544 = FACE_OUTER_BOUND ( 'NONE', #7533, .T. ) ;
#1545 = PRESENTATION_STYLE_ASSIGNMENT (( #2327 ) ) ;
#1546 = VECTOR ( 'NONE', #1202, 39.37007874015748143 ) ;
#1547 = AXIS2_PLACEMENT_3D ( 'NONE', #8931, #4570, #3644 ) ;
#1548 = CARTESIAN_POINT ( 'NONE',  ( -27.00000000000014921, -28.24999999999980105, 0.9999999999997292166 ) ) ;
#1549 = VERTEX_POINT ( 'NONE', #9043 ) ;
#1550 = LINE ( 'NONE', #9080, #6143 ) ;
#1551 = CIRCLE ( 'NONE', #9440, 0.1250000000000015266 ) ;
#1552 = EDGE_CURVE ( 'NONE', #6422, #183, #7619, .T. ) ;
#1553 = VERTEX_POINT ( 'NONE', #8936 ) ;
#1554 = AXIS2_PLACEMENT_3D ( 'NONE', #753, #3774, #6991 ) ;
#1555 = PLANE ( 'NONE',  #7398 ) ;
#1556 = DIRECTION ( 'NONE',  ( -2.999999999999999839E-15, 1.000000000000000000, 6.999999999999998572E-15 ) ) ;
#1557 = DIRECTION ( 'NONE',  ( 7.000000000000000150E-15, 0.000000000000000000, 1.000000000000000000 ) ) ;
#1558 = CIRCLE ( 'NONE', #8508, 0.3149606299212601157 ) ;
#1559 = CARTESIAN_POINT ( 'NONE',  ( -26.99999999999977618, -48.00000000000046185, 24.37499999999917222 ) ) ;
#1560 = EDGE_CURVE ( 'NONE', #6054, #4891, #4375, .T. ) ;
#1561 = CIRCLE ( 'NONE', #6510, 0.3149606299212601157 ) ;
#1562 = CARTESIAN_POINT ( 'NONE',  ( -30.00000000000035882, 28.24999999999953815, 22.99999999999965183 ) ) ;
#1563 = PLANE ( 'NONE',  #1797 ) ;
#1564 = ORIENTED_EDGE ( 'NONE', *, *, #8699, .T. ) ;
#1565 = ORIENTED_EDGE ( 'NONE', *, *, #922, .F. ) ;
#1566 = AXIS2_PLACEMENT_3D ( 'NONE', #8872, #9648, #8778 ) ;
#1567 = CARTESIAN_POINT ( 'NONE',  ( -9.750000000000442313, 29.74999999999956657, 24.25000000000016698 ) ) ;
#1568 = DIRECTION ( 'NONE',  ( 1.387778780781444571E-14, 1.387778780781444571E-14, -1.000000000000000000 ) ) ;
#1569 = EDGE_CURVE ( 'NONE', #5393, #7392, #2103, .T. ) ;
#1570 = EDGE_CURVE ( 'NONE', #7526, #8483, #6700, .T. ) ;
#1571 = DIRECTION ( 'NONE',  ( -1.000000000000000000, 0.000000000000000000, 0.000000000000000000 ) ) ;
#1572 = CARTESIAN_POINT ( 'NONE',  ( -29.75000000000014566, -28.24999999999977973, 1.314960629920978397 ) ) ;
#1573 = VECTOR ( 'NONE', #1333, 39.37007874015748143 ) ;
#1574 = EDGE_LOOP ( 'NONE', ( #3863, #8941, #7473, #3873 ) ) ;
#1575 = PLANE ( 'NONE',  #1440 ) ;
#1576 = ORIENTED_EDGE ( 'NONE', *, *, #4296, .T. ) ;
#1577 = VECTOR ( 'NONE', #8109, 39.37007874015748143 ) ;
#1578 = CARTESIAN_POINT ( 'NONE',  ( -30.00000000000008171, 29.99999999999981881, 1.257333039083977204E-13 ) ) ;
#1579 = EDGE_CURVE ( 'NONE', #1954, #2839, #3986, .T. ) ;
#1580 = CARTESIAN_POINT ( 'NONE',  ( 28.99999999999991829, 29.08333333333333925, -0.8333333333330371628 ) ) ;
#1581 = MANIFOLD_SOLID_BREP ( 'NONE', #1605 ) ;
#1582 = CYLINDRICAL_SURFACE ( 'NONE', #8904, 0.1250000000000015266 ) ;
#1583 = ORIENTED_EDGE ( 'NONE', *, *, #4744, .F. ) ;
#1584 = ORIENTED_EDGE ( 'NONE', *, *, #1010, .T. ) ;
#1585 = EDGE_LOOP ( 'NONE', ( #6408, #5829, #8170, #456, #1157 ) ) ;
#1586 = PRESENTATION_LAYER_ASSIGNMENT (  '', '', ( #3330 ) ) ;
#1587 = ORIENTED_EDGE ( 'NONE', *, *, #1183, .F. ) ;
#1588 = DIRECTION ( 'NONE',  ( 1.400188981814624082E-14, -1.509903313490188598E-14, -0.9999999999999998890 ) ) ;
#1589 = DIRECTION ( 'NONE',  ( 0.7071067811865442421, -0.7071067811865507924, -4.242640687119329771E-15 ) ) ;
#1590 = CARTESIAN_POINT ( 'NONE',  ( 29.74999999999988631, -29.74999999999999645, -1.916903589054292659E-13 ) ) ;
#1591 = LINE ( 'NONE', #164, #6133 ) ;
#1592 = CARTESIAN_POINT ( 'NONE',  ( 28.24999999999988276, -29.74999999999996447, 22.99999999999966604 ) ) ;
#1593 = EDGE_CURVE ( 'NONE', #9400, #2610, #2764, .T. ) ;
#1594 = CARTESIAN_POINT ( 'NONE',  ( 26.99999999999959144, 47.99999999999977973, 24.50000000000078870 ) ) ;
#1595 = ORIENTED_EDGE ( 'NONE', *, *, #3408, .F. ) ;
#1596 = LINE ( 'NONE', #7654, #9754 ) ;
#1597 = EDGE_LOOP ( 'NONE', ( #2374, #2591, #4036, #4807 ) ) ;
#1598 = MANIFOLD_SOLID_BREP ( 'NONE', #185 ) ;
#1599 = ORIENTED_EDGE ( 'NONE', *, *, #6224, .F. ) ;
#1600 = CARTESIAN_POINT ( 'NONE',  ( -29.43700000000011840, -29.43699999999973826, -0.2500000000002995937 ) ) ;
#1601 = AXIS2_PLACEMENT_3D ( 'NONE', #6562, #2726, #5753 ) ;
#1602 = CARTESIAN_POINT ( 'NONE',  ( 29.87499999999987210, -29.87499999999999645, 2.499999999999875655 ) ) ;
#1603 = LINE ( 'NONE', #8588, #3490 ) ;
#1604 = DIRECTION ( 'NONE',  ( -2.999999999999999839E-15, -6.999999999999997783E-15, 1.000000000000000000 ) ) ;
#1605 = CLOSED_SHELL ( 'NONE', ( #1811, #4498, #318, #3318, #5343, #9735, #1663 ) ) ;
#1606 = DIRECTION ( 'NONE',  ( -9.106159978880878627E-17, 1.000000000000000000, 0.000000000000000000 ) ) ;
#1607 = FACE_OUTER_BOUND ( 'NONE', #9572, .T. ) ;
#1608 = ORIENTED_EDGE ( 'NONE', *, *, #7605, .F. ) ;
#1609 = DIRECTION ( 'NONE',  ( -1.000000000000000000, 4.000000000000000311E-15, 7.000000000000000938E-15 ) ) ;
#1610 = ORIENTED_EDGE ( 'NONE', *, *, #3293, .T. ) ;
#1611 = EDGE_CURVE ( 'NONE', #1781, #2739, #4028, .T. ) ;
#1612 = ORIENTED_EDGE ( 'NONE', *, *, #3772, .F. ) ;
#1613 = VECTOR ( 'NONE', #5128, 39.37007874015748143 ) ;
#1614 = FACE_OUTER_BOUND ( 'NONE', #9595, .T. ) ;
#1615 = EDGE_CURVE ( 'NONE', #4613, #6837, #6213, .T. ) ;
#1616 = LINE ( 'NONE', #6731, #5836 ) ;
#1617 =( REPRESENTATION_RELATIONSHIP ('NONE','NONE', #4286, #5315 ) REPRESENTATION_RELATIONSHIP_WITH_TRANSFORMATION ( #9402 )SHAPE_REPRESENTATION_RELATIONSHIP( ) );
#1618 = LINE ( 'NONE', #5537, #1502 ) ;
#1619 = AXIS2_PLACEMENT_3D ( 'NONE', #831, #5143, #7434 ) ;
#1620 = DIRECTION ( 'NONE',  ( -0.000000000000000000, -0.000000000000000000, 1.000000000000000000 ) ) ;
#1621 = ORIENTED_EDGE ( 'NONE', *, *, #4486, .T. ) ;
#1622 = DIRECTION ( 'NONE',  ( 1.018547839493139542E-14, 1.000000000000000000, 7.000000000000007249E-15 ) ) ;
#1623 = ADVANCED_FACE ( 'NONE', ( #6957 ), #274, .F. ) ;
#1624 = ORIENTED_EDGE ( 'NONE', *, *, #4581, .F. ) ;
#1625 = FACE_OUTER_BOUND ( 'NONE', #306, .T. ) ;
#1626 = DIRECTION ( 'NONE',  ( 8.000000000000000622E-15, 1.000000000000000000, 9.999999999999998410E-15 ) ) ;
#1627 = CARTESIAN_POINT ( 'NONE',  ( 29.99999999999993605, 29.91666666666667496, -0.8333333333330285031 ) ) ;
#1628 = MANIFOLD_SOLID_BREP ( 'NONE', #1762 ) ;
#1629 = DIRECTION ( 'NONE',  ( -4.000000000000000311E-15, -1.000000000000000000, -6.999999999999998572E-15 ) ) ;
#1630 = LINE ( 'NONE', #6935, #7337 ) ;
#1631 = ORIENTED_EDGE ( 'NONE', *, *, #5722, .F. ) ;
#1632 = ORIENTED_EDGE ( 'NONE', *, *, #5253, .T. ) ;
#1633 = ORIENTED_EDGE ( 'NONE', *, *, #2328, .T. ) ;
#1634 = ORIENTED_EDGE ( 'NONE', *, *, #2699, .F. ) ;
#1635 = ITEM_DEFINED_TRANSFORMATION ( 'NONE', 'NONE', #7141,  #3073 ) ;
#1636 = FACE_OUTER_BOUND ( 'NONE', #1847, .T. ) ;
#1637 = CIRCLE ( 'NONE', #4793, 0.3149606299212601157 ) ;
#1638 = CARTESIAN_POINT ( 'NONE',  ( -26.99999999999969447, 28.25000000000020606, 0.6850393700788652840 ) ) ;
#1639 = FACE_OUTER_BOUND ( 'NONE', #6501, .T. ) ;
#1640 = AXIS2_PLACEMENT_3D ( 'NONE', #3743, #7368, #7573 ) ;
#1641 = LINE ( 'NONE', #8430, #7336 ) ;
#1642 = CARTESIAN_POINT ( 'NONE',  ( -28.25000000000031974, 26.99999999999951683, 22.68503937007842808 ) ) ;
#1643 = ORIENTED_EDGE ( 'NONE', *, *, #8276, .T. ) ;
#1644 = DIRECTION ( 'NONE',  ( 7.999999999999770274E-15, -1.000000000000000000, -9.999999999999831172E-15 ) ) ;
#1645 = EDGE_LOOP ( 'NONE', ( #1884, #9239 ) ) ;
#1646 = EDGE_CURVE ( 'NONE', #3484, #1196, #3140, .T. ) ;
#1647 = VERTEX_POINT ( 'NONE', #9269 ) ;
#1648 = STYLED_ITEM ( 'NONE', ( #4285 ), #4897 ) ;
#1649 = LINE ( 'NONE', #174, #2965 ) ;
#1650 = EDGE_CURVE ( 'NONE', #7160, #2593, #7858, .T. ) ;
#1651 = DIRECTION ( 'NONE',  ( -9.106159978880878627E-17, 1.000000000000000000, 0.000000000000000000 ) ) ;
#1652 = FACE_OUTER_BOUND ( 'NONE', #9466, .T. ) ;
#1653 =( CONVERSION_BASED_UNIT ( 'INCH', #2530 ) LENGTH_UNIT ( ) NAMED_UNIT ( #2371 ) );
#1654 = FACE_OUTER_BOUND ( 'NONE', #1597, .T. ) ;
#1655 = CARTESIAN_POINT ( 'NONE',  ( 27.93503937007875138, 29.74999999999992539, 0.9999999999998068212 ) ) ;
#1656 = ORIENTED_EDGE ( 'NONE', *, *, #9028, .F. ) ;
#1657 = PLANE ( 'NONE',  #3068 ) ;
#1658 = ORIENTED_EDGE ( 'NONE', *, *, #7677, .T. ) ;
#1659 = ORIENTED_EDGE ( 'NONE', *, *, #291, .T. ) ;
#1660 = AXIS2_PLACEMENT_3D ( 'NONE', #6880, #2307, #1571 ) ;
#1661 = CYLINDRICAL_SURFACE ( 'NONE', #6227, 0.3149606299212601157 ) ;
#1662 = DIRECTION ( 'NONE',  ( 7.863407600316786968E-15, 1.000000000000000000, 6.999999999999999361E-15 ) ) ;
#1663 = ADVANCED_FACE ( 'NONE', ( #7106 ), #956, .F. ) ;
#1664 = SURFACE_STYLE_FILL_AREA ( #9139 ) ;
#1665 = AXIS2_PLACEMENT_3D ( 'NONE', #3095, #4711, #821 ) ;
#1666 = ORIENTED_EDGE ( 'NONE', *, *, #2814, .T. ) ;
#1667 = CARTESIAN_POINT ( 'NONE',  ( 26.99999999999988987, -26.99999999999996447, -0.3750000000001131872 ) ) ;
#1668 = ADVANCED_FACE ( 'NONE', ( #6364 ), #9369, .F. ) ;
#1669 = EDGE_LOOP ( 'NONE', ( #2906, #5815 ) ) ;
#1670 = DIRECTION ( 'NONE',  ( 1.723631903059379077E-14, 7.000000000000000938E-15, -1.000000000000000000 ) ) ;
#1671 = CARTESIAN_POINT ( 'NONE',  ( 29.49999999999988276, -27.93503937007870164, 22.99999999999966604 ) ) ;
#1672 = PLANE ( 'NONE',  #2910 ) ;
#1673 = EDGE_CURVE ( 'NONE', #502, #9286, #1852, .T. ) ;
#1674 = MANIFOLD_SOLID_BREP ( 'NONE', #2386 ) ;
#1675 = LINE ( 'NONE', #200, #4450 ) ;
#1676 = EDGE_CURVE ( 'NONE', #2321, #2737, #5055, .T. ) ;
#1677 = CARTESIAN_POINT ( 'NONE',  ( -28.25000000000033040, 26.99999999999951328, 22.99999999999968736 ) ) ;
#1678 = ORIENTED_EDGE ( 'NONE', *, *, #4581, .T. ) ;
#1679 = ORIENTED_EDGE ( 'NONE', *, *, #6163, .F. ) ;
#1680 = VERTEX_POINT ( 'NONE', #2833 ) ;
#1681 = VERTEX_POINT ( 'NONE', #9460 ) ;
#1682 = CIRCLE ( 'NONE', #8024, 0.3149606299212601157 ) ;
#1683 = SHAPE_DEFINITION_REPRESENTATION ( #5842, #4286 ) ;
#1684 = DIRECTION ( 'NONE',  ( 1.718547839493141450E-14, 1.000000000000000000, 1.000000000000000630E-14 ) ) ;
#1685 = DIRECTION ( 'NONE',  ( 1.799999999999999903E-14, 6.999999999999997783E-15, -1.000000000000000000 ) ) ;
#1686 = DIRECTION ( 'NONE',  ( 0.000000000000000000, -1.387778780781445676E-14, 1.000000000000000000 ) ) ;
#1687 = DIRECTION ( 'NONE',  ( -7.000000000000000938E-15, 0.000000000000000000, -1.000000000000000000 ) ) ;
#1688 = EDGE_CURVE ( 'NONE', #6400, #4105, #5708, .T. ) ;
#1689 = FACE_OUTER_BOUND ( 'NONE', #7901, .T. ) ;
#1690 = AXIS2_PLACEMENT_3D ( 'NONE', #6060, #9074, #1742 ) ;
#1691 = ORIENTED_EDGE ( 'NONE', *, *, #8021, .F. ) ;
#1692 =( BOUNDED_CURVE ( )  B_SPLINE_CURVE ( 3, ( #3436, #9464, #4077, #2682 ),
 .UNSPECIFIED., .F., .T. ) 
 B_SPLINE_CURVE_WITH_KNOTS ( ( 4, 4 ),
 ( 4.930380657631299699E-32, 1.570796326794895004 ),
 .UNSPECIFIED. ) 
 CURVE ( )  GEOMETRIC_REPRESENTATION_ITEM ( )  RATIONAL_B_SPLINE_CURVE ( ( 1.000000000000000000, 0.8047378541243649375, 0.8047378541243649375, 1.000000000000000000 ) ) 
 REPRESENTATION_ITEM ( '' )  );
#1693 = CARTESIAN_POINT ( 'NONE',  ( -27.00000000000011013, -26.99999999999974420, -0.3750000000002754463 ) ) ;
#1694 = ORIENTED_EDGE ( 'NONE', *, *, #6683, .T. ) ;
#1695 = MANIFOLD_SOLID_BREP ( 'NONE', #3817 ) ;
#1696 = ORIENTED_EDGE ( 'NONE', *, *, #6919, .F. ) ;
#1697 = PLANE ( 'NONE',  #2749 ) ;
#1698 = ORIENTED_EDGE ( 'NONE', *, *, #1111, .F. ) ;
#1699 = DIRECTION ( 'NONE',  ( 0.000000000000000000, -1.000000000000000000, 0.000000000000000000 ) ) ;
#1700 = DIRECTION ( 'NONE',  ( -3.000000000000290928E-15, -1.000000000000000000, -7.182123199577678834E-15 ) ) ;
#1701 = VECTOR ( 'NONE', #3091, 39.37007874015748143 ) ;
#1702 = DIRECTION ( 'NONE',  ( 0.000000000000000000, -1.000000000000000000, 0.000000000000000000 ) ) ;
#1703 = VECTOR ( 'NONE', #5719, 39.37007874015748143 ) ;
#1704 = EDGE_CURVE ( 'NONE', #4129, #3029, #2698, .T. ) ;
#1705 = DIRECTION ( 'NONE',  ( -1.000000000000000000, 1.387778780781444571E-14, -3.035766082959409654E-15 ) ) ;
#1706 = DIRECTION ( 'NONE',  ( 1.000000000000000000, 8.000000000000063731E-15, 1.800000000000016627E-14 ) ) ;
#1707 = EDGE_LOOP ( 'NONE', ( #2575, #4058 ) ) ;
#1708 = CARTESIAN_POINT ( 'NONE',  ( -29.50000000000033751, -29.24999999999954525, -3.671603703484769892E-13 ) ) ;
#1709 = ORIENTED_EDGE ( 'NONE', *, *, #6189, .T. ) ;
#1710 = VECTOR ( 'NONE', #8426, 39.37007874015748143 ) ;
#1711 = EDGE_LOOP ( 'NONE', ( #9227, #7992, #7226, #148 ) ) ;
#1712 = DIRECTION ( 'NONE',  ( -0.7071067811865446862, -0.7071067811865502373, -1.060660171779826999E-14 ) ) ;
#1713 = EDGE_CURVE ( 'NONE', #1297, #3006, #1481, .T. ) ;
#1714 = VECTOR ( 'NONE', #1068, 39.37007874015748143 ) ;
#1715 = MANIFOLD_SOLID_BREP ( 'NONE', #4280 ) ;
#1716 = ADVANCED_FACE ( 'NONE', ( #8920 ), #1901, .F. ) ;
#1717 = PRODUCT_DEFINITION_SHAPE ( 'NONE', 'NONE',  #9762 ) ;
#1718 = CARTESIAN_POINT ( 'NONE',  ( 47.99999999999993605, 27.00000000000005329, -0.4999999999996616595 ) ) ;
#1719 = CIRCLE ( 'NONE', #6466, 0.3149606299212601157 ) ;
#1720 = SURFACE_STYLE_USAGE ( .BOTH. , #2351 ) ;
#1721 = DIRECTION ( 'NONE',  ( -7.908938400211192045E-15, -1.000000000000000000, -7.000000000000000938E-15 ) ) ;
#1722 = EDGE_CURVE ( 'NONE', #1177, #3407, #2068, .T. ) ;
#1723 = VECTOR ( 'NONE', #3677, 39.37007874015748143 ) ;
#1724 = ORIENTED_EDGE ( 'NONE', *, *, #7088, .F. ) ;
#1725 = AXIS2_PLACEMENT_3D ( 'NONE', #9234, #6328, #5629 ) ;
#1726 = ORIENTED_EDGE ( 'NONE', *, *, #1982, .T. ) ;
#1727 = VECTOR ( 'NONE', #8801, 39.37007874015748143 ) ;
#1728 = CARTESIAN_POINT ( 'NONE',  ( 27.12499999999991473, 27.12499999999998934, -0.2499999999996961597 ) ) ;
#1729 = CARTESIAN_POINT ( 'NONE',  ( 29.99999999999992539, 29.83333333333332504, 3.044571939473397203E-13 ) ) ;
#1730 = VECTOR ( 'NONE', #4455, 39.37007874015748143 ) ;
#1731 = CARTESIAN_POINT ( 'NONE',  ( 29.99999999999969447, -28.25000000000021672, 23.00000000000031264 ) ) ;
#1732 = CARTESIAN_POINT ( 'NONE',  ( 29.49999999999988276, -28.24999999999996092, 1.000000000000001332 ) ) ;
#1733 = ORIENTED_EDGE ( 'NONE', *, *, #797, .F. ) ;
#1734 = ORIENTED_EDGE ( 'NONE', *, *, #535, .T. ) ;
#1735 = VERTEX_POINT ( 'NONE', #712 ) ;
#1736 = ORIENTED_EDGE ( 'NONE', *, *, #679, .T. ) ;
#1737 = VECTOR ( 'NONE', #4542, 39.37007874015748143 ) ;
#1738 = ITEM_DEFINED_TRANSFORMATION ( 'NONE', 'NONE', #8084,  #3073 ) ;
#1739 = CARTESIAN_POINT ( 'NONE',  ( -29.75000000000012790, -29.74999999999975486, 2.374999999999697131 ) ) ;
#1740 = EDGE_CURVE ( 'NONE', #8518, #355, #2410, .T. ) ;
#1741 = CARTESIAN_POINT ( 'NONE',  ( -30.00000000000036948, 28.24999999999953815, 23.31496062992091467 ) ) ;
#1742 = DIRECTION ( 'NONE',  ( 7.999999999999770274E-15, -1.000000000000000000, -9.999999999999831172E-15 ) ) ;
#1743 = DIRECTION ( 'NONE',  ( 7.370956789862811522E-15, 6.999999999999994627E-15, -1.000000000000000000 ) ) ;
#1744 = LINE ( 'NONE', #6406, #9680 ) ;
#1745 = MECHANICAL_DESIGN_GEOMETRIC_PRESENTATION_REPRESENTATION (  '', ( #5863 ), #6491 ) ;
#1746 = EDGE_LOOP ( 'NONE', ( #3933, #4565, #5360, #5406 ) ) ;
#1747 = EDGE_LOOP ( 'NONE', ( #3345, #4540, #962, #4611 ) ) ;
#1748 = ORIENTED_EDGE ( 'NONE', *, *, #1230, .T. ) ;
#1749 = ORIENTED_EDGE ( 'NONE', *, *, #1413, .T. ) ;
#1750 = LINE ( 'NONE', #4758, #5816 ) ;
#1751 = PRESENTATION_LAYER_ASSIGNMENT (  '', '', ( #7289 ) ) ;
#1752 = DIRECTION ( 'NONE',  ( -8.000000000000000622E-15, -1.000000000000000000, -6.999999999999997783E-15 ) ) ;
#1753 = LINE ( 'NONE', #7053, #3287 ) ;
#1754 = EDGE_CURVE ( 'NONE', #8958, #1759, #9076, .T. ) ;
#1755 = DIRECTION ( 'NONE',  ( 1.000000000000000000, -4.000000000000063420E-15, 2.999999999999915825E-15 ) ) ;
#1756 = DIRECTION ( 'NONE',  ( 0.000000000000000000, 1.000000000000000000, 0.000000000000000000 ) ) ;
#1757 = CARTESIAN_POINT ( 'NONE',  ( -29.43700000000032091, -29.43700000000005446, 24.24999999999926104 ) ) ;
#1758 = DIRECTION ( 'NONE',  ( 1.000000000000000000, -4.000000000000040543E-15, 3.999999999999916692E-15 ) ) ;
#1759 = VERTEX_POINT ( 'NONE', #9025 ) ;
#1760 = VERTEX_POINT ( 'NONE', #7556 ) ;
#1761 = DIRECTION ( 'NONE',  ( 1.800000000000001481E-14, 6.999999999999997783E-15, -1.000000000000000000 ) ) ;
#1762 = CLOSED_SHELL ( 'NONE', ( #7441, #4452, #7479, #5728, #5421, #9140, #5176 ) ) ;
#1763 = LINE ( 'NONE', #9334, #8999 ) ;
#1764 = DIRECTION ( 'NONE',  ( -2.999999999999999839E-15, 1.000000000000000000, 6.999999999999998572E-15 ) ) ;
#1765 = DIRECTION ( 'NONE',  ( -9.106159978880879860E-17, 1.000000000000000000, 0.000000000000000000 ) ) ;
#1766 = FACE_OUTER_BOUND ( 'NONE', #4750, .T. ) ;
#1767 = VECTOR ( 'NONE', #1056, 39.37007874015748143 ) ;
#1768 = ORIENTED_EDGE ( 'NONE', *, *, #6800, .T. ) ;
#1769 = EDGE_CURVE ( 'NONE', #2441, #7266, #2883, .T. ) ;
#1770 = VERTEX_POINT ( 'NONE', #2233 ) ;
#1771 = EDGE_CURVE ( 'NONE', #3438, #7927, #5265, .T. ) ;
#1772 = AXIS2_PLACEMENT_3D ( 'NONE', #1731, #7780, #3259 ) ;
#1773 = DIRECTION ( 'NONE',  ( 1.000000000000000000, 0.000000000000000000, 0.000000000000000000 ) ) ;
#1774 = DIRECTION ( 'NONE',  ( 1.000000000000000000, -4.115025178680601158E-15, -7.000000000000000938E-15 ) ) ;
#1775 = DIRECTION ( 'NONE',  ( 1.000000000000000000, 4.000000000000063420E-15, 1.800000000000008423E-14 ) ) ;
#1776 = CARTESIAN_POINT ( 'NONE',  ( 29.99999999999992895, 30.00000000000000355, -0.9999999999996945776 ) ) ;
#1777 = LINE ( 'NONE', #9397, #1457 ) ;
#1778 = PLANE ( 'NONE',  #8910 ) ;
#1779 = VERTEX_POINT ( 'NONE', #5908 ) ;
#1780 = ORIENTED_EDGE ( 'NONE', *, *, #6, .T. ) ;
#1781 = VERTEX_POINT ( 'NONE', #5213 ) ;
#1782 = VECTOR ( 'NONE', #8255, 39.37007874015748143 ) ;
#1783 = ORIENTED_EDGE ( 'NONE', *, *, #3058, .T. ) ;
#1784 = DIRECTION ( 'NONE',  ( -1.000000000000000000, 0.000000000000000000, -3.496765431890214006E-14 ) ) ;
#1785 = FACE_OUTER_BOUND ( 'NONE', #7589, .T. ) ;
#1787 = EDGE_CURVE ( 'NONE', #4487, #5577, #375, .T. ) ;
#1786 = DIRECTION ( 'NONE',  ( 2.999999999999999839E-15, 9.999999999999999988E-15, -1.000000000000000000 ) ) ;
#1788 = AXIS2_PLACEMENT_3D ( 'NONE', #6600, #5047, #2128 ) ;
#1789 = CARTESIAN_POINT ( 'NONE',  ( 28.24999999999988276, -29.49999999999996447, 22.99999999999966604 ) ) ;
#1790 = ORIENTED_EDGE ( 'NONE', *, *, #3882, .F. ) ;
#1791 = VERTEX_POINT ( 'NONE', #6754 ) ;
#1792 = MANIFOLD_SOLID_BREP ( 'NONE', #4752 ) ;
#1793 = ORIENTED_EDGE ( 'NONE', *, *, #1673, .F. ) ;
#1794 = AXIS2_PLACEMENT_3D ( 'NONE', #4322, #5769, #6619 ) ;
#1795 = VECTOR ( 'NONE', #3951, 39.37007874015748143 ) ;
#1796 = EDGE_CURVE ( 'NONE', #3796, #1990, #9747, .T. ) ;
#1797 = AXIS2_PLACEMENT_3D ( 'NONE', #6173, #7713, #5329 ) ;
#1798 =( LENGTH_UNIT ( ) NAMED_UNIT ( * ) SI_UNIT ( $, .METRE. ) );
#1799 = ORIENTED_EDGE ( 'NONE', *, *, #7186, .T. ) ;
#1800 = CARTESIAN_POINT ( 'NONE',  ( 29.49999999999988276, -28.56496062992122376, 1.000000000000001332 ) ) ;
#1801 = CARTESIAN_POINT ( 'NONE',  ( 29.74999999999988631, -29.74999999999996447, 24.00000000000000355 ) ) ;
#1802 = DIRECTION ( 'NONE',  ( 1.718547839493141450E-14, 1.000000000000000000, 1.000000000000000630E-14 ) ) ;
#1803 = CARTESIAN_POINT ( 'NONE',  ( -30.00000000000035527, 28.24999999999954170, 22.68503937007839255 ) ) ;
#1804 = CARTESIAN_POINT ( 'NONE',  ( -29.74999999999953459, 48.00000000000024158, 0.06300000000025227087 ) ) ;
#1805 = FACE_OUTER_BOUND ( 'NONE', #6787, .T. ) ;
#1806 = VECTOR ( 'NONE', #7510, 39.37007874015748143 ) ;
#1807 = AXIS2_PLACEMENT_3D ( 'NONE', #9345, #7930, #5593 ) ;
#1808 = ORIENTED_EDGE ( 'NONE', *, *, #7583, .T. ) ;
#1809 = COLOUR_RGB ( '',0.7921568627450980005, 0.8196078431372548767, 0.9333333333333333481 ) ;
#1810 = CARTESIAN_POINT ( 'NONE',  ( 29.75000000000000355, 29.74999999999965183, 3.097915624815274565E-13 ) ) ;
#1811 = ADVANCED_FACE ( 'NONE', ( #5366 ), #3178, .F. ) ;
#1812 = EDGE_LOOP ( 'NONE', ( #6653, #3007 ) ) ;
#1813 = ORIENTED_EDGE ( 'NONE', *, *, #1900, .T. ) ;
#1814 = DIRECTION ( 'NONE',  ( -0.7071067811865496822, 0.7071067811865453523, -7.778174593052088539E-15 ) ) ;
#1815 = MANIFOLD_SOLID_BREP ( 'NONE', #8875 ) ;
#1816 = LINE ( 'NONE', #9185, #6156 ) ;
#1817 = DIRECTION ( 'NONE',  ( -2.999999999999999839E-15, -7.000000000000000150E-15, 1.000000000000000000 ) ) ;
#1818 =( NAMED_UNIT ( * ) PLANE_ANGLE_UNIT ( ) SI_UNIT ( $, .RADIAN. ) );
#1819 = ADVANCED_FACE ( 'NONE', ( #4063 ), #3271, .F. ) ;
#1820 = FACE_OUTER_BOUND ( 'NONE', #5090, .T. ) ;
#1821 = EDGE_LOOP ( 'NONE', ( #7902, #6940, #204, #879 ) ) ;
#1822 = CIRCLE ( 'NONE', #8000, 0.3149606299212598381 ) ;
#1823 = LINE ( 'NONE', #7926, #5389 ) ;
#1824 = ORIENTED_EDGE ( 'NONE', *, *, #9333, .F. ) ;
#1825 = EDGE_CURVE ( 'NONE', #8957, #2953, #1641, .T. ) ;
#1826 = CARTESIAN_POINT ( 'NONE',  ( -29.80177669529687989, -29.80177669529667028, 21.49999999999925038 ) ) ;
#1827 = AXIS2_PLACEMENT_3D ( 'NONE', #9372, #7246, #1057 ) ;
#1828 = ADVANCED_FACE ( 'NONE', ( #993 ), #7649, .F. ) ;
#1829 = CARTESIAN_POINT ( 'NONE',  ( 47.99999999999991473, 30.00000000000003197, 2.500000000000359712 ) ) ;
#1830 = DIMENSIONAL_EXPONENTS ( 1.000000000000000000, 0.000000000000000000, 0.000000000000000000, 0.000000000000000000, 0.000000000000000000, 0.000000000000000000, 0.000000000000000000 ) ;
#1832 = EDGE_CURVE ( 'NONE', #9130, #203, #6300, .T. ) ;
#1831 = DIRECTION ( 'NONE',  ( 3.881840484703103418E-15, 6.999999999999967017E-15, -1.000000000000000000 ) ) ;
#1833 = CARTESIAN_POINT ( 'NONE',  ( 29.99999999999959499, 47.99999999999977973, 24.50000000000084555 ) ) ;
#1834 = DIRECTION ( 'NONE',  ( 0.000000000000000000, 0.000000000000000000, -1.000000000000000000 ) ) ;
#1835 = EDGE_CURVE ( 'NONE', #4701, #7034, #5559, .T. ) ;
#1836 = ORIENTED_EDGE ( 'NONE', *, *, #2722, .F. ) ;
#1837 = ORIENTED_EDGE ( 'NONE', *, *, #5226, .F. ) ;
#1838 = VERTEX_POINT ( 'NONE', #311 ) ;
#1839 = ORIENTED_EDGE ( 'NONE', *, *, #5331, .T. ) ;
#1840 = FACE_OUTER_BOUND ( 'NONE', #3574, .T. ) ;
#1841 = EDGE_CURVE ( 'NONE', #734, #2488, #3852, .T. ) ;
#1842 = CARTESIAN_POINT ( 'NONE',  ( -26.75000000000034106, -29.74999999999958789, -3.649748919535455707E-13 ) ) ;
#1843 = FACE_BOUND ( 'NONE', #4794, .T. ) ;
#1844 = VERTEX_POINT ( 'NONE', #3124 ) ;
#1845 = ORIENTED_EDGE ( 'NONE', *, *, #9107, .F. ) ;
#1846 = ADVANCED_FACE ( 'NONE', ( #4846 ), #1890, .F. ) ;
#1847 = EDGE_LOOP ( 'NONE', ( #7092, #9144, #4402, #5480 ) ) ;
#1848 = ORIENTED_EDGE ( 'NONE', *, *, #584, .F. ) ;
#1849 = CARTESIAN_POINT ( 'NONE',  ( 29.75000000000000355, 29.74999999999965183, 3.097915624815274565E-13 ) ) ;
#1850 = DIRECTION ( 'NONE',  ( -4.000000000000000311E-15, -6.999999999999997783E-15, 1.000000000000000000 ) ) ;
#1851 = LINE ( 'NONE', #560, #6775 ) ;
#1852 = LINE ( 'NONE', #3433, #1158 ) ;
#1853 = CARTESIAN_POINT ( 'NONE',  ( 47.99999999999968736, -27.00000000000028777, 24.37500000000067146 ) ) ;
#1854 = AXIS2_PLACEMENT_3D ( 'NONE', #992, #7041, #8377 ) ;
#1855 = DIRECTION ( 'NONE',  ( 0.000000000000000000, 0.000000000000000000, 1.000000000000000000 ) ) ;
#1856 = CYLINDRICAL_SURFACE ( 'NONE', #5626, 0.3149606299212601157 ) ;
#1857 = ADVANCED_FACE ( 'NONE', ( #1182, #7897, #8631 ), #1093, .F. ) ;
#1858 = VERTEX_POINT ( 'NONE', #1932 ) ;
#1859 = LINE ( 'NONE', #2000, #762 ) ;
#1860 = ORIENTED_EDGE ( 'NONE', *, *, #2094, .F. ) ;
#1861 = ORIENTED_EDGE ( 'NONE', *, *, #9529, .F. ) ;
#1862 = CIRCLE ( 'NONE', #9748, 0.3149606299212598381 ) ;
#1863 = CARTESIAN_POINT ( 'NONE',  ( -26.99999999999994671, -27.00000000000045119, 24.49999999999931788 ) ) ;
#1864 = CARTESIAN_POINT ( 'NONE',  ( -27.00000000000013145, -26.99999999999978684, -0.5000000000002617906 ) ) ;
#1865 = MANIFOLD_SOLID_BREP ( 'NONE', #6356 ) ;
#1866 = DIRECTION ( 'NONE',  ( 0.000000000000000000, 0.000000000000000000, -1.000000000000000000 ) ) ;
#1867 = ADVANCED_FACE ( 'NONE', ( #4250 ), #498, .T. ) ;
#1868 = CARTESIAN_POINT ( 'NONE',  ( 29.43699999999967432, -29.43700000000022499, 24.25000000000029488 ) ) ;
#1869 = CARTESIAN_POINT ( 'NONE',  ( 28.24999999999991829, 29.74999999999998579, 1.000000000000298650 ) ) ;
#1870 = AXIS2_PLACEMENT_3D ( 'NONE', #6426, #6523, #1910 ) ;
#1871 = FACE_OUTER_BOUND ( 'NONE', #6217, .T. ) ;
#1872 = VECTOR ( 'NONE', #6363, 39.37007874015748143 ) ;
#1873 = ORIENTED_EDGE ( 'NONE', *, *, #5037, .T. ) ;
#1874 = AXIS2_PLACEMENT_3D ( 'NONE', #2273, #6002, #8226 ) ;
#1875 = CARTESIAN_POINT ( 'NONE',  ( 28.24999999999988276, -29.74999999999996447, 22.99999999999966604 ) ) ;
#1876 = VERTEX_POINT ( 'NONE', #8767 ) ;
#1877 = VECTOR ( 'NONE', #5859, 39.37007874015748143 ) ;
#1878 = CARTESIAN_POINT ( 'NONE',  ( 29.74999999999992539, 29.74999999999999289, 0.06300000000030281377 ) ) ;
#1879 = AXIS2_PLACEMENT_3D ( 'NONE', #8984, #2199, #3504 ) ;
#1880 = CYLINDRICAL_SURFACE ( 'NONE', #1012, 0.3149606299212601157 ) ;
#1881 = DIRECTION ( 'NONE',  ( -0.7071067811865469066, 0.7071067811865481278, -4.687441406666584667E-15 ) ) ;
#1882 = DIRECTION ( 'NONE',  ( -2.999999999999999839E-15, 1.000000000000000000, 6.999999999999998572E-15 ) ) ;
#1883 = CIRCLE ( 'NONE', #3143, 0.1250000000000015266 ) ;
#1884 = ORIENTED_EDGE ( 'NONE', *, *, #6761, .F. ) ;
#1885 = ORIENTED_EDGE ( 'NONE', *, *, #1474, .F. ) ;
#1886 = ORIENTED_EDGE ( 'NONE', *, *, #6171, .T. ) ;
#1887 = CIRCLE ( 'NONE', #4590, 0.3149606299212601157 ) ;
#1888 = LINE ( 'NONE', #1983, #1573 ) ;
#1889 = CARTESIAN_POINT ( 'NONE',  ( -29.74999999999977618, 26.74999999999961631, 24.00000000000006750 ) ) ;
#1890 = CYLINDRICAL_SURFACE ( 'NONE', #8447, 0.2499999999999986955 ) ;
#1891 = DIRECTION ( 'NONE',  ( -2.999999999999999839E-15, -6.999999999999997783E-15, 1.000000000000000000 ) ) ;
#1892 = VERTEX_POINT ( 'NONE', #4203 ) ;
#1893 = EDGE_LOOP ( 'NONE', ( #643, #2154, #3565, #3539 ) ) ;
#1894 = AXIS2_PLACEMENT_3D ( 'NONE', #2422, #309, #8671 ) ;
#1895 = ORIENTED_EDGE ( 'NONE', *, *, #32, .T. ) ;
#1896 = LENGTH_MEASURE_WITH_UNIT ( LENGTH_MEASURE( 0.02539999999999999897 ), #1938 );
#1897 = VERTEX_POINT ( 'NONE', #7287 ) ;
#1898 = CARTESIAN_POINT ( 'NONE',  ( 26.99999999999985789, -27.00000000000000711, -0.5000000000000753841 ) ) ;
#1899 = DIRECTION ( 'NONE',  ( -1.000000000000000000, -2.999999999999978539E-15, -3.000000000000020743E-15 ) ) ;
#1900 = EDGE_CURVE ( 'NONE', #8958, #3438, #2269, .T. ) ;
#1901 = PLANE ( 'NONE',  #3216 ) ;
#1902 = FACE_OUTER_BOUND ( 'NONE', #4681, .T. ) ;
#1903 = DIRECTION ( 'NONE',  ( 0.000000000000000000, -1.387778780781445676E-14, 1.000000000000000000 ) ) ;
#1904 = CARTESIAN_POINT ( 'NONE',  ( -29.75000000000028066, 9.749999999999406697, 24.24999999999960565 ) ) ;
#1905 = VERTEX_POINT ( 'NONE', #5742 ) ;
#1906 = FACE_OUTER_BOUND ( 'NONE', #9514, .T. ) ;
#1907 = ORIENTED_EDGE ( 'NONE', *, *, #8746, .T. ) ;
#1908 = ORIENTED_EDGE ( 'NONE', *, *, #786, .F. ) ;
#1909 = PLANE ( 'NONE',  #9072 ) ;
#1910 = DIRECTION ( 'NONE',  ( 1.387778780781444571E-14, 1.387778780781444571E-14, -1.000000000000000000 ) ) ;
#1911 = CARTESIAN_POINT ( 'NONE',  ( 29.74999999999988631, -28.24999999999996092, 22.99999999999966604 ) ) ;
#1912 = DIRECTION ( 'NONE',  ( 0.000000000000000000, 0.000000000000000000, -1.000000000000000000 ) ) ;
#1913 =( NAMED_UNIT ( * ) SI_UNIT ( $, .STERADIAN. ) SOLID_ANGLE_UNIT ( ) );
#1914 = CARTESIAN_POINT ( 'NONE',  ( 29.24999999999988276, -29.74999999999996447, 0.000000000000000000 ) ) ;
#1915 = ORIENTED_EDGE ( 'NONE', *, *, #7688, .T. ) ;
#1916 = VECTOR ( 'NONE', #100, 39.37007874015748143 ) ;
#1917 = LINE ( 'NONE', #7970, #7758 ) ;
#1918 = EDGE_LOOP ( 'NONE', ( #2255, #6666 ) ) ;
#1919 = DIRECTION ( 'NONE',  ( 1.799999999999999903E-14, 6.999999999999997783E-15, -1.000000000000000000 ) ) ;
#1920 = AXIS2_PLACEMENT_3D ( 'NONE', #2880, #3034, #4453 ) ;
#1921 =( LENGTH_UNIT ( ) NAMED_UNIT ( * ) SI_UNIT ( $, .METRE. ) );
#1922 = FACE_BOUND ( 'NONE', #2562, .T. ) ;
#1923 = LINE ( 'NONE', #9534, #2750 ) ;
#1924 = VECTOR ( 'NONE', #546, 39.37007874015748143 ) ;
#1925 = CARTESIAN_POINT ( 'NONE',  ( -26.74999999999969447, 27.93503937007849203, 1.000000000000082157 ) ) ;
#1926 = ORIENTED_EDGE ( 'NONE', *, *, #4991, .F. ) ;
#1927 = ORIENTED_EDGE ( 'NONE', *, *, #1529, .F. ) ;
#1928 = AXIS2_PLACEMENT_3D ( 'NONE', #5215, #2886, #5810 ) ;
#1929 = DIMENSIONAL_EXPONENTS ( 1.000000000000000000, 0.000000000000000000, 0.000000000000000000, 0.000000000000000000, 0.000000000000000000, 0.000000000000000000, 0.000000000000000000 ) ;
#1930 = DIRECTION ( 'NONE',  ( -1.499999999999999919E-14, -1.000000000000000000, -9.999999999999999988E-15 ) ) ;
#1931 = LINE ( 'NONE', #6349, #5005 ) ;
#1932 = CARTESIAN_POINT ( 'NONE',  ( 28.56496062992142271, 29.49999999999992184, 22.99999999999947065 ) ) ;
#1933 = DIRECTION ( 'NONE',  ( 0.000000000000000000, -1.000000000000000000, 0.000000000000000000 ) ) ;
#1934 = VECTOR ( 'NONE', #6486, 39.37007874015748143 ) ;
#1935 = EDGE_LOOP ( 'NONE', ( #6172, #372, #4532, #6305 ) ) ;
#1936 = ORIENTED_EDGE ( 'NONE', *, *, #2260, .T. ) ;
#1937 = ORIENTED_EDGE ( 'NONE', *, *, #9267, .F. ) ;
#1938 =( LENGTH_UNIT ( ) NAMED_UNIT ( * ) SI_UNIT ( $, .METRE. ) );
#1939 = EDGE_LOOP ( 'NONE', ( #4252, #1145 ) ) ;
#1940 = CARTESIAN_POINT ( 'NONE',  ( -29.74999999999984368, -9.750000000000005329, 23.99999999999936762 ) ) ;
#1941 = PRESENTATION_LAYER_ASSIGNMENT (  '', '', ( #9515 ) ) ;
#1942 = SURFACE_STYLE_USAGE ( .BOTH. , #7296 ) ;
#1943 = DIRECTION ( 'NONE',  ( 1.000000000000042085E-15, 1.000000000000000000, 7.000000000000001727E-15 ) ) ;
#1944 = AXIS2_PLACEMENT_3D ( 'NONE', #8676, #312, #1044 ) ;
#1945 =( LENGTH_UNIT ( ) NAMED_UNIT ( * ) SI_UNIT ( $, .METRE. ) );
#1946 = EDGE_CURVE ( 'NONE', #2522, #9469, #8762, .T. ) ;
#1947 = DIRECTION ( 'NONE',  ( 1.000000000000000000, 0.000000000000000000, 0.000000000000000000 ) ) ;
#1948 = FACE_OUTER_BOUND ( 'NONE', #5030, .T. ) ;
#1949 = CARTESIAN_POINT ( 'NONE',  ( -29.74999999999968736, 29.74999999999977263, 2.310460440641550563E-13 ) ) ;
#1950 = ADVANCED_FACE ( 'NONE', ( #1281 ), #4301, .T. ) ;
#1951 = ORIENTED_EDGE ( 'NONE', *, *, #7532, .F. ) ;
#1952 = EDGE_CURVE ( 'NONE', #6746, #1844, #4899, .T. ) ;
#1953 = FACE_BOUND ( 'NONE', #8190, .T. ) ;
#1954 = VERTEX_POINT ( 'NONE', #8227 ) ;
#1955 = AXIS2_PLACEMENT_3D ( 'NONE', #4040, #4084, #2744 ) ;
#1956 =( GEOMETRIC_REPRESENTATION_CONTEXT ( 3 ) GLOBAL_UNCERTAINTY_ASSIGNED_CONTEXT ( ( #4364 ) ) GLOBAL_UNIT_ASSIGNED_CONTEXT ( ( #6994, #6351, #4655 ) ) REPRESENTATION_CONTEXT ( 'NONE', 'WORKASPACE' ) );
#1957 = ORIENTED_EDGE ( 'NONE', *, *, #2072, .F. ) ;
#1958 = ADVANCED_FACE ( 'NONE', ( #7440 ), #8127, .T. ) ;
#1959 = DIRECTION ( 'NONE',  ( -9.106159978880879860E-17, 1.000000000000000000, 0.000000000000000000 ) ) ;
#1960 = CARTESIAN_POINT ( 'NONE',  ( 29.43699999999959971, 47.99999999999977973, 24.25000000000083489 ) ) ;
#1961 = CIRCLE ( 'NONE', #6867, 0.3149606299212598381 ) ;
#1962 = CARTESIAN_POINT ( 'NONE',  ( 38.71849999999965775, -38.71850000000026171, 24.25000000000042633 ) ) ;
#1963 = AXIS2_PLACEMENT_3D ( 'NONE', #1677, #9439, #7733 ) ;
#1964 = CARTESIAN_POINT ( 'NONE',  ( 29.80177669529629725, 29.80177669529640383, 21.50000000000071410 ) ) ;
#1965 = ORIENTED_EDGE ( 'NONE', *, *, #1346, .T. ) ;
#1966 = ADVANCED_FACE ( 'NONE', ( #2172 ), #2224, .F. ) ;
#1967 = ADVANCED_FACE ( 'NONE', ( #5098 ), #5200, .F. ) ;
#1968 = EDGE_CURVE ( 'NONE', #9716, #3480, #4004, .T. ) ;
#1969 = LINE ( 'NONE', #2109, #3643 ) ;
#1970 = ORIENTED_EDGE ( 'NONE', *, *, #3017, .F. ) ;
#1971 = LINE ( 'NONE', #9578, #5826 ) ;
#1972 = LENGTH_MEASURE_WITH_UNIT ( LENGTH_MEASURE( 0.02539999999999999897 ), #1921 );
#1973 = FACE_OUTER_BOUND ( 'NONE', #7888, .T. ) ;
#1974 = DIRECTION ( 'NONE',  ( -3.236319030593780214E-15, -6.763680969406202419E-15, 1.000000000000000000 ) ) ;
#1975 = STYLED_ITEM ( 'NONE', ( #7323 ), #4932 ) ;
#1976 = CARTESIAN_POINT ( 'NONE',  ( -29.75000000000003908, -9.749999999999642952, -0.2500000000002279288 ) ) ;
#1977 = EDGE_CURVE ( 'NONE', #1401, #2110, #4545, .T. ) ;
#1978 = EDGE_LOOP ( 'NONE', ( #7837, #5373, #8018, #8130 ) ) ;
#1979 = ORIENTED_EDGE ( 'NONE', *, *, #53, .T. ) ;
#1980 = VERTEX_POINT ( 'NONE', #3666 ) ;
#1981 = AXIS2_PLACEMENT_3D ( 'NONE', #3692, #2200, #2102 ) ;
#1982 = EDGE_CURVE ( 'NONE', #1549, #9312, #3086, .T. ) ;
#1983 = CARTESIAN_POINT ( 'NONE',  ( -29.75000000000034461, -29.74999999999954525, -3.737168055332711941E-13 ) ) ;
#1984 = CARTESIAN_POINT ( 'NONE',  ( -30.00000000000006750, 29.91666666666648311, 1.250813488406433939E-13 ) ) ;
#1985 = EDGE_CURVE ( 'NONE', #8518, #2554, #2820, .T. ) ;
#1986 = CARTESIAN_POINT ( 'NONE',  ( 28.24999999999991829, 29.99999999999998224, 1.000000000000300426 ) ) ;
#1987 = DIRECTION ( 'NONE',  ( 0.000000000000000000, -1.000000000000000000, 0.000000000000000000 ) ) ;
#1988 = EDGE_LOOP ( 'NONE', ( #6160, #3263, #5258, #8712 ) ) ;
#1989 = AXIS2_PLACEMENT_3D ( 'NONE', #5413, #3823, #2988 ) ;
#1990 = VERTEX_POINT ( 'NONE', #7489 ) ;
#1991 = ORIENTED_EDGE ( 'NONE', *, *, #2692, .T. ) ;
#1992 = DIRECTION ( 'NONE',  ( 1.000000000000000000, 0.000000000000000000, 0.000000000000000000 ) ) ;
#1993 = DIRECTION ( 'NONE',  ( 0.000000000000000000, -1.000000000000000000, -6.999999999999997783E-15 ) ) ;
#1994 = LINE ( 'NONE', #5002, #21 ) ;
#1995 = EDGE_CURVE ( 'NONE', #6760, #268, #700, .T. ) ;
#1996 = DIRECTION ( 'NONE',  ( 0.000000000000000000, -1.000000000000000000, -6.999999999999997783E-15 ) ) ;
#1997 = PLANE ( 'NONE',  #4708 ) ;
#1998 = DIRECTION ( 'NONE',  ( 0.000000000000000000, -1.387778780781445676E-14, 1.000000000000000000 ) ) ;
#1999 = ORIENTED_EDGE ( 'NONE', *, *, #1095, .F. ) ;
#2000 = CARTESIAN_POINT ( 'NONE',  ( 28.56496062992114204, -26.74999999999996092, 1.000000000000001332 ) ) ;
#2001 = ORIENTED_EDGE ( 'NONE', *, *, #424, .F. ) ;
#2002 = VERTEX_POINT ( 'NONE', #9684 ) ;
#2003 = PLANE ( 'NONE',  #4161 ) ;
#2004 = DIRECTION ( 'NONE',  ( 1.000000000000000000, 9.106159978880878627E-17, 0.000000000000000000 ) ) ;
#2005 = EDGE_CURVE ( 'NONE', #5038, #9349, #4502, .T. ) ;
#2006 = ADVANCED_FACE ( 'NONE', ( #6004 ), #2126, .F. ) ;
#2007 = LINE ( 'NONE', #1304, #3932 ) ;
#2008 = LINE ( 'NONE', #7514, #9443 ) ;
#2009 = FACE_OUTER_BOUND ( 'NONE', #5049, .T. ) ;
#2010 = DIRECTION ( 'NONE',  ( 1.000000000000189010E-15, -1.000000000000000000, -6.999999999999980428E-15 ) ) ;
#2011 = VERTEX_POINT ( 'NONE', #1382 ) ;
#2012 =( BOUNDED_CURVE ( )  B_SPLINE_CURVE ( 3, ( #3152, #9236, #48, #2448 ),
 .UNSPECIFIED., .F., .T. ) 
 B_SPLINE_CURVE_WITH_KNOTS ( ( 4, 4 ),
 ( 1.570796326794874131, 3.141592653589793116 ),
 .UNSPECIFIED. ) 
 CURVE ( )  GEOMETRIC_REPRESENTATION_ITEM ( )  RATIONAL_B_SPLINE_CURVE ( ( 1.000000000000000000, 0.8047378541243596084, 0.8047378541243596084, 1.000000000000000000 ) ) 
 REPRESENTATION_ITEM ( '' )  );
#2013 = ORIENTED_EDGE ( 'NONE', *, *, #5102, .F. ) ;
#2014 = ADVANCED_FACE ( 'NONE', ( #4396 ), #6698, .F. ) ;
#2015 = ORIENTED_EDGE ( 'NONE', *, *, #9281, .T. ) ;
#2016 = DIRECTION ( 'NONE',  ( -4.000000000000000311E-15, -1.000000000000000000, -6.999999999999998572E-15 ) ) ;
#2017 = AXIS2_PLACEMENT_3D ( 'NONE', #6469, #3349, #2690 ) ;
#2018 = DIRECTION ( 'NONE',  ( 0.000000000000000000, -1.000000000000000000, 0.000000000000000000 ) ) ;
#2019 = VECTOR ( 'NONE', #4927, 39.37007874015748143 ) ;
#2020 = EDGE_CURVE ( 'NONE', #482, #2926, #1637, .T. ) ;
#2021 = CARTESIAN_POINT ( 'NONE',  ( 29.74999999999985079, -29.75000000000003197, 2.374999999999913847 ) ) ;
#2022 = CARTESIAN_POINT ( 'NONE',  ( -9.750000000000198952, -29.74999999999980460, -3.679116285467346580E-13 ) ) ;
#2023 = CARTESIAN_POINT ( 'NONE',  ( 26.99999999999991118, 26.99999999999998579, -0.3017766952963630289 ) ) ;
#2024 = CIRCLE ( 'NONE', #6779, 0.3149606299212601157 ) ;
#2025 = VERTEX_POINT ( 'NONE', #7595 ) ;
#2026 = CARTESIAN_POINT ( 'NONE',  ( 29.50000000000015632, 28.24999999999991829, 22.99999999999945999 ) ) ;
#2027 = CIRCLE ( 'NONE', #1554, 0.3149606299212601157 ) ;
#2028 = CARTESIAN_POINT ( 'NONE',  ( 29.74999999999988631, -29.74999999999999645, -1.916903589054292659E-13 ) ) ;
#2029 = CARTESIAN_POINT ( 'NONE',  ( 29.99999999999972644, -30.00000000000020250, 21.50000000000029843 ) ) ;
#2030 = DIRECTION ( 'NONE',  ( 0.000000000000000000, -1.387778780781445676E-14, 1.000000000000000000 ) ) ;
#2031 = FACE_OUTER_BOUND ( 'NONE', #8143, .T. ) ;
#2032 = ORIENTED_EDGE ( 'NONE', *, *, #989, .T. ) ;
#2033 = VECTOR ( 'NONE', #957, 39.37007874015748143 ) ;
#2034 = VERTEX_POINT ( 'NONE', #3811 ) ;
#2035 = ORIENTED_EDGE ( 'NONE', *, *, #9324, .F. ) ;
#2036 = ADVANCED_FACE ( 'NONE', ( #9062 ), #9736, .F. ) ;
#2037 = FACE_BOUND ( 'NONE', #4081, .T. ) ;
#2038 = DIRECTION ( 'NONE',  ( -1.000000000000000000, -2.999999999999936730E-15, -3.000000000000062948E-15 ) ) ;
#2039 = CARTESIAN_POINT ( 'NONE',  ( 29.75000000000000355, 29.74999999999965183, 3.097915624815274565E-13 ) ) ;
#2040 = CARTESIAN_POINT ( 'NONE',  ( -29.24999999999968026, 29.24999999999977618, 8.304817900739359869E-14 ) ) ;
#2041 = CYLINDRICAL_SURFACE ( 'NONE', #677, 0.3149606299212598381 ) ;
#2042 = LINE ( 'NONE', #2784, #409 ) ;
#2043 = VECTOR ( 'NONE', #1091, 39.37007874015748143 ) ;
#2044 = ORIENTED_EDGE ( 'NONE', *, *, #9310, .F. ) ;
#2045 = CARTESIAN_POINT ( 'NONE',  ( -38.71849999999984959, -38.71850000000054592, 24.24999999999903721 ) ) ;
#2046 = VERTEX_POINT ( 'NONE', #9589 ) ;
#2047 = ORIENTED_EDGE ( 'NONE', *, *, #1042, .T. ) ;
#2048 = DIRECTION ( 'NONE',  ( 1.699999999999999698E-14, 6.999999999999997783E-15, -1.000000000000000000 ) ) ;
#2049 = CARTESIAN_POINT ( 'NONE',  ( 29.74999999999985434, -28.25000000000002487, 0.6850393700786643336 ) ) ;
#2050 = AXIS2_PLACEMENT_3D ( 'NONE', #5585, #3254, #5634 ) ;
#2051 = DIRECTION ( 'NONE',  ( -7.000000000000000938E-15, 0.000000000000000000, -1.000000000000000000 ) ) ;
#2052 = PLANE ( 'NONE',  #2493 ) ;
#2053 = CARTESIAN_POINT ( 'NONE',  ( -29.80177669529691897, 29.80177669529615869, 21.49999999999968381 ) ) ;
#2054 = CARTESIAN_POINT ( 'NONE',  ( -48.00000000000035527, 26.99999999999942801, 24.37499999999933209 ) ) ;
#2055 = CARTESIAN_POINT ( 'NONE',  ( 47.99999999999993605, 27.12500000000005329, -0.2499999999996607714 ) ) ;
#2056 = DIRECTION ( 'NONE',  ( 1.799999999999999903E-14, 6.817876800422381418E-15, -1.000000000000000000 ) ) ;
#2057 = VERTEX_POINT ( 'NONE', #3025 ) ;
#2058 = VECTOR ( 'NONE', #1651, 39.37007874015748143 ) ;
#2059 = ORIENTED_EDGE ( 'NONE', *, *, #9143, .F. ) ;
#2060 = VERTEX_POINT ( 'NONE', #5301 ) ;
#2061 = EDGE_CURVE ( 'NONE', #9621, #9317, #7387, .T. ) ;
#2062 = CARTESIAN_POINT ( 'NONE',  ( -28.25000000000008527, 29.99999999999981881, 0.6850393700788707241 ) ) ;
#2063 = ORIENTED_EDGE ( 'NONE', *, *, #871, .T. ) ;
#2064 = LINE ( 'NONE', #3459, #303 ) ;
#2065 = PLANE ( 'NONE',  #4246 ) ;
#2066 = CARTESIAN_POINT ( 'NONE',  ( -28.56496062992160390, -29.49999999999957012, 0.9999999999996341815 ) ) ;
#2067 = DIRECTION ( 'NONE',  ( -1.000000000000000000, 7.863407600316786968E-15, -3.000000000000000233E-15 ) ) ;
#2068 =( BOUNDED_CURVE ( )  B_SPLINE_CURVE ( 3, ( #6707, #9697, #6852, #2987 ),
 .UNSPECIFIED., .F., .F. ) 
 B_SPLINE_CURVE_WITH_KNOTS ( ( 4, 4 ),
 ( 4.930380657631259740E-32, 1.570796326794895004 ),
 .UNSPECIFIED. ) 
 CURVE ( )  GEOMETRIC_REPRESENTATION_ITEM ( )  RATIONAL_B_SPLINE_CURVE ( ( 1.000000000000000000, 0.8047378541243649375, 0.8047378541243649375, 1.000000000000000000 ) ) 
 REPRESENTATION_ITEM ( '' )  );
#2069 = ORIENTED_EDGE ( 'NONE', *, *, #6308, .F. ) ;
#2070 = CARTESIAN_POINT ( 'NONE',  ( 37.49999999999960210, 37.49999999999978684, 24.50000000000090949 ) ) ;
#2071 = AXIS2_PLACEMENT_3D ( 'NONE', #708, #8963, #2980 ) ;
#2072 = EDGE_CURVE ( 'NONE', #8490, #3886, #7981, .T. ) ;
#2073 = AXIS2_PLACEMENT_3D ( 'NONE', #644, #9585, #3712 ) ;
#2074 = FACE_BOUND ( 'NONE', #9219, .T. ) ;
#2075 = DIRECTION ( 'NONE',  ( -4.000000000000000311E-15, -6.999999999999997783E-15, 1.000000000000000000 ) ) ;
#2076 = CYLINDRICAL_SURFACE ( 'NONE', #2470, 0.3149606299212601157 ) ;
#2077 = DIRECTION ( 'NONE',  ( -4.000000000000000311E-15, -6.999999999999997783E-15, 1.000000000000000000 ) ) ;
#2078 = FACE_OUTER_BOUND ( 'NONE', #1430, .T. ) ;
#2079 = ORIENTED_EDGE ( 'NONE', *, *, #4825, .T. ) ;
#2080 = VERTEX_POINT ( 'NONE', #9243 ) ;
#2081 = VECTOR ( 'NONE', #8780, 39.37007874015748143 ) ;
#2082 = ORIENTED_EDGE ( 'NONE', *, *, #4906, .F. ) ;
#2083 = DIRECTION ( 'NONE',  ( 1.000000000000000000, 0.000000000000000000, 0.000000000000000000 ) ) ;
#2084 = ADVANCED_FACE ( 'NONE', ( #9105 ), #9462, .F. ) ;
#2085 =( LENGTH_UNIT ( ) NAMED_UNIT ( * ) SI_UNIT ( $, .METRE. ) );
#2086 = CARTESIAN_POINT ( 'NONE',  ( -9.749999999999687361, 29.49999999999985079, -0.2499999999996917188 ) ) ;
#2087 = VECTOR ( 'NONE', #4344, 39.37007874015748143 ) ;
#2088 = DIRECTION ( 'NONE',  ( -2.763680969406204081E-15, -6.763680969406205575E-15, 1.000000000000000000 ) ) ;
#2089 = DIRECTION ( 'NONE',  ( -2.999999999999999839E-15, 1.000000000000000000, 6.999999999999998572E-15 ) ) ;
#2090 = CARTESIAN_POINT ( 'NONE',  ( 26.99999999999983658, -48.00000000000001421, -0.5000000000002223777 ) ) ;
#2091 = UNCERTAINTY_MEASURE_WITH_UNIT (LENGTH_MEASURE( 1.000000000000000082E-05 ), #6030, 'distance_accuracy_value', 'NONE');
#2092 = ORIENTED_EDGE ( 'NONE', *, *, #7795, .T. ) ;
#2093 = CARTESIAN_POINT ( 'NONE',  ( 29.75000000000000355, 9.749999999999651834, 1.697843528062339534E-13 ) ) ;
#2094 = EDGE_CURVE ( 'NONE', #1858, #7991, #934, .T. ) ;
#2095 = EDGE_LOOP ( 'NONE', ( #9564, #3671 ) ) ;
#2096 = PRESENTATION_LAYER_ASSIGNMENT (  '', '', ( #6062 ) ) ;
#2097 = DIRECTION ( 'NONE',  ( -1.486340760031678554E-14, -1.000000000000000000, -9.999999999999999988E-15 ) ) ;
#2098 = CARTESIAN_POINT ( 'NONE',  ( 27.05177669529653883, -27.05177669529660633, -0.2500000000001142975 ) ) ;
#2099 = LINE ( 'NONE', #2147, #8353 ) ;
#2100 = CARTESIAN_POINT ( 'NONE',  ( 29.99999999999959499, 47.99999999999977973, 24.50000000000084555 ) ) ;
#2101 = CARTESIAN_POINT ( 'NONE',  ( -28.56496062992094309, 29.49999999999976907, 1.000000000000088818 ) ) ;
#2102 = DIRECTION ( 'NONE',  ( -1.000000000000000000, 1.499999999999999919E-14, -2.999999999999999839E-15 ) ) ;
#2103 = LINE ( 'NONE', #3600, #5730 ) ;
#2104 = AXIS2_PLACEMENT_3D ( 'NONE', #1548, #4560, #5367 ) ;
#2105 = FACE_BOUND ( 'NONE', #4892, .T. ) ;
#2106 = ORIENTED_EDGE ( 'NONE', *, *, #1579, .F. ) ;
#2107 = EDGE_LOOP ( 'NONE', ( #2013, #2047, #8690, #9489 ) ) ;
#2108 = VERTEX_POINT ( 'NONE', #7779 ) ;
#2109 = CARTESIAN_POINT ( 'NONE',  ( 9.749999999999884537, -29.74999999999991473, -0.2500000000002716716 ) ) ;
#2110 = VERTEX_POINT ( 'NONE', #5352 ) ;
#2111 = CIRCLE ( 'NONE', #8603, 0.3149606299212601157 ) ;
#2112 = MECHANICAL_DESIGN_GEOMETRIC_PRESENTATION_REPRESENTATION (  '', ( #3067 ), #4637 ) ;
#2113 = VECTOR ( 'NONE', #4102, 39.37007874015748143 ) ;
#2114 = DIRECTION ( 'NONE',  ( 8.000000000000000622E-15, 1.000000000000000000, 9.999999999999998410E-15 ) ) ;
#2115 = EDGE_CURVE ( 'NONE', #2108, #9716, #6979, .T. ) ;
#2116 = DIRECTION ( 'NONE',  ( -1.000000000000000000, 2.799999999999999673E-29, -4.000000000000000311E-15 ) ) ;
#2117 = FACE_BOUND ( 'NONE', #329, .T. ) ;
#2118 = CARTESIAN_POINT ( 'NONE',  ( 26.74999999999988276, -29.49999999999996447, 24.00000000000000355 ) ) ;
#2119 = CARTESIAN_POINT ( 'NONE',  ( 26.87500000000000355, 29.62499999999992539, -1.879511419641013063E-13 ) ) ;
#2120 = ORIENTED_EDGE ( 'NONE', *, *, #1496, .T. ) ;
#2121 = LINE ( 'NONE', #4440, #2543 ) ;
#2122 =( REPRESENTATION_RELATIONSHIP ('NONE','NONE', #4286, #3611 ) REPRESENTATION_RELATIONSHIP_WITH_TRANSFORMATION ( #403 )SHAPE_REPRESENTATION_RELATIONSHIP( ) );
#2123 = EDGE_CURVE ( 'NONE', #3696, #8974, #980, .T. ) ;
#2124 = DIRECTION ( 'NONE',  ( 8.000000000000000622E-15, 1.000000000000000000, 9.999999999999998410E-15 ) ) ;
#2125 = EDGE_CURVE ( 'NONE', #7374, #7134, #839, .T. ) ;
#2126 = CYLINDRICAL_SURFACE ( 'NONE', #537, 0.3149606299212601157 ) ;
#2127 = ADVANCED_FACE ( 'NONE', ( #3211 ), #5448, .F. ) ;
#2128 = DIRECTION ( 'NONE',  ( 0.000000000000000000, -1.387778780781445676E-14, 1.000000000000000000 ) ) ;
#2129 = ORIENTED_EDGE ( 'NONE', *, *, #7795, .F. ) ;
#2130 = ORIENTED_EDGE ( 'NONE', *, *, #3999, .T. ) ;
#2131 = VERTEX_POINT ( 'NONE', #6889 ) ;
#2132 = PRESENTATION_LAYER_ASSIGNMENT (  '', '', ( #9708 ) ) ;
#2133 = EDGE_CURVE ( 'NONE', #1287, #90, #3111, .T. ) ;
#2134 = ADVANCED_FACE ( 'NONE', ( #8467 ), #1672, .F. ) ;
#2135 = CARTESIAN_POINT ( 'NONE',  ( 29.74999999999996447, -9.749999999999998224, -0.2499999999999916733 ) ) ;
#2136 = CARTESIAN_POINT ( 'NONE',  ( 29.74999999999969091, 29.74999999999975842, 21.62500000000073186 ) ) ;
#2137 = LINE ( 'NONE', #8333, #3266 ) ;
#2138 = FILL_AREA_STYLE ('',( #7949 ) ) ;
#2139 = FACE_OUTER_BOUND ( 'NONE', #3005, .T. ) ;
#2140 = AXIS2_PLACEMENT_3D ( 'NONE', #8445, #3142, #865 ) ;
#2141 = LINE ( 'NONE', #4313, #49 ) ;
#2142 = CARTESIAN_POINT ( 'NONE',  ( 29.74999999999991118, 28.24999999999997868, 1.000000000000319966 ) ) ;
#2143 = VERTEX_POINT ( 'NONE', #4145 ) ;
#2144 = CARTESIAN_POINT ( 'NONE',  ( 47.99999999999968026, -27.00000000000028777, 24.50000000000067146 ) ) ;
#2145 = EDGE_LOOP ( 'NONE', ( #5706, #1299, #9667, #3797 ) ) ;
#2146 = CARTESIAN_POINT ( 'NONE',  ( 28.24999999999988276, -29.74999999999996447, 1.000000000000001332 ) ) ;
#2147 = CARTESIAN_POINT ( 'NONE',  ( 29.74999999999996447, -9.749999999999998224, -0.2499999999999916733 ) ) ;
#2148 = DIRECTION ( 'NONE',  ( 1.000000000000000000, 0.000000000000000000, 0.000000000000000000 ) ) ;
#2149 = CARTESIAN_POINT ( 'NONE',  ( 29.49999999999996447, -9.749999999999992895, -0.2499999999999927003 ) ) ;
#2150 = CARTESIAN_POINT ( 'NONE',  ( 28.24999999999988276, -29.49999999999996092, 22.99999999999966604 ) ) ;
#2151 = SURFACE_STYLE_USAGE ( .BOTH. , #8989 ) ;
#2152 = FACE_BOUND ( 'NONE', #2318, .T. ) ;
#2153 = ORIENTED_EDGE ( 'NONE', *, *, #344, .F. ) ;
#2154 = ORIENTED_EDGE ( 'NONE', *, *, #4269, .F. ) ;
#2155 = ORIENTED_EDGE ( 'NONE', *, *, #149, .T. ) ;
#2156 = CARTESIAN_POINT ( 'NONE',  ( -48.00000000000013500, -29.87499999999968381, 2.499999999999641620 ) ) ;
#2157 = ORIENTED_EDGE ( 'NONE', *, *, #7081, .T. ) ;
#2158 = EDGE_CURVE ( 'NONE', #2661, #374, #1219, .T. ) ;
#2159 = LINE ( 'NONE', #2350, #9447 ) ;
#2160 =( NAMED_UNIT ( * ) PLANE_ANGLE_UNIT ( ) SI_UNIT ( $, .RADIAN. ) );
#2161 = DIRECTION ( 'NONE',  ( -1.000000000000000000, 0.000000000000000000, 0.000000000000000000 ) ) ;
#2162 = LINE ( 'NONE', #8220, #3859 ) ;
#2163 = AXIS2_PLACEMENT_3D ( 'NONE', #5251, #4501, #5097 ) ;
#2164 = DIRECTION ( 'NONE',  ( -3.000000000000293689E-15, -1.000000000000000000, -7.000000000000061681E-15 ) ) ;
#2165 = VERTEX_POINT ( 'NONE', #7273 ) ;
#2166 = CARTESIAN_POINT ( 'NONE',  ( -29.62499999999977263, 26.74999999999961275, 24.00000000000006750 ) ) ;
#2167 = CIRCLE ( 'NONE', #7575, 0.3149606299212601157 ) ;
#2168 = CARTESIAN_POINT ( 'NONE',  ( 9.750000000000001776, 29.49999999999965539, -0.2499999999997719602 ) ) ;
#2169 = LINE ( 'NONE', #1485, #7900 ) ;
#2170 = FACE_OUTER_BOUND ( 'NONE', #6616, .T. ) ;
#2171 = CIRCLE ( 'NONE', #8037, 0.3149606299212601157 ) ;
#2172 = FACE_OUTER_BOUND ( 'NONE', #604, .T. ) ;
#2173 = DIRECTION ( 'NONE',  ( -1.000000000000000000, -2.999999999999936730E-15, -3.000000000000062948E-15 ) ) ;
#2174 = AXIS2_PLACEMENT_3D ( 'NONE', #802, #3819, #2324 ) ;
#2175 = VERTEX_POINT ( 'NONE', #8023 ) ;
#2176 = ORIENTED_EDGE ( 'NONE', *, *, #3202, .T. ) ;
#2177 = ORIENTED_EDGE ( 'NONE', *, *, #2725, .T. ) ;
#2178 = CIRCLE ( 'NONE', #615, 0.3149606299212598381 ) ;
#2179 = DIRECTION ( 'NONE',  ( 0.000000000000000000, 0.000000000000000000, 1.000000000000000000 ) ) ;
#2180 = CARTESIAN_POINT ( 'NONE',  ( -29.74999999999985079, -9.750000000000005329, 24.24999999999936762 ) ) ;
#2181 =( NAMED_UNIT ( * ) PLANE_ANGLE_UNIT ( ) SI_UNIT ( $, .RADIAN. ) );
#2182 = AXIS2_PLACEMENT_3D ( 'NONE', #5138, #8165, #1370 ) ;
#2183 = LINE ( 'NONE', #5212, #7069 ) ;
#2184 = SURFACE_SIDE_STYLE ('',( #4512 ) ) ;
#2185 = CARTESIAN_POINT ( 'NONE',  ( 9.750000000000001776, 29.74999999999965183, 2.297996384170457617E-13 ) ) ;
#2186 = DIRECTION ( 'NONE',  ( -1.000000000000000000, 1.387778780781444571E-14, 0.000000000000000000 ) ) ;
#2187 = DIRECTION ( 'NONE',  ( -6.185478394931414830E-15, -1.000000000000000000, 1.529834876451990334E-29 ) ) ;
#2188 = ORIENTED_EDGE ( 'NONE', *, *, #7102, .T. ) ;
#2189 = LINE ( 'NONE', #7303, #8355 ) ;
#2190 = VECTOR ( 'NONE', #284, 39.37007874015748143 ) ;
#2191 = ORIENTED_EDGE ( 'NONE', *, *, #4141, .T. ) ;
#2192 = CARTESIAN_POINT ( 'NONE',  ( 29.49999999999988276, -26.87499999999996447, 24.00000000000000355 ) ) ;
#2193 = CARTESIAN_POINT ( 'NONE',  ( 27.05177669529630435, -27.05177669529687634, 24.25000000000026645 ) ) ;
#2194 = ADVANCED_FACE ( 'NONE', ( #2761 ), #8710, .T. ) ;
#2195 = AXIS2_PLACEMENT_3D ( 'NONE', #6685, #5295, #5140 ) ;
#2196 = CARTESIAN_POINT ( 'NONE',  ( -29.99999999999986855, -30.00000000000045119, 21.49999999999924682 ) ) ;
#2197 = CARTESIAN_POINT ( 'NONE',  ( -29.49999999999984723, -9.750000000000005329, 23.99999999999937117 ) ) ;
#2198 = VECTOR ( 'NONE', #5947, 39.37007874015748854 ) ;
#2199 = DIRECTION ( 'NONE',  ( 0.7071067811865487940, -0.7071067811865462405, 7.778174593052105894E-15 ) ) ;
#2200 = DIRECTION ( 'NONE',  ( 3.000000000000149722E-15, 9.999999999999999988E-15, -1.000000000000000000 ) ) ;
#2201 = LINE ( 'NONE', #4478, #1148 ) ;
#2202 = PLANE ( 'NONE',  #7817 ) ;
#2203 = ORIENTED_EDGE ( 'NONE', *, *, #6249, .F. ) ;
#2204 = EDGE_LOOP ( 'NONE', ( #110, #1808, #774, #4662 ) ) ;
#2205 = ORIENTED_EDGE ( 'NONE', *, *, #2379, .F. ) ;
#2206 = VECTOR ( 'NONE', #9624, 39.37007874015748143 ) ;
#2207 = DIRECTION ( 'NONE',  ( 1.000000000000042085E-15, 1.000000000000000000, 7.000000000000001727E-15 ) ) ;
#2208 = ORIENTED_EDGE ( 'NONE', *, *, #1526, .F. ) ;
#2209 = DIRECTION ( 'NONE',  ( 0.000000000000000000, 0.000000000000000000, -1.000000000000000000 ) ) ;
#2210 = EDGE_CURVE ( 'NONE', #2839, #9469, #3412, .T. ) ;
#2211 = LENGTH_MEASURE_WITH_UNIT ( LENGTH_MEASURE( 0.02539999999999999897 ), #8946 );
#2212 = DIRECTION ( 'NONE',  ( 3.999999999999769175E-15, -1.000000000000000000, -9.999999999999913213E-15 ) ) ;
#2213 = LINE ( 'NONE', #1325, #4801 ) ;
#2214 =( GEOMETRIC_REPRESENTATION_CONTEXT ( 3 ) GLOBAL_UNCERTAINTY_ASSIGNED_CONTEXT ( ( #616 ) ) GLOBAL_UNIT_ASSIGNED_CONTEXT ( ( #5109, #3487, #1392 ) ) REPRESENTATION_CONTEXT ( 'NONE', 'WORKASPACE' ) );
#2215 = LINE ( 'NONE', #7587, #4143 ) ;
#2216 = VERTEX_POINT ( 'NONE', #349 ) ;
#2217 = DIRECTION ( 'NONE',  ( 1.000000000000000000, 2.999999999999979328E-15, 3.000000000000020743E-15 ) ) ;
#2218 = ADVANCED_FACE ( 'NONE', ( #9486 ), #6540, .F. ) ;
#2219 = ORIENTED_EDGE ( 'NONE', *, *, #771, .T. ) ;
#2220 = STYLED_ITEM ( 'NONE', ( #33 ), #8116 ) ;
#2221 = CARTESIAN_POINT ( 'NONE',  ( -10.50000000000012434, -10.50000000000011013, -0.5000000000000723865 ) ) ;
#2222 = CARTESIAN_POINT ( 'NONE',  ( -29.49999999999977263, 26.87499999999961275, 24.00000000000006750 ) ) ;
#2223 = CARTESIAN_POINT ( 'NONE',  ( -29.75000000000012434, -29.74999999999974065, 0.06299999999969729814 ) ) ;
#2224 = CYLINDRICAL_SURFACE ( 'NONE', #8288, 0.3130000000000007221 ) ;
#2225 = VERTEX_POINT ( 'NONE', #7177 ) ;
#2226 = VERTEX_POINT ( 'NONE', #2706 ) ;
#2227 = ORIENTED_EDGE ( 'NONE', *, *, #4602, .T. ) ;
#2228 = CIRCLE ( 'NONE', #4438, 0.3149606299212601157 ) ;
#2229 = CARTESIAN_POINT ( 'NONE',  ( 0.000000000000000000, 0.000000000000000000, 0.000000000000000000 ) ) ;
#2230 = CARTESIAN_POINT ( 'NONE',  ( -29.24999999999975486, 29.24999999999961275, 24.00000000000008527 ) ) ;
#2231 = CARTESIAN_POINT ( 'NONE',  ( 29.74999999999996447, -9.749999999999998224, 8.315062330715601208E-15 ) ) ;
#2232 = FACE_OUTER_BOUND ( 'NONE', #7474, .T. ) ;
#2233 = CARTESIAN_POINT ( 'NONE',  ( 29.87499999999972999, -29.87500000000021316, 21.50000000000032685 ) ) ;
#2234 = EDGE_CURVE ( 'NONE', #9348, #6453, #689, .T. ) ;
#2235 = DIRECTION ( 'NONE',  ( 0.000000000000000000, -1.387778780781445044E-14, 1.000000000000000000 ) ) ;
#2236 = AXIS2_PLACEMENT_3D ( 'NONE', #4710, #2484, #1756 ) ;
#2237 = ORIENTED_EDGE ( 'NONE', *, *, #3617, .F. ) ;
#2238 = CARTESIAN_POINT ( 'NONE',  ( 27.93503937007862348, -29.74999999999996447, 22.99999999999966604 ) ) ;
#2239 = ORIENTED_EDGE ( 'NONE', *, *, #3751, .T. ) ;
#2240 = CARTESIAN_POINT ( 'NONE',  ( 9.749999999999761968, -29.49999999999988987, 23.99999999999997868 ) ) ;
#2241 = CARTESIAN_POINT ( 'NONE',  ( 29.62499999999988276, -26.87499999999996447, 0.000000000000000000 ) ) ;
#2242 = EDGE_CURVE ( 'NONE', #9317, #5180, #2655, .T. ) ;
#2243 = VECTOR ( 'NONE', #4686, 39.37007874015748143 ) ;
#2244 = DIRECTION ( 'NONE',  ( 0.7071067811865516806, 0.7071067811865433539, 7.778174593051908679E-15 ) ) ;
#2245 = CARTESIAN_POINT ( 'NONE',  ( -27.12500000000007105, 27.12499999999982592, -0.2499999999998861466 ) ) ;
#2246 = ADVANCED_FACE ( 'NONE', ( #5689 ), #1880, .F. ) ;
#2247 = CARTESIAN_POINT ( 'NONE',  ( -29.74999999999968736, 29.75000000000021672, 2.375000000000124345 ) ) ;
#2248 = DIRECTION ( 'NONE',  ( -4.085576355429636016E-15, 1.000000000000000000, 1.099999999999999888E-14 ) ) ;
#2249 = EDGE_CURVE ( 'NONE', #5289, #7941, #1923, .T. ) ;
#2250 = CARTESIAN_POINT ( 'NONE',  ( -29.75000000000003908, -9.749999999999642952, -2.279044188714411549E-13 ) ) ;
#2251 = FACE_OUTER_BOUND ( 'NONE', #2204, .T. ) ;
#2252 = ADVANCED_FACE ( 'NONE', ( #3314 ), #7977, .F. ) ;
#2253 = ORIENTED_EDGE ( 'NONE', *, *, #8362, .F. ) ;
#2254 = VECTOR ( 'NONE', #2695, 39.37007874015748854 ) ;
#2255 = ORIENTED_EDGE ( 'NONE', *, *, #8932, .F. ) ;
#2256 = PRODUCT_DEFINITION_CONTEXT ( 'detailed design', #2947, 'design' ) ;
#2257 = ORIENTED_EDGE ( 'NONE', *, *, #6195, .T. ) ;
#2258 = DIRECTION ( 'NONE',  ( 2.999999999999999839E-15, 9.999999999999999988E-15, -1.000000000000000000 ) ) ;
#2259 = ORIENTED_EDGE ( 'NONE', *, *, #5336, .F. ) ;
#2260 = EDGE_CURVE ( 'NONE', #4150, #9421, #6561, .T. ) ;
#2261 = DIRECTION ( 'NONE',  ( -1.000000000000000000, 1.499999999999999919E-14, -2.999999999999999839E-15 ) ) ;
#2262 = VECTOR ( 'NONE', #1933, 39.37007874015748143 ) ;
#2263 = CARTESIAN_POINT ( 'NONE',  ( -29.62035115497761595, 29.62035115497677040, 24.24999999999966960 ) ) ;
#2264 = LINE ( 'NONE', #6042, #6692 ) ;
#2265 = EDGE_CURVE ( 'NONE', #5934, #458, #4987, .T. ) ;
#2266 = ORIENTED_EDGE ( 'NONE', *, *, #9600, .F. ) ;
#2267 = CARTESIAN_POINT ( 'NONE',  ( -29.50000000000003908, -9.749999999999642952, -2.271531606731834861E-13 ) ) ;
#2268 = VECTOR ( 'NONE', #2349, 39.37007874015748854 ) ;
#2269 = CIRCLE ( 'NONE', #7669, 0.3149606299212598381 ) ;
#2270 = AXIS2_PLACEMENT_3D ( 'NONE', #302, #5496, #8512 ) ;
#2271 = ORIENTED_EDGE ( 'NONE', *, *, #5063, .T. ) ;
#2272 = CARTESIAN_POINT ( 'NONE',  ( 29.43699999999968142, -29.43700000000023209, 24.25000000000031974 ) ) ;
#2273 = CARTESIAN_POINT ( 'NONE',  ( -29.99999999999967670, 30.00000000000023803, -0.4999999999998747113 ) ) ;
#2274 = FACE_OUTER_BOUND ( 'NONE', #2145, .T. ) ;
#2275 = DIRECTION ( 'NONE',  ( 0.7071067811865546782, -0.7071067811865403563, 7.071067811865646910E-15 ) ) ;
#2276 = VECTOR ( 'NONE', #1175, 39.37007874015748143 ) ;
#2277 = ADVANCED_FACE ( 'NONE', ( #1127 ), #2557, .F. ) ;
#2278 = FACE_OUTER_BOUND ( 'NONE', #6174, .T. ) ;
#2279 = EDGE_LOOP ( 'NONE', ( #7924, #4066 ) ) ;
#2280 = ORIENTED_EDGE ( 'NONE', *, *, #7344, .F. ) ;
#2281 = ORIENTED_EDGE ( 'NONE', *, *, #352, .F. ) ;
#2282 = VECTOR ( 'NONE', #2116, 39.37007874015748143 ) ;
#2283 = FACE_BOUND ( 'NONE', #2670, .T. ) ;
#2284 = EDGE_CURVE ( 'NONE', #7392, #2321, #4835, .T. ) ;
#2285 = CARTESIAN_POINT ( 'NONE',  ( -28.24999999999974776, 29.74999999999960920, 22.99999999999975842 ) ) ;
#2286 = SURFACE_SIDE_STYLE ('',( #3038 ) ) ;
#2287 = LINE ( 'NONE', #808, #3251 ) ;
#2288 = ORIENTED_EDGE ( 'NONE', *, *, #6388, .F. ) ;
#2289 =( GEOMETRIC_REPRESENTATION_CONTEXT ( 3 ) GLOBAL_UNCERTAINTY_ASSIGNED_CONTEXT ( ( #5867 ) ) GLOBAL_UNIT_ASSIGNED_CONTEXT ( ( #5721, #1818, #1913 ) ) REPRESENTATION_CONTEXT ( 'NONE', 'WORKASPACE' ) );
#2290 = PLANE ( 'NONE',  #443 ) ;
#2291 = VERTEX_POINT ( 'NONE', #4196 ) ;
#2292 = ORIENTED_EDGE ( 'NONE', *, *, #8830, .F. ) ;
#2293 = EDGE_CURVE ( 'NONE', #8361, #9716, #7128, .T. ) ;
#2294 = DIRECTION ( 'NONE',  ( 0.000000000000000000, 1.000000000000000000, 6.556435184794151260E-15 ) ) ;
#2295 = DIRECTION ( 'NONE',  ( 0.000000000000000000, 0.000000000000000000, 1.000000000000000000 ) ) ;
#2296 = CARTESIAN_POINT ( 'NONE',  ( 28.24999999999992895, 26.99999999999998579, 1.000000000000278888 ) ) ;
#2297 = CARTESIAN_POINT ( 'NONE',  ( -27.05177669529672002, 27.05177669529646067, -0.2499999999998871736 ) ) ;
#2298 = CARTESIAN_POINT ( 'NONE',  ( 29.50000000000015632, 27.93503937007865900, 22.99999999999945999 ) ) ;
#2299 = DIRECTION ( 'NONE',  ( 3.908938400211191734E-15, 1.000000000000000000, 6.374311985216616465E-31 ) ) ;
#2300 = DIRECTION ( 'NONE',  ( 1.387778780781444571E-14, 1.387778780781444571E-14, -1.000000000000000000 ) ) ;
#2301 = ORIENTED_EDGE ( 'NONE', *, *, #2005, .T. ) ;
#2302 = ORIENTED_EDGE ( 'NONE', *, *, #5638, .F. ) ;
#2303 = EDGE_CURVE ( 'NONE', #7782, #8361, #6484, .T. ) ;
#2304 = DIRECTION ( 'NONE',  ( 1.000000000000000000, 1.000000000000062989E-15, 1.800000000000002112E-14 ) ) ;
#2305 = CARTESIAN_POINT ( 'NONE',  ( 29.24999999999988276, -29.24999999999996092, 24.00000000000000355 ) ) ;
#2306 = APPLICATION_CONTEXT ( 'automotive_design' ) ;
#2307 = DIRECTION ( 'NONE',  ( 0.000000000000000000, 0.000000000000000000, 1.000000000000000000 ) ) ;
#2308 = DIRECTION ( 'NONE',  ( -0.7071067811865469066, -0.7071067811865481278, -1.016180099825089835E-14 ) ) ;
#2309 = EDGE_CURVE ( 'NONE', #8680, #9103, #78, .T. ) ;
#2310 = VECTOR ( 'NONE', #3689, 39.37007874015748143 ) ;
#2311 = VERTEX_POINT ( 'NONE', #5243 ) ;
#2312 = DIRECTION ( 'NONE',  ( 1.000000000000000000, 1.000000000000064173E-15, 1.781787680042240397E-14 ) ) ;
#2313 = ORIENTED_EDGE ( 'NONE', *, *, #9063, .F. ) ;
#2314 = EDGE_CURVE ( 'NONE', #7149, #8896, #687, .T. ) ;
#2315 = DIRECTION ( 'NONE',  ( 1.000000000000000000, -4.000000000000000311E-15, -7.000000000000000938E-15 ) ) ;
#2316 = CARTESIAN_POINT ( 'NONE',  ( 28.99999999999991118, 29.24999999999999289, 0.5000000000002975398 ) ) ;
#2317 = DIRECTION ( 'NONE',  ( -1.490893840021118904E-14, -1.000000000000000000, -9.999999999999999988E-15 ) ) ;
#2318 = EDGE_LOOP ( 'NONE', ( #8829, #9238 ) ) ;
#2319 = ORIENTED_EDGE ( 'NONE', *, *, #9450, .F. ) ;
#2320 = PRESENTATION_LAYER_ASSIGNMENT (  '', '', ( #1063 ) ) ;
#2321 = VERTEX_POINT ( 'NONE', #8115 ) ;
#2322 =( BOUNDED_CURVE ( )  B_SPLINE_CURVE ( 3, ( #6003, #1335, #4352, #9013 ),
 .UNSPECIFIED., .F., .T. ) 
 B_SPLINE_CURVE_WITH_KNOTS ( ( 4, 4 ),
 ( 1.570796326794895004, 3.141592653589795336 ),
 .UNSPECIFIED. ) 
 CURVE ( )  GEOMETRIC_REPRESENTATION_ITEM ( )  RATIONAL_B_SPLINE_CURVE ( ( 1.000000000000000000, 0.8047378541243649375, 0.8047378541243649375, 1.000000000000000000 ) ) 
 REPRESENTATION_ITEM ( '' )  );
#2323 = LENGTH_MEASURE_WITH_UNIT ( LENGTH_MEASURE( 0.02539999999999999897 ), #5308 );
#2324 = DIRECTION ( 'NONE',  ( 0.000000000000000000, -1.387778780781445676E-14, 1.000000000000000000 ) ) ;
#2325 = DIRECTION ( 'NONE',  ( -3.914423644570364606E-15, -1.000000000000000000, -9.999999999999998410E-15 ) ) ;
#2326 = DIRECTION ( 'NONE',  ( 1.799999999999999903E-14, 9.999999999999998410E-15, -1.000000000000000000 ) ) ;
#2328 = EDGE_CURVE ( 'NONE', #7024, #7064, #6766, .T. ) ;
#2327 = SURFACE_STYLE_USAGE ( .BOTH. , #2286 ) ;
#2329 = VECTOR ( 'NONE', #3430, 39.37007874015748143 ) ;
#2330 = CIRCLE ( 'NONE', #2481, 0.3149606299212601157 ) ;
#2331 = DIRECTION ( 'NONE',  ( 4.000000000000000311E-15, 1.099999999999999888E-14, -1.000000000000000000 ) ) ;
#2332 = ORIENTED_EDGE ( 'NONE', *, *, #3476, .T. ) ;
#2333 = CARTESIAN_POINT ( 'NONE',  ( -29.87500000000027001, -29.87500000000003553, 21.49999999999925038 ) ) ;
#2334 = ORIENTED_EDGE ( 'NONE', *, *, #2133, .T. ) ;
#2335 = ADVANCED_FACE ( 'NONE', ( #4288 ), #8853, .F. ) ;
#2336 = VERTEX_POINT ( 'NONE', #2066 ) ;
#2337 = AXIS2_PLACEMENT_3D ( 'NONE', #9502, #5703, #7994 ) ;
#2338 = DIRECTION ( 'NONE',  ( 0.000000000000000000, -1.000000000000000000, -6.999999999999997783E-15 ) ) ;
#2339 = CARTESIAN_POINT ( 'NONE',  ( 28.24999999999991829, 29.74999999999998579, 0.6850393700790384788 ) ) ;
#2340 = DIRECTION ( 'NONE',  ( 1.800000000000001481E-14, 6.999999999999997783E-15, -1.000000000000000000 ) ) ;
#2341 = VECTOR ( 'NONE', #4974, 39.37007874015748143 ) ;
#2342 = CARTESIAN_POINT ( 'NONE',  ( 29.75000000000016698, 29.74999999999991473, 23.99999999999979750 ) ) ;
#2343 = DIRECTION ( 'NONE',  ( -1.699999999999999698E-14, -6.999999999999997783E-15, 1.000000000000000000 ) ) ;
#2344 = EDGE_CURVE ( 'NONE', #4577, #4103, #4093, .T. ) ;
#2345 = CARTESIAN_POINT ( 'NONE',  ( 29.43699999999984129, -48.00000000000001421, -0.2500000000002152167 ) ) ;
#2346 = VERTEX_POINT ( 'NONE', #5991 ) ;
#2347 = ORIENTED_EDGE ( 'NONE', *, *, #5821, .T. ) ;
#2348 = VECTOR ( 'NONE', #2088, 39.37007874015748143 ) ;
#2349 = DIRECTION ( 'NONE',  ( -0.7071067811865474617, 0.7071067811865474617, 2.121320343559641219E-15 ) ) ;
#2350 = CARTESIAN_POINT ( 'NONE',  ( 26.74999999999988276, -29.74999999999996447, 24.00000000000000355 ) ) ;
#2351 = SURFACE_SIDE_STYLE ('',( #1664 ) ) ;
#2352 = CYLINDRICAL_SURFACE ( 'NONE', #1466, 0.3149606299212597271 ) ;
#2353 = ORIENTED_EDGE ( 'NONE', *, *, #1384, .T. ) ;
#2354 = DIRECTION ( 'NONE',  ( 1.387778780781444571E-14, 1.387778780781444571E-14, -1.000000000000000000 ) ) ;
#2355 = ORIENTED_EDGE ( 'NONE', *, *, #5137, .F. ) ;
#2356 = VECTOR ( 'NONE', #6729, 39.37007874015748143 ) ;
#2357 = DIRECTION ( 'NONE',  ( 0.000000000000000000, -1.387778780781445676E-14, 1.000000000000000000 ) ) ;
#2358 = CARTESIAN_POINT ( 'NONE',  ( 29.74999999999983302, -48.00000000000002842, 2.374999999999785949 ) ) ;
#2359 = DIRECTION ( 'NONE',  ( -7.000000000000000150E-15, 0.000000000000000000, -1.000000000000000000 ) ) ;
#2360 = CARTESIAN_POINT ( 'NONE',  ( 28.99999999999992184, 28.99999999999999645, -0.9999999999997044586 ) ) ;
#2361 = CARTESIAN_POINT ( 'NONE',  ( 28.24999999999987921, -29.74999999999997513, 0.9999999999998714362 ) ) ;
#2362 = CYLINDRICAL_SURFACE ( 'NONE', #2413, 0.3149606299212601157 ) ;
#2363 = EDGE_LOOP ( 'NONE', ( #554, #5900 ) ) ;
#2364 = EDGE_LOOP ( 'NONE', ( #632, #2710 ) ) ;
#2365 = ORIENTED_EDGE ( 'NONE', *, *, #6342, .T. ) ;
#2366 = AXIS2_PLACEMENT_3D ( 'NONE', #2296, #1556, #6816 ) ;
#2367 = ORIENTED_EDGE ( 'NONE', *, *, #973, .F. ) ;
#2368 = CONTEXT_DEPENDENT_SHAPE_REPRESENTATION ( #109, #6559 ) ;
#2369 = LINE ( 'NONE', #115, #1710 ) ;
#2370 = CARTESIAN_POINT ( 'NONE',  ( 9.750000000000001776, 29.49999999999965539, 2.280580853210847908E-13 ) ) ;
#2371 = DIMENSIONAL_EXPONENTS ( 1.000000000000000000, 0.000000000000000000, 0.000000000000000000, 0.000000000000000000, 0.000000000000000000, 0.000000000000000000, 0.000000000000000000 ) ;
#2372 = CIRCLE ( 'NONE', #5201, 0.3149606299212597271 ) ;
#2373 = DIRECTION ( 'NONE',  ( -3.999999999999702910E-15, 1.000000000000000000, 6.817876800422296221E-15 ) ) ;
#2374 = ORIENTED_EDGE ( 'NONE', *, *, #1740, .F. ) ;
#2375 =( BOUNDED_CURVE ( )  B_SPLINE_CURVE ( 3, ( #7678, #2550, #3153, #878 ),
 .UNSPECIFIED., .F., .F. ) 
 B_SPLINE_CURVE_WITH_KNOTS ( ( 4, 4 ),
 ( 1.570796326794895004, 3.141592653589795336 ),
 .UNSPECIFIED. ) 
 CURVE ( )  GEOMETRIC_REPRESENTATION_ITEM ( )  RATIONAL_B_SPLINE_CURVE ( ( 1.000000000000000000, 0.8047378541243649375, 0.8047378541243649375, 1.000000000000000000 ) ) 
 REPRESENTATION_ITEM ( '' )  );
#2376 = FACE_BOUND ( 'NONE', #1707, .T. ) ;
#2377 = ORIENTED_EDGE ( 'NONE', *, *, #3534, .F. ) ;
#2378 = ORIENTED_EDGE ( 'NONE', *, *, #1722, .T. ) ;
#2379 = EDGE_CURVE ( 'NONE', #4105, #8181, #2865, .T. ) ;
#2380 = CARTESIAN_POINT ( 'NONE',  ( 29.75000000000000711, 28.56496062992117757, 0.9999999999997937206 ) ) ;
#2381 = PRODUCT_DEFINITION_FORMATION_WITH_SPECIFIED_SOURCE ( 'ANY', '', #3547, .NOT_KNOWN. ) ;
#2382 = PLANE ( 'NONE',  #2806 ) ;
#2383 = CARTESIAN_POINT ( 'NONE',  ( 29.74999999999988631, -29.74999999999996447, 24.00000000000000355 ) ) ;
#2384 = DIRECTION ( 'NONE',  ( 0.7071067811865511255, -0.7071067811865439090, -2.911978519274281009E-15 ) ) ;
#2385 = DIRECTION ( 'NONE',  ( 4.000000000000000311E-15, 1.000000000000000000, 1.000000000000001419E-14 ) ) ;
#2386 = CLOSED_SHELL ( 'NONE', ( #7402, #3340, #9557, #3468, #3523, #803, #1966, #6410, #9643, #9132, #2856, #4614, #1716, #8944, #4391 ) ) ;
#2387 = FACE_BOUND ( 'NONE', #4439, .T. ) ;
#2388 = EDGE_CURVE ( 'NONE', #1905, #6463, #9726, .T. ) ;
#2389 = ORIENTED_EDGE ( 'NONE', *, *, #7532, .T. ) ;
#2390 = DIRECTION ( 'NONE',  ( 0.000000000000000000, 0.000000000000000000, 1.000000000000000000 ) ) ;
#2391 = ORIENTED_EDGE ( 'NONE', *, *, #1411, .T. ) ;
#2392 = ORIENTED_EDGE ( 'NONE', *, *, #4940, .T. ) ;
#2393 = CIRCLE ( 'NONE', #6838, 0.3149606299212597271 ) ;
#2394 = CYLINDRICAL_SURFACE ( 'NONE', #6550, 0.3149606299212601157 ) ;
#2395 = DIRECTION ( 'NONE',  ( -1.000000000000000000, 8.000000000000082663E-15, -3.817876800422215130E-15 ) ) ;
#2396 = EDGE_CURVE ( 'NONE', #63, #5654, #4326, .T. ) ;
#2397 = PLANE ( 'NONE',  #2445 ) ;
#2398 = AXIS2_PLACEMENT_3D ( 'NONE', #8359, #7820, #6330 ) ;
#2399 = LINE ( 'NONE', #9336, #3056 ) ;
#2400 = VERTEX_POINT ( 'NONE', #5086 ) ;
#2401 = CARTESIAN_POINT ( 'NONE',  ( 26.99999999999963052, 28.24999999999978328, 23.31496062992191298 ) ) ;
#2402 = ORIENTED_EDGE ( 'NONE', *, *, #4736, .F. ) ;
#2403 = AXIS2_PLACEMENT_3D ( 'NONE', #7518, #1463, #2902 ) ;
#2404 = EDGE_CURVE ( 'NONE', #633, #9340, #7325, .T. ) ;
#2405 = FACE_OUTER_BOUND ( 'NONE', #1470, .T. ) ;
#2406 = DIRECTION ( 'NONE',  ( 1.000000000000000000, 1.348382715945121960E-14, 4.000000000000091819E-15 ) ) ;
#2407 = DIRECTION ( 'NONE',  ( -0.7071067811865453523, -0.7071067811865496822, -1.458693634327828524E-14 ) ) ;
#2408 = DIRECTION ( 'NONE',  ( -1.000000000000000000, 2.999999999999936730E-15, -1.799999999999993592E-14 ) ) ;
#2409 = DIRECTION ( 'NONE',  ( -1.000000000000000000, 2.999999999999936730E-15, -1.799999999999993592E-14 ) ) ;
#2410 = CIRCLE ( 'NONE', #7657, 0.3149606299212601157 ) ;
#2411 = ORIENTED_EDGE ( 'NONE', *, *, #2619, .F. ) ;
#2412 = ORIENTED_EDGE ( 'NONE', *, *, #1529, .T. ) ;
#2413 = AXIS2_PLACEMENT_3D ( 'NONE', #9015, #704, #6146 ) ;
#2414 = ORIENTED_EDGE ( 'NONE', *, *, #748, .T. ) ;
#2415 = EDGE_LOOP ( 'NONE', ( #1631, #4871, #3829, #6823, #3180, #5899, #255, #8856, #112 ) ) ;
#2416 = EDGE_CURVE ( 'NONE', #3628, #9191, #2213, .T. ) ;
#2417 = EDGE_CURVE ( 'NONE', #8483, #7526, #2590, .T. ) ;
#2418 = EDGE_CURVE ( 'NONE', #1680, #941, #6686, .T. ) ;
#2419 = DIRECTION ( 'NONE',  ( 0.000000000000000000, 0.000000000000000000, -1.000000000000000000 ) ) ;
#2420 = VECTOR ( 'NONE', #8246, 39.37007874015748854 ) ;
#2421 = AXIS2_PLACEMENT_3D ( 'NONE', #5950, #8955, #1434 ) ;
#2422 = CARTESIAN_POINT ( 'NONE',  ( -28.25000000000029843, -30.00000000000004974, 22.99999999999927880 ) ) ;
#2423 = CARTESIAN_POINT ( 'NONE',  ( 29.74999999999964473, 47.99999999999979394, 21.62500000000084199 ) ) ;
#2424 = VECTOR ( 'NONE', #2658, 39.37007874015748143 ) ;
#2425 = DIRECTION ( 'NONE',  ( 7.999999999999770274E-15, -1.000000000000000000, -9.999999999999831172E-15 ) ) ;
#2426 = CARTESIAN_POINT ( 'NONE',  ( 29.74999999999996447, -9.749999999999998224, -0.2499999999999916733 ) ) ;
#2427 = VERTEX_POINT ( 'NONE', #5888 ) ;
#2428 = DIRECTION ( 'NONE',  ( 1.000000000000000000, 1.000000000000062989E-15, 1.800000000000002112E-14 ) ) ;
#2429 = VERTEX_POINT ( 'NONE', #8948 ) ;
#2430 = EDGE_CURVE ( 'NONE', #4253, #4942, #2162, .T. ) ;
#2431 = ORIENTED_EDGE ( 'NONE', *, *, #3709, .F. ) ;
#2432 =( REPRESENTATION_RELATIONSHIP ('NONE','NONE', #4286, #5315 ) REPRESENTATION_RELATIONSHIP_WITH_TRANSFORMATION ( #7187 )SHAPE_REPRESENTATION_RELATIONSHIP( ) );
#2433 = CARTESIAN_POINT ( 'NONE',  ( -29.75000000000044409, 29.74999999999940670, 24.24999999999980815 ) ) ;
#2434 = ORIENTED_EDGE ( 'NONE', *, *, #7404, .T. ) ;
#2435 = CARTESIAN_POINT ( 'NONE',  ( -30.00000000000012790, -29.99999999999975486, 2.499999999999695355 ) ) ;
#2436 = LINE ( 'NONE', #2583, #334 ) ;
#2437 = FACE_OUTER_BOUND ( 'NONE', #4217, .T. ) ;
#2438 = EDGE_CURVE ( 'NONE', #9622, #9621, #5291, .T. ) ;
#2439 = CARTESIAN_POINT ( 'NONE',  ( 28.56496062992114204, -26.74999999999996092, 22.99999999999966604 ) ) ;
#2440 = LINE ( 'NONE', #5476, #7848 ) ;
#2441 = VERTEX_POINT ( 'NONE', #5717 ) ;
#2442 = CARTESIAN_POINT ( 'NONE',  ( -26.74999999999969447, 28.24999999999975131, 1.000000000000084377 ) ) ;
#2443 = VERTEX_POINT ( 'NONE', #4972 ) ;
#2444 = VERTEX_POINT ( 'NONE', #9566 ) ;
#2445 = AXIS2_PLACEMENT_3D ( 'NONE', #5335, #8498, #6093 ) ;
#2446 = LINE ( 'NONE', #8651, #536 ) ;
#2447 = DIRECTION ( 'NONE',  ( 0.000000000000000000, -1.387778780781446149E-14, 1.000000000000000000 ) ) ;
#2448 = CARTESIAN_POINT ( 'NONE',  ( 29.99999999999992184, 29.99999999999999645, 3.057620866908726600E-13 ) ) ;
#2449 = AXIS2_PLACEMENT_3D ( 'NONE', #9272, #9224, #9090 ) ;
#2450 = FACE_OUTER_BOUND ( 'NONE', #8212, .T. ) ;
#2451 = ORIENTED_EDGE ( 'NONE', *, *, #4551, .T. ) ;
#2452 = EDGE_CURVE ( 'NONE', #434, #7049, #9471, .T. ) ;
#2453 = VERTEX_POINT ( 'NONE', #1864 ) ;
#2454 = DIRECTION ( 'NONE',  ( -1.499999999999999919E-14, -1.000000000000000000, -9.999999999999999988E-15 ) ) ;
#2455 = FACE_BOUND ( 'NONE', #1185, .T. ) ;
#2456 = DIRECTION ( 'NONE',  ( -1.499999999999996764E-14, -1.000000000000000000, -9.999999999999999988E-15 ) ) ;
#2457 = CARTESIAN_POINT ( 'NONE',  ( 28.99999999999991473, 29.08333333333332504, 2.962480155073112329E-13 ) ) ;
#2458 = CARTESIAN_POINT ( 'NONE',  ( -29.62500000000029843, -26.74999999999954525, -3.431201080042314366E-13 ) ) ;
#2459 = CARTESIAN_POINT ( 'NONE',  ( 27.12499999999991473, 27.12499999999998934, -0.2499999999996961597 ) ) ;
#2460 = VERTEX_POINT ( 'NONE', #8745 ) ;
#2461 = EDGE_LOOP ( 'NONE', ( #5586, #4206 ) ) ;
#2462 = VERTEX_POINT ( 'NONE', #3445 ) ;
#2463 = ORIENTED_EDGE ( 'NONE', *, *, #1089, .F. ) ;
#2464 = CIRCLE ( 'NONE', #7558, 0.3149606299212601157 ) ;
#2465 = CONTEXT_DEPENDENT_SHAPE_REPRESENTATION ( #3954, #8601 ) ;
#2466 = DIRECTION ( 'NONE',  ( -0.7071067811865511255, 0.7071067811865439090, 2.892817399462491491E-15 ) ) ;
#2467 = CARTESIAN_POINT ( 'NONE',  ( 9.750000000000001776, 29.49999999999965539, 2.280580853210847908E-13 ) ) ;
#2468 = CARTESIAN_POINT ( 'NONE',  ( 29.75000000000000355, 29.74999999999965894, -0.2499999999996901923 ) ) ;
#2469 = DIRECTION ( 'NONE',  ( -1.387778780781444571E-14, -1.000000000000000000, -9.974659986866631327E-15 ) ) ;
#2470 = AXIS2_PLACEMENT_3D ( 'NONE', #3764, #9734, #7439 ) ;
#2471 = VERTEX_POINT ( 'NONE', #4225 ) ;
#2472 = EDGE_LOOP ( 'NONE', ( #6629, #1076, #4979, #8515 ) ) ;
#2473 = ORIENTED_EDGE ( 'NONE', *, *, #1443, .F. ) ;
#2474 = ADVANCED_FACE ( 'NONE', ( #1118 ), #4273, .F. ) ;
#2475 = CARTESIAN_POINT ( 'NONE',  ( -27.00000000000014921, -28.24999999999980105, 0.9999999999997292166 ) ) ;
#2476 = ORIENTED_EDGE ( 'NONE', *, *, #8654, .T. ) ;
#2477 = CARTESIAN_POINT ( 'NONE',  ( 29.50000000000000355, 9.749999999999651834, -0.2499999999998312461 ) ) ;
#2478 =( NAMED_UNIT ( * ) PLANE_ANGLE_UNIT ( ) SI_UNIT ( $, .RADIAN. ) );
#2479 = AXIS2_PLACEMENT_3D ( 'NONE', #8247, #9035, #1356 ) ;
#2480 = CARTESIAN_POINT ( 'NONE',  ( -29.75000000000031619, -29.75000000000005329, 23.93699999999925154 ) ) ;
#2481 = AXIS2_PLACEMENT_3D ( 'NONE', #4311, #461, #3488 ) ;
#2482 = CARTESIAN_POINT ( 'NONE',  ( 29.74999999999988631, -26.74999999999996092, 24.00000000000000355 ) ) ;
#2483 = FACE_OUTER_BOUND ( 'NONE', #985, .T. ) ;
#2484 = DIRECTION ( 'NONE',  ( 1.000000000000000000, -4.000000000000000311E-15, -7.000000000000000150E-15 ) ) ;
#2485 = CARTESIAN_POINT ( 'NONE',  ( -9.749999999999687361, 29.74999999999985434, -0.2499999999996889710 ) ) ;
#2486 = EDGE_LOOP ( 'NONE', ( #6827, #4413, #8399, #7021 ) ) ;
#2487 = DIRECTION ( 'NONE',  ( 0.000000000000000000, 0.000000000000000000, -1.000000000000000000 ) ) ;
#2488 = VERTEX_POINT ( 'NONE', #8696 ) ;
#2489 = VECTOR ( 'NONE', #6704, 39.37007874015748143 ) ;
#2490 = ORIENTED_EDGE ( 'NONE', *, *, #3121, .F. ) ;
#2491 = EDGE_CURVE ( 'NONE', #7112, #7170, #3546, .T. ) ;
#2492 = FACE_BOUND ( 'NONE', #2523, .T. ) ;
#2493 = AXIS2_PLACEMENT_3D ( 'NONE', #8057, #4328, #574 ) ;
#2494 = PRODUCT_DEFINITION_SHAPE ( 'NONE', 'NONE',  #4220 ) ;
#2495 = CARTESIAN_POINT ( 'NONE',  ( 29.99999999999961275, 29.99999999999977973, 24.50000000000072120 ) ) ;
#2496 = CARTESIAN_POINT ( 'NONE',  ( 26.87499999999988276, -29.49999999999996092, 24.00000000000000355 ) ) ;
#2497 = AXIS2_PLACEMENT_3D ( 'NONE', #5837, #2016, #2805 ) ;
#2498 = LENGTH_MEASURE_WITH_UNIT ( LENGTH_MEASURE( 0.02539999999999999897 ), #241 );
#2499 = CARTESIAN_POINT ( 'NONE',  ( 27.12499999999989342, -27.12499999999996447, -0.2500000000001138534 ) ) ;
#2500 = VERTEX_POINT ( 'NONE', #6378 ) ;
#2501 = DIRECTION ( 'NONE',  ( -1.490893840021118904E-14, -1.000000000000000000, -9.999999999999999988E-15 ) ) ;
#2502 = ORIENTED_EDGE ( 'NONE', *, *, #9638, .T. ) ;
#2503 = CYLINDRICAL_SURFACE ( 'NONE', #4418, 0.3149606299212598381 ) ;
#2504 = CARTESIAN_POINT ( 'NONE',  ( -29.43700000000032091, -29.43700000000005446, 24.24999999999926104 ) ) ;
#2505 = PLANE ( 'NONE',  #6789 ) ;
#2506 = DIRECTION ( 'NONE',  ( 1.000000000000000000, -4.000000000000000311E-15, -7.000000000000000150E-15 ) ) ;
#2507 = VECTOR ( 'NONE', #4297, 39.37007874015748143 ) ;
#2508 = CARTESIAN_POINT ( 'NONE',  ( 10.49999999999993250, 10.49999999999982769, 24.50000000000025580 ) ) ;
#2509 = LINE ( 'NONE', #7075, #7501 ) ;
#2510 = ADVANCED_FACE ( 'NONE', ( #4873 ), #7962, .T. ) ;
#2511 = ORIENTED_EDGE ( 'NONE', *, *, #6224, .T. ) ;
#2512 = ORIENTED_EDGE ( 'NONE', *, *, #2418, .T. ) ;
#2513 = EDGE_LOOP ( 'NONE', ( #8365, #3498, #7205, #6906 ) ) ;
#2514 = ORIENTED_EDGE ( 'NONE', *, *, #564, .T. ) ;
#2515 = AXIS2_PLACEMENT_3D ( 'NONE', #1875, #6389, #974 ) ;
#2516 = DIRECTION ( 'NONE',  ( -1.799999999999999903E-14, -9.999999999999998410E-15, 1.000000000000000000 ) ) ;
#2517 = DIRECTION ( 'NONE',  ( 1.000000000000000000, -1.018547839493141593E-14, 2.999999999999984456E-15 ) ) ;
#2518 = CARTESIAN_POINT ( 'NONE',  ( 29.50000000000000355, 9.749999999999651834, 1.687769838585702669E-13 ) ) ;
#2519 = DIRECTION ( 'NONE',  ( -3.999999999999706066E-15, 1.000000000000000000, 6.999999999999913375E-15 ) ) ;
#2520 = DIRECTION ( 'NONE',  ( 1.799999999999999903E-14, 9.999999999999998410E-15, -1.000000000000000000 ) ) ;
#2521 = EDGE_LOOP ( 'NONE', ( #5762, #9261 ) ) ;
#2522 = VERTEX_POINT ( 'NONE', #474 ) ;
#2523 = EDGE_LOOP ( 'NONE', ( #5954, #4528 ) ) ;
#2524 =( NAMED_UNIT ( * ) SI_UNIT ( $, .STERADIAN. ) SOLID_ANGLE_UNIT ( ) );
#2525 = ORIENTED_EDGE ( 'NONE', *, *, #7529, .T. ) ;
#2526 = CARTESIAN_POINT ( 'NONE',  ( 26.87499999999988276, -29.49999999999996092, 24.00000000000000355 ) ) ;
#2527 = LINE ( 'NONE', #4911, #4730 ) ;
#2528 = EDGE_CURVE ( 'NONE', #9361, #3527, #428, .T. ) ;
#2529 = CARTESIAN_POINT ( 'NONE',  ( 29.74999999999988631, -28.24999999999996092, 22.99999999999966604 ) ) ;
#2530 = LENGTH_MEASURE_WITH_UNIT ( LENGTH_MEASURE( 0.02539999999999999897 ), #9322 );
#2531 = CARTESIAN_POINT ( 'NONE',  ( -29.74999999999960920, 9.749999999999770850, -0.2499999999999889255 ) ) ;
#2532 = CARTESIAN_POINT ( 'NONE',  ( 29.99999999999985434, -28.25000000000002487, 0.9999999999999251710 ) ) ;
#2533 = LINE ( 'NONE', #4216, #1348 ) ;
#2534 = ORIENTED_EDGE ( 'NONE', *, *, #6769, .T. ) ;
#2535 = DIRECTION ( 'NONE',  ( 1.000000000000000000, 4.000000000000063420E-15, 1.800000000000008423E-14 ) ) ;
#2536 = ORIENTED_EDGE ( 'NONE', *, *, #4049, .T. ) ;
#2537 = EDGE_LOOP ( 'NONE', ( #5330, #7737, #8763, #3898, #6192 ) ) ;
#2538 = AXIS2_PLACEMENT_3D ( 'NONE', #9551, #8136, #5858 ) ;
#2539 = EDGE_CURVE ( 'NONE', #243, #4034, #5675, .T. ) ;
#2540 = EDGE_CURVE ( 'NONE', #6114, #5513, #4541, .T. ) ;
#2541 = FACE_OUTER_BOUND ( 'NONE', #8692, .T. ) ;
#2542 = EDGE_CURVE ( 'NONE', #9701, #2441, #2745, .T. ) ;
#2543 = VECTOR ( 'NONE', #3663, 39.37007874015748143 ) ;
#2544 = EDGE_CURVE ( 'NONE', #8928, #732, #7135, .T. ) ;
#2545 = CARTESIAN_POINT ( 'NONE',  ( 29.74999999999985434, -28.25000000000002487, 0.9999999999999242828 ) ) ;
#2546 = EDGE_CURVE ( 'NONE', #1087, #6114, #379, .T. ) ;
#2547 = EDGE_CURVE ( 'NONE', #2977, #6837, #9380, .T. ) ;
#2548 = FACE_OUTER_BOUND ( 'NONE', #915, .T. ) ;
#2549 =( NAMED_UNIT ( * ) PLANE_ANGLE_UNIT ( ) SI_UNIT ( $, .RADIAN. ) );
#2550 = CARTESIAN_POINT ( 'NONE',  ( -29.80177669529679818, -29.80177669529638962, 2.499999999999707345 ) ) ;
#2551 = CIRCLE ( 'NONE', #188, 0.3149606299212601157 ) ;
#2552 = ORIENTED_EDGE ( 'NONE', *, *, #1841, .T. ) ;
#2553 = EDGE_CURVE ( 'NONE', #2937, #9623, #523, .T. ) ;
#2554 = VERTEX_POINT ( 'NONE', #7163 ) ;
#2555 = CYLINDRICAL_SURFACE ( 'NONE', #6966, 0.3130000000000007221 ) ;
#2556 = CARTESIAN_POINT ( 'NONE',  ( -48.00000000000036238, 29.43699999999942918, 24.24999999999934985 ) ) ;
#2557 = PLANE ( 'NONE',  #8133 ) ;
#2558 = CARTESIAN_POINT ( 'NONE',  ( 29.99999999999969091, 29.99999999999976197, 21.50000000000075673 ) ) ;
#2559 = CARTESIAN_POINT ( 'NONE',  ( 29.99999999999967670, -30.00000000000023803, 24.50000000000032685 ) ) ;
#2560 = VERTEX_POINT ( 'NONE', #8832 ) ;
#2561 = VERTEX_POINT ( 'NONE', #2049 ) ;
#2562 = EDGE_LOOP ( 'NONE', ( #8622, #4797 ) ) ;
#2563 = AXIS2_PLACEMENT_3D ( 'NONE', #7873, #3942, #6970 ) ;
#2564 = ORIENTED_EDGE ( 'NONE', *, *, #1740, .T. ) ;
#2565 = CONTEXT_DEPENDENT_SHAPE_REPRESENTATION ( #9695, #1326 ) ;
#2566 = EDGE_CURVE ( 'NONE', #8330, #3696, #8660, .T. ) ;
#2567 = CARTESIAN_POINT ( 'NONE',  ( 29.24999999999988276, -29.49999999999996092, 24.00000000000000355 ) ) ;
#2568 = CYLINDRICAL_SURFACE ( 'NONE', #4065, 0.3149606299212601157 ) ;
#2569 = DIRECTION ( 'NONE',  ( -1.000000000000000000, 2.999999999999936730E-15, -1.799999999999993592E-14 ) ) ;
#2570 = MECHANICAL_DESIGN_GEOMETRIC_PRESENTATION_REPRESENTATION (  '', ( #219 ), #1956 ) ;
#2571 = AXIS2_PLACEMENT_3D ( 'NONE', #4251, #3625, #2772 ) ;
#2572 = CYLINDRICAL_SURFACE ( 'NONE', #210, 0.3149606299212601157 ) ;
#2573 = ORIENTED_EDGE ( 'NONE', *, *, #3167, .F. ) ;
#2574 = DIMENSIONAL_EXPONENTS ( 1.000000000000000000, 0.000000000000000000, 0.000000000000000000, 0.000000000000000000, 0.000000000000000000, 0.000000000000000000, 0.000000000000000000 ) ;
#2575 = ORIENTED_EDGE ( 'NONE', *, *, #6063, .F. ) ;
#2576 = VERTEX_POINT ( 'NONE', #336 ) ;
#2577 = EDGE_CURVE ( 'NONE', #2839, #1954, #1862, .T. ) ;
#2578 = VECTOR ( 'NONE', #473, 39.37007874015748143 ) ;
#2579 = AXIS2_PLACEMENT_3D ( 'NONE', #2442, #135, #5478 ) ;
#2580 = DIRECTION ( 'NONE',  ( 1.000000000000000000, -4.000000000000000311E-15, -7.000000000000000150E-15 ) ) ;
#2581 = ORIENTED_EDGE ( 'NONE', *, *, #696, .F. ) ;
#2582 = CARTESIAN_POINT ( 'NONE',  ( -26.75000000000041211, -29.62499999999982947, 23.99999999999963762 ) ) ;
#2583 = CARTESIAN_POINT ( 'NONE',  ( 29.74999999999976197, -29.74999999999989342, 24.25000000000031974 ) ) ;
#2584 = DIRECTION ( 'NONE',  ( -2.999999999999999050E-15, -7.236319030593792358E-15, 1.000000000000000000 ) ) ;
#2585 = CARTESIAN_POINT ( 'NONE',  ( -26.75000000000032330, -28.24999999999959854, 0.9999999999996517230 ) ) ;
#2586 = CARTESIAN_POINT ( 'NONE',  ( -26.75000000000032685, -28.56496062992086138, 0.9999999999996495026 ) ) ;
#2587 = DIRECTION ( 'NONE',  ( 1.000000000000000000, -1.000000000000062989E-15, 2.999999999999978934E-15 ) ) ;
#2588 = DIRECTION ( 'NONE',  ( -1.000000000000000000, 8.000000000000084241E-15, -3.999999999999944302E-15 ) ) ;
#2589 = VECTOR ( 'NONE', #7099, 39.37007874015748143 ) ;
#2590 = CIRCLE ( 'NONE', #6089, 0.3149606299212601157 ) ;
#2591 = ORIENTED_EDGE ( 'NONE', *, *, #1985, .T. ) ;
#2592 = DIRECTION ( 'NONE',  ( 3.763680969406204158E-15, 6.763680969406205575E-15, -1.000000000000000000 ) ) ;
#2593 = VERTEX_POINT ( 'NONE', #9657 ) ;
#2594 = ORIENTED_EDGE ( 'NONE', *, *, #9337, .F. ) ;
#2595 = CARTESIAN_POINT ( 'NONE',  ( 29.99999999999961275, 29.99999999999977973, 24.50000000000072120 ) ) ;
#2596 = CARTESIAN_POINT ( 'NONE',  ( 28.24999999999991829, 29.74999999999998579, 1.000000000000298650 ) ) ;
#2597 = DIRECTION ( 'NONE',  ( 0.000000000000000000, 1.387778780781445676E-14, -1.000000000000000000 ) ) ;
#2598 = CARTESIAN_POINT ( 'NONE',  ( -26.87499999999975486, 29.49999999999959144, 24.00000000000009237 ) ) ;
#2599 = SURFACE_STYLE_USAGE ( .BOTH. , #9386 ) ;
#2600 = CARTESIAN_POINT ( 'NONE',  ( 9.749999999999642952, 29.49999999999968026, 24.25000000000047251 ) ) ;
#2601 = ORIENTED_EDGE ( 'NONE', *, *, #5331, .F. ) ;
#2602 = VECTOR ( 'NONE', #1205, 39.37007874015748143 ) ;
#2603 = EDGE_LOOP ( 'NONE', ( #7250, #4998 ) ) ;
#2604 = CARTESIAN_POINT ( 'NONE',  ( -29.62035115497755910, -29.62035115497728199, 24.24999999999925748 ) ) ;
#2605 = VECTOR ( 'NONE', #6170, 39.37007874015748143 ) ;
#2606 = CARTESIAN_POINT ( 'NONE',  ( -29.50000000000003908, -9.749999999999642952, -0.2500000000002271516 ) ) ;
#2607 = DIRECTION ( 'NONE',  ( -3.709567898628247830E-16, 7.000000000000000938E-15, -1.000000000000000000 ) ) ;
#2608 = CARTESIAN_POINT ( 'NONE',  ( 29.74999999999964473, 29.74999999999976197, 24.25000000000081712 ) ) ;
#2609 = DIRECTION ( 'NONE',  ( -3.000000000000293689E-15, -1.000000000000000000, -7.000000000000061681E-15 ) ) ;
#2610 = VERTEX_POINT ( 'NONE', #3688 ) ;
#2611 = ORIENTED_EDGE ( 'NONE', *, *, #5722, .T. ) ;
#2612 = ORIENTED_EDGE ( 'NONE', *, *, #1435, .F. ) ;
#2613 = VECTOR ( 'NONE', #3872, 39.37007874015748143 ) ;
#2614 = ADVANCED_FACE ( 'NONE', ( #8342 ), #8148, .F. ) ;
#2615 = CONTEXT_DEPENDENT_SHAPE_REPRESENTATION ( #1617, #7978 ) ;
#2616 = CYLINDRICAL_SURFACE ( 'NONE', #8530, 0.3149606299212601157 ) ;
#2617 = CARTESIAN_POINT ( 'NONE',  ( -29.00000000000006750, 29.16666666666649377, -0.6666666666665439500 ) ) ;
#2618 =( NAMED_UNIT ( * ) SI_UNIT ( $, .STERADIAN. ) SOLID_ANGLE_UNIT ( ) );
#2619 = EDGE_CURVE ( 'NONE', #3886, #8490, #7408, .T. ) ;
#2620 = CARTESIAN_POINT ( 'NONE',  ( -29.87499999999954170, 48.00000000000022027, 2.375000000000251799 ) ) ;
#2621 = ORIENTED_EDGE ( 'NONE', *, *, #5763, .T. ) ;
#2622 = VERTEX_POINT ( 'NONE', #3595 ) ;
#2623 = ORIENTED_EDGE ( 'NONE', *, *, #3891, .T. ) ;
#2624 =( NAMED_UNIT ( * ) PLANE_ANGLE_UNIT ( ) SI_UNIT ( $, .RADIAN. ) );
#2625 = ORIENTED_EDGE ( 'NONE', *, *, #806, .F. ) ;
#2626 = CARTESIAN_POINT ( 'NONE',  ( -29.74999999999969802, 27.93503937007851334, 1.000000000000073497 ) ) ;
#2627 = CARTESIAN_POINT ( 'NONE',  ( -29.50000000000040501, -29.24999999999978684, 23.99999999999963407 ) ) ;
#2628 = DIRECTION ( 'NONE',  ( -1.387778780781444571E-14, -1.000000000000000000, -6.938893903907222856E-15 ) ) ;
#2629 = FACE_BOUND ( 'NONE', #7293, .T. ) ;
#2630 = CIRCLE ( 'NONE', #8960, 0.3149606299212601157 ) ;
#2631 = LINE ( 'NONE', #3390, #5718 ) ;
#2632 = DIRECTION ( 'NONE',  ( 1.000000000000000000, 0.000000000000000000, 1.396471817847543537E-14 ) ) ;
#2633 = ADVANCED_FACE ( 'NONE', ( #6669 ), #1555, .F. ) ;
#2634 = ORIENTED_EDGE ( 'NONE', *, *, #6171, .F. ) ;
#2635 = CARTESIAN_POINT ( 'NONE',  ( 28.24999999999970512, -29.75000000000022027, 23.00000000000029488 ) ) ;
#2636 = VERTEX_POINT ( 'NONE', #9707 ) ;
#2637 = ORIENTED_EDGE ( 'NONE', *, *, #3369, .F. ) ;
#2638 = FACE_BOUND ( 'NONE', #5880, .T. ) ;
#2639 = CARTESIAN_POINT ( 'NONE',  ( 29.75000000000000355, 9.749999999999651834, -0.2499999999998302191 ) ) ;
#2640 = CARTESIAN_POINT ( 'NONE',  ( 26.99999999999969802, -28.25000000000021672, 23.00000000000025935 ) ) ;
#2641 = EDGE_CURVE ( 'NONE', #3918, #9214, #2941, .T. ) ;
#2642 = DIRECTION ( 'NONE',  ( 1.000000000000000000, -3.863407600316787446E-15, -7.000000000000000938E-15 ) ) ;
#2643 = FACE_OUTER_BOUND ( 'NONE', #4148, .T. ) ;
#2644 = VECTOR ( 'NONE', #6058, 39.37007874015748143 ) ;
#2645 = CARTESIAN_POINT ( 'NONE',  ( -29.43699999999977379, -48.00000000000047606, 24.24999999999912959 ) ) ;
#2646 = AXIS2_PLACEMENT_3D ( 'NONE', #1052, #4760, #3973 ) ;
#2647 = ORIENTED_EDGE ( 'NONE', *, *, #7605, .T. ) ;
#2648 = AXIS2_PLACEMENT_3D ( 'NONE', #4366, #6570, #8191 ) ;
#2649 = DIRECTION ( 'NONE',  ( 0.000000000000000000, -1.387778780781445676E-14, 1.000000000000000000 ) ) ;
#2650 = ORIENTED_EDGE ( 'NONE', *, *, #5926, .T. ) ;
#2651 = VECTOR ( 'NONE', #5885, 39.37007874015748143 ) ;
#2652 = CARTESIAN_POINT ( 'NONE',  ( -29.75000000000031619, -29.75000000000005329, 23.93699999999925154 ) ) ;
#2653 = LINE ( 'NONE', #5688, #5368 ) ;
#2654 = AXIS2_PLACEMENT_3D ( 'NONE', #6265, #6415, #3289 ) ;
#2655 = LINE ( 'NONE', #300, #1488 ) ;
#2656 = PRODUCT_DEFINITION_SHAPE ( 'NONE', 'NONE',  #9775 ) ;
#2657 = CARTESIAN_POINT ( 'NONE',  ( 26.99999999999992895, 26.99999999999998934, -0.3749999999997243316 ) ) ;
#2658 = DIRECTION ( 'NONE',  ( 1.699999999999999698E-14, 1.099999999999999888E-14, -1.000000000000000000 ) ) ;
#2659 = VECTOR ( 'NONE', #3399, 39.37007874015748143 ) ;
#2660 = ORIENTED_EDGE ( 'NONE', *, *, #6812, .F. ) ;
#2661 = VERTEX_POINT ( 'NONE', #8299 ) ;
#2662 = AXIS2_PLACEMENT_3D ( 'NONE', #2834, #5113, #7397 ) ;
#2663 = EDGE_CURVE ( 'NONE', #4798, #1088, #7889, .T. ) ;
#2664 = EDGE_CURVE ( 'NONE', #3668, #1368, #7777, .T. ) ;
#2665 = DIRECTION ( 'NONE',  ( -4.000000000000210148E-15, -1.000000000000000000, -1.100000000000008408E-14 ) ) ;
#2666 = CARTESIAN_POINT ( 'NONE',  ( -29.00000000000006040, 29.24999999999982236, -0.4999999999998767652 ) ) ;
#2667 =( LENGTH_UNIT ( ) NAMED_UNIT ( * ) SI_UNIT ( $, .METRE. ) );
#2668 = EDGE_CURVE ( 'NONE', #8828, #7574, #623, .T. ) ;
#2669 = DIRECTION ( 'NONE',  ( 4.000000000000000311E-15, 1.000000000000000000, 0.000000000000000000 ) ) ;
#2670 = EDGE_LOOP ( 'NONE', ( #156, #4537 ) ) ;
#2671 = ORIENTED_EDGE ( 'NONE', *, *, #2775, .F. ) ;
#2672 = CIRCLE ( 'NONE', #1, 0.3149606299212597271 ) ;
#2673 = ORIENTED_EDGE ( 'NONE', *, *, #4033, .T. ) ;
#2674 = EDGE_LOOP ( 'NONE', ( #5304, #1016, #4198, #8015 ) ) ;
#2675 = LINE ( 'NONE', #8039, #8979 ) ;
#2676 = CARTESIAN_POINT ( 'NONE',  ( -29.75000000000008171, 29.74999999999981881, 0.06300000000012441481 ) ) ;
#2677 = DIRECTION ( 'NONE',  ( -2.999999999999999839E-15, 1.000000000000000000, 6.999999999999998572E-15 ) ) ;
#2678 = CIRCLE ( 'NONE', #3161, 0.3149606299212601157 ) ;
#2679 = DIRECTION ( 'NONE',  ( -1.000000000000000000, 0.000000000000000000, 1.387778780781444571E-14 ) ) ;
#2680 = DIMENSIONAL_EXPONENTS ( 1.000000000000000000, 0.000000000000000000, 0.000000000000000000, 0.000000000000000000, 0.000000000000000000, 0.000000000000000000, 0.000000000000000000 ) ;
#2681 = CARTESIAN_POINT ( 'NONE',  ( 29.74999999999991118, 28.24999999999997868, 1.000000000000319966 ) ) ;
#2682 = CARTESIAN_POINT ( 'NONE',  ( -27.12500000000011013, -27.12499999999974776, -0.2500000000002766676 ) ) ;
#2683 = EDGE_CURVE ( 'NONE', #1275, #212, #3721, .T. ) ;
#2684 = ORIENTED_EDGE ( 'NONE', *, *, #1722, .F. ) ;
#2685 = CARTESIAN_POINT ( 'NONE',  ( -27.00000000000035172, 26.99999999999950973, 24.49999999999971223 ) ) ;
#2686 = ORIENTED_EDGE ( 'NONE', *, *, #2528, .F. ) ;
#2687 = VERTEX_POINT ( 'NONE', #5122 ) ;
#2688 = AXIS2_PLACEMENT_3D ( 'NONE', #5990, #8947, #2161 ) ;
#2689 = DIRECTION ( 'NONE',  ( -1.150251786806006007E-16, -1.000000000000000000, 0.000000000000000000 ) ) ;
#2690 = DIRECTION ( 'NONE',  ( 0.000000000000000000, -1.000000000000000000, 0.000000000000000000 ) ) ;
#2691 = DIRECTION ( 'NONE',  ( -3.884974821319400252E-15, -1.000000000000000000, -8.051762507642027560E-31 ) ) ;
#2692 = EDGE_CURVE ( 'NONE', #3116, #7876, #8779, .T. ) ;
#2693 = LINE ( 'NONE', #1962, #2341 ) ;
#2694 = CARTESIAN_POINT ( 'NONE',  ( 29.74999999999988631, -28.56496062992122376, 22.99999999999966604 ) ) ;
#2695 = DIRECTION ( 'NONE',  ( -0.7071067811865474617, 0.7071067811865474617, 2.121320343559641219E-15 ) ) ;
#2696 = EDGE_CURVE ( 'NONE', #4291, #6221, #7822, .T. ) ;
#2697 = EDGE_LOOP ( 'NONE', ( #6105, #2581, #5777, #999, #7317, #4186, #8826, #3935, #8677 ) ) ;
#2698 =( BOUNDED_CURVE ( )  B_SPLINE_CURVE ( 3, ( #6414, #1151, #7350, #6607 ),
 .UNSPECIFIED., .F., .F. ) 
 B_SPLINE_CURVE_WITH_KNOTS ( ( 4, 4 ),
 ( 4.930380657631269593E-32, 1.570796326794895004 ),
 .UNSPECIFIED. ) 
 CURVE ( )  GEOMETRIC_REPRESENTATION_ITEM ( )  RATIONAL_B_SPLINE_CURVE ( ( 1.000000000000000000, 0.8047378541243649375, 0.8047378541243649375, 1.000000000000000000 ) ) 
 REPRESENTATION_ITEM ( '' )  );
#2699 = EDGE_CURVE ( 'NONE', #7270, #4128, #4416, .T. ) ;
#2700 = CLOSED_SHELL ( 'NONE', ( #6325, #1668, #9263, #8847, #4417, #5217, #3102, #6350, #1846, #5031, #2194, #9445, #6900, #9429, #7718, #7061, #6644, #4755, #4094 ) ) ;
#2701 = CARTESIAN_POINT ( 'NONE',  ( 29.50000000000000355, 9.749999999999651834, -0.2499999999998312461 ) ) ;
#2702 = ORIENTED_EDGE ( 'NONE', *, *, #237, .T. ) ;
#2703 = CARTESIAN_POINT ( 'NONE',  ( 27.12499999999986144, -27.12500000000001421, -0.2500000000000758837 ) ) ;
#2704 = CARTESIAN_POINT ( 'NONE',  ( -29.87499999999972289, -48.00000000000046185, 21.49999999999912248 ) ) ;
#2705 = FACE_OUTER_BOUND ( 'NONE', #3358, .T. ) ;
#2706 = CARTESIAN_POINT ( 'NONE',  ( 28.24999999999966960, 29.99999999999974420, 22.68503937007946902 ) ) ;
#2707 = AXIS2_PLACEMENT_3D ( 'NONE', #8591, #7299, #3290 ) ;
#2708 = CARTESIAN_POINT ( 'NONE',  ( -26.74999999999976197, 27.93503937007833926, 22.99999999999974776 ) ) ;
#2709 = ORIENTED_EDGE ( 'NONE', *, *, #5524, .T. ) ;
#2710 = ORIENTED_EDGE ( 'NONE', *, *, #5521, .T. ) ;
#2711 = ADVANCED_FACE ( 'NONE', ( #1456 ), #2996, .F. ) ;
#2712 = ORIENTED_EDGE ( 'NONE', *, *, #9097, .F. ) ;
#2713 = VECTOR ( 'NONE', #3466, 39.37007874015748143 ) ;
#2714 = ITEM_DEFINED_TRANSFORMATION ( 'NONE', 'NONE', #6830,  #3073 ) ;
#2715 = CARTESIAN_POINT ( 'NONE',  ( 28.24999999999991829, 29.99999999999998934, 0.6850393700790403662 ) ) ;
#2716 = CARTESIAN_POINT ( 'NONE',  ( 28.24999999999965539, 29.99999999999974065, 23.31496062992198759 ) ) ;
#2717 =( NAMED_UNIT ( * ) PLANE_ANGLE_UNIT ( ) SI_UNIT ( $, .RADIAN. ) );
#2718 = DIRECTION ( 'NONE',  ( -1.000000000000000000, -9.106159978880879860E-17, 0.000000000000000000 ) ) ;
#2719 = AXIS2_PLACEMENT_3D ( 'NONE', #340, #4090, #6924 ) ;
#2720 = ORIENTED_EDGE ( 'NONE', *, *, #8565, .T. ) ;
#2721 = ORIENTED_EDGE ( 'NONE', *, *, #2379, .T. ) ;
#2722 = EDGE_CURVE ( 'NONE', #9248, #8131, #6023, .T. ) ;
#2723 = EDGE_CURVE ( 'NONE', #4022, #1454, #31, .T. ) ;
#2724 = ORIENTED_EDGE ( 'NONE', *, *, #7724, .F. ) ;
#2725 = EDGE_CURVE ( 'NONE', #7849, #7784, #4519, .T. ) ;
#2726 = DIRECTION ( 'NONE',  ( 0.000000000000000000, 0.000000000000000000, 1.000000000000000000 ) ) ;
#2727 = CARTESIAN_POINT ( 'NONE',  ( 29.74999999999988631, -29.74999999999996447, 0.000000000000000000 ) ) ;
#2728 = STYLED_ITEM ( 'NONE', ( #4458 ), #1715 ) ;
#2729 = ADVANCED_BREP_SHAPE_REPRESENTATION ( '', ( #8134, #3073 ), #4488 ) ;
#2730 = DIRECTION ( 'NONE',  ( 3.118159515296883321E-15, 6.999999999999998572E-15, -1.000000000000000000 ) ) ;
#2731 = VECTOR ( 'NONE', #2409, 39.37007874015748143 ) ;
#2732 = SURFACE_SIDE_STYLE ('',( #3579 ) ) ;
#2733 = CARTESIAN_POINT ( 'NONE',  ( 29.50000000000000355, 28.56496062992117757, 0.9999999999997959410 ) ) ;
#2734 = DIRECTION ( 'NONE',  ( 1.000000000000000000, 4.000000000000063420E-15, 1.800000000000008423E-14 ) ) ;
#2735 = DIRECTION ( 'NONE',  ( 1.000000000000000000, -1.000000000000062989E-15, 2.999999999999978934E-15 ) ) ;
#2736 = EDGE_CURVE ( 'NONE', #1172, #2500, #8811, .T. ) ;
#2737 = VERTEX_POINT ( 'NONE', #7705 ) ;
#2738 = CARTESIAN_POINT ( 'NONE',  ( -48.00000000000035527, 29.43699999999942918, 23.93699999999935457 ) ) ;
#2739 = VERTEX_POINT ( 'NONE', #1602 ) ;
#2740 = VECTOR ( 'NONE', #3299, 39.37007874015748143 ) ;
#2741 = PRESENTATION_LAYER_ASSIGNMENT (  '', '', ( #5437 ) ) ;
#2742 = ORIENTED_EDGE ( 'NONE', *, *, #7030, .F. ) ;
#2743 = AXIS2_PLACEMENT_3D ( 'NONE', #9044, #4376, #4425 ) ;
#2744 = DIRECTION ( 'NONE',  ( -1.490893840021118904E-14, -1.000000000000000000, -9.999999999999999988E-15 ) ) ;
#2745 = LINE ( 'NONE', #9517, #9283 ) ;
#2746 = EDGE_CURVE ( 'NONE', #3918, #1781, #3879, .T. ) ;
#2747 = PRODUCT_DEFINITION_SHAPE ( 'NONE', 'NONE',  #9779 ) ;
#2748 = LINE ( 'NONE', #4325, #8524 ) ;
#2749 = AXIS2_PLACEMENT_3D ( 'NONE', #2433, #5612, #902 ) ;
#2750 = VECTOR ( 'NONE', #1974, 39.37007874015748143 ) ;
#2751 = DIRECTION ( 'NONE',  ( -1.700000000000004431E-14, -9.999999999999998410E-15, 1.000000000000000000 ) ) ;
#2752 = CARTESIAN_POINT ( 'NONE',  ( -29.62499999999977263, 26.87499999999961275, 24.00000000000006750 ) ) ;
#2753 = LINE ( 'NONE', #529, #9059 ) ;
#2754 = ORIENTED_EDGE ( 'NONE', *, *, #7174, .F. ) ;
#2755 = EDGE_LOOP ( 'NONE', ( #7340, #682, #5912, #1780 ) ) ;
#2756 = CARTESIAN_POINT ( 'NONE',  ( -29.75000000000031264, 29.74999999999951683, 21.62499999999968026 ) ) ;
#2757 = ORIENTED_EDGE ( 'NONE', *, *, #3801, .T. ) ;
#2758 = DIRECTION ( 'NONE',  ( -1.000000000000000000, 1.387778780781444571E-14, 0.000000000000000000 ) ) ;
#2759 =( NAMED_UNIT ( * ) SI_UNIT ( $, .STERADIAN. ) SOLID_ANGLE_UNIT ( ) );
#2760 = FACE_OUTER_BOUND ( 'NONE', #7765, .T. ) ;
#2761 = FACE_OUTER_BOUND ( 'NONE', #9449, .T. ) ;
#2762 = VECTOR ( 'NONE', #3848, 39.37007874015748143 ) ;
#2763 = LINE ( 'NONE', #5036, #6375 ) ;
#2764 =( BOUNDED_CURVE ( )  B_SPLINE_CURVE ( 3, ( #8206, #1416, #7420, #3648 ),
 .UNSPECIFIED., .F., .T. ) 
 B_SPLINE_CURVE_WITH_KNOTS ( ( 4, 4 ),
 ( 4.930380657631299699E-32, 1.570796326794895004 ),
 .UNSPECIFIED. ) 
 CURVE ( )  GEOMETRIC_REPRESENTATION_ITEM ( )  RATIONAL_B_SPLINE_CURVE ( ( 1.000000000000000000, 0.8047378541243649375, 0.8047378541243649375, 1.000000000000000000 ) ) 
 REPRESENTATION_ITEM ( '' )  );
#2765 = EDGE_CURVE ( 'NONE', #8307, #8842, #2167, .T. ) ;
#2766 = ORIENTED_EDGE ( 'NONE', *, *, #5938, .F. ) ;
#2767 = DIRECTION ( 'NONE',  ( -1.000000000000000000, 8.000000000000000622E-15, -2.999999999999999839E-15 ) ) ;
#2768 = VECTOR ( 'NONE', #3052, 39.37007874015748143 ) ;
#2769 = FACE_OUTER_BOUND ( 'NONE', #390, .T. ) ;
#2770 = CARTESIAN_POINT ( 'NONE',  ( -30.00000000000006750, 29.83333333333314741, 1.244980155073100967E-13 ) ) ;
#2771 = EDGE_CURVE ( 'NONE', #2786, #4562, #9220, .T. ) ;
#2772 = DIRECTION ( 'NONE',  ( 0.000000000000000000, -1.387778780781445676E-14, 1.000000000000000000 ) ) ;
#2773 = EDGE_LOOP ( 'NONE', ( #1612, #1212, #1024, #6087 ) ) ;
#2774 = CIRCLE ( 'NONE', #102, 0.3149606299212601157 ) ;
#2775 = EDGE_CURVE ( 'NONE', #3510, #938, #6291, .T. ) ;
#2776 = VERTEX_POINT ( 'NONE', #5469 ) ;
#2777 = ORIENTED_EDGE ( 'NONE', *, *, #8770, .T. ) ;
#2778 = SHAPE_REPRESENTATION_RELATIONSHIP ( 'NONE' , 'NONE' ,  #7722, #2729 ) ;
#2779 = DIRECTION ( 'NONE',  ( -1.000000000000000000, 1.486340760031678554E-14, -3.000000000000001022E-15 ) ) ;
#2780 = LINE ( 'NONE', #9646, #5234 ) ;
#2781 = LINE ( 'NONE', #8819, #5502 ) ;
#2782 = LINE ( 'NONE', #7351, #7908 ) ;
#2783 = DIRECTION ( 'NONE',  ( -0.7071067811865466846, 0.7071067811865483499, -7.694623198523861980E-15 ) ) ;
#2784 = CARTESIAN_POINT ( 'NONE',  ( 29.49999999999988276, -29.24999999999996092, 24.00000000000000355 ) ) ;
#2785 = UNCERTAINTY_MEASURE_WITH_UNIT (LENGTH_MEASURE( 1.000000000000000082E-05 ), #5084, 'distance_accuracy_value', 'NONE');
#2786 = VERTEX_POINT ( 'NONE', #127 ) ;
#2787 = EDGE_CURVE ( 'NONE', #633, #847, #3235, .T. ) ;
#2788 = PLANE ( 'NONE',  #4390 ) ;
#2789 = VERTEX_POINT ( 'NONE', #5566 ) ;
#2790 = ORIENTED_EDGE ( 'NONE', *, *, #7311, .T. ) ;
#2791 = LINE ( 'NONE', #8147, #1319 ) ;
#2792 = VECTOR ( 'NONE', #9603, 39.37007874015748143 ) ;
#2793 = DIRECTION ( 'NONE',  ( -1.748382715945130353E-14, 1.000000000000000000, 6.999999999999929152E-15 ) ) ;
#2794 = DIRECTION ( 'NONE',  ( -0.7071067811865511255, 0.7071067811865439090, 5.919160311131514145E-15 ) ) ;
#2795 = DIRECTION ( 'NONE',  ( 1.000000000000000000, -1.387778780781444571E-14, 3.035766082959409654E-15 ) ) ;
#2796 = DIRECTION ( 'NONE',  ( 1.000000000000000000, 0.000000000000000000, 0.000000000000000000 ) ) ;
#2797 = ADVANCED_FACE ( 'NONE', ( #6909 ), #8534, .F. ) ;
#2798 = EDGE_CURVE ( 'NONE', #3907, #2427, #1750, .T. ) ;
#2799 = ORIENTED_EDGE ( 'NONE', *, *, #7095, .T. ) ;
#2800 = AXIS2_PLACEMENT_3D ( 'NONE', #4803, #9308, #6993 ) ;
#2801 = ORIENTED_EDGE ( 'NONE', *, *, #7248, .F. ) ;
#2802 = VERTEX_POINT ( 'NONE', #7798 ) ;
#2803 = CARTESIAN_POINT ( 'NONE',  ( 29.62035115497713988, 29.62035115497722515, -0.2499999999996717348 ) ) ;
#2804 = ORIENTED_EDGE ( 'NONE', *, *, #125, .T. ) ;
#2805 = DIRECTION ( 'NONE',  ( 0.000000000000000000, -1.387778780781445676E-14, 1.000000000000000000 ) ) ;
#2806 = AXIS2_PLACEMENT_3D ( 'NONE', #8440, #6312, #3188 ) ;
#2807 = AXIS2_PLACEMENT_3D ( 'NONE', #8537, #8487, #1604 ) ;
#2808 = CARTESIAN_POINT ( 'NONE',  ( 28.56496062992142271, 29.74999999999991829, 22.99999999999947065 ) ) ;
#2809 = DIRECTION ( 'NONE',  ( 1.000000000000000000, 1.000000000000062989E-15, 1.800000000000002112E-14 ) ) ;
#2810 = DIRECTION ( 'NONE',  ( -3.999999999999706066E-15, 1.000000000000000000, 6.999999999999913375E-15 ) ) ;
#2811 = AXIS2_PLACEMENT_3D ( 'NONE', #6758, #7356, #6712 ) ;
#2812 = ORIENTED_EDGE ( 'NONE', *, *, #5534, .F. ) ;
#2813 = DIRECTION ( 'NONE',  ( 1.000000000000000000, 0.000000000000000000, 0.000000000000000000 ) ) ;
#2814 = EDGE_CURVE ( 'NONE', #503, #9130, #3136, .T. ) ;
#2815 = APPLICATION_CONTEXT ( 'automotive_design' ) ;
#2816 = DIMENSIONAL_EXPONENTS ( 1.000000000000000000, 0.000000000000000000, 0.000000000000000000, 0.000000000000000000, 0.000000000000000000, 0.000000000000000000, 0.000000000000000000 ) ;
#2817 = AXIS2_PLACEMENT_3D ( 'NONE', #1166, #1764, #8748 ) ;
#2818 = CARTESIAN_POINT ( 'NONE',  ( 28.56496062992114204, -29.49999999999996092, 22.99999999999966604 ) ) ;
#2819 = CARTESIAN_POINT ( 'NONE',  ( 26.99999999999964118, 28.24999999999978684, 23.00000000000065370 ) ) ;
#2820 = LINE ( 'NONE', #5850, #3382 ) ;
#2821 = EDGE_CURVE ( 'NONE', #7784, #2661, #6166, .T. ) ;
#2822 = VECTOR ( 'NONE', #1425, 39.37007874015748143 ) ;
#2823 = PLANE ( 'NONE',  #5738 ) ;
#2824 = VERTEX_POINT ( 'NONE', #6955 ) ;
#2825 = VECTOR ( 'NONE', #7502, 39.37007874015748143 ) ;
#2826 = VERTEX_POINT ( 'NONE', #2526 ) ;
#2827 = EDGE_LOOP ( 'NONE', ( #8649, #7956, #6434, #3441 ) ) ;
#2828 = PRODUCT_DEFINITION_SHAPE ( 'NONE', 'NONE',  #9768 ) ;
#2829 = DIRECTION ( 'NONE',  ( 0.000000000000000000, 0.000000000000000000, 1.000000000000000000 ) ) ;
#2830 = CARTESIAN_POINT ( 'NONE',  ( -29.74999999999972644, -48.00000000000046185, 21.62499999999912603 ) ) ;
#2831 = DIRECTION ( 'NONE',  ( 1.699999999999999698E-14, 1.099999999999999888E-14, -1.000000000000000000 ) ) ;
#2832 = DIRECTION ( 'NONE',  ( -1.000000000000000000, 1.499999999999999919E-14, -2.999999999999999839E-15 ) ) ;
#2833 = CARTESIAN_POINT ( 'NONE',  ( 29.99999999999985789, -30.00000000000001421, -0.5000000000000877076 ) ) ;
#2834 = CARTESIAN_POINT ( 'NONE',  ( 47.99999999999967315, -30.00000000000029132, 24.50000000000065015 ) ) ;
#2835 = CYLINDRICAL_SURFACE ( 'NONE', #356, 0.3149606299212601157 ) ;
#2836 = LINE ( 'NONE', #663, #8007 ) ;
#2837 = ORIENTED_EDGE ( 'NONE', *, *, #5589, .F. ) ;
#2838 = CARTESIAN_POINT ( 'NONE',  ( -26.75000000000034106, -29.62499999999959144, -3.627894135586141523E-13 ) ) ;
#2839 = VERTEX_POINT ( 'NONE', #2339 ) ;
#2840 = EDGE_LOOP ( 'NONE', ( #7133, #4037, #9249, #6357 ) ) ;
#2841 = EDGE_CURVE ( 'NONE', #6858, #9496, #1649, .T. ) ;
#2842 = CARTESIAN_POINT ( 'NONE',  ( 29.87499999999972289, -29.87500000000020250, 21.50000000000029843 ) ) ;
#2843 = DIRECTION ( 'NONE',  ( 0.000000000000000000, -1.000000000000000000, 0.000000000000000000 ) ) ;
#2844 = VECTOR ( 'NONE', #5182, 39.37007874015748143 ) ;
#2845 = DIRECTION ( 'NONE',  ( 1.699999999999999698E-14, 6.999999999999997783E-15, -1.000000000000000000 ) ) ;
#2846 = CARTESIAN_POINT ( 'NONE',  ( -26.99999999999953104, 48.00000000000022027, -0.4999999999997367661 ) ) ;
#2847 = CARTESIAN_POINT ( 'NONE',  ( 29.74999999999985079, -29.74999999999999289, 2.448223304703240455 ) ) ;
#2848 = FACE_OUTER_BOUND ( 'NONE', #3641, .T. ) ;
#2849 = LINE ( 'NONE', #4575, #4467 ) ;
#2850 = DIRECTION ( 'NONE',  ( 3.999999999999702910E-15, -1.000000000000000000, -6.817876800422309632E-15 ) ) ;
#2851 = ORIENTED_EDGE ( 'NONE', *, *, #17, .T. ) ;
#2852 = EDGE_CURVE ( 'NONE', #5008, #5347, #9174, .T. ) ;
#2853 = AXIS2_PLACEMENT_3D ( 'NONE', #9036, #8390, #2244 ) ;
#2854 = ORIENTED_EDGE ( 'NONE', *, *, #58, .T. ) ;
#2855 = EDGE_CURVE ( 'NONE', #235, #2622, #5739, .T. ) ;
#2857 = EDGE_LOOP ( 'NONE', ( #1046, #9524 ) ) ;
#2856 = ADVANCED_FACE ( 'NONE', ( #8586, #7050, #270 ), #2382, .F. ) ;
#2858 = ADVANCED_FACE ( 'NONE', ( #4568, #7613, #3832 ), #6122, .F. ) ;
#2859 = CARTESIAN_POINT ( 'NONE',  ( -29.49999999999960565, 9.749999999999774403, -0.2499999999999879541 ) ) ;
#2860 = ORIENTED_EDGE ( 'NONE', *, *, #8010, .F. ) ;
#2861 = EDGE_CURVE ( 'NONE', #8650, #676, #9592, .T. ) ;
#2862 = FACE_OUTER_BOUND ( 'NONE', #3944, .T. ) ;
#2863 = SURFACE_STYLE_FILL_AREA ( #3561 ) ;
#2864 = DIRECTION ( 'NONE',  ( 1.000000000000000000, 9.106159978880878627E-17, 0.000000000000000000 ) ) ;
#2865 = LINE ( 'NONE', #7433, #8612 ) ;
#2866 = DIRECTION ( 'NONE',  ( -1.000000000000000000, 1.511502517868060083E-14, -2.999999999999998261E-15 ) ) ;
#2867 = ADVANCED_FACE ( 'NONE', ( #4256 ), #4811, .F. ) ;
#2868 = ORIENTED_EDGE ( 'NONE', *, *, #4550, .T. ) ;
#2869 = CYLINDRICAL_SURFACE ( 'NONE', #6514, 0.3149606299212601157 ) ;
#2870 =( GEOMETRIC_REPRESENTATION_CONTEXT ( 3 ) GLOBAL_UNCERTAINTY_ASSIGNED_CONTEXT ( ( #3746 ) ) GLOBAL_UNIT_ASSIGNED_CONTEXT ( ( #5901, #6108, #8916 ) ) REPRESENTATION_CONTEXT ( 'NONE', 'WORKASPACE' ) );
#2871 = CLOSED_SHELL ( 'NONE', ( #8422, #2127, #7169, #5780, #1222, #8675, #4023, #7544, #6943, #8016, #3301, #7040, #9406, #5236, #6493, #9412, #4, #9262, #9731 ) ) ;
#2872 = DIRECTION ( 'NONE',  ( 0.000000000000000000, -1.000000000000000000, 0.000000000000000000 ) ) ;
#2873 = PLANE ( 'NONE',  #1374 ) ;
#2874 = DIRECTION ( 'NONE',  ( 1.699999999999999698E-14, 6.999999999999997783E-15, -1.000000000000000000 ) ) ;
#2875 = CARTESIAN_POINT ( 'NONE',  ( 28.24999999999970512, -29.75000000000022027, 23.00000000000029488 ) ) ;
#2876 = ORIENTED_EDGE ( 'NONE', *, *, #9628, .F. ) ;
#2877 = ORIENTED_EDGE ( 'NONE', *, *, #8830, .T. ) ;
#2878 = VECTOR ( 'NONE', #7108, 39.37007874015748143 ) ;
#2879 = VERTEX_POINT ( 'NONE', #2727 ) ;
#2880 = CARTESIAN_POINT ( 'NONE',  ( 1.081811805491048227E-13, -2.501868876767481484E-13, 23.99999999999896971 ) ) ;
#2881 = CARTESIAN_POINT ( 'NONE',  ( 29.74999999999984368, -29.75000000000001421, 2.448223304703278203 ) ) ;
#2882 = PLANE ( 'NONE',  #1539 ) ;
#2883 = LINE ( 'NONE', #8968, #5904 ) ;
#2884 = AXIS2_PLACEMENT_3D ( 'NONE', #1833, #250, #9197 ) ;
#2885 = CARTESIAN_POINT ( 'NONE',  ( -28.25000000000008527, 29.99999999999981881, 0.6850393700788707241 ) ) ;
#2886 = DIRECTION ( 'NONE',  ( -1.000000000000000000, -8.000000000000084241E-15, -1.700000000000016738E-14 ) ) ;
#2887 = PLANE ( 'NONE',  #9409 ) ;
#2888 = UNCERTAINTY_MEASURE_WITH_UNIT (LENGTH_MEASURE( 1.000000000000000082E-05 ), #9166, 'distance_accuracy_value', 'NONE');
#2889 = EDGE_LOOP ( 'NONE', ( #9093, #2302, #3320, #4704, #8977 ) ) ;
#2890 = FACE_OUTER_BOUND ( 'NONE', #7597, .T. ) ;
#2891 = ORIENTED_EDGE ( 'NONE', *, *, #771, .F. ) ;
#2892 = ADVANCED_FACE ( 'NONE', ( #4071 ), #8639, .T. ) ;
#2893 = EDGE_LOOP ( 'NONE', ( #5984, #4625 ) ) ;
#2894 = VECTOR ( 'NONE', #9176, 39.37007874015748143 ) ;
#2895 = LINE ( 'NONE', #1355, #8287 ) ;
#2896 = CARTESIAN_POINT ( 'NONE',  ( 26.99999999999966604, -27.00000000000020606, 24.30177669529690476 ) ) ;
#2897 = CARTESIAN_POINT ( 'NONE',  ( 29.74999999999976197, -9.749999999999888090, 24.00000000000045475 ) ) ;
#2898 = CARTESIAN_POINT ( 'NONE',  ( -28.56496062992160745, -29.74999999999957367, 0.9999999999996319611 ) ) ;
#2899 = CARTESIAN_POINT ( 'NONE',  ( 29.74999999999964473, 47.99999999999979394, 21.62500000000084199 ) ) ;
#2900 = CARTESIAN_POINT ( 'NONE',  ( 47.99999999999993605, 27.00000000000005329, -0.3749999999996614930 ) ) ;
#2901 = AXIS2_PLACEMENT_3D ( 'NONE', #2585, #5617, #8642 ) ;
#2902 = DIRECTION ( 'NONE',  ( 0.000000000000000000, -1.387778780781445676E-14, 1.000000000000000000 ) ) ;
#2903 = FACE_OUTER_BOUND ( 'NONE', #858, .T. ) ;
#2904 = ORIENTED_EDGE ( 'NONE', *, *, #3853, .T. ) ;
#2905 = ORIENTED_EDGE ( 'NONE', *, *, #8121, .F. ) ;
#2906 = ORIENTED_EDGE ( 'NONE', *, *, #2696, .T. ) ;
#2907 = DIRECTION ( 'NONE',  ( 0.000000000000000000, 1.678580274537768829E-15, -1.000000000000000000 ) ) ;
#2908 = ORIENTED_EDGE ( 'NONE', *, *, #7571, .T. ) ;
#2909 = VECTOR ( 'NONE', #2097, 39.37007874015748143 ) ;
#2910 = AXIS2_PLACEMENT_3D ( 'NONE', #5546, #8563, #4685 ) ;
#2911 = CIRCLE ( 'NONE', #9385, 0.3149606299212601157 ) ;
#2912 = FACE_OUTER_BOUND ( 'NONE', #8624, .T. ) ;
#2913 = CARTESIAN_POINT ( 'NONE',  ( 26.74999999999988276, -28.24999999999996092, 1.000000000000001332 ) ) ;
#2914 = CARTESIAN_POINT ( 'NONE',  ( -29.62499999999977263, 26.74999999999961275, 24.00000000000006750 ) ) ;
#2915 = DIRECTION ( 'NONE',  ( 1.800000000000001481E-14, 6.999999999999997783E-15, -1.000000000000000000 ) ) ;
#2916 = ORIENTED_EDGE ( 'NONE', *, *, #3174, .F. ) ;
#2917 = PLANE ( 'NONE',  #35 ) ;
#2918 = FACE_OUTER_BOUND ( 'NONE', #5881, .T. ) ;
#2919 = DIRECTION ( 'NONE',  ( -3.000000000000293689E-15, -1.000000000000000000, -7.000000000000061681E-15 ) ) ;
#2920 = AXIS2_PLACEMENT_3D ( 'NONE', #2913, #5784, #1323 ) ;
#2921 = CARTESIAN_POINT ( 'NONE',  ( 29.75000000000000355, 9.749999999999651834, -0.2499999999998302191 ) ) ;
#2922 = DIRECTION ( 'NONE',  ( -1.000000000000000000, 2.999999999999936730E-15, -1.799999999999993592E-14 ) ) ;
#2923 = VERTEX_POINT ( 'NONE', #1898 ) ;
#2924 = EDGE_CURVE ( 'NONE', #1897, #676, #1147, .T. ) ;
#2925 = ORIENTED_EDGE ( 'NONE', *, *, #1771, .F. ) ;
#2926 = VERTEX_POINT ( 'NONE', #9456 ) ;
#2927 = MECHANICAL_DESIGN_GEOMETRIC_PRESENTATION_REPRESENTATION (  '', ( #9708 ), #2289 ) ;
#2928 = DIRECTION ( 'NONE',  ( 0.000000000000000000, 0.000000000000000000, 1.000000000000000000 ) ) ;
#2929 = DIRECTION ( 'NONE',  ( 1.348382715945125904E-14, -1.000000000000000000, -9.999999999999928991E-15 ) ) ;
#2930 = SURFACE_SIDE_STYLE ('',( #3674 ) ) ;
#2931 = DIRECTION ( 'NONE',  ( -1.000000000000000000, 1.387778780781444571E-14, 0.000000000000000000 ) ) ;
#2932 = DIRECTION ( 'NONE',  ( 8.000000000000000622E-15, 1.000000000000000000, 7.000000000000000150E-15 ) ) ;
#2933 = CARTESIAN_POINT ( 'NONE',  ( -9.750000000000198952, -29.74999999999980105, -0.2500000000003679279 ) ) ;
#2934 = AXIS2_PLACEMENT_3D ( 'NONE', #6368, #2735, #9606 ) ;
#2935 = CARTESIAN_POINT ( 'NONE',  ( -29.43700000000035999, 29.43699999999950379, 24.24999999999968736 ) ) ;
#2936 = FACE_OUTER_BOUND ( 'NONE', #7444, .T. ) ;
#2937 = VERTEX_POINT ( 'NONE', #6360 ) ;
#2938 = CARTESIAN_POINT ( 'NONE',  ( -29.75000000000014566, -28.24999999999977973, 0.9999999999997187805 ) ) ;
#2939 = VERTEX_POINT ( 'NONE', #5754 ) ;
#2940 = CARTESIAN_POINT ( 'NONE',  ( -9.750000000000198952, -29.49999999999980815, -3.654188172525160182E-13 ) ) ;
#2941 = LINE ( 'NONE', #9613, #7233 ) ;
#2942 = FACE_OUTER_BOUND ( 'NONE', #6411, .T. ) ;
#2943 = FACE_OUTER_BOUND ( 'NONE', #6162, .T. ) ;
#2944 = DIRECTION ( 'NONE',  ( 1.776368096940622102E-14, 6.999999999999997783E-15, -1.000000000000000000 ) ) ;
#2945 = PLANE ( 'NONE',  #3720 ) ;
#2946 = ADVANCED_FACE ( 'NONE', ( #7295 ), #508, .T. ) ;
#2947 = APPLICATION_CONTEXT ( 'automotive_design' ) ;
#2948 = DIRECTION ( 'NONE',  ( -1.748382715945130353E-14, 1.000000000000000000, 6.999999999999929152E-15 ) ) ;
#2949 = DIRECTION ( 'NONE',  ( -4.000000000000001100E-15, -1.000000000000000000, -6.763680969406215830E-15 ) ) ;
#2950 = ORIENTED_EDGE ( 'NONE', *, *, #4724, .T. ) ;
#2951 = VERTEX_POINT ( 'NONE', #3336 ) ;
#2952 = UNCERTAINTY_MEASURE_WITH_UNIT (LENGTH_MEASURE( 1.000000000000000082E-05 ), #8728, 'distance_accuracy_value', 'NONE');
#2953 = VERTEX_POINT ( 'NONE', #4165 ) ;
#2954 = DIRECTION ( 'NONE',  ( 1.387778780781444571E-14, 1.387778780781444571E-14, -1.000000000000000000 ) ) ;
#2955 = ORIENTED_EDGE ( 'NONE', *, *, #5963, .T. ) ;
#2956 = CARTESIAN_POINT ( 'NONE',  ( 29.75000000000000355, 29.74999999999965894, -0.2499999999996901923 ) ) ;
#2957 = FILL_AREA_STYLE ('',( #6637 ) ) ;
#2958 = FACE_BOUND ( 'NONE', #2603, .T. ) ;
#2959 = CARTESIAN_POINT ( 'NONE',  ( 29.99999999999985789, -30.00000000000001421, -0.5000000000000877076 ) ) ;
#2960 = AXIS2_PLACEMENT_3D ( 'NONE', #755, #8289, #4511 ) ;
#2961 = CARTESIAN_POINT ( 'NONE',  ( 29.74999999999964473, 29.74999999999976197, 24.25000000000081712 ) ) ;
#2962 = VERTEX_POINT ( 'NONE', #1800 ) ;
#2963 = FACE_OUTER_BOUND ( 'NONE', #1123, .T. ) ;
#2964 = ORIENTED_EDGE ( 'NONE', *, *, #4284, .F. ) ;
#2965 = VECTOR ( 'NONE', #5420, 39.37007874015748143 ) ;
#2966 = ADVANCED_FACE ( 'NONE', ( #6507 ), #8774, .F. ) ;
#2967 = CIRCLE ( 'NONE', #1386, 0.1250000000000015266 ) ;
#2968 = CARTESIAN_POINT ( 'NONE',  ( 29.62035115497691606, -29.62035115497745963, 24.25000000000031974 ) ) ;
#2969 = CARTESIAN_POINT ( 'NONE',  ( 29.49999999999988631, -28.56496062992122376, 1.000000000000001332 ) ) ;
#2970 = CARTESIAN_POINT ( 'NONE',  ( 9.750000000000001776, 29.49999999999965539, -0.2499999999997719602 ) ) ;
#2971 = AXIS2_PLACEMENT_3D ( 'NONE', #6115, #3827, #9119 ) ;
#2972 = DIRECTION ( 'NONE',  ( 1.000000000000000000, -4.000000000000063420E-15, 2.999999999999915825E-15 ) ) ;
#2973 = CARTESIAN_POINT ( 'NONE',  ( -29.75000000000032330, -28.24999999999955591, 0.9999999999996429523 ) ) ;
#2974 = ORIENTED_EDGE ( 'NONE', *, *, #8843, .F. ) ;
#2975 = ORIENTED_EDGE ( 'NONE', *, *, #2417, .T. ) ;
#2976 = EDGE_CURVE ( 'NONE', #1876, #666, #8032, .T. ) ;
#2977 = VERTEX_POINT ( 'NONE', #2582 ) ;
#2978 = VECTOR ( 'NONE', #4170, 39.37007874015748143 ) ;
#2979 = EDGE_CURVE ( 'NONE', #7001, #859, #414, .T. ) ;
#2980 = DIRECTION ( 'NONE',  ( -3.491481338843133355E-15, 1.000000000000000000, 0.000000000000000000 ) ) ;
#2981 = CARTESIAN_POINT ( 'NONE',  ( -26.74999999999975131, 29.62499999999959144, 24.00000000000009237 ) ) ;
#2982 = ADVANCED_FACE ( 'NONE', ( #5614 ), #1104, .F. ) ;
#2983 = CARTESIAN_POINT ( 'NONE',  ( 29.49999999999988631, -28.24999999999996092, 1.000000000000001332 ) ) ;
#2984 = VECTOR ( 'NONE', #2114, 39.37007874015748143 ) ;
#2985 = CARTESIAN_POINT ( 'NONE',  ( 29.62035115497683435, 29.62035115497701554, 24.25000000000071410 ) ) ;
#2986 = EDGE_CURVE ( 'NONE', #8752, #3910, #4118, .T. ) ;
#2987 = CARTESIAN_POINT ( 'NONE',  ( 29.43699999999964234, 29.43699999999973826, 24.25000000000074252 ) ) ;
#2988 = DIRECTION ( 'NONE',  ( -1.387778780781444571E-14, -1.000000000000000000, -6.938893903907222856E-15 ) ) ;
#2989 = AXIS2_PLACEMENT_3D ( 'NONE', #4052, #8617, #4287 ) ;
#2990 = ORIENTED_EDGE ( 'NONE', *, *, #3711, .F. ) ;
#2991 = CARTESIAN_POINT ( 'NONE',  ( -29.74999999999974776, 29.74999999999961275, 24.00000000000008527 ) ) ;
#2992 = VERTEX_POINT ( 'NONE', #7904 ) ;
#2993 = CIRCLE ( 'NONE', #1725, 0.3149606299212601157 ) ;
#2994 = ORIENTED_EDGE ( 'NONE', *, *, #3327, .T. ) ;
#2995 = DIRECTION ( 'NONE',  ( -1.000000000000000000, 1.486340760031678554E-14, -3.000000000000001022E-15 ) ) ;
#2996 = CYLINDRICAL_SURFACE ( 'NONE', #5653, 0.3149606299212601157 ) ;
#2997 = VECTOR ( 'NONE', #9674, 39.37007874015748143 ) ;
#2998 = CARTESIAN_POINT ( 'NONE',  ( -30.00000000000008882, 29.74999999999979750, 2.500000000000124345 ) ) ;
#2999 = CARTESIAN_POINT ( 'NONE',  ( 26.74999999999988276, -29.62499999999996092, 0.000000000000000000 ) ) ;
#3000 = CIRCLE ( 'NONE', #1099, 0.3149606299212598381 ) ;
#3001 = EDGE_CURVE ( 'NONE', #4905, #8752, #7150, .T. ) ;
#3002 = CARTESIAN_POINT ( 'NONE',  ( 28.56496062992126994, 29.74999999999991829, 0.9999999999998024913 ) ) ;
#3003 = CARTESIAN_POINT ( 'NONE',  ( 27.05177669529630080, 27.05177669529636120, 24.25000000000068212 ) ) ;
#3004 = CARTESIAN_POINT ( 'NONE',  ( 28.56496062992114204, -29.74999999999996447, 1.000000000000001332 ) ) ;
#3005 = EDGE_LOOP ( 'NONE', ( #5700, #621, #5685, #3593 ) ) ;
#3006 = VERTEX_POINT ( 'NONE', #2626 ) ;
#3007 = ORIENTED_EDGE ( 'NONE', *, *, #1067, .T. ) ;
#3008 = AXIS2_PLACEMENT_3D ( 'NONE', #246, #8462, #1670 ) ;
#3009 = FACE_OUTER_BOUND ( 'NONE', #3088, .T. ) ;
#3010 = ORIENTED_EDGE ( 'NONE', *, *, #8395, .F. ) ;
#3011 = EDGE_CURVE ( 'NONE', #975, #9375, #2675, .T. ) ;
#3012 = DIRECTION ( 'NONE',  ( -3.914423644570133469E-15, 1.000000000000000000, 9.999999999999914791E-15 ) ) ;
#3013 = CARTESIAN_POINT ( 'NONE',  ( -29.74999999999954525, 48.00000000000022027, 2.375000000000252243 ) ) ;
#3014 = PLANE ( 'NONE',  #1142 ) ;
#3015 = EDGE_CURVE ( 'NONE', #2443, #6047, #4384, .T. ) ;
#3016 = ORIENTED_EDGE ( 'NONE', *, *, #4574, .T. ) ;
#3017 = EDGE_CURVE ( 'NONE', #941, #9248, #1241, .T. ) ;
#3018 = CARTESIAN_POINT ( 'NONE',  ( 26.99999999999961631, 26.99999999999977263, 24.37500000000064304 ) ) ;
#3019 = EDGE_CURVE ( 'NONE', #7034, #4905, #8137, .T. ) ;
#3020 = ORIENTED_EDGE ( 'NONE', *, *, #3684, .T. ) ;
#3021 = COLOUR_RGB ( '',0.7921568627450980005, 0.8196078431372548767, 0.9333333333333333481 ) ;
#3022 = CARTESIAN_POINT ( 'NONE',  ( -27.93503937007848847, 29.49999999999960565, 22.99999999999975486 ) ) ;
#3023 = DIRECTION ( 'NONE',  ( 1.000000000000000000, 1.365923996832131856E-16, 0.000000000000000000 ) ) ;
#3024 = PLANE ( 'NONE',  #7566 ) ;
#3025 = CARTESIAN_POINT ( 'NONE',  ( 29.74999999999988631, -26.74999999999996092, 0.000000000000000000 ) ) ;
#3026 = DIRECTION ( 'NONE',  ( 1.000000000000000000, 0.000000000000000000, 0.000000000000000000 ) ) ;
#3027 = ADVANCED_FACE ( 'NONE', ( #6751 ), #5107, .F. ) ;
#3028 = EDGE_CURVE ( 'NONE', #4891, #6137, #18, .T. ) ;
#3029 = VERTEX_POINT ( 'NONE', #7448 ) ;
#3030 = ORIENTED_EDGE ( 'NONE', *, *, #3328, .T. ) ;
#3031 = ORIENTED_EDGE ( 'NONE', *, *, #8347, .F. ) ;
#3032 = ORIENTED_EDGE ( 'NONE', *, *, #192, .T. ) ;
#3033 =( BOUNDED_CURVE ( )  B_SPLINE_CURVE ( 3, ( #9737, #3075, #9156, #8277 ),
 .UNSPECIFIED., .F., .T. ) 
 B_SPLINE_CURVE_WITH_KNOTS ( ( 4, 4 ),
 ( 4.930380657631259740E-32, 1.570796326794895004 ),
 .UNSPECIFIED. ) 
 CURVE ( )  GEOMETRIC_REPRESENTATION_ITEM ( )  RATIONAL_B_SPLINE_CURVE ( ( 1.000000000000000000, 0.8047378541243649375, 0.8047378541243649375, 1.000000000000000000 ) ) 
 REPRESENTATION_ITEM ( '' )  );
#3034 = DIRECTION ( 'NONE',  ( 1.509903313490203113E-14, 1.400188981814608305E-14, -0.9999999999999998890 ) ) ;
#3035 = LINE ( 'NONE', #2830, #1877 ) ;
#3036 = CARTESIAN_POINT ( 'NONE',  ( 29.87499999999990763, 29.87499999999996447, 2.500000000000331735 ) ) ;
#3037 = PLANE ( 'NONE',  #1690 ) ;
#3038 = SURFACE_STYLE_FILL_AREA ( #756 ) ;
#3039 = LINE ( 'NONE', #5267, #569 ) ;
#3040 = ADVANCED_FACE ( 'NONE', ( #2037, #6802, #8869 ), #5957, .F. ) ;
#3041 = AXIS2_PLACEMENT_3D ( 'NONE', #9618, #5974, #4330 ) ;
#3042 = ORIENTED_EDGE ( 'NONE', *, *, #3279, .T. ) ;
#3043 = EDGE_CURVE ( 'NONE', #8471, #2460, #8183, .T. ) ;
#3044 = CARTESIAN_POINT ( 'NONE',  ( 29.87499999999972999, -29.87500000000021316, 21.50000000000032685 ) ) ;
#3045 = VERTEX_POINT ( 'NONE', #1344 ) ;
#3046 = FACE_OUTER_BOUND ( 'NONE', #1178, .T. ) ;
#3047 = CARTESIAN_POINT ( 'NONE',  ( 28.24999999999987921, -29.74999999999997513, 0.9999999999998714362 ) ) ;
#3048 = AXIS2_PLACEMENT_3D ( 'NONE', #4290, #2810, #7326 ) ;
#3049 = LINE ( 'NONE', #2197, #1072 ) ;
#3050 = EDGE_CURVE ( 'NONE', #8027, #5464, #1442, .T. ) ;
#3051 = LINE ( 'NONE', #8884, #6524 ) ;
#3052 = DIRECTION ( 'NONE',  ( -7.999999999999707165E-15, 1.000000000000000000, 6.999999999999831333E-15 ) ) ;
#3053 = DIRECTION ( 'NONE',  ( -1.000000000000000000, -8.000000000000084241E-15, -1.700000000000016738E-14 ) ) ;
#3054 = CARTESIAN_POINT ( 'NONE',  ( -29.62499999999969802, 26.87499999999978328, 6.556435184794231409E-14 ) ) ;
#3055 = ORIENTED_EDGE ( 'NONE', *, *, #5638, .T. ) ;
#3056 = VECTOR ( 'NONE', #5440, 39.37007874015748143 ) ;
#3057 = ORIENTED_EDGE ( 'NONE', *, *, #5253, .F. ) ;
#3058 = EDGE_CURVE ( 'NONE', #4129, #61, #3035, .T. ) ;
#3059 = CARTESIAN_POINT ( 'NONE',  ( -29.74999999999990763, -28.25000000000046185, 22.68503937007800531 ) ) ;
#3060 = CARTESIAN_POINT ( 'NONE',  ( 26.75000000000000000, 29.62499999999993250, -1.857656635691698878E-13 ) ) ;
#3061 = AXIS2_PLACEMENT_3D ( 'NONE', #8237, #1446, #8291 ) ;
#3062 = CIRCLE ( 'NONE', #8438, 0.3149606299212601157 ) ;
#3063 = FACE_OUTER_BOUND ( 'NONE', #822, .T. ) ;
#3064 = DIRECTION ( 'NONE',  ( 1.000000000000000000, 2.999999999999978934E-15, 3.000000000000020743E-15 ) ) ;
#3065 = VERTEX_POINT ( 'NONE', #8964 ) ;
#3066 = CARTESIAN_POINT ( 'NONE',  ( -28.25000000000029132, -27.00000000000005329, 22.99999999999930012 ) ) ;
#3067 = STYLED_ITEM ( 'NONE', ( #7231 ), #1865 ) ;
#3068 = AXIS2_PLACEMENT_3D ( 'NONE', #91, #1758, #6084 ) ;
#3069 = ORIENTED_EDGE ( 'NONE', *, *, #5938, .T. ) ;
#3070 = DIRECTION ( 'NONE',  ( 0.7071067811865466846, 0.7071067811865483499, 7.135458086581828361E-15 ) ) ;
#3071 = DIRECTION ( 'NONE',  ( -2.999999999999999839E-15, 1.000000000000000000, 6.999999999999998572E-15 ) ) ;
#3072 = ADVANCED_FACE ( 'NONE', ( #7394 ), #5052, .F. ) ;
#3073 = AXIS2_PLACEMENT_3D ( 'NONE', #8532, #4852, #4809 ) ;
#3074 = AXIS2_PLACEMENT_3D ( 'NONE', #6734, #2809, #2915 ) ;
#3075 = CARTESIAN_POINT ( 'NONE',  ( 29.74999999999966960, -29.75000000000025580, 24.12035115497752003 ) ) ;
#3076 = ORIENTED_EDGE ( 'NONE', *, *, #871, .F. ) ;
#3077 = VERTEX_POINT ( 'NONE', #607 ) ;
#3078 = ORIENTED_EDGE ( 'NONE', *, *, #828, .T. ) ;
#3079 = DIRECTION ( 'NONE',  ( -1.400188981814613512E-14, 1.509903313490198380E-14, -0.9999999999999998890 ) ) ;
#3080 = CARTESIAN_POINT ( 'NONE',  ( -30.00000000000016698, -29.99999999999978684, 2.499999999999705125 ) ) ;
#3081 = DIRECTION ( 'NONE',  ( -1.000000000000000000, 8.000000000000082663E-15, -3.817876800422215130E-15 ) ) ;
#3082 = DIRECTION ( 'NONE',  ( 1.748382715945130353E-14, -1.000000000000000000, -6.999999999999929152E-15 ) ) ;
#3083 = DIRECTION ( 'NONE',  ( -4.000000000000001100E-15, -1.000000000000000000, -6.817876800422381418E-15 ) ) ;
#3084 = DIRECTION ( 'NONE',  ( -1.000000000000000000, 2.799999999999999112E-29, -4.000000000000000311E-15 ) ) ;
#3085 = ORIENTED_EDGE ( 'NONE', *, *, #745, .T. ) ;
#3086 =( BOUNDED_CURVE ( )  B_SPLINE_CURVE ( 3, ( #8907, #598, #8326, #4445 ),
 .UNSPECIFIED., .F., .F. ) 
 B_SPLINE_CURVE_WITH_KNOTS ( ( 4, 4 ),
 ( 0.000000000000000000, 1.570796326794863695 ),
 .UNSPECIFIED. ) 
 CURVE ( )  GEOMETRIC_REPRESENTATION_ITEM ( )  RATIONAL_B_SPLINE_CURVE ( ( 1.000000000000000000, 0.8047378541243728201, 0.8047378541243728201, 1.000000000000000000 ) ) 
 REPRESENTATION_ITEM ( '' )  );
#3087 = DIRECTION ( 'NONE',  ( 1.699999999999999698E-14, 6.999999999999997783E-15, -1.000000000000000000 ) ) ;
#3088 = EDGE_LOOP ( 'NONE', ( #5656, #9246, #3319, #6334 ) ) ;
#3089 = VERTEX_POINT ( 'NONE', #558 ) ;
#3090 = CARTESIAN_POINT ( 'NONE',  ( 29.75000000000000355, 9.749999999999651834, -0.2499999999998302191 ) ) ;
#3091 = DIRECTION ( 'NONE',  ( -2.999999999999999839E-15, -9.999999999999998410E-15, 1.000000000000000000 ) ) ;
#3092 = VECTOR ( 'NONE', #3792, 39.37007874015748143 ) ;
#3093 = CARTESIAN_POINT ( 'NONE',  ( -30.00000000000012790, -29.99999999999975486, 2.499999999999695355 ) ) ;
#3094 = LINE ( 'NONE', #88, #3516 ) ;
#3095 = CARTESIAN_POINT ( 'NONE',  ( -29.49999999999969447, 28.24999999999977263, 1.000000000000075717 ) ) ;
#3096 = VERTEX_POINT ( 'NONE', #8082 ) ;
#3097 = PLANE ( 'NONE',  #9075 ) ;
#3098 = ORIENTED_EDGE ( 'NONE', *, *, #1526, .T. ) ;
#3099 = VERTEX_POINT ( 'NONE', #1495 ) ;
#3100 = DIRECTION ( 'NONE',  ( 0.7071067811865516806, -0.7071067811865433539, 7.071067811865676887E-15 ) ) ;
#3101 = CARTESIAN_POINT ( 'NONE',  ( 26.99999999999985434, -28.25000000000002487, 1.314960629921175794 ) ) ;
#3102 = ADVANCED_FACE ( 'NONE', ( #1289 ), #4308, .T. ) ;
#3103 = CARTESIAN_POINT ( 'NONE',  ( 29.74999999999968026, -29.75000000000022027, 23.93700000000029604 ) ) ;
#3104 = CYLINDRICAL_SURFACE ( 'NONE', #3834, 0.3149606299212601157 ) ;
#3105 = ORIENTED_EDGE ( 'NONE', *, *, #2210, .F. ) ;
#3106 = DIRECTION ( 'NONE',  ( -2.999999999999999839E-15, -6.999999999999997783E-15, 1.000000000000000000 ) ) ;
#3107 = ORIENTED_EDGE ( 'NONE', *, *, #4241, .T. ) ;
#3108 = VECTOR ( 'NONE', #6851, 39.37007874015748143 ) ;
#3109 = PRESENTATION_STYLE_ASSIGNMENT (( #3857 ) ) ;
#3110 = FACE_OUTER_BOUND ( 'NONE', #601, .T. ) ;
#3111 = LINE ( 'NONE', #249, #385 ) ;
#3112 = CARTESIAN_POINT ( 'NONE',  ( 26.99999999999985789, -27.00000000000000711, -0.3750000000000752176 ) ) ;
#3113 = DIRECTION ( 'NONE',  ( 0.000000000000000000, -1.000000000000000000, -7.102804783526997988E-15 ) ) ;
#3114 = EDGE_CURVE ( 'NONE', #7941, #9248, #5105, .T. ) ;
#3115 = ORIENTED_EDGE ( 'NONE', *, *, #2765, .T. ) ;
#3116 = VERTEX_POINT ( 'NONE', #709 ) ;
#3117 = EDGE_LOOP ( 'NONE', ( #16, #3010, #4647, #6373 ) ) ;
#3118 = VECTOR ( 'NONE', #7308, 39.37007874015748143 ) ;
#3119 = ORIENTED_EDGE ( 'NONE', *, *, #53, .F. ) ;
#3120 = CYLINDRICAL_SURFACE ( 'NONE', #1231, 0.1250000000000015266 ) ;
#3121 = EDGE_CURVE ( 'NONE', #7653, #24, #137, .T. ) ;
#3122 =( CONVERSION_BASED_UNIT ( 'INCH', #6804 ) LENGTH_UNIT ( ) NAMED_UNIT ( #9573 ) );
#3123 = CARTESIAN_POINT ( 'NONE',  ( 26.99999999999991118, 26.99999999999998934, -0.3749999999996971312 ) ) ;
#3124 = CARTESIAN_POINT ( 'NONE',  ( 29.74999999999998934, 26.74999999999991829, -2.076204475184839967E-13 ) ) ;
#3125 = VECTOR ( 'NONE', #6454, 39.37007874015748143 ) ;
#3126 = AXIS2_PLACEMENT_3D ( 'NONE', #6427, #9567, #7919 ) ;
#3127 = CARTESIAN_POINT ( 'NONE',  ( 28.24999999999966604, 29.99999999999974420, 23.00000000000072831 ) ) ;
#3128 = EDGE_LOOP ( 'NONE', ( #6612, #2176, #5359, #8543 ) ) ;
#3129 = CARTESIAN_POINT ( 'NONE',  ( -29.75000000000041211, -29.74999999999978328, 23.99999999999963052 ) ) ;
#3130 = AXIS2_PLACEMENT_3D ( 'NONE', #2738, #2535, #6370 ) ;
#3131 = ORIENTED_EDGE ( 'NONE', *, *, #5294, .T. ) ;
#3132 = EDGE_LOOP ( 'NONE', ( #4207, #1886, #3016, #5814 ) ) ;
#3133 = AXIS2_PLACEMENT_3D ( 'NONE', #7788, #8376, #8331 ) ;
#3134 =( REPRESENTATION_RELATIONSHIP ('NONE','NONE', #4286, #4985 ) REPRESENTATION_RELATIONSHIP_WITH_TRANSFORMATION ( #3323 )SHAPE_REPRESENTATION_RELATIONSHIP( ) );
#3135 = DIRECTION ( 'NONE',  ( 0.000000000000000000, 1.000000000000000000, 0.000000000000000000 ) ) ;
#3136 = LINE ( 'NONE', #8486, #1215 ) ;
#3137 = SURFACE_STYLE_FILL_AREA ( #767 ) ;
#3138 = DIRECTION ( 'NONE',  ( -1.000000000000000000, 8.000000000000063731E-15, -2.999999999999831811E-15 ) ) ;
#3139 = VECTOR ( 'NONE', #3191, 39.37007874015748143 ) ;
#3140 = LINE ( 'NONE', #907, #8278 ) ;
#3141 = FACE_BOUND ( 'NONE', #3456, .T. ) ;
#3142 = DIRECTION ( 'NONE',  ( 1.000000000000000000, -8.000000000000063731E-15, 2.999999999999919769E-15 ) ) ;
#3143 = AXIS2_PLACEMENT_3D ( 'NONE', #4678, #5436, #186 ) ;
#3144 = ORIENTED_EDGE ( 'NONE', *, *, #7675, .F. ) ;
#3145 = CARTESIAN_POINT ( 'NONE',  ( 26.99999999999992895, 26.99999999999998934, -0.4999999999997244982 ) ) ;
#3146 = ORIENTED_EDGE ( 'NONE', *, *, #6800, .F. ) ;
#3147 = DIMENSIONAL_EXPONENTS ( 1.000000000000000000, 0.000000000000000000, 0.000000000000000000, 0.000000000000000000, 0.000000000000000000, 0.000000000000000000, 0.000000000000000000 ) ;
#3148 = EDGE_CURVE ( 'NONE', #243, #8647, #657, .T. ) ;
#3149 = ORIENTED_EDGE ( 'NONE', *, *, #3511, .F. ) ;
#3150 = LINE ( 'NONE', #8453, #2740 ) ;
#3151 = CARTESIAN_POINT ( 'NONE',  ( 29.74999999999988631, -29.24999999999996092, 0.000000000000000000 ) ) ;
#3152 = CARTESIAN_POINT ( 'NONE',  ( 29.49999999999988987, 29.50000000000000000, -0.4999999999997002953 ) ) ;
#3153 = CARTESIAN_POINT ( 'NONE',  ( -29.75000000000015987, -29.74999999999976552, 2.448223304703072589 ) ) ;
#3154 = ADVANCED_FACE ( 'NONE', ( #9022 ), #8285, .F. ) ;
#3155 = AXIS2_PLACEMENT_3D ( 'NONE', #1278, #1227, #3419 ) ;
#3156 = EDGE_LOOP ( 'NONE', ( #719, #2801, #1451, #5403 ) ) ;
#3157 = EDGE_CURVE ( 'NONE', #3907, #3065, #2027, .T. ) ;
#3158 = ADVANCED_FACE ( 'NONE', ( #849 ), #3867, .F. ) ;
#3159 = LINE ( 'NONE', #3806, #1916 ) ;
#3160 = ORIENTED_EDGE ( 'NONE', *, *, #5482, .F. ) ;
#3161 = AXIS2_PLACEMENT_3D ( 'NONE', #7437, #4443, #1484 ) ;
#3162 = DIRECTION ( 'NONE',  ( -8.000000000000000622E-15, -1.000000000000000000, -6.999999999999997783E-15 ) ) ;
#3163 = DIRECTION ( 'NONE',  ( 1.000000000000000000, -1.000000000000064567E-15, 3.236319030593773114E-15 ) ) ;
#3164 = ADVANCED_FACE ( 'NONE', ( #6849 ), #3175, .F. ) ;
#3165 = DIRECTION ( 'NONE',  ( -4.000000000000000311E-15, -6.999999999999997783E-15, 1.000000000000000000 ) ) ;
#3166 = CARTESIAN_POINT ( 'NONE',  ( 28.99999999999991473, 29.08333333333332504, 2.962480155073112329E-13 ) ) ;
#3167 = EDGE_CURVE ( 'NONE', #847, #7641, #892, .T. ) ;
#3168 = PLANE ( 'NONE',  #193 ) ;
#3169 = CARTESIAN_POINT ( 'NONE',  ( -29.74999999999977618, 26.74999999999961631, 24.00000000000006750 ) ) ;
#3170 = ORIENTED_EDGE ( 'NONE', *, *, #1515, .T. ) ;
#3171 = EDGE_LOOP ( 'NONE', ( #7435, #653, #9419, #8232 ) ) ;
#3172 = ORIENTED_EDGE ( 'NONE', *, *, #4995, .T. ) ;
#3173 = EDGE_LOOP ( 'NONE', ( #9480, #664, #6020, #5460 ) ) ;
#3174 = EDGE_CURVE ( 'NONE', #2802, #7266, #3223, .T. ) ;
#3175 = PLANE ( 'NONE',  #3915 ) ;
#3176 = PRESENTATION_STYLE_ASSIGNMENT (( #6944 ) ) ;
#3177 = CARTESIAN_POINT ( 'NONE',  ( 26.99999999999991118, 28.24999999999997868, 1.000000000000311084 ) ) ;
#3178 = PLANE ( 'NONE',  #3846 ) ;
#3179 = CARTESIAN_POINT ( 'NONE',  ( 29.99999999999991829, 29.99999999999998934, -0.4999999999996675437 ) ) ;
#3180 = ORIENTED_EDGE ( 'NONE', *, *, #6885, .F. ) ;
#3181 = LINE ( 'NONE', #6205, #7894 ) ;
#3182 = ORIENTED_EDGE ( 'NONE', *, *, #8339, .F. ) ;
#3183 = CLOSED_SHELL ( 'NONE', ( #8558, #3559, #3072, #3158, #6516, #1623, #5072 ) ) ;
#3184 = ORIENTED_EDGE ( 'NONE', *, *, #2452, .T. ) ;
#3185 = CARTESIAN_POINT ( 'NONE',  ( 47.99999999999993605, 27.00000000000005329, -0.3749999999996614930 ) ) ;
#3186 = AXIS2_PLACEMENT_3D ( 'NONE', #3724, #7645, #8284 ) ;
#3187 = ORIENTED_EDGE ( 'NONE', *, *, #8536, .F. ) ;
#3188 = DIRECTION ( 'NONE',  ( -2.999999999999999050E-15, -6.817876800422381418E-15, 1.000000000000000000 ) ) ;
#3189 = DIRECTION ( 'NONE',  ( 0.000000000000000000, -1.387778780781445676E-14, 1.000000000000000000 ) ) ;
#3190 = CIRCLE ( 'NONE', #6530, 0.3149606299212600047 ) ;
#3191 = DIRECTION ( 'NONE',  ( -3.999999999999702910E-15, 1.000000000000000000, 6.817876800422296221E-15 ) ) ;
#3192 = DIRECTION ( 'NONE',  ( -2.999999999999999839E-15, 1.000000000000000000, 6.999999999999998572E-15 ) ) ;
#3193 = DIRECTION ( 'NONE',  ( -1.699999999999999698E-14, -9.999999999999998410E-15, 1.000000000000000000 ) ) ;
#3194 = EDGE_CURVE ( 'NONE', #189, #1905, #3960, .T. ) ;
#3195 = ORIENTED_EDGE ( 'NONE', *, *, #547, .T. ) ;
#3196 = LINE ( 'NONE', #9181, #1321 ) ;
#3197 = ORIENTED_EDGE ( 'NONE', *, *, #6249, .T. ) ;
#3198 = EDGE_LOOP ( 'NONE', ( #3220, #6148 ) ) ;
#3199 = CIRCLE ( 'NONE', #8260, 0.2499999999999986955 ) ;
#3200 = DIRECTION ( 'NONE',  ( 1.800000000000001481E-14, 6.999999999999997783E-15, -1.000000000000000000 ) ) ;
#3201 = LINE ( 'NONE', #142, #5364 ) ;
#3202 = EDGE_CURVE ( 'NONE', #7172, #5418, #1542, .T. ) ;
#3203 = PRODUCT_DEFINITION ( 'UNKNOWN', '', #1124, #5133 ) ;
#3204 = CARTESIAN_POINT ( 'NONE',  ( 9.750000000000001776, 29.74999999999965183, -0.2499999999997701838 ) ) ;
#3205 = VECTOR ( 'NONE', #5191, 39.37007874015748143 ) ;
#3206 = DIRECTION ( 'NONE',  ( 0.000000000000000000, -1.387778780781446149E-14, 1.000000000000000000 ) ) ;
#3207 = ORIENTED_EDGE ( 'NONE', *, *, #3582, .F. ) ;
#3208 = EDGE_LOOP ( 'NONE', ( #6690, #844, #4255, #6040 ) ) ;
#3209 = MECHANICAL_DESIGN_GEOMETRIC_PRESENTATION_REPRESENTATION (  '', ( #9515 ), #5583 ) ;
#3210 = AXIS2_PLACEMENT_3D ( 'NONE', #358, #4019, #3272 ) ;
#3211 = FACE_OUTER_BOUND ( 'NONE', #401, .T. ) ;
#3212 = PRODUCT ( '102049', '102049', '', ( #1040 ) ) ;
#3213 = LINE ( 'NONE', #154, #205 ) ;
#3214 = DIRECTION ( 'NONE',  ( 3.000000000000000233E-15, -1.000000000000000000, -7.182123199577606259E-15 ) ) ;
#3215 = CIRCLE ( 'NONE', #3381, 0.3149606299212601157 ) ;
#3216 = AXIS2_PLACEMENT_3D ( 'NONE', #7451, #6061, #3676 ) ;
#3217 = ORIENTED_EDGE ( 'NONE', *, *, #4754, .F. ) ;
#3218 = EDGE_LOOP ( 'NONE', ( #4765, #8026, #3069, #4009 ) ) ;
#3219 = AXIS2_PLACEMENT_3D ( 'NONE', #9398, #2609, #5641 ) ;
#3220 = ORIENTED_EDGE ( 'NONE', *, *, #4724, .F. ) ;
#3221 = ORIENTED_EDGE ( 'NONE', *, *, #7688, .F. ) ;
#3222 = SHAPE_DEFINITION_REPRESENTATION ( #7813, #3611 ) ;
#3223 = LINE ( 'NONE', #3080, #6928 ) ;
#3224 = AXIS2_PLACEMENT_3D ( 'NONE', #7073, #6339, #8067 ) ;
#3225 = DIRECTION ( 'NONE',  ( 1.000000000000000000, -1.000000000000062989E-15, 2.999999999999978934E-15 ) ) ;
#3226 = PRESENTATION_STYLE_ASSIGNMENT (( #263 ) ) ;
#3227 = EDGE_CURVE ( 'NONE', #9317, #8117, #1077, .T. ) ;
#3228 = FACE_OUTER_BOUND ( 'NONE', #6986, .T. ) ;
#3229 = ORIENTED_EDGE ( 'NONE', *, *, #7521, .T. ) ;
#3230 = ORIENTED_EDGE ( 'NONE', *, *, #3428, .T. ) ;
#3231 = EDGE_LOOP ( 'NONE', ( #6727, #281, #2552, #846 ) ) ;
#3232 = MECHANICAL_DESIGN_GEOMETRIC_PRESENTATION_REPRESENTATION (  '', ( #232 ), #6238 ) ;
#3233 = DIRECTION ( 'NONE',  ( 1.000000000000000000, -1.000000000000062989E-15, 2.999999999999978934E-15 ) ) ;
#3234 = ORIENTED_EDGE ( 'NONE', *, *, #6683, .F. ) ;
#3235 = LINE ( 'NONE', #903, #287 ) ;
#3236 =( LENGTH_UNIT ( ) NAMED_UNIT ( * ) SI_UNIT ( $, .METRE. ) );
#3237 = CARTESIAN_POINT ( 'NONE',  ( -26.74999999999975131, 29.74999999999959144, 24.00000000000009237 ) ) ;
#3238 = CARTESIAN_POINT ( 'NONE',  ( 29.74999999999988631, -29.74999999999999645, -0.2500000000001916800 ) ) ;
#3239 = DIRECTION ( 'NONE',  ( -7.000000000000000938E-15, 0.000000000000000000, -1.000000000000000000 ) ) ;
#3240 = DIRECTION ( 'NONE',  ( -3.000000000000289351E-15, -1.000000000000000000, -7.236319030593846000E-15 ) ) ;
#3241 = LINE ( 'NONE', #5327, #5472 ) ;
#3242 = ORIENTED_EDGE ( 'NONE', *, *, #4167, .F. ) ;
#3243 = LINE ( 'NONE', #6269, #292 ) ;
#3244 = ORIENTED_EDGE ( 'NONE', *, *, #2430, .F. ) ;
#3245 = ORIENTED_EDGE ( 'NONE', *, *, #1023, .T. ) ;
#3246 = AXIS2_PLACEMENT_3D ( 'NONE', #8701, #6474, #9476 ) ;
#3247 = CARTESIAN_POINT ( 'NONE',  ( 29.99999999999992184, 29.75000000000000355, -0.4999999999996966871 ) ) ;
#3248 = DIRECTION ( 'NONE',  ( 0.000000000000000000, -1.000000000000000000, -6.999999999999997783E-15 ) ) ;
#3249 = ADVANCED_FACE ( 'NONE', ( #9112 ), #66, .T. ) ;
#3250 = PLANE ( 'NONE',  #402 ) ;
#3251 = VECTOR ( 'NONE', #4657, 39.37007874015748143 ) ;
#3252 = CARTESIAN_POINT ( 'NONE',  ( -29.74999999999969091, 28.56496062992103546, 1.000000000000077938 ) ) ;
#3253 = ORIENTED_EDGE ( 'NONE', *, *, #7585, .F. ) ;
#3254 = DIRECTION ( 'NONE',  ( -1.799999999999995801E-14, -7.118159515296895465E-15, 1.000000000000000000 ) ) ;
#3255 = EDGE_CURVE ( 'NONE', #2636, #2977, #5363, .T. ) ;
#3256 = ORIENTED_EDGE ( 'NONE', *, *, #989, .F. ) ;
#3257 = DIRECTION ( 'NONE',  ( 1.000000000000000000, 0.000000000000000000, 0.000000000000000000 ) ) ;
#3258 = CARTESIAN_POINT ( 'NONE',  ( 29.99999999999993250, 29.83333333333332504, 0.6666666666669713859 ) ) ;
#3259 = DIRECTION ( 'NONE',  ( 1.387778780781444571E-14, 1.387778780781444571E-14, -1.000000000000000000 ) ) ;
#3260 = LINE ( 'NONE', #6438, #5744 ) ;
#3261 = ORIENTED_EDGE ( 'NONE', *, *, #8886, .T. ) ;
#3262 = VERTEX_POINT ( 'NONE', #162 ) ;
#3263 = ORIENTED_EDGE ( 'NONE', *, *, #506, .F. ) ;
#3264 = VERTEX_POINT ( 'NONE', #1739 ) ;
#3265 = ADVANCED_FACE ( 'NONE', ( #9071, #2283, #4743 ), #7602, .T. ) ;
#3266 = VECTOR ( 'NONE', #8138, 39.37007874015748143 ) ;
#3267 = SHAPE_DEFINITION_REPRESENTATION ( #2494, #5315 ) ;
#3268 = CARTESIAN_POINT ( 'NONE',  ( -29.75000000000019895, -29.74999999999964473, -0.2500000000004278800 ) ) ;
#3269 = FACE_OUTER_BOUND ( 'NONE', #7281, .T. ) ;
#3270 = DIRECTION ( 'NONE',  ( -2.999999999999999839E-15, -6.999999999999997783E-15, 1.000000000000000000 ) ) ;
#3271 = PLANE ( 'NONE',  #6551 ) ;
#3272 = DIRECTION ( 'NONE',  ( 1.799999999999999903E-14, 6.999999999999997783E-15, -1.000000000000000000 ) ) ;
#3273 = EDGE_CURVE ( 'NONE', #3480, #1060, #4604, .T. ) ;
#3274 = VECTOR ( 'NONE', #7637, 39.37007874015748143 ) ;
#3275 = ORIENTED_EDGE ( 'NONE', *, *, #8253, .F. ) ;
#3276 = VERTEX_POINT ( 'NONE', #4653 ) ;
#3277 = ADVANCED_FACE ( 'NONE', ( #6109 ), #8476, .F. ) ;
#3278 = EDGE_LOOP ( 'NONE', ( #2266, #6244, #2525, #362 ) ) ;
#3279 = EDGE_CURVE ( 'NONE', #3527, #503, #295, .T. ) ;
#3280 = EDGE_CURVE ( 'NONE', #3099, #9623, #8674, .T. ) ;
#3281 = FACE_OUTER_BOUND ( 'NONE', #6209, .T. ) ;
#3282 = ORIENTED_EDGE ( 'NONE', *, *, #9559, .F. ) ;
#3283 = CARTESIAN_POINT ( 'NONE',  ( 9.749999999999761968, -29.74999999999988987, 23.99999999999997868 ) ) ;
#3284 =( NAMED_UNIT ( * ) PLANE_ANGLE_UNIT ( ) SI_UNIT ( $, .RADIAN. ) );
#3285 = VECTOR ( 'NONE', #7211, 39.37007874015748143 ) ;
#3286 = CARTESIAN_POINT ( 'NONE',  ( -27.12500000000035172, 27.12499999999950973, 24.24999999999971223 ) ) ;
#3287 = VECTOR ( 'NONE', #7663, 39.37007874015748143 ) ;
#3288 = FILL_AREA_STYLE_COLOUR ( '', #684 ) ;
#3289 = DIRECTION ( 'NONE',  ( -1.000000000000000000, 0.000000000000000000, -2.185478394931383753E-15 ) ) ;
#3290 = DIRECTION ( 'NONE',  ( 0.000000000000000000, -1.387778780781445676E-14, 1.000000000000000000 ) ) ;
#3291 = CARTESIAN_POINT ( 'NONE',  ( 29.74999999999976197, -29.74999999999988987, 24.00000000000031619 ) ) ;
#3292 = VECTOR ( 'NONE', #279, 39.37007874015748143 ) ;
#3293 = EDGE_CURVE ( 'NONE', #8435, #6463, #2369, .T. ) ;
#3294 = ORIENTED_EDGE ( 'NONE', *, *, #3605, .T. ) ;
#3295 = LINE ( 'NONE', #4127, #7414 ) ;
#3296 = ORIENTED_EDGE ( 'NONE', *, *, #367, .F. ) ;
#3297 = AXIS2_PLACEMENT_3D ( 'NONE', #5503, #1589, #6899 ) ;
#3298 = EDGE_LOOP ( 'NONE', ( #8582, #1377, #158, #9276 ) ) ;
#3299 = DIRECTION ( 'NONE',  ( -4.000000000000001100E-15, -1.000000000000000000, -6.817876800422381418E-15 ) ) ;
#3300 = AXIS2_PLACEMENT_3D ( 'NONE', #3763, #9061, #6595 ) ;
#3301 = ADVANCED_FACE ( 'NONE', ( #1636 ), #3120, .T. ) ;
#3302 = CARTESIAN_POINT ( 'NONE',  ( -28.25000000000008527, 29.74999999999981526, 1.000000000000129008 ) ) ;
#3303 = LINE ( 'NONE', #9335, #1714 ) ;
#3304 = AXIS2_PLACEMENT_3D ( 'NONE', #9096, #8401, #96 ) ;
#3305 =( CONVERSION_BASED_UNIT ( 'INCH', #3401 ) LENGTH_UNIT ( ) NAMED_UNIT ( #1929 ) );
#3306 = LINE ( 'NONE', #6230, #3841 ) ;
#3307 = VECTOR ( 'NONE', #348, 39.37007874015748143 ) ;
#3308 = EDGE_LOOP ( 'NONE', ( #911, #341, #6206, #6196 ) ) ;
#3309 = EDGE_CURVE ( 'NONE', #2025, #134, #1971, .T. ) ;
#3310 = DIRECTION ( 'NONE',  ( 2.999999999999999839E-15, 9.999999999999999988E-15, -1.000000000000000000 ) ) ;
#3311 = ORIENTED_EDGE ( 'NONE', *, *, #1448, .T. ) ;
#3312 = ADVANCED_FACE ( 'NONE', ( #4935 ), #4340, .F. ) ;
#3313 = CYLINDRICAL_SURFACE ( 'NONE', #7258, 0.1250000000000015266 ) ;
#3314 = FACE_OUTER_BOUND ( 'NONE', #680, .T. ) ;
#3315 = VECTOR ( 'NONE', #1180, 39.37007874015748143 ) ;
#3316 = LINE ( 'NONE', #4101, #7161 ) ;
#3317 = LINE ( 'NONE', #2559, #5120 ) ;
#3318 = ADVANCED_FACE ( 'NONE', ( #3512 ), #6296, .F. ) ;
#3319 = ORIENTED_EDGE ( 'NONE', *, *, #6324, .T. ) ;
#3320 = ORIENTED_EDGE ( 'NONE', *, *, #9354, .F. ) ;
#3321 = EDGE_LOOP ( 'NONE', ( #5154, #1490, #6390, #4243 ) ) ;
#3322 = ORIENTED_EDGE ( 'NONE', *, *, #7972, .T. ) ;
#3323 = ITEM_DEFINED_TRANSFORMATION ( 'NONE', 'NONE', #4130,  #3073 ) ;
#3324 = CARTESIAN_POINT ( 'NONE',  ( 26.99999999999992895, 26.99999999999998934, -0.2499999999997246647 ) ) ;
#3325 = LINE ( 'NONE', #8808, #6609 ) ;
#3326 =( LENGTH_UNIT ( ) NAMED_UNIT ( * ) SI_UNIT ( $, .METRE. ) );
#3327 = EDGE_CURVE ( 'NONE', #8398, #8609, #8851, .T. ) ;
#3328 = EDGE_CURVE ( 'NONE', #2311, #9655, #5671, .T. ) ;
#3329 = DIRECTION ( 'NONE',  ( 1.000000000000000000, -8.000000000000063731E-15, 2.999999999999831811E-15 ) ) ;
#3330 = STYLED_ITEM ( 'NONE', ( #4472 ), #8100 ) ;
#3331 = ORIENTED_EDGE ( 'NONE', *, *, #3891, .F. ) ;
#3332 = EDGE_LOOP ( 'NONE', ( #1709, #5405 ) ) ;
#3333 = ORIENTED_EDGE ( 'NONE', *, *, #6628, .T. ) ;
#3334 = DIRECTION ( 'NONE',  ( -3.000000000000000233E-15, 1.000000000000000000, 6.999999999999989105E-15 ) ) ;
#3335 = EDGE_LOOP ( 'NONE', ( #5967, #3967 ) ) ;
#3336 = CARTESIAN_POINT ( 'NONE',  ( -27.00000000000037659, 26.99999999999954881, 24.49999999999969802 ) ) ;
#3337 = CARTESIAN_POINT ( 'NONE',  ( -26.99999999999969802, 27.00000000000018829, -0.3017766952965222904 ) ) ;
#3338 =( CONVERSION_BASED_UNIT ( 'INCH', #4859 ) LENGTH_UNIT ( ) NAMED_UNIT ( #6886 ) );
#3339 = CARTESIAN_POINT ( 'NONE',  ( 29.74999999999964118, 28.24999999999978684, 23.00000000000070344 ) ) ;
#3340 = ADVANCED_FACE ( 'NONE', ( #4191 ), #436, .F. ) ;
#3341 = DIRECTION ( 'NONE',  ( -1.000000000000000000, 8.000000000000084241E-15, -3.999999999999832283E-15 ) ) ;
#3342 = DIRECTION ( 'NONE',  ( 1.000000000000000000, 4.000000000000063420E-15, 1.800000000000008423E-14 ) ) ;
#3343 = EDGE_LOOP ( 'NONE', ( #4229, #3864, #7736, #1419 ) ) ;
#3344 = ORIENTED_EDGE ( 'NONE', *, *, #8093, .T. ) ;
#3345 = ORIENTED_EDGE ( 'NONE', *, *, #590, .T. ) ;
#3346 = AXIS2_PLACEMENT_3D ( 'NONE', #1494, #3079, #7552 ) ;
#3347 =( BOUNDED_CURVE ( )  B_SPLINE_CURVE ( 3, ( #1728, #6338, #3997, #7027 ),
 .UNSPECIFIED., .F., .F. ) 
 B_SPLINE_CURVE_WITH_KNOTS ( ( 4, 4 ),
 ( 1.570796326794895004, 3.141592653589795336 ),
 .UNSPECIFIED. ) 
 CURVE ( )  GEOMETRIC_REPRESENTATION_ITEM ( )  RATIONAL_B_SPLINE_CURVE ( ( 1.000000000000000000, 0.8047378541243649375, 0.8047378541243649375, 1.000000000000000000 ) ) 
 REPRESENTATION_ITEM ( '' )  );
#3348 = CARTESIAN_POINT ( 'NONE',  ( -27.93503937007850979, 26.74999999999960565, 22.99999999999973710 ) ) ;
#3349 = DIRECTION ( 'NONE',  ( 7.000000000000000150E-15, 0.000000000000000000, 1.000000000000000000 ) ) ;
#3350 = DIMENSIONAL_EXPONENTS ( 1.000000000000000000, 0.000000000000000000, 0.000000000000000000, 0.000000000000000000, 0.000000000000000000, 0.000000000000000000, 0.000000000000000000 ) ;
#3351 = AXIS2_PLACEMENT_3D ( 'NONE', #8805, #7485, #693 ) ;
#3352 = CYLINDRICAL_SURFACE ( 'NONE', #6005, 0.3149606299212598381 ) ;
#3353 = CARTESIAN_POINT ( 'NONE',  ( -29.50000000000039435, -28.56496062992103901, 22.99999999999930367 ) ) ;
#3354 = FILL_AREA_STYLE ('',( #286 ) ) ;
#3355 = PLANE ( 'NONE',  #4776 ) ;
#3356 = EDGE_CURVE ( 'NONE', #8726, #2291, #6786, .T. ) ;
#3357 = VECTOR ( 'NONE', #8541, 39.37007874015748143 ) ;
#3358 = EDGE_LOOP ( 'NONE', ( #3453, #42, #8927, #3032 ) ) ;
#3359 = ORIENTED_EDGE ( 'NONE', *, *, #2664, .F. ) ;
#3360 = VECTOR ( 'NONE', #2067, 39.37007874015748143 ) ;
#3361 = FILL_AREA_STYLE_COLOUR ( '', #7022 ) ;
#3362 = FACE_BOUND ( 'NONE', #7372, .T. ) ;
#3363 = DIRECTION ( 'NONE',  ( -2.999999999999999839E-15, -6.999999999999997783E-15, 1.000000000000000000 ) ) ;
#3364 = DIRECTION ( 'NONE',  ( 1.799999999999999903E-14, 6.999999999999997783E-15, -1.000000000000000000 ) ) ;
#3365 = ORIENTED_EDGE ( 'NONE', *, *, #9235, .T. ) ;
#3366 = ORIENTED_EDGE ( 'NONE', *, *, #2210, .T. ) ;
#3367 = ORIENTED_EDGE ( 'NONE', *, *, #1535, .T. ) ;
#3368 = COLOUR_RGB ( '',0.7921568627450980005, 0.8196078431372548767, 0.9333333333333333481 ) ;
#3369 = EDGE_CURVE ( 'NONE', #9670, #1088, #2064, .T. ) ;
#3370 = DIRECTION ( 'NONE',  ( -2.999999999999999839E-15, 1.000000000000000000, 6.999999999999998572E-15 ) ) ;
#3371 = CARTESIAN_POINT ( 'NONE',  ( -29.00000000000007461, 29.16666666666649022, 0.6666666666667898644 ) ) ;
#3372 = CARTESIAN_POINT ( 'NONE',  ( 29.99999999999991829, 29.99999999999998934, -0.4999999999996675437 ) ) ;
#3373 =( GEOMETRIC_REPRESENTATION_CONTEXT ( 3 ) GLOBAL_UNCERTAINTY_ASSIGNED_CONTEXT ( ( #2888 ) ) GLOBAL_UNIT_ASSIGNED_CONTEXT ( ( #9166, #4747, #9208 ) ) REPRESENTATION_CONTEXT ( 'NONE', 'WORKASPACE' ) );
#3374 = VECTOR ( 'NONE', #9106, 39.37007874015748143 ) ;
#3375 = DIRECTION ( 'NONE',  ( -1.000000000000000000, 1.499999999999999919E-14, -2.999999999999999839E-15 ) ) ;
#3376 = EDGE_LOOP ( 'NONE', ( #4160, #7089 ) ) ;
#3377 = ORIENTED_EDGE ( 'NONE', *, *, #3279, .F. ) ;
#3378 = VERTEX_POINT ( 'NONE', #9531 ) ;
#3379 = PRODUCT_DEFINITION_SHAPE ( 'NONE', 'NONE',  #9769 ) ;
#3380 = EDGE_CURVE ( 'NONE', #8896, #9108, #5032, .T. ) ;
#3381 = AXIS2_PLACEMENT_3D ( 'NONE', #873, #1469, #4485 ) ;
#3382 = VECTOR ( 'NONE', #8862, 39.37007874015748143 ) ;
#3383 = CIRCLE ( 'NONE', #3703, 0.3149606299212601157 ) ;
#3384 = EDGE_LOOP ( 'NONE', ( #6219, #5239, #9488, #1223 ) ) ;
#3385 = CARTESIAN_POINT ( 'NONE',  ( -29.75000000000038725, -28.24999999999977263, 22.99999999999930722 ) ) ;
#3386 = SURFACE_STYLE_USAGE ( .BOTH. , #5471 ) ;
#3387 = CYLINDRICAL_SURFACE ( 'NONE', #439, 0.3149606299212597271 ) ;
#3388 = DIRECTION ( 'NONE',  ( -1.000000000000000000, -2.999999999999936730E-15, -3.000000000000063342E-15 ) ) ;
#3389 = DIRECTION ( 'NONE',  ( 1.000000000000000000, 0.000000000000000000, 3.824587191129921569E-15 ) ) ;
#3390 = CARTESIAN_POINT ( 'NONE',  ( 29.74999999999964473, 29.74999999999976197, 24.25000000000081712 ) ) ;
#3391 = DIRECTION ( 'NONE',  ( 0.000000000000000000, -1.000000000000000000, 0.000000000000000000 ) ) ;
#3392 = VERTEX_POINT ( 'NONE', #2703 ) ;
#3393 =( GEOMETRIC_REPRESENTATION_CONTEXT ( 3 ) GLOBAL_UNCERTAINTY_ASSIGNED_CONTEXT ( ( #7249 ) ) GLOBAL_UNIT_ASSIGNED_CONTEXT ( ( #297, #1125, #438 ) ) REPRESENTATION_CONTEXT ( 'NONE', 'WORKASPACE' ) );
#3394 = CARTESIAN_POINT ( 'NONE',  ( -9.750000000000435207, 29.74999999999957012, 24.00000000000016698 ) ) ;
#3395 = ORIENTED_EDGE ( 'NONE', *, *, #493, .T. ) ;
#3396 = ORIENTED_EDGE ( 'NONE', *, *, #5631, .T. ) ;
#3397 = LINE ( 'NONE', #9423, #8754 ) ;
#3398 = CARTESIAN_POINT ( 'NONE',  ( -26.99999999999994671, -27.00000000000042277, 24.30177669529595619 ) ) ;
#3399 = DIRECTION ( 'NONE',  ( 1.000000000000000000, -4.000000000000063420E-15, 2.999999999999915825E-15 ) ) ;
#3400 = CARTESIAN_POINT ( 'NONE',  ( 26.75000000000000355, 28.56496062992118823, 0.9999999999998155920 ) ) ;
#3401 = LENGTH_MEASURE_WITH_UNIT ( LENGTH_MEASURE( 0.02539999999999999897 ), #9520 );
#3402 = DIRECTION ( 'NONE',  ( -1.699999999999999698E-14, -6.999999999999997783E-15, 1.000000000000000000 ) ) ;
#3403 = VERTEX_POINT ( 'NONE', #4283 ) ;
#3404 =( BOUNDED_CURVE ( )  B_SPLINE_CURVE ( 3, ( #5225, #6765, #1357, #4521 ),
 .UNSPECIFIED., .F., .T. ) 
 B_SPLINE_CURVE_WITH_KNOTS ( ( 4, 4 ),
 ( 0.000000000000000000, 1.570796326794840825 ),
 .UNSPECIFIED. ) 
 CURVE ( )  GEOMETRIC_REPRESENTATION_ITEM ( )  RATIONAL_B_SPLINE_CURVE ( ( 1.000000000000000000, 0.8047378541243781491, 0.8047378541243781491, 1.000000000000000000 ) ) 
 REPRESENTATION_ITEM ( '' )  );
#3405 = EDGE_CURVE ( 'NONE', #2057, #4798, #6536, .T. ) ;
#3406 = DIRECTION ( 'NONE',  ( -1.387778780781444571E-14, -1.000000000000000000, -1.387778780781444571E-14 ) ) ;
#3407 = VERTEX_POINT ( 'NONE', #5083 ) ;
#3408 = EDGE_CURVE ( 'NONE', #2131, #7526, #4235, .T. ) ;
#3409 = DIRECTION ( 'NONE',  ( 2.999999999999999839E-15, 6.999999999999977273E-15, -1.000000000000000000 ) ) ;
#3410 = AXIS2_PLACEMENT_3D ( 'NONE', #6567, #1450, #5007 ) ;
#3411 = PLANE ( 'NONE',  #8219 ) ;
#3412 = LINE ( 'NONE', #8663, #702 ) ;
#3413 = LINE ( 'NONE', #2708, #4294 ) ;
#3414 = CARTESIAN_POINT ( 'NONE',  ( -28.24999999999974776, 29.49999999999960920, 22.99999999999975486 ) ) ;
#3415 = EDGE_LOOP ( 'NONE', ( #1837, #9752, #51, #1608, #603, #835, #3838, #5914, #4021 ) ) ;
#3416 = EDGE_LOOP ( 'NONE', ( #2414, #7035 ) ) ;
#3417 = ORIENTED_EDGE ( 'NONE', *, *, #2404, .F. ) ;
#3418 = CONTEXT_DEPENDENT_SHAPE_REPRESENTATION ( #8205, #457 ) ;
#3419 = DIRECTION ( 'NONE',  ( 0.000000000000000000, 1.387778780781445676E-14, -1.000000000000000000 ) ) ;
#3420 = EDGE_CURVE ( 'NONE', #6938, #7886, #4983, .T. ) ;
#3421 = PLANE ( 'NONE',  #3753 ) ;
#3423 = EDGE_CURVE ( 'NONE', #7159, #1897, #1719, .T. ) ;
#3422 = DIRECTION ( 'NONE',  ( 0.000000000000000000, 1.000000000000000000, 0.000000000000000000 ) ) ;
#3424 = PLANE ( 'NONE',  #3533 ) ;
#3425 = ORIENTED_EDGE ( 'NONE', *, *, #4358, .F. ) ;
#3426 = ORIENTED_EDGE ( 'NONE', *, *, #6090, .F. ) ;
#3427 = EDGE_LOOP ( 'NONE', ( #6053, #7076, #6997, #1736 ) ) ;
#3428 = EDGE_CURVE ( 'NONE', #4840, #9549, #1213, .T. ) ;
#3429 = VERTEX_POINT ( 'NONE', #8799 ) ;
#3430 = DIRECTION ( 'NONE',  ( -3.763680969406207314E-15, -7.236319030593795513E-15, 1.000000000000000000 ) ) ;
#3431 = DIRECTION ( 'NONE',  ( 1.000000000000042085E-15, 1.000000000000000000, 7.000000000000001727E-15 ) ) ;
#3432 = PLANE ( 'NONE',  #9594 ) ;
#3433 = CARTESIAN_POINT ( 'NONE',  ( -9.750000000000442313, 29.74999999999956657, 24.25000000000016698 ) ) ;
#3434 = LINE ( 'NONE', #2586, #4561 ) ;
#3435 = LINE ( 'NONE', #4861, #8097 ) ;
#3436 = CARTESIAN_POINT ( 'NONE',  ( -27.00000000000011013, -26.99999999999974420, -0.3750000000002754463 ) ) ;
#3437 = EDGE_CURVE ( 'NONE', #1680, #5748, #583, .T. ) ;
#3438 = VERTEX_POINT ( 'NONE', #6636 ) ;
#3439 = CARTESIAN_POINT ( 'NONE',  ( -29.62035115497714344, -29.62035115497770477, 24.24999999999925748 ) ) ;
#3440 = ADVANCED_FACE ( 'NONE', ( #2862 ), #8897, .T. ) ;
#3441 = ORIENTED_EDGE ( 'NONE', *, *, #3273, .F. ) ;
#3442 = ORIENTED_EDGE ( 'NONE', *, *, #970, .T. ) ;
#3443 = AXIS2_PLACEMENT_3D ( 'NONE', #3047, #6072, #9086 ) ;
#3444 = CARTESIAN_POINT ( 'NONE',  ( 28.24999999999987921, -29.99999999999997868, 0.9999999999998697708 ) ) ;
#3445 = CARTESIAN_POINT ( 'NONE',  ( -29.74999999999993250, -29.75000000000000711, 24.24999999999914735 ) ) ;
#3446 = DIRECTION ( 'NONE',  ( 1.150251786806004035E-16, -1.000000000000000000, 0.000000000000000000 ) ) ;
#3447 = VECTOR ( 'NONE', #4465, 39.37007874015748854 ) ;
#3448 = CARTESIAN_POINT ( 'NONE',  ( 29.49999999999988631, -26.74999999999996092, 24.00000000000000355 ) ) ;
#3449 = CARTESIAN_POINT ( 'NONE',  ( -27.12500000000007105, 27.12499999999982592, -0.2499999999998861466 ) ) ;
#3450 = VECTOR ( 'NONE', #6200, 39.37007874015748143 ) ;
#3451 = EDGE_CURVE ( 'NONE', #1287, #4691, #1616, .T. ) ;
#3452 = PLANE ( 'NONE',  #7650 ) ;
#3453 = ORIENTED_EDGE ( 'NONE', *, *, #8155, .F. ) ;
#3454 = AXIS2_PLACEMENT_3D ( 'NONE', #4123, #7803, #1947 ) ;
#3455 = CARTESIAN_POINT ( 'NONE',  ( 28.24999999999970157, -29.75000000000022027, 23.31496062992155416 ) ) ;
#3456 = EDGE_LOOP ( 'NONE', ( #92, #221 ) ) ;
#3457 = AXIS2_PLACEMENT_3D ( 'NONE', #5729, #7220, #483 ) ;
#3458 = APPLICATION_CONTEXT ( 'automotive_design' ) ;
#3459 = CARTESIAN_POINT ( 'NONE',  ( 29.49999999999988276, -26.87499999999996447, 24.00000000000000355 ) ) ;
#3460 = CARTESIAN_POINT ( 'NONE',  ( -28.25000000000008527, 29.99999999999981881, 0.6850393700788707241 ) ) ;
#3461 = AXIS2_PLACEMENT_3D ( 'NONE', #1447, #2359, #152 ) ;
#3463 = EDGE_CURVE ( 'NONE', #3065, #3907, #8050, .T. ) ;
#3462 = DIRECTION ( 'NONE',  ( 9.106159978880878627E-17, -1.000000000000000000, -0.000000000000000000 ) ) ;
#3464 = EDGE_CURVE ( 'NONE', #6137, #5038, #638, .T. ) ;
#3465 = PRODUCT_DEFINITION_SHAPE ( 'NONE', 'NONE',  #9777 ) ;
#3466 = DIRECTION ( 'NONE',  ( 0.000000000000000000, 0.000000000000000000, -1.000000000000000000 ) ) ;
#3467 =( BOUNDED_CURVE ( )  B_SPLINE_CURVE ( 3, ( #1423, #581, #2803, #8895 ),
 .UNSPECIFIED., .F., .F. ) 
 B_SPLINE_CURVE_WITH_KNOTS ( ( 4, 4 ),
 ( 4.930380657631259740E-32, 1.570796326794895004 ),
 .UNSPECIFIED. ) 
 CURVE ( )  GEOMETRIC_REPRESENTATION_ITEM ( )  RATIONAL_B_SPLINE_CURVE ( ( 1.000000000000000000, 0.8047378541243649375, 0.8047378541243649375, 1.000000000000000000 ) ) 
 REPRESENTATION_ITEM ( '' )  );
#3468 = ADVANCED_FACE ( 'NONE', ( #2912 ), #7478, .T. ) ;
#3469 = ORIENTED_EDGE ( 'NONE', *, *, #9437, .F. ) ;
#3470 = ORIENTED_EDGE ( 'NONE', *, *, #5088, .T. ) ;
#3471 = ORIENTED_EDGE ( 'NONE', *, *, #6388, .T. ) ;
#3472 = AXIS2_PLACEMENT_3D ( 'NONE', #9629, #2864, #5085 ) ;
#3473 = EDGE_CURVE ( 'NONE', #479, #458, #6684, .T. ) ;
#3474 = VECTOR ( 'NONE', #7603, 39.37007874015748143 ) ;
#3475 = CARTESIAN_POINT ( 'NONE',  ( 28.24999999999991829, 29.74999999999998579, 1.000000000000298650 ) ) ;
#3476 = EDGE_CURVE ( 'NONE', #355, #8518, #8514, .T. ) ;
#3477 = CARTESIAN_POINT ( 'NONE',  ( -30.00000000000007105, 29.91666666666650443, -0.8333333333332083592 ) ) ;
#3478 = DIRECTION ( 'NONE',  ( 1.748382715945137611E-14, 1.000000000000000000, 1.748382715945137611E-14 ) ) ;
#3479 = FACE_BOUND ( 'NONE', #5622, .T. ) ;
#3480 = VERTEX_POINT ( 'NONE', #4433 ) ;
#3481 = EDGE_CURVE ( 'NONE', #5357, #307, #2159, .T. ) ;
#3482 = EDGE_LOOP ( 'NONE', ( #480, #6506, #4411, #567 ) ) ;
#3483 = CIRCLE ( 'NONE', #9168, 0.2499999999999986955 ) ;
#3484 = VERTEX_POINT ( 'NONE', #5240 ) ;
#3485 = ORIENTED_EDGE ( 'NONE', *, *, #7828, .F. ) ;
#3486 = CARTESIAN_POINT ( 'NONE',  ( 26.87499999999988276, -29.62499999999996092, 24.00000000000000355 ) ) ;
#3487 =( NAMED_UNIT ( * ) PLANE_ANGLE_UNIT ( ) SI_UNIT ( $, .RADIAN. ) );
#3488 = DIRECTION ( 'NONE',  ( -1.000000000000000000, 1.387778780781444571E-14, -3.035766082959409654E-15 ) ) ;
#3489 = LENGTH_MEASURE_WITH_UNIT ( LENGTH_MEASURE( 0.02539999999999999897 ), #1945 );
#3490 = VECTOR ( 'NONE', #1850, 39.37007874015748143 ) ;
#3491 = LINE ( 'NONE', #4312, #5205 ) ;
#3492 = DIRECTION ( 'NONE',  ( -1.000000000000000000, -4.000000000000083930E-15, -1.700000000000008533E-14 ) ) ;
#3493 = CARTESIAN_POINT ( 'NONE',  ( 29.50000000000000355, 27.93503937007865900, 0.9999999999997959410 ) ) ;
#3494 = UNCERTAINTY_MEASURE_WITH_UNIT (LENGTH_MEASURE( 1.000000000000000082E-05 ), #6586, 'distance_accuracy_value', 'NONE');
#3495 = ORIENTED_EDGE ( 'NONE', *, *, #515, .F. ) ;
#3496 = CARTESIAN_POINT ( 'NONE',  ( 28.24999999999988276, -29.74999999999996447, 22.99999999999966604 ) ) ;
#3497 = ORIENTED_EDGE ( 'NONE', *, *, #8886, .F. ) ;
#3498 = ORIENTED_EDGE ( 'NONE', *, *, #3423, .F. ) ;
#3499 = AXIS2_PLACEMENT_3D ( 'NONE', #559, #5805, #9601 ) ;
#3500 = CARTESIAN_POINT ( 'NONE',  ( 29.43699999999988393, -29.43699999999997630, -0.2500000000001231237 ) ) ;
#3501 = DIRECTION ( 'NONE',  ( 1.488497482131939756E-14, 1.000000000000000000, 9.999999999999999988E-15 ) ) ;
#3502 = CARTESIAN_POINT ( 'NONE',  ( 29.74999999999970157, -28.25000000000021316, 22.68503937007904980 ) ) ;
#3503 = EDGE_CURVE ( 'NONE', #3276, #5654, #5186, .T. ) ;
#3504 = DIRECTION ( 'NONE',  ( -0.7071067811865462405, -0.7071067811865487940, -1.767766952966370391E-14 ) ) ;
#3505 = FACE_OUTER_BOUND ( 'NONE', #1935, .T. ) ;
#3506 = ORIENTED_EDGE ( 'NONE', *, *, #8070, .F. ) ;
#3507 = EDGE_LOOP ( 'NONE', ( #2365, #7197, #9171, #4782 ) ) ;
#3508 = CIRCLE ( 'NONE', #3351, 0.3149606299212598381 ) ;
#3509 = LINE ( 'NONE', #7318, #1107 ) ;
#3510 = VERTEX_POINT ( 'NONE', #3060 ) ;
#3511 = EDGE_CURVE ( 'NONE', #3262, #2225, #6309, .T. ) ;
#3512 = FACE_OUTER_BOUND ( 'NONE', #5415, .T. ) ;
#3513 = FILL_AREA_STYLE ('',( #486 ) ) ;
#3514 = CARTESIAN_POINT ( 'NONE',  ( 29.49999999999988631, -29.74999999999996447, 24.00000000000000355 ) ) ;
#3515 = DIRECTION ( 'NONE',  ( -1.387778780781444571E-14, -1.000000000000000000, -1.387778780781444571E-14 ) ) ;
#3516 = VECTOR ( 'NONE', #1606, 39.37007874015748143 ) ;
#3517 = DIRECTION ( 'NONE',  ( 1.000000000000000000, -4.085576355430032813E-15, 1.699999999999991494E-14 ) ) ;
#3518 = ORIENTED_EDGE ( 'NONE', *, *, #1448, .F. ) ;
#3519 = ORIENTED_EDGE ( 'NONE', *, *, #7707, .T. ) ;
#3520 = VECTOR ( 'NONE', #3678, 39.37007874015748143 ) ;
#3521 = PLANE ( 'NONE',  #6799 ) ;
#3522 = CARTESIAN_POINT ( 'NONE',  ( -29.75000000000039080, 29.74999999999953459, 23.93699999999966721 ) ) ;
#3523 = ADVANCED_FACE ( 'NONE', ( #4490 ), #8216, .T. ) ;
#3524 = DIRECTION ( 'NONE',  ( -1.000000000000000000, 8.000000000000084241E-15, -3.999999999999832283E-15 ) ) ;
#3525 = ORIENTED_EDGE ( 'NONE', *, *, #4574, .F. ) ;
#3526 = EDGE_LOOP ( 'NONE', ( #5082, #2392, #4514, #4449 ) ) ;
#3527 = VERTEX_POINT ( 'NONE', #735 ) ;
#3528 = ADVANCED_FACE ( 'NONE', ( #3750 ), #6092, .F. ) ;
#3529 = CARTESIAN_POINT ( 'NONE',  ( 29.24999999999988276, -29.24999999999996092, 24.00000000000000355 ) ) ;
#3530 = STYLED_ITEM ( 'NONE', ( #4169 ), #1674 ) ;
#3531 = PRESENTATION_STYLE_ASSIGNMENT (( #1942 ) ) ;
#3532 = FACE_BOUND ( 'NONE', #455, .T. ) ;
#3533 = AXIS2_PLACEMENT_3D ( 'NONE', #9448, #6995, #211 ) ;
#3534 = EDGE_CURVE ( 'NONE', #1897, #7159, #1561, .T. ) ;
#3535 =( NAMED_UNIT ( * ) PLANE_ANGLE_UNIT ( ) SI_UNIT ( $, .RADIAN. ) );
#3536 = DIRECTION ( 'NONE',  ( -9.106159978880878627E-17, 1.000000000000000000, 0.000000000000000000 ) ) ;
#3537 = DIRECTION ( 'NONE',  ( -1.000000000000000000, 4.000000000000083930E-15, -3.999999999999916692E-15 ) ) ;
#3538 = CARTESIAN_POINT ( 'NONE',  ( -30.00000000000014921, -28.24999999999977263, 0.9999999999997177813 ) ) ;
#3539 = ORIENTED_EDGE ( 'NONE', *, *, #6828, .T. ) ;
#3540 = CARTESIAN_POINT ( 'NONE',  ( 9.749999999999761968, -29.74999999999988987, 24.24999999999997868 ) ) ;
#3541 = ORIENTED_EDGE ( 'NONE', *, *, #6556, .F. ) ;
#3542 = AXIS2_PLACEMENT_3D ( 'NONE', #790, #2275, #2874 ) ;
#3543 = ORIENTED_EDGE ( 'NONE', *, *, #7996, .T. ) ;
#3544 = AXIS2_PLACEMENT_3D ( 'NONE', #961, #3887, #2300 ) ;
#3545 = FACE_OUTER_BOUND ( 'NONE', #8259, .T. ) ;
#3546 = LINE ( 'NONE', #1960, #5979 ) ;
#3547 = PRODUCT ( 'ASSY, STAND, STATION, RESPONDER REFERENCE', 'ASSY, STAND, STATION, RESPONDER REFERENCE', '', ( #6248 ) ) ;
#3548 = CARTESIAN_POINT ( 'NONE',  ( 26.75000000000017053, 29.74999999999992895, 23.99999999999981526 ) ) ;
#3549 = AXIS2_PLACEMENT_3D ( 'NONE', #5941, #9004, #1271 ) ;
#3550 = CARTESIAN_POINT ( 'NONE',  ( 29.74999999999964473, 29.74999999999976197, 24.00000000000081357 ) ) ;
#3551 = FACE_OUTER_BOUND ( 'NONE', #1000, .T. ) ;
#3552 = ADVANCED_FACE ( 'NONE', ( #3844 ), #5293, .T. ) ;
#3553 = CARTESIAN_POINT ( 'NONE',  ( -29.75000000000014566, -28.24999999999977263, 0.6850393700784587203 ) ) ;
#3554 = VERTEX_POINT ( 'NONE', #780 ) ;
#3555 = EDGE_LOOP ( 'NONE', ( #1565, #8268, #5609, #6572 ) ) ;
#3556 = AXIS2_PLACEMENT_3D ( 'NONE', #8800, #2018, #1268 ) ;
#3557 = FACE_OUTER_BOUND ( 'NONE', #1406, .T. ) ;
#3558 = ORIENTED_EDGE ( 'NONE', *, *, #2664, .T. ) ;
#3559 = ADVANCED_FACE ( 'NONE', ( #4533 ), #7582, .T. ) ;
#3560 = CARTESIAN_POINT ( 'NONE',  ( -28.24999999999974776, 29.49999999999960920, 22.99999999999975486 ) ) ;
#3561 = FILL_AREA_STYLE ('',( #4620 ) ) ;
#3562 = LINE ( 'NONE', #4099, #7592 ) ;
#3563 = CARTESIAN_POINT ( 'NONE',  ( -27.12500000000013145, -27.12499999999979039, -0.2500000000002631229 ) ) ;
#3564 = LINE ( 'NONE', #3615, #1934 ) ;
#3565 = ORIENTED_EDGE ( 'NONE', *, *, #3043, .T. ) ;
#3566 = CARTESIAN_POINT ( 'NONE',  ( -26.74999999999976197, 28.24999999999959854, 22.99999999999974776 ) ) ;
#3567 = AXIS2_PLACEMENT_3D ( 'NONE', #1904, #8645, #7805 ) ;
#3568 = CARTESIAN_POINT ( 'NONE',  ( -29.49999999999984723, -9.750000000000005329, 23.99999999999937117 ) ) ;
#3569 = CARTESIAN_POINT ( 'NONE',  ( -29.74999999999968026, 29.75000000000023448, 0.06300000000012455359 ) ) ;
#3570 = DIRECTION ( 'NONE',  ( 1.000000000000189010E-15, -1.000000000000000000, -6.999999999999980428E-15 ) ) ;
#3571 = LENGTH_MEASURE_WITH_UNIT ( LENGTH_MEASURE( 0.02539999999999999897 ), #2667 );
#3572 = CARTESIAN_POINT ( 'NONE',  ( 29.49999999999988276, -29.24999999999996092, 0.000000000000000000 ) ) ;
#3573 = EDGE_CURVE ( 'NONE', #3989, #307, #829, .T. ) ;
#3574 = EDGE_LOOP ( 'NONE', ( #4623, #913, #3229, #8313 ) ) ;
#3575 = ORIENTED_EDGE ( 'NONE', *, *, #4524, .F. ) ;
#3576 = EDGE_LOOP ( 'NONE', ( #364, #3888, #2955, #6739 ) ) ;
#3577 = DIRECTION ( 'NONE',  ( -1.000000000000000000, 2.148382715945122022E-14, -1.699999999999972246E-14 ) ) ;
#3578 = CARTESIAN_POINT ( 'NONE',  ( 29.74999999999988631, -26.74999999999996092, 24.00000000000000355 ) ) ;
#3579 = SURFACE_STYLE_FILL_AREA ( #8041 ) ;
#3580 = EDGE_CURVE ( 'NONE', #8938, #9422, #9137, .T. ) ;
#3581 = FACE_BOUND ( 'NONE', #2857, .T. ) ;
#3582 = EDGE_CURVE ( 'NONE', #5765, #6592, #683, .T. ) ;
#3583 = CARTESIAN_POINT ( 'NONE',  ( 47.99999999999972289, -29.75000000000027001, 21.62500000000065370 ) ) ;
#3584 = PLANE ( 'NONE',  #6740 ) ;
#3585 = EDGE_CURVE ( 'NONE', #1038, #3989, #3201, .T. ) ;
#3586 = UNCERTAINTY_MEASURE_WITH_UNIT (LENGTH_MEASURE( 1.000000000000000082E-05 ), #4110, 'distance_accuracy_value', 'NONE');
#3587 = AXIS2_PLACEMENT_3D ( 'NONE', #7243, #2730, #1943 ) ;
#3588 = ORIENTED_EDGE ( 'NONE', *, *, #5678, .F. ) ;
#3589 = DIRECTION ( 'NONE',  ( -3.000000000000292112E-15, -1.000000000000000000, -7.091061599788870257E-15 ) ) ;
#3590 = EDGE_CURVE ( 'NONE', #4829, #1060, #874, .T. ) ;
#3591 = ORIENTED_EDGE ( 'NONE', *, *, #1579, .T. ) ;
#3592 = ADVANCED_FACE ( 'NONE', ( #7768 ), #4722, .F. ) ;
#3593 = ORIENTED_EDGE ( 'NONE', *, *, #6497, .T. ) ;
#3594 = DIRECTION ( 'NONE',  ( 0.7071067811865462405, 0.7071067811865487940, 1.761327925494733945E-14 ) ) ;
#3595 = CARTESIAN_POINT ( 'NONE',  ( 27.12499999999961986, 27.12499999999977973, 24.25000000000064659 ) ) ;
#3596 = CYLINDRICAL_SURFACE ( 'NONE', #6945, 0.3149606299212601157 ) ;
#3597 = EDGE_CURVE ( 'NONE', #355, #2060, #8455, .T. ) ;
#3598 = CARTESIAN_POINT ( 'NONE',  ( -27.00000000000034817, 26.99999999999950973, 24.37499999999971223 ) ) ;
#3599 = CARTESIAN_POINT ( 'NONE',  ( -48.00000000000012790, -29.43699999999966366, -0.2500000000003553269 ) ) ;
#3600 = CARTESIAN_POINT ( 'NONE',  ( -29.74999999999968736, 29.74999999999977263, -0.2499999999997689626 ) ) ;
#3601 = DIRECTION ( 'NONE',  ( 2.999999999999999839E-15, 9.999999999999999988E-15, -1.000000000000000000 ) ) ;
#3602 = ORIENTED_EDGE ( 'NONE', *, *, #516, .F. ) ;
#3603 = EDGE_LOOP ( 'NONE', ( #5613, #8571, #7623, #423 ) ) ;
#3604 = ORIENTED_EDGE ( 'NONE', *, *, #9040, .F. ) ;
#3605 = EDGE_CURVE ( 'NONE', #5178, #5078, #1816, .T. ) ;
#3606 = CARTESIAN_POINT ( 'NONE',  ( -29.75000000000008882, 29.74999999999980105, 2.375000000000124345 ) ) ;
#3607 = VERTEX_POINT ( 'NONE', #920 ) ;
#3608 = CARTESIAN_POINT ( 'NONE',  ( 29.99999999999984013, -48.00000000000001421, -0.5000000000002136069 ) ) ;
#3609 = AXIS2_PLACEMENT_3D ( 'NONE', #1849, #459, #1993 ) ;
#3610 = CYLINDRICAL_SURFACE ( 'NONE', #2920, 0.3149606299212601157 ) ;
#3611 = SHAPE_REPRESENTATION ( '102049 DET B', ( #3073 ), #5126 ) ;
#3612 = VECTOR ( 'NONE', #5807, 39.37007874015748143 ) ;
#3613 = DIRECTION ( 'NONE',  ( 1.000000000000000000, 0.000000000000000000, 0.000000000000000000 ) ) ;
#3614 = CARTESIAN_POINT ( 'NONE',  ( -27.00000000000013145, -26.99999999999979039, -0.3750000000002616796 ) ) ;
#3615 = CARTESIAN_POINT ( 'NONE',  ( -9.750000000000442313, 29.74999999999956657, 24.25000000000016698 ) ) ;
#3616 = CIRCLE ( 'NONE', #5823, 0.3149606299212601157 ) ;
#3617 = EDGE_CURVE ( 'NONE', #6837, #3077, #1883, .T. ) ;
#3618 = ORIENTED_EDGE ( 'NONE', *, *, #745, .F. ) ;
#3619 = CARTESIAN_POINT ( 'NONE',  ( -29.75000000000035172, 29.74999999999955236, 21.62499999999966960 ) ) ;
#3620 = VECTOR ( 'NONE', #6577, 39.37007874015748143 ) ;
#3621 = CARTESIAN_POINT ( 'NONE',  ( -48.00000000000031974, 29.74999999999944578, 21.62499999999935341 ) ) ;
#3622 = CARTESIAN_POINT ( 'NONE',  ( -29.74999999999974776, 29.74999999999961275, 24.00000000000008527 ) ) ;
#3623 = CARTESIAN_POINT ( 'NONE',  ( 29.74999999999988631, -27.93503937007870164, 22.99999999999966604 ) ) ;
#3624 = EDGE_CURVE ( 'NONE', #7111, #2826, #6273, .T. ) ;
#3625 = DIRECTION ( 'NONE',  ( 1.000000000000000000, -1.000000000000062989E-15, 2.999999999999978934E-15 ) ) ;
#3626 = VERTEX_POINT ( 'NONE', #6225 ) ;
#3627 = VECTOR ( 'NONE', #8413, 39.37007874015748143 ) ;
#3628 = VERTEX_POINT ( 'NONE', #4041 ) ;
#3629 = ORIENTED_EDGE ( 'NONE', *, *, #3686, .T. ) ;
#3630 = CARTESIAN_POINT ( 'NONE',  ( 0.000000000000000000, 0.000000000000000000, 0.000000000000000000 ) ) ;
#3631 = CARTESIAN_POINT ( 'NONE',  ( 29.99999999999991473, 29.99999999999997868, 2.500000000000305089 ) ) ;
#3632 = CARTESIAN_POINT ( 'NONE',  ( 29.74999999999961275, 29.74999999999981171, 24.12035115497793569 ) ) ;
#3633 = PRODUCT_RELATED_PRODUCT_CATEGORY ( 'part', '', ( #3547 ) ) ;
#3634 = CARTESIAN_POINT ( 'NONE',  ( 26.74999999999988276, -29.49999999999996447, 24.00000000000000355 ) ) ;
#3635 = LINE ( 'NONE', #9649, #6210 ) ;
#3636 = CARTESIAN_POINT ( 'NONE',  ( -30.00000000000014566, -28.24999999999977263, 0.6850393700784576101 ) ) ;
#3637 = VECTOR ( 'NONE', #5311, 39.37007874015748143 ) ;
#3638 = VERTEX_POINT ( 'NONE', #6968 ) ;
#3639 = DIRECTION ( 'NONE',  ( 0.000000000000000000, -1.387778780781445676E-14, 1.000000000000000000 ) ) ;
#3640 = EDGE_LOOP ( 'NONE', ( #3076, #5574, #4242, #2868 ) ) ;
#3641 = EDGE_LOOP ( 'NONE', ( #8384, #7934, #2353, #8350, #8812, #6797, #8321, #2994, #269 ) ) ;
#3642 = DIRECTION ( 'NONE',  ( 1.000000000000000000, -3.999999999999916692E-15, 1.699999999999991494E-14 ) ) ;
#3643 = VECTOR ( 'NONE', #5726, 39.37007874015748143 ) ;
#3644 = DIRECTION ( 'NONE',  ( 0.000000000000000000, -1.000000000000000000, 0.000000000000000000 ) ) ;
#3645 = DIRECTION ( 'NONE',  ( -1.000000000000000000, -4.000000000000083930E-15, -1.700000000000008533E-14 ) ) ;
#3646 = CARTESIAN_POINT ( 'NONE',  ( -29.87499999999969091, 29.87500000000021316, 2.500000000000125233 ) ) ;
#3647 = CARTESIAN_POINT ( 'NONE',  ( -29.62499999999977263, 26.87499999999961275, 24.00000000000006750 ) ) ;
#3648 = CARTESIAN_POINT ( 'NONE',  ( 27.12499999999969091, -27.12500000000022382, 24.25000000000029488 ) ) ;
#3649 = CARTESIAN_POINT ( 'NONE',  ( 26.74999999999988276, -29.62499999999996092, 24.00000000000000355 ) ) ;
#3650 = VERTEX_POINT ( 'NONE', #2495 ) ;
#3651 = COLOUR_RGB ( '',0.7921568627450980005, 0.8196078431372548767, 0.9333333333333333481 ) ;
#3652 = EDGE_LOOP ( 'NONE', ( #5725, #2271, #3131, #7207 ) ) ;
#3653 = ORIENTED_EDGE ( 'NONE', *, *, #5521, .F. ) ;
#3654 = CARTESIAN_POINT ( 'NONE',  ( 29.74999999999972289, -29.75000000000020961, 21.62500000000029488 ) ) ;
#3655 = ORIENTED_EDGE ( 'NONE', *, *, #230, .T. ) ;
#3656 = CARTESIAN_POINT ( 'NONE',  ( 29.74999999999988631, -29.74999999999999645, -0.2500000000001916800 ) ) ;
#3657 = CARTESIAN_POINT ( 'NONE',  ( 9.749999999999761968, -29.74999999999988987, 23.99999999999997868 ) ) ;
#3658 = EDGE_CURVE ( 'NONE', #4627, #2226, #2993, .T. ) ;
#3659 = FACE_OUTER_BOUND ( 'NONE', #1465, .T. ) ;
#3660 = DIRECTION ( 'NONE',  ( 1.387778780781444571E-14, 1.387778780781444571E-14, -1.000000000000000000 ) ) ;
#3661 = FACE_BOUND ( 'NONE', #2521, .T. ) ;
#3662 = EDGE_LOOP ( 'NONE', ( #8595, #4140, #1097, #6126 ) ) ;
#3663 = DIRECTION ( 'NONE',  ( 0.000000000000000000, -1.000000000000000000, -6.999999999999997783E-15 ) ) ;
#3664 = AXIS2_PLACEMENT_3D ( 'NONE', #6604, #8868, #2083 ) ;
#3665 = CARTESIAN_POINT ( 'NONE',  ( -29.49999999999975842, 28.24999999999961986, 22.99999999999974065 ) ) ;
#3666 = CARTESIAN_POINT ( 'NONE',  ( -26.99999999999969802, 27.00000000000021316, -0.4999999999998837596 ) ) ;
#3667 = CYLINDRICAL_SURFACE ( 'NONE', #2571, 0.3149606299212598381 ) ;
#3668 = VERTEX_POINT ( 'NONE', #9280 ) ;
#3669 = ORIENTED_EDGE ( 'NONE', *, *, #4723, .F. ) ;
#3670 = AXIS2_PLACEMENT_3D ( 'NONE', #2681, #2587, #4263 ) ;
#3671 = ORIENTED_EDGE ( 'NONE', *, *, #3280, .F. ) ;
#3672 = CARTESIAN_POINT ( 'NONE',  ( -2.501868876767469872E-13, -1.081811805491074480E-13, 23.99999999999896971 ) ) ;
#3673 = DIRECTION ( 'NONE',  ( 0.000000000000000000, 1.000000000000000000, 0.000000000000000000 ) ) ;
#3674 = SURFACE_STYLE_FILL_AREA ( #658 ) ;
#3675 = CARTESIAN_POINT ( 'NONE',  ( 29.43699999999961747, 29.43699999999977734, 24.25000000000070699 ) ) ;
#3676 = DIRECTION ( 'NONE',  ( -2.999999999999999839E-15, -6.999999999999997783E-15, 1.000000000000000000 ) ) ;
#3677 = DIRECTION ( 'NONE',  ( 1.000000000000000000, 4.000000000000063420E-15, 1.800000000000008423E-14 ) ) ;
#3678 = DIRECTION ( 'NONE',  ( 1.800000000000001481E-14, 6.999999999999997783E-15, -1.000000000000000000 ) ) ;
#3679 = DIRECTION ( 'NONE',  ( 0.7071067811865481278, 0.7071067811865469066, 1.767766952966369445E-14 ) ) ;
#3680 = UNCERTAINTY_MEASURE_WITH_UNIT (LENGTH_MEASURE( 1.000000000000000082E-05 ), #3122, 'distance_accuracy_value', 'NONE');
#3681 = ORIENTED_EDGE ( 'NONE', *, *, #2746, .T. ) ;
#3682 = DIRECTION ( 'NONE',  ( 8.557635542992980252E-17, 1.000000000000000000, 6.999999999999999361E-15 ) ) ;
#3683 = ORIENTED_EDGE ( 'NONE', *, *, #7043, .T. ) ;
#3684 = EDGE_CURVE ( 'NONE', #4365, #3429, #5535, .T. ) ;
#3685 = ORIENTED_EDGE ( 'NONE', *, *, #7709, .T. ) ;
#3686 = EDGE_CURVE ( 'NONE', #6175, #1366, #2372, .T. ) ;
#3687 = DIRECTION ( 'NONE',  ( -2.999999999999999839E-15, -9.999999999999999988E-15, 1.000000000000000000 ) ) ;
#3688 = CARTESIAN_POINT ( 'NONE',  ( 27.12499999999969091, -27.12500000000022382, 24.25000000000029488 ) ) ;
#3689 = DIRECTION ( 'NONE',  ( -4.000000000000000311E-15, -9.999999999999998410E-15, 1.000000000000000000 ) ) ;
#3690 = DIRECTION ( 'NONE',  ( 1.000000000000189010E-15, -1.000000000000000000, -6.999999999999980428E-15 ) ) ;
#3691 = CARTESIAN_POINT ( 'NONE',  ( 29.74999999999988631, -27.93503937007870164, 22.99999999999966604 ) ) ;
#3692 = CARTESIAN_POINT ( 'NONE',  ( -26.87500000000041211, -29.62499999999982592, 23.99999999999963762 ) ) ;
#3693 = FILL_AREA_STYLE_COLOUR ( '', #3368 ) ;
#3694 = CIRCLE ( 'NONE', #1310, 0.3149606299212601157 ) ;
#3695 = PLANE ( 'NONE',  #7671 ) ;
#3696 = VERTEX_POINT ( 'NONE', #7060 ) ;
#3697 = ORIENTED_EDGE ( 'NONE', *, *, #794, .F. ) ;
#3698 = EDGE_LOOP ( 'NONE', ( #4117, #5844, #3955, #6044, #3906, #1733, #468, #280, #4757 ) ) ;
#3699 = CARTESIAN_POINT ( 'NONE',  ( -9.749999999999687361, 29.74999999999985434, -0.2499999999996889710 ) ) ;
#3700 = ORIENTED_EDGE ( 'NONE', *, *, #7870, .F. ) ;
#3701 = VECTOR ( 'NONE', #720, 39.37007874015748143 ) ;
#3702 = VECTOR ( 'NONE', #5035, 39.37007874015748143 ) ;
#3703 = AXIS2_PLACEMENT_3D ( 'NONE', #8305, #1513, #9091 ) ;
#3704 = DIRECTION ( 'NONE',  ( 1.000000000000189010E-15, -1.000000000000000000, -6.999999999999980428E-15 ) ) ;
#3705 = CARTESIAN_POINT ( 'NONE',  ( 47.99999999999972999, -29.87500000000027001, 21.50000000000065370 ) ) ;
#3706 = CARTESIAN_POINT ( 'NONE',  ( -27.00000000000013145, -26.99999999999976552, -0.3017766952969000993 ) ) ;
#3707 = ADVANCED_FACE ( 'NONE', ( #5483 ), #7017, .F. ) ;
#3708 = CARTESIAN_POINT ( 'NONE',  ( 29.74999999999964828, 29.74999999999974065, 23.93700000000075079 ) ) ;
#3709 = EDGE_CURVE ( 'NONE', #6582, #9349, #1763, .T. ) ;
#3710 = VERTEX_POINT ( 'NONE', #4773 ) ;
#3711 = EDGE_CURVE ( 'NONE', #3276, #2561, #4240, .T. ) ;
#3712 = DIRECTION ( 'NONE',  ( -1.000000000000000000, 0.000000000000000000, 6.938893903907222856E-15 ) ) ;
#3713 = EDGE_LOOP ( 'NONE', ( #3747, #4268, #6726, #7280 ) ) ;
#3714 = LINE ( 'NONE', #3856, #9472 ) ;
#3715 = DIRECTION ( 'NONE',  ( 0.000000000000000000, -1.000000000000000000, 0.000000000000000000 ) ) ;
#3716 = DIRECTION ( 'NONE',  ( -2.185478394931414913E-15, -1.000000000000000000, 0.000000000000000000 ) ) ;
#3717 = VERTEX_POINT ( 'NONE', #7869 ) ;
#3718 = ORIENTED_EDGE ( 'NONE', *, *, #9310, .T. ) ;
#3719 = ORIENTED_EDGE ( 'NONE', *, *, #9583, .T. ) ;
#3720 = AXIS2_PLACEMENT_3D ( 'NONE', #628, #4331, #6673 ) ;
#3721 =( BOUNDED_CURVE ( )  B_SPLINE_CURVE ( 3, ( #4370, #2098, #9640, #8930 ),
 .UNSPECIFIED., .F., .T. ) 
 B_SPLINE_CURVE_WITH_KNOTS ( ( 4, 4 ),
 ( 1.570796326794895004, 3.141592653589795336 ),
 .UNSPECIFIED. ) 
 CURVE ( )  GEOMETRIC_REPRESENTATION_ITEM ( )  RATIONAL_B_SPLINE_CURVE ( ( 1.000000000000000000, 0.8047378541243649375, 0.8047378541243649375, 1.000000000000000000 ) ) 
 REPRESENTATION_ITEM ( '' )  );
#3722 = EDGE_CURVE ( 'NONE', #7792, #9018, #1066, .T. ) ;
#3723 = ADVANCED_FACE ( 'NONE', ( #337 ), #3352, .F. ) ;
#3724 = CARTESIAN_POINT ( 'NONE',  ( -4.370956789862832509E-14, 3.496765431890225996E-14, 24.25000000000013145 ) ) ;
#3725 = DIRECTION ( 'NONE',  ( -1.000000000000000000, -9.106159978880878627E-17, 0.000000000000000000 ) ) ;
#3726 = PLANE ( 'NONE',  #8495 ) ;
#3727 = DIRECTION ( 'NONE',  ( -8.000000000000000622E-15, -1.000000000000000000, -6.999999999999997783E-15 ) ) ;
#3728 = CARTESIAN_POINT ( 'NONE',  ( -26.74999999999969091, 28.56496062992101415, 1.000000000000086597 ) ) ;
#3729 = VECTOR ( 'NONE', #8241, 39.37007874015748143 ) ;
#3730 = LINE ( 'NONE', #4264, #5146 ) ;
#3731 = EDGE_LOOP ( 'NONE', ( #5511, #6569, #5221, #1839 ) ) ;
#3732 = CARTESIAN_POINT ( 'NONE',  ( -28.25000000000033751, 29.99999999999951683, 22.99999999999970868 ) ) ;
#3733 = ORIENTED_EDGE ( 'NONE', *, *, #2417, .F. ) ;
#3734 = EDGE_CURVE ( 'NONE', #1647, #3607, #8653, .T. ) ;
#3735 = ORIENTED_EDGE ( 'NONE', *, *, #2696, .F. ) ;
#3736 = DIRECTION ( 'NONE',  ( 1.387778780781444571E-14, 1.387778780781444571E-14, -1.000000000000000000 ) ) ;
#3737 = CYLINDRICAL_SURFACE ( 'NONE', #2366, 0.3149606299212598381 ) ;
#3738 = DIRECTION ( 'NONE',  ( -2.999999999999999839E-15, -7.000000000000000150E-15, 1.000000000000000000 ) ) ;
#3739 = ADVANCED_FACE ( 'NONE', ( #573, #1119, #5772 ), #1163, .F. ) ;
#3740 = LINE ( 'NONE', #1054, #1398 ) ;
#3741 = LINE ( 'NONE', #6767, #1613 ) ;
#3742 = CARTESIAN_POINT ( 'NONE',  ( -29.74999999999960920, 9.749999999999770850, -0.2499999999999889255 ) ) ;
#3743 = CARTESIAN_POINT ( 'NONE',  ( -26.75000000000039080, -28.24999999999981881, 22.99999999999931788 ) ) ;
#3744 = ORIENTED_EDGE ( 'NONE', *, *, #2986, .T. ) ;
#3745 = ORIENTED_EDGE ( 'NONE', *, *, #383, .T. ) ;
#3746 = UNCERTAINTY_MEASURE_WITH_UNIT (LENGTH_MEASURE( 1.000000000000000082E-05 ), #5901, 'distance_accuracy_value', 'NONE');
#3747 = ORIENTED_EDGE ( 'NONE', *, *, #8761, .T. ) ;
#3748 = CYLINDRICAL_SURFACE ( 'NONE', #4792, 0.1250000000000015266 ) ;
#3749 = ORIENTED_EDGE ( 'NONE', *, *, #6039, .T. ) ;
#3750 = FACE_OUTER_BOUND ( 'NONE', #7752, .T. ) ;
#3751 = EDGE_CURVE ( 'NONE', #8474, #520, #2748, .T. ) ;
#3752 = CARTESIAN_POINT ( 'NONE',  ( 26.87500000000016698, 29.49999999999992895, 23.99999999999981526 ) ) ;
#3753 = AXIS2_PLACEMENT_3D ( 'NONE', #5604, #4845, #7896 ) ;
#3754 = CARTESIAN_POINT ( 'NONE',  ( 28.24999999999987921, -29.74999999999998224, 1.314960629921131163 ) ) ;
#3755 = VERTEX_POINT ( 'NONE', #6525 ) ;
#3756 = CARTESIAN_POINT ( 'NONE',  ( 29.74999999999972644, 9.749999999999761968, 24.00000000000061817 ) ) ;
#3757 = ORIENTED_EDGE ( 'NONE', *, *, #5185, .T. ) ;
#3758 = VECTOR ( 'NONE', #766, 39.37007874015748143 ) ;
#3759 = AXIS2_PLACEMENT_3D ( 'NONE', #8300, #8199, #1410 ) ;
#3760 = EDGE_CURVE ( 'NONE', #8033, #6592, #2007, .T. ) ;
#3761 = ADVANCED_FACE ( 'NONE', ( #8011 ), #1203, .F. ) ;
#3762 = DIRECTION ( 'NONE',  ( -3.999999999999702121E-15, 1.000000000000000000, 6.763680969406132211E-15 ) ) ;
#3763 = CARTESIAN_POINT ( 'NONE',  ( -28.25000000000036948, -26.74999999999979394, 22.99999999999932854 ) ) ;
#3764 = CARTESIAN_POINT ( 'NONE',  ( -26.75000000000032330, -28.24999999999959854, 0.9999999999996517230 ) ) ;
#3765 = VECTOR ( 'NONE', #1197, 39.37007874015748143 ) ;
#3766 = DIRECTION ( 'NONE',  ( 1.000000000000000000, 0.000000000000000000, 0.000000000000000000 ) ) ;
#3767 = CARTESIAN_POINT ( 'NONE',  ( 29.62499999999988276, -26.74999999999996092, 24.00000000000000355 ) ) ;
#3768 = ORIENTED_EDGE ( 'NONE', *, *, #2699, .T. ) ;
#3769 = EDGE_LOOP ( 'NONE', ( #6517, #2063, #5101, #9668 ) ) ;
#3770 = VERTEX_POINT ( 'NONE', #1256 ) ;
#3771 = VECTOR ( 'NONE', #1120, 39.37007874015748143 ) ;
#3772 = EDGE_CURVE ( 'NONE', #3264, #2939, #6471, .T. ) ;
#3773 = DIRECTION ( 'NONE',  ( 2.642556812032532340E-15, -1.000000000000000000, -5.315144581066659542E-17 ) ) ;
#3774 = DIRECTION ( 'NONE',  ( 1.000000000000000000, 1.000000000000062989E-15, 1.800000000000002112E-14 ) ) ;
#3775 =( NAMED_UNIT ( * ) SI_UNIT ( $, .STERADIAN. ) SOLID_ANGLE_UNIT ( ) );
#3776 = CARTESIAN_POINT ( 'NONE',  ( 26.99999999999961631, 26.99999999999977263, 24.50000000000064659 ) ) ;
#3777 = CARTESIAN_POINT ( 'NONE',  ( -28.24999999999968381, 29.49999999999976197, 1.000000000000088818 ) ) ;
#3778 = ADVANCED_FACE ( 'NONE', ( #381 ), #3596, .F. ) ;
#3779 = PLANE ( 'NONE',  #8787 ) ;
#3780 = AXIS2_PLACEMENT_3D ( 'NONE', #713, #6755, #3902 ) ;
#3781 = EDGE_LOOP ( 'NONE', ( #5779, #6303, #3230, #1520 ) ) ;
#3782 =( BOUNDED_CURVE ( )  B_SPLINE_CURVE ( 3, ( #1512, #4523, #8346, #5383 ),
 .UNSPECIFIED., .F., .T. ) 
 B_SPLINE_CURVE_WITH_KNOTS ( ( 4, 4 ),
 ( 1.570796326794895004, 3.141592653589795336 ),
 .UNSPECIFIED. ) 
 CURVE ( )  GEOMETRIC_REPRESENTATION_ITEM ( )  RATIONAL_B_SPLINE_CURVE ( ( 1.000000000000000000, 0.8047378541243649375, 0.8047378541243649375, 1.000000000000000000 ) ) 
 REPRESENTATION_ITEM ( '' )  );
#3783 = LINE ( 'NONE', #1693, #141 ) ;
#3784 = ORIENTED_EDGE ( 'NONE', *, *, #1034, .T. ) ;
#3785 = ORIENTED_EDGE ( 'NONE', *, *, #516, .T. ) ;
#3786 = DIRECTION ( 'NONE',  ( 1.365923996832131856E-16, -1.000000000000000000, 0.000000000000000000 ) ) ;
#3787 = CARTESIAN_POINT ( 'NONE',  ( 29.43699999999992301, 29.43699999999999761, -0.2499999999997003786 ) ) ;
#3788 = SURFACE_SIDE_STYLE ('',( #7615 ) ) ;
#3789 = CARTESIAN_POINT ( 'NONE',  ( -9.750000000000198952, -29.74999999999980460, -3.679116285467346580E-13 ) ) ;
#3790 = LINE ( 'NONE', #9039, #7424 ) ;
#3791 = CARTESIAN_POINT ( 'NONE',  ( 29.74999999999987566, -29.74999999999999289, 2.374999999999875655 ) ) ;
#3792 = DIRECTION ( 'NONE',  ( 0.7071067811865516806, 0.7071067811865433539, 7.694623198523756272E-15 ) ) ;
#3793 = FILL_AREA_STYLE_COLOUR ( '', #7966 ) ;
#3794 = DIRECTION ( 'NONE',  ( -1.486340760031678554E-14, -1.000000000000000000, -9.999999999999999988E-15 ) ) ;
#3795 = EDGE_LOOP ( 'NONE', ( #9452, #320 ) ) ;
#3796 = VERTEX_POINT ( 'NONE', #3548 ) ;
#3797 = ORIENTED_EDGE ( 'NONE', *, *, #7850, .T. ) ;
#3798 = VECTOR ( 'NONE', #837, 39.37007874015748143 ) ;
#3799 = DIRECTION ( 'NONE',  ( 1.387778780781444571E-14, 1.387778780781444571E-14, -1.000000000000000000 ) ) ;
#3800 = ORIENTED_EDGE ( 'NONE', *, *, #5339, .F. ) ;
#3801 = EDGE_CURVE ( 'NONE', #9410, #212, #4274, .T. ) ;
#3802 = DIRECTION ( 'NONE',  ( 1.000000000000000000, 1.000000000000062989E-15, 1.800000000000002112E-14 ) ) ;
#3803 = CIRCLE ( 'NONE', #3499, 0.3149606299212601157 ) ;
#3804 = DIRECTION ( 'NONE',  ( -1.700000000000004431E-14, -9.999999999999998410E-15, 1.000000000000000000 ) ) ;
#3805 = ORIENTED_EDGE ( 'NONE', *, *, #7263, .F. ) ;
#3806 = CARTESIAN_POINT ( 'NONE',  ( 29.50000000000017053, 29.24999999999991829, 23.99999999999979750 ) ) ;
#3807 = EDGE_LOOP ( 'NONE', ( #422, #411, #490, #5462 ) ) ;
#3808 = DIRECTION ( 'NONE',  ( -3.000000000000293689E-15, -1.000000000000000000, -7.000000000000061681E-15 ) ) ;
#3809 = DIRECTION ( 'NONE',  ( -3.000000000000000233E-15, 1.000000000000000000, 7.182123199577615725E-15 ) ) ;
#3810 = LINE ( 'NONE', #8412, #3274 ) ;
#3811 = CARTESIAN_POINT ( 'NONE',  ( -9.750000000000198952, -29.74999999999980105, -0.2500000000003679279 ) ) ;
#3812 = DIRECTION ( 'NONE',  ( -1.000000000000000000, 7.908938400211192045E-15, -3.000000000000000233E-15 ) ) ;
#3813 = ORIENTED_EDGE ( 'NONE', *, *, #1713, .T. ) ;
#3814 = AXIS2_PLACEMENT_3D ( 'NONE', #1541, #1441, #8233 ) ;
#3815 = ORIENTED_EDGE ( 'NONE', *, *, #5589, .T. ) ;
#3816 = ORIENTED_EDGE ( 'NONE', *, *, #5022, .T. ) ;
#3817 = CLOSED_SHELL ( 'NONE', ( #7698, #4717, #9546, #7306, #4188, #5303, #7601 ) ) ;
#3818 = CARTESIAN_POINT ( 'NONE',  ( 0.000000000000000000, 0.000000000000000000, 0.000000000000000000 ) ) ;
#3819 = DIRECTION ( 'NONE',  ( 1.000000000000000000, -1.000000000000062989E-15, 2.999999999999978934E-15 ) ) ;
#3820 = DIRECTION ( 'NONE',  ( -1.000000000000000000, 0.000000000000000000, -3.496765431890214006E-14 ) ) ;
#3821 = DIRECTION ( 'NONE',  ( -1.699999999999999698E-14, -1.099999999999999888E-14, 1.000000000000000000 ) ) ;
#3822 = SURFACE_STYLE_USAGE ( .BOTH. , #2184 ) ;
#3823 = DIRECTION ( 'NONE',  ( -1.000000000000000000, 8.000000000000000622E-15, -2.999999999999999839E-15 ) ) ;
#3824 = VECTOR ( 'NONE', #9126, 39.37007874015748143 ) ;
#3825 = ORIENTED_EDGE ( 'NONE', *, *, #1787, .F. ) ;
#3826 = ADVANCED_BREP_SHAPE_REPRESENTATION ( '', ( #1715, #5044, #1674, #4932, #5027, #4897, #1695, #1628, #1598, #4881, #4864, #1792, #8169, #1815, #1581, #8100, #1865, #8116, #8182, #8301, #3073 ), #7342 ) ;
#3827 = DIRECTION ( 'NONE',  ( -7.000000000000000150E-15, 0.000000000000000000, -1.000000000000000000 ) ) ;
#3828 = ORIENTED_EDGE ( 'NONE', *, *, #8583, .F. ) ;
#3829 = ORIENTED_EDGE ( 'NONE', *, *, #6788, .F. ) ;
#3830 =( REPRESENTATION_RELATIONSHIP ('NONE','NONE', #4286, #7722 ) REPRESENTATION_RELATIONSHIP_WITH_TRANSFORMATION ( #259 )SHAPE_REPRESENTATION_RELATIONSHIP( ) );
#3831 = DIRECTION ( 'NONE',  ( 1.000000000000000000, -4.000000000000063420E-15, 2.999999999999915825E-15 ) ) ;
#3832 = FACE_OUTER_BOUND ( 'NONE', #809, .T. ) ;
#3833 = EDGE_CURVE ( 'NONE', #3392, #6241, #524, .T. ) ;
#3834 = AXIS2_PLACEMENT_3D ( 'NONE', #8168, #2164, #736 ) ;
#3835 = SURFACE_STYLE_USAGE ( .BOTH. , #3788 ) ;
#3836 = DIRECTION ( 'NONE',  ( 3.000000000000000233E-15, -1.000000000000000000, -7.182123199577615725E-15 ) ) ;
#3837 = CARTESIAN_POINT ( 'NONE',  ( 28.24999999999991829, 29.99999999999998224, 1.314960629921560153 ) ) ;
#3838 = ORIENTED_EDGE ( 'NONE', *, *, #8460, .F. ) ;
#3839 = FACE_OUTER_BOUND ( 'NONE', #5608, .T. ) ;
#3840 = ORIENTED_EDGE ( 'NONE', *, *, #5025, .F. ) ;
#3841 = VECTOR ( 'NONE', #1620, 39.37007874015748143 ) ;
#3842 = ORIENTED_EDGE ( 'NONE', *, *, #2683, .F. ) ;
#3843 = FACE_OUTER_BOUND ( 'NONE', #4484, .T. ) ;
#3844 = FACE_OUTER_BOUND ( 'NONE', #5551, .T. ) ;
#3845 = EDGE_CURVE ( 'NONE', #9622, #3510, #9616, .T. ) ;
#3846 = AXIS2_PLACEMENT_3D ( 'NONE', #7845, #895, #2425 ) ;
#3847 = VECTOR ( 'NONE', #4398, 39.37007874015748143 ) ;
#3848 = DIRECTION ( 'NONE',  ( -7.000000000000000938E-15, 0.000000000000000000, -1.000000000000000000 ) ) ;
#3849 = CARTESIAN_POINT ( 'NONE',  ( 29.74999999999960565, 47.99999999999977973, 23.93700000000084316 ) ) ;
#3850 = ORIENTED_EDGE ( 'NONE', *, *, #5228, .F. ) ;
#3851 = VECTOR ( 'NONE', #6326, 39.37007874015748143 ) ;
#3852 = CIRCLE ( 'NONE', #7815, 0.3149606299212601157 ) ;
#3853 = EDGE_CURVE ( 'NONE', #6290, #5736, #7963, .T. ) ;
#3854 = AXIS2_PLACEMENT_3D ( 'NONE', #201, #3214, #4002 ) ;
#3855 = VERTEX_POINT ( 'NONE', #4181 ) ;
#3856 = CARTESIAN_POINT ( 'NONE',  ( 37.49999999999990052, 37.50000000000002132, -0.2499999999996195821 ) ) ;
#3857 = SURFACE_STYLE_USAGE ( .BOTH. , #6840 ) ;
#3858 = DIRECTION ( 'NONE',  ( 0.000000000000000000, 1.000000000000000000, 0.000000000000000000 ) ) ;
#3859 = VECTOR ( 'NONE', #1427, 39.37007874015748143 ) ;
#3860 = FACE_OUTER_BOUND ( 'NONE', #5565, .T. ) ;
#3861 = CARTESIAN_POINT ( 'NONE',  ( 26.74999999999988276, -29.74999999999996447, 24.00000000000000355 ) ) ;
#3862 = VERTEX_POINT ( 'NONE', #5874 ) ;
#3863 = ORIENTED_EDGE ( 'NONE', *, *, #2787, .F. ) ;
#3864 = ORIENTED_EDGE ( 'NONE', *, *, #6879, .F. ) ;
#3865 = ORIENTED_EDGE ( 'NONE', *, *, #7097, .T. ) ;
#3866 = DIRECTION ( 'NONE',  ( 1.000000000000000000, 0.000000000000000000, 0.000000000000000000 ) ) ;
#3867 = PLANE ( 'NONE',  #3297 ) ;
#3868 = CARTESIAN_POINT ( 'NONE',  ( 29.49999999999988276, -28.56496062992122376, 22.99999999999966604 ) ) ;
#3869 = CARTESIAN_POINT ( 'NONE',  ( -29.49999999999985079, -9.750000000000010658, 24.24999999999937117 ) ) ;
#3870 = DIRECTION ( 'NONE',  ( 1.000000000000000000, 0.000000000000000000, 0.000000000000000000 ) ) ;
#3871 = ADVANCED_FACE ( 'NONE', ( #8882 ), #5069, .F. ) ;
#3872 = DIRECTION ( 'NONE',  ( -1.000000000000000000, 4.129999999999999391E-28, -1.699999999999999698E-14 ) ) ;
#3873 = ORIENTED_EDGE ( 'NONE', *, *, #5125, .F. ) ;
#3874 = AXIS2_PLACEMENT_3D ( 'NONE', #1258, #6675, #7313 ) ;
#3875 = CARTESIAN_POINT ( 'NONE',  ( 29.74999999999970512, -29.75000000000022027, 21.55177669529695805 ) ) ;
#3876 = ORIENTED_EDGE ( 'NONE', *, *, #1841, .F. ) ;
#3877 = ORIENTED_EDGE ( 'NONE', *, *, #6078, .T. ) ;
#3878 = CARTESIAN_POINT ( 'NONE',  ( -26.75000000000031974, -27.93503937007833926, 0.9999999999996560529 ) ) ;
#3879 = LINE ( 'NONE', #2435, #4221 ) ;
#3880 =( NAMED_UNIT ( * ) PLANE_ANGLE_UNIT ( ) SI_UNIT ( $, .RADIAN. ) );
#3881 = AXIS2_PLACEMENT_3D ( 'NONE', #3538, #6710, #1998 ) ;
#3882 = EDGE_CURVE ( 'NONE', #2926, #482, #139, .T. ) ;
#3883 = CARTESIAN_POINT ( 'NONE',  ( -29.87500000000030909, 29.87499999999952038, 21.49999999999967670 ) ) ;
#3884 = FACE_OUTER_BOUND ( 'NONE', #6916, .T. ) ;
#3885 = EDGE_CURVE ( 'NONE', #9286, #5934, #8834, .T. ) ;
#3886 = VERTEX_POINT ( 'NONE', #7212 ) ;
#3887 = DIRECTION ( 'NONE',  ( -3.000000000000293689E-15, -1.000000000000000000, -7.000000000000061681E-15 ) ) ;
#3888 = ORIENTED_EDGE ( 'NONE', *, *, #2123, .T. ) ;
#3889 = ORIENTED_EDGE ( 'NONE', *, *, #7661, .T. ) ;
#3890 = CARTESIAN_POINT ( 'NONE',  ( -30.00000000000040501, 29.99999999999952749, 24.49999999999966604 ) ) ;
#3891 = EDGE_CURVE ( 'NONE', #2622, #3668, #430, .T. ) ;
#3892 = DIRECTION ( 'NONE',  ( 1.000000000000000000, 1.000000000000063581E-15, 1.790893840021121097E-14 ) ) ;
#3893 =( NAMED_UNIT ( * ) PLANE_ANGLE_UNIT ( ) SI_UNIT ( $, .RADIAN. ) );
#3894 = LINE ( 'NONE', #9187, #4943 ) ;
#3895 = AXIS2_PLACEMENT_3D ( 'NONE', #9696, #4559, #7604 ) ;
#3896 = VERTEX_POINT ( 'NONE', #475 ) ;
#3897 = CYLINDRICAL_SURFACE ( 'NONE', #4926, 0.3149606299212601157 ) ;
#3898 = ORIENTED_EDGE ( 'NONE', *, *, #970, .F. ) ;
#3899 = FACE_OUTER_BOUND ( 'NONE', #447, .T. ) ;
#3900 = VECTOR ( 'NONE', #5410, 39.37007874015748143 ) ;
#3901 = DIRECTION ( 'NONE',  ( 1.000000000000000000, -1.387778780781444571E-14, 3.035766082959409654E-15 ) ) ;
#3902 = DIRECTION ( 'NONE',  ( 0.000000000000000000, 1.000000000000000000, 0.000000000000000000 ) ) ;
#3903 = CARTESIAN_POINT ( 'NONE',  ( 28.99999999999991473, 29.16666666666666075, 2.968313488406445553E-13 ) ) ;
#3904 = FACE_OUTER_BOUND ( 'NONE', #7725, .T. ) ;
#3905 = DIRECTION ( 'NONE',  ( 0.000000000000000000, -1.000000000000000000, 0.000000000000000000 ) ) ;
#3906 = ORIENTED_EDGE ( 'NONE', *, *, #4516, .F. ) ;
#3907 = VERTEX_POINT ( 'NONE', #3502 ) ;
#3908 = ORIENTED_EDGE ( 'NONE', *, *, #4187, .T. ) ;
#3909 = VECTOR ( 'NONE', #1254, 39.37007874015748143 ) ;
#3910 = VERTEX_POINT ( 'NONE', #8747 ) ;
#3911 = CARTESIAN_POINT ( 'NONE',  ( 10.50000000000018119, -10.50000000000006395, -0.5000000000000367484 ) ) ;
#3912 = EDGE_CURVE ( 'NONE', #8849, #3855, #3404, .T. ) ;
#3913 = DIRECTION ( 'NONE',  ( 1.000000000000189010E-15, -1.000000000000000000, -6.999999999999980428E-15 ) ) ;
#3914 = DIRECTION ( 'NONE',  ( -0.7071067811865497932, -0.7071067811865452413, -1.979898987322334119E-14 ) ) ;
#3915 = AXIS2_PLACEMENT_3D ( 'NONE', #9163, #207, #8522 ) ;
#3916 = VECTOR ( 'NONE', #9709, 39.37007874015748143 ) ;
#3917 = CARTESIAN_POINT ( 'NONE',  ( 29.74999999999976197, -29.74999999999989342, 24.25000000000031974 ) ) ;
#3918 = VERTEX_POINT ( 'NONE', #3093 ) ;
#3919 = DIRECTION ( 'NONE',  ( 1.387778780781444571E-14, 1.387778780781444571E-14, -1.000000000000000000 ) ) ;
#3920 = AXIS2_PLACEMENT_3D ( 'NONE', #2938, #6614, #5966 ) ;
#3921 = ORIENTED_EDGE ( 'NONE', *, *, #4893, .T. ) ;
#3922 = EDGE_LOOP ( 'NONE', ( #8814, #252, #7407, #4399 ) ) ;
#3923 = EDGE_CURVE ( 'NONE', #7762, #8309, #7723, .T. ) ;
#3924 = AXIS2_PLACEMENT_3D ( 'NONE', #9000, #8945, #4629 ) ;
#3925 = DIRECTION ( 'NONE',  ( 0.000000000000000000, 1.387778780781445676E-14, -1.000000000000000000 ) ) ;
#3926 = LENGTH_MEASURE_WITH_UNIT ( LENGTH_MEASURE( 0.02539999999999999897 ), #83 );
#3927 = CARTESIAN_POINT ( 'NONE',  ( 27.93503937007875138, 29.49999999999992539, 0.9999999999998068212 ) ) ;
#3928 = VECTOR ( 'NONE', #6329, 39.37007874015748143 ) ;
#3929 = DIRECTION ( 'NONE',  ( 0.000000000000000000, 0.000000000000000000, -1.000000000000000000 ) ) ;
#3930 = CARTESIAN_POINT ( 'NONE',  ( -28.25000000000008527, 29.74999999999981526, 1.000000000000129008 ) ) ;
#3931 = DIRECTION ( 'NONE',  ( -1.000000000000000000, 3.908938400211191734E-15, 7.000000000000000938E-15 ) ) ;
#3932 = VECTOR ( 'NONE', #7164, 39.37007874015748143 ) ;
#3933 = ORIENTED_EDGE ( 'NONE', *, *, #3473, .T. ) ;
#3934 = CARTESIAN_POINT ( 'NONE',  ( -27.93503937007908533, -29.74999999999958433, 0.9999999999996341815 ) ) ;
#3935 = ORIENTED_EDGE ( 'NONE', *, *, #4244, .T. ) ;
#3936 = VERTEX_POINT ( 'NONE', #8150 ) ;
#3937 = VECTOR ( 'NONE', #2406, 39.37007874015748143 ) ;
#3938 = CARTESIAN_POINT ( 'NONE',  ( 29.99999999999987566, -29.99999999999999645, 2.499999999999874767 ) ) ;
#3939 = AXIS2_PLACEMENT_3D ( 'NONE', #6992, #7895, #4108 ) ;
#3940 = DIRECTION ( 'NONE',  ( -1.000000000000000000, -1.150251786806004035E-16, 0.000000000000000000 ) ) ;
#3941 = CARTESIAN_POINT ( 'NONE',  ( -28.25000000000008527, 29.99999999999981171, 1.314960629921390511 ) ) ;
#3942 = DIRECTION ( 'NONE',  ( 1.000000000000000000, 1.000000000000062989E-15, 1.800000000000002112E-14 ) ) ;
#3943 = AXIS2_PLACEMENT_3D ( 'NONE', #1444, #6155, #4557 ) ;
#3944 = EDGE_LOOP ( 'NONE', ( #7890, #4209, #1096, #7913, #3359, #253, #1252, #4429, #7369 ) ) ;
#3945 = LINE ( 'NONE', #2401, #9188 ) ;
#3946 = ORIENTED_EDGE ( 'NONE', *, *, #7969, .F. ) ;
#3947 = EDGE_CURVE ( 'NONE', #1779, #4034, #5981, .T. ) ;
#3948 = CIRCLE ( 'NONE', #2515, 0.3149606299212601157 ) ;
#3949 = DIRECTION ( 'NONE',  ( -0.7071067811865474617, -0.7071067811865474617, -1.697056274847713291E-14 ) ) ;
#3950 = CARTESIAN_POINT ( 'NONE',  ( -9.750000000000193623, -29.49999999999980105, -0.2500000000003654299 ) ) ;
#3951 = DIRECTION ( 'NONE',  ( 1.000000000000000000, -4.115025178680601158E-15, -7.000000000000000938E-15 ) ) ;
#3952 = DIRECTION ( 'NONE',  ( -4.000000000000000311E-15, -6.999999999999997783E-15, 1.000000000000000000 ) ) ;
#3953 = DIRECTION ( 'NONE',  ( 8.000000000000000622E-15, 1.000000000000000000, 7.000000000000000150E-15 ) ) ;
#3954 =( REPRESENTATION_RELATIONSHIP ('NONE','NONE', #4286, #7722 ) REPRESENTATION_RELATIONSHIP_WITH_TRANSFORMATION ( #1738 )SHAPE_REPRESENTATION_RELATIONSHIP( ) );
#3955 = ORIENTED_EDGE ( 'NONE', *, *, #7950, .F. ) ;
#3956 = ORIENTED_EDGE ( 'NONE', *, *, #4371, .F. ) ;
#3957 = VERTEX_POINT ( 'NONE', #8250 ) ;
#3958 = CIRCLE ( 'NONE', #8075, 0.3149606299212601157 ) ;
#3959 = ORIENTED_EDGE ( 'NONE', *, *, #6257, .F. ) ;
#3960 = LINE ( 'NONE', #7038, #5355 ) ;
#3961 = FACE_BOUND ( 'NONE', #7749, .T. ) ;
#3962 = PLANE ( 'NONE',  #8343 ) ;
#3963 = DIRECTION ( 'NONE',  ( -1.000000000000000000, 3.908938400211191734E-15, 7.000000000000000938E-15 ) ) ;
#3964 = ORIENTED_EDGE ( 'NONE', *, *, #9559, .T. ) ;
#3965 = ORIENTED_EDGE ( 'NONE', *, *, #884, .T. ) ;
#3966 = CLOSED_SHELL ( 'NONE', ( #3871, #4295, #293, #4566, #8597, #7986, #1019 ) ) ;
#3967 = ORIENTED_EDGE ( 'NONE', *, *, #4778, .F. ) ;
#3968 = EDGE_CURVE ( 'NONE', #9259, #5736, #6863, .T. ) ;
#3969 =( CONVERSION_BASED_UNIT ( 'INCH', #9218 ) LENGTH_UNIT ( ) NAMED_UNIT ( #5664 ) );
#3970 = ORIENTED_EDGE ( 'NONE', *, *, #6381, .T. ) ;
#3971 = DIRECTION ( 'NONE',  ( 0.000000000000000000, 1.000000000000000000, 0.000000000000000000 ) ) ;
#3972 = CARTESIAN_POINT ( 'NONE',  ( -27.93503937007915283, -29.74999999999980105, 22.99999999999930012 ) ) ;
#3973 = DIRECTION ( 'NONE',  ( -3.999999999999769175E-15, 1.000000000000000000, 9.999999999999913213E-15 ) ) ;
#3974 = VECTOR ( 'NONE', #7245, 39.37007874015748143 ) ;
#3975 = PLANE ( 'NONE',  #5993 ) ;
#3976 = LINE ( 'NONE', #7007, #2768 ) ;
#3977 = ORIENTED_EDGE ( 'NONE', *, *, #391, .F. ) ;
#3978 = DIRECTION ( 'NONE',  ( 1.000000000000000000, 0.000000000000000000, 0.000000000000000000 ) ) ;
#3979 = EDGE_CURVE ( 'NONE', #1388, #5701, #2099, .T. ) ;
#3980 = EDGE_LOOP ( 'NONE', ( #2157, #5584, #9364, #1895 ) ) ;
#3981 = VERTEX_POINT ( 'NONE', #84 ) ;
#3982 = CIRCLE ( 'NONE', #510, 0.3149606299212598381 ) ;
#3983 = DIRECTION ( 'NONE',  ( -3.908938400211191734E-15, -1.000000000000000000, -6.374311985216642739E-31 ) ) ;
#3984 = CARTESIAN_POINT ( 'NONE',  ( -28.56496062992096441, 26.74999999999976552, 1.000000000000069056 ) ) ;
#3985 = DIRECTION ( 'NONE',  ( 0.7071067811865453523, -0.7071067811865496822, -2.744875730218069281E-15 ) ) ;
#3986 = CIRCLE ( 'NONE', #2403, 0.3149606299212598381 ) ;
#3987 = EDGE_CURVE ( 'NONE', #7013, #7712, #4473, .T. ) ;
#3988 = CYLINDRICAL_SURFACE ( 'NONE', #4936, 0.3149606299212601157 ) ;
#3989 = VERTEX_POINT ( 'NONE', #2999 ) ;
#3990 = DIRECTION ( 'NONE',  ( 1.699999999999999698E-14, 9.999999999999998410E-15, -1.000000000000000000 ) ) ;
#3991 = EDGE_LOOP ( 'NONE', ( #6098, #3541 ) ) ;
#3992 = MECHANICAL_DESIGN_GEOMETRIC_PRESENTATION_REPRESENTATION (  '', ( #2728 ), #5272 ) ;
#3993 = VECTOR ( 'NONE', #2520, 39.37007874015748143 ) ;
#3994 = EDGE_CURVE ( 'NONE', #3607, #793, #2967, .T. ) ;
#3995 = PLANE ( 'NONE',  #3008 ) ;
#3996 = DIRECTION ( 'NONE',  ( -0.7071067811865469066, -0.7071067811865481278, -7.135458086581875693E-15 ) ) ;
#3997 = CARTESIAN_POINT ( 'NONE',  ( 26.99999999999991473, 26.99999999999996092, -0.3017766952963358840 ) ) ;
#3999 = EDGE_CURVE ( 'NONE', #374, #760, #1459, .T. ) ;
#3998 = CARTESIAN_POINT ( 'NONE',  ( 29.99999999999993605, 29.83333333333332860, -0.6666666666663624286 ) ) ;
#4000 = PRODUCT_DEFINITION_SHAPE ( 'NONE', 'NONE',  #9770 ) ;
#4001 = FACE_OUTER_BOUND ( 'NONE', #1978, .T. ) ;
#4002 = DIRECTION ( 'NONE',  ( -2.999999999999999839E-15, -7.182123199577615725E-15, 1.000000000000000000 ) ) ;
#4003 = EDGE_CURVE ( 'NONE', #7797, #2576, #7412, .T. ) ;
#4004 = CIRCLE ( 'NONE', #1320, 0.5000000000000017764 ) ;
#4005 = EDGE_LOOP ( 'NONE', ( #6894, #8995 ) ) ;
#4006 = ORIENTED_EDGE ( 'NONE', *, *, #7320, .T. ) ;
#4007 = CIRCLE ( 'NONE', #5283, 0.3149606299212601157 ) ;
#4008 = EDGE_CURVE ( 'NONE', #6010, #6037, #7513, .T. ) ;
#4009 = ORIENTED_EDGE ( 'NONE', *, *, #9154, .F. ) ;
#4010 = ORIENTED_EDGE ( 'NONE', *, *, #9309, .T. ) ;
#4011 = SHAPE_DEFINITION_REPRESENTATION ( #1238, #4985 ) ;
#4012 = CARTESIAN_POINT ( 'NONE',  ( 29.25000000000016698, 29.24999999999991829, 23.99999999999979750 ) ) ;
#4013 = AXIS2_PLACEMENT_3D ( 'NONE', #8980, #3687, #3135 ) ;
#4014 = VECTOR ( 'NONE', #7938, 39.37007874015748143 ) ;
#4015 = DIRECTION ( 'NONE',  ( 0.000000000000000000, 0.000000000000000000, -1.000000000000000000 ) ) ;
#4016 = EDGE_CURVE ( 'NONE', #1388, #9108, #5972, .T. ) ;
#4017 = DIRECTION ( 'NONE',  ( 0.000000000000000000, 1.000000000000000000, 0.000000000000000000 ) ) ;
#4018 = DIRECTION ( 'NONE',  ( 1.387778780781444571E-14, 1.387778780781444571E-14, -1.000000000000000000 ) ) ;
#4019 = DIRECTION ( 'NONE',  ( -0.7071067811865432429, -0.7071067811865517916, -1.767766952966364080E-14 ) ) ;
#4020 = ORIENTED_EDGE ( 'NONE', *, *, #1995, .T. ) ;
#4021 = ORIENTED_EDGE ( 'NONE', *, *, #5346, .F. ) ;
#4022 = VERTEX_POINT ( 'NONE', #6720 ) ;
#4023 = ADVANCED_FACE ( 'NONE', ( #2942 ), #34, .T. ) ;
#4024 = ORIENTED_EDGE ( 'NONE', *, *, #5766, .T. ) ;
#4025 = CARTESIAN_POINT ( 'NONE',  ( 27.05177669529625106, 27.05177669529642159, 24.25000000000064659 ) ) ;
#4026 = FILL_AREA_STYLE_COLOUR ( '', #4901 ) ;
#4027 = LINE ( 'NONE', #3237, #5348 ) ;
#4028 = LINE ( 'NONE', #7802, #2894 ) ;
#4029 = DIRECTION ( 'NONE',  ( 4.000000000000039754E-15, 1.099999999999999888E-14, -1.000000000000000000 ) ) ;
#4030 = MECHANICAL_DESIGN_GEOMETRIC_PRESENTATION_REPRESENTATION (  '', ( #1179 ), #6735 ) ;
#4031 = LINE ( 'NONE', #7666, #3824 ) ;
#4032 = CARTESIAN_POINT ( 'NONE',  ( -29.43699999999976669, -48.00000000000047606, 23.93699999999913075 ) ) ;
#4033 = EDGE_CURVE ( 'NONE', #8208, #8614, #3049, .T. ) ;
#4034 = VERTEX_POINT ( 'NONE', #9659 ) ;
#4035 = CARTESIAN_POINT ( 'NONE',  ( 29.50000000000000355, 9.749999999999651834, -0.2499999999998312461 ) ) ;
#4036 = ORIENTED_EDGE ( 'NONE', *, *, #6245, .T. ) ;
#4037 = ORIENTED_EDGE ( 'NONE', *, *, #5797, .F. ) ;
#4038 = CIRCLE ( 'NONE', #2449, 0.3149606299212601157 ) ;
#4039 =( BOUNDED_CURVE ( )  B_SPLINE_CURVE ( 3, ( #6742, #8174, #9, #5895 ),
 .UNSPECIFIED., .F., .F. ) 
 B_SPLINE_CURVE_WITH_KNOTS ( ( 4, 4 ),
 ( 1.570796326794895004, 3.141592653589795336 ),
 .UNSPECIFIED. ) 
 CURVE ( )  GEOMETRIC_REPRESENTATION_ITEM ( )  RATIONAL_B_SPLINE_CURVE ( ( 1.000000000000000000, 0.8047378541243649375, 0.8047378541243649375, 1.000000000000000000 ) ) 
 REPRESENTATION_ITEM ( '' )  );
#4040 = CARTESIAN_POINT ( 'NONE',  ( -29.75000000000036948, -26.74999999999978684, 23.99999999999965539 ) ) ;
#4041 = CARTESIAN_POINT ( 'NONE',  ( 29.74999999999988631, -29.74999999999996447, 24.00000000000000355 ) ) ;
#4042 = ADVANCED_FACE ( 'NONE', ( #5277 ), #6027, .T. ) ;
#4043 = FACE_OUTER_BOUND ( 'NONE', #9584, .T. ) ;
#4044 = DIRECTION ( 'NONE',  ( 1.000000000000000000, 0.000000000000000000, 0.000000000000000000 ) ) ;
#4045 = DIRECTION ( 'NONE',  ( 0.7071067811865480168, 0.7071067811865470176, 7.778174593052020697E-15 ) ) ;
#4046 = ORIENTED_EDGE ( 'NONE', *, *, #6890, .T. ) ;
#4047 = DIRECTION ( 'NONE',  ( 1.000000000000000000, -3.863407600316787446E-15, -7.000000000000000938E-15 ) ) ;
#4048 = ORIENTED_EDGE ( 'NONE', *, *, #3174, .T. ) ;
#4049 = EDGE_CURVE ( 'NONE', #61, #4674, #9087, .T. ) ;
#4050 = DIRECTION ( 'NONE',  ( 1.699999999999999698E-14, 6.999999999999997783E-15, -1.000000000000000000 ) ) ;
#4051 = CARTESIAN_POINT ( 'NONE',  ( -9.750000000000435207, 29.49999999999957012, 24.00000000000016342 ) ) ;
#4052 = CARTESIAN_POINT ( 'NONE',  ( 29.24999999999988276, -29.24999999999996092, 0.000000000000000000 ) ) ;
#4053 = CARTESIAN_POINT ( 'NONE',  ( -27.00000000000028777, -27.00000000000007461, 24.30177669529595619 ) ) ;
#4054 = DIRECTION ( 'NONE',  ( 0.000000000000000000, -1.387778780781445676E-14, 1.000000000000000000 ) ) ;
#4055 = DIRECTION ( 'NONE',  ( -1.000000000000000000, 1.387778780781444571E-14, 0.000000000000000000 ) ) ;
#4056 = ORIENTED_EDGE ( 'NONE', *, *, #3722, .T. ) ;
#4057 = EDGE_LOOP ( 'NONE', ( #4530, #6271, #1187, #8659 ) ) ;
#4058 = ORIENTED_EDGE ( 'NONE', *, *, #8550, .F. ) ;
#4059 = ORIENTED_EDGE ( 'NONE', *, *, #6761, .T. ) ;
#4060 = EDGE_CURVE ( 'NONE', #5048, #6477, #4349, .T. ) ;
#4061 = ADVANCED_FACE ( 'NONE', ( #8982 ), #4667, .F. ) ;
#4062 = CARTESIAN_POINT ( 'NONE',  ( -28.25000000000008527, 29.99999999999981171, 1.000000000000130784 ) ) ;
#4063 = FACE_OUTER_BOUND ( 'NONE', #7357, .T. ) ;
#4064 = CARTESIAN_POINT ( 'NONE',  ( -29.50000000000032330, -28.24999999999955946, 0.9999999999996429523 ) ) ;
#4065 = AXIS2_PLACEMENT_3D ( 'NONE', #5794, #7286, #4202 ) ;
#4066 = ORIENTED_EDGE ( 'NONE', *, *, #7221, .F. ) ;
#4067 = ORIENTED_EDGE ( 'NONE', *, *, #8573, .T. ) ;
#4068 = EDGE_CURVE ( 'NONE', #5854, #2, #272, .T. ) ;
#4069 = ORIENTED_EDGE ( 'NONE', *, *, #8724, .T. ) ;
#4070 = ORIENTED_EDGE ( 'NONE', *, *, #2821, .F. ) ;
#4071 = FACE_OUTER_BOUND ( 'NONE', #7576, .T. ) ;
#4072 = CARTESIAN_POINT ( 'NONE',  ( -29.75000000000008882, 29.74999999999980105, 2.375000000000124345 ) ) ;
#4073 = EDGE_CURVE ( 'NONE', #2002, #1368, #5518, .T. ) ;
#4074 = DIRECTION ( 'NONE',  ( -4.000000000000000311E-15, -9.999999999999998410E-15, 1.000000000000000000 ) ) ;
#4075 = CARTESIAN_POINT ( 'NONE',  ( -48.00000000000012790, -29.74999999999966604, 0.06299999999964252251 ) ) ;
#4076 = LINE ( 'NONE', #6417, #2878 ) ;
#4077 = CARTESIAN_POINT ( 'NONE',  ( -27.05177669529675910, -27.05177669529638607, -0.2500000000002765010 ) ) ;
#4078 = AXIS2_PLACEMENT_3D ( 'NONE', #4175, #1059, #4867 ) ;
#4079 = ORIENTED_EDGE ( 'NONE', *, *, #2841, .F. ) ;
#4080 = CYLINDRICAL_SURFACE ( 'NONE', #3130, 0.3130000000000007221 ) ;
#4081 = EDGE_LOOP ( 'NONE', ( #1790, #5207 ) ) ;
#4082 = VECTOR ( 'NONE', #9693, 39.37007874015748143 ) ;
#4083 = ORIENTED_EDGE ( 'NONE', *, *, #6689, .T. ) ;
#4084 = DIRECTION ( 'NONE',  ( 1.000000000000000000, -1.490893840021122059E-14, 3.000000000000000628E-15 ) ) ;
#4085 = VECTOR ( 'NONE', #5923, 39.37007874015748143 ) ;
#4086 = CARTESIAN_POINT ( 'NONE',  ( 26.74999999999988276, -29.49999999999996447, 0.000000000000000000 ) ) ;
#4087 = CARTESIAN_POINT ( 'NONE',  ( -29.75000000000019895, -29.74999999999964473, -0.2500000000004278800 ) ) ;
#4088 = VECTOR ( 'NONE', #8263, 39.37007874015748143 ) ;
#4089 = ADVANCED_FACE ( 'NONE', ( #9222 ), #9268, .F. ) ;
#4090 = DIRECTION ( 'NONE',  ( -2.999999999999999444E-15, -7.091061599788816615E-15, 1.000000000000000000 ) ) ;
#4091 = AXIS2_PLACEMENT_3D ( 'NONE', #2556, #4144, #6539 ) ;
#4092 = ORIENTED_EDGE ( 'NONE', *, *, #819, .F. ) ;
#4093 =( BOUNDED_CURVE ( )  B_SPLINE_CURVE ( 3, ( #1373, #4388, #9630, #7481 ),
 .UNSPECIFIED., .F., .T. ) 
 B_SPLINE_CURVE_WITH_KNOTS ( ( 4, 4 ),
 ( 4.930380657631299699E-32, 1.570796326794895004 ),
 .UNSPECIFIED. ) 
 CURVE ( )  GEOMETRIC_REPRESENTATION_ITEM ( )  RATIONAL_B_SPLINE_CURVE ( ( 1.000000000000000000, 0.8047378541243649375, 0.8047378541243649375, 1.000000000000000000 ) ) 
 REPRESENTATION_ITEM ( '' )  );
#4094 = ADVANCED_FACE ( 'NONE', ( #1652 ), #9320, .F. ) ;
#4095 = LINE ( 'NONE', #6433, #325 ) ;
#4096 = EDGE_LOOP ( 'NONE', ( #517, #1330, #7866, #3256 ) ) ;
#4097 = CARTESIAN_POINT ( 'NONE',  ( 28.24999999999988276, -29.49999999999996092, 1.000000000000001332 ) ) ;
#4098 =( NAMED_UNIT ( * ) SI_UNIT ( $, .STERADIAN. ) SOLID_ANGLE_UNIT ( ) );
#4099 = CARTESIAN_POINT ( 'NONE',  ( 29.99999999999963407, 29.99999999999974065, 24.50000000000076028 ) ) ;
#4100 = CARTESIAN_POINT ( 'NONE',  ( -9.749999999999687361, 29.74999999999985434, -0.2499999999996889710 ) ) ;
#4101 = CARTESIAN_POINT ( 'NONE',  ( 26.99999999999968736, -28.25000000000022027, 23.31496062992152218 ) ) ;
#4102 = DIRECTION ( 'NONE',  ( -2.999999999999999839E-15, -9.999999999999998410E-15, 1.000000000000000000 ) ) ;
#4103 = VERTEX_POINT ( 'NONE', #3286 ) ;
#4104 = ORIENTED_EDGE ( 'NONE', *, *, #5000, .F. ) ;
#4105 = VERTEX_POINT ( 'NONE', #4072 ) ;
#4106 = AXIS2_PLACEMENT_3D ( 'NONE', #6186, #2454, #7775 ) ;
#4107 = APPLICATION_PROTOCOL_DEFINITION ( 'draft international standard', 'automotive_design', 1998, #2947 ) ;
#4108 = DIRECTION ( 'NONE',  ( 1.718212319957761414E-14, 7.000000000000000938E-15, -1.000000000000000000 ) ) ;
#4109 = CARTESIAN_POINT ( 'NONE',  ( -29.00000000000006750, 29.08333333333316517, -0.8333333333332111348 ) ) ;
#4110 =( CONVERSION_BASED_UNIT ( 'INCH', #3571 ) LENGTH_UNIT ( ) NAMED_UNIT ( #869 ) );
#4111 = DIRECTION ( 'NONE',  ( 1.387778780781444571E-14, 1.387778780781444571E-14, -1.000000000000000000 ) ) ;
#4112 =( GEOMETRIC_REPRESENTATION_CONTEXT ( 3 ) GLOBAL_UNCERTAINTY_ASSIGNED_CONTEXT ( ( #1400 ) ) GLOBAL_UNIT_ASSIGNED_CONTEXT ( ( #6074, #3880, #5423 ) ) REPRESENTATION_CONTEXT ( 'NONE', 'WORKASPACE' ) );
#4113 = ORIENTED_EDGE ( 'NONE', *, *, #6535, .F. ) ;
#4114 = ORIENTED_EDGE ( 'NONE', *, *, #1207, .T. ) ;
#4115 = VERTEX_POINT ( 'NONE', #7706 ) ;
#4116 = LENGTH_MEASURE_WITH_UNIT ( LENGTH_MEASURE( 0.02539999999999999897 ), #363 );
#4117 = ORIENTED_EDGE ( 'NONE', *, *, #2979, .F. ) ;
#4118 = LINE ( 'NONE', #1940, #3125 ) ;
#4119 = LINE ( 'NONE', #223, #9019 ) ;
#4120 = PLANE ( 'NONE',  #1047 ) ;
#4121 = ORIENTED_EDGE ( 'NONE', *, *, #1569, .F. ) ;
#4122 = DIRECTION ( 'NONE',  ( -1.000000000000000000, 8.000000000000000622E-15, -2.999999999999999839E-15 ) ) ;
#4123 = CARTESIAN_POINT ( 'NONE',  ( 29.24999999999988276, -29.24999999999996092, 0.000000000000000000 ) ) ;
#4124 = CARTESIAN_POINT ( 'NONE',  ( 28.24999999999966960, 29.74999999999974420, 22.68503937007946547 ) ) ;
#4125 = CARTESIAN_POINT ( 'NONE',  ( 29.43699999999991590, 29.43699999999998695, -0.2499999999996732059 ) ) ;
#4126 = ORIENTED_EDGE ( 'NONE', *, *, #3255, .F. ) ;
#4127 = CARTESIAN_POINT ( 'NONE',  ( 29.49999999999988276, -26.87499999999996447, 0.000000000000000000 ) ) ;
#4128 = VERTEX_POINT ( 'NONE', #2480 ) ;
#4129 = VERTEX_POINT ( 'NONE', #8391 ) ;
#4130 = AXIS2_PLACEMENT_3D ( 'NONE', #4163, #6452, #9500 ) ;
#4131 = ADVANCED_FACE ( 'NONE', ( #2437 ), #5473, .T. ) ;
#4132 = DIRECTION ( 'NONE',  ( -2.999999999999999839E-15, -7.182123199577615725E-15, 1.000000000000000000 ) ) ;
#4133 = CARTESIAN_POINT ( 'NONE',  ( -26.75000000000041211, -29.62499999999982947, 23.99999999999963762 ) ) ;
#4134 = DIRECTION ( 'NONE',  ( 1.000000000000000000, 1.000000000000062989E-15, 1.800000000000002112E-14 ) ) ;
#4135 = DIRECTION ( 'NONE',  ( 7.999999999999770274E-15, -1.000000000000000000, -9.999999999999831172E-15 ) ) ;
#4136 = DIRECTION ( 'NONE',  ( -7.999999999999707165E-15, 1.000000000000000000, 6.999999999999831333E-15 ) ) ;
#4137 = AXIS2_PLACEMENT_3D ( 'NONE', #8101, #1461, #673 ) ;
#4138 = ORIENTED_EDGE ( 'NONE', *, *, #801, .F. ) ;
#4139 = PLANE ( 'NONE',  #2050 ) ;
#4140 = ORIENTED_EDGE ( 'NONE', *, *, #8549, .T. ) ;
#4141 = EDGE_CURVE ( 'NONE', #4345, #2636, #1006, .T. ) ;
#4142 =( REPRESENTATION_RELATIONSHIP ('NONE','NONE', #4286, #5315 ) REPRESENTATION_RELATIONSHIP_WITH_TRANSFORMATION ( #1332 )SHAPE_REPRESENTATION_RELATIONSHIP( ) );
#4143 = VECTOR ( 'NONE', #9055, 39.37007874015748143 ) ;
#4144 = DIRECTION ( 'NONE',  ( -1.800000000000005583E-14, -6.881840484703101679E-15, 1.000000000000000000 ) ) ;
#4145 = CARTESIAN_POINT ( 'NONE',  ( -29.74999999999960920, 9.749999999999770850, -0.2499999999999889255 ) ) ;
#4146 = PLANE ( 'NONE',  #1482 ) ;
#4147 = EDGE_CURVE ( 'NONE', #8647, #5789, #4027, .T. ) ;
#4148 = EDGE_LOOP ( 'NONE', ( #8335, #5600, #453, #7598 ) ) ;
#4149 = ORIENTED_EDGE ( 'NONE', *, *, #5606, .T. ) ;
#4150 = VERTEX_POINT ( 'NONE', #3927 ) ;
#4151 = VECTOR ( 'NONE', #4136, 39.37007874015748143 ) ;
#4152 = CONTEXT_DEPENDENT_SHAPE_REPRESENTATION ( #9199, #3379 ) ;
#4153 = CARTESIAN_POINT ( 'NONE',  ( 28.24999999999987921, -29.99999999999997513, 0.6850393700786095996 ) ) ;
#4154 = FACE_OUTER_BOUND ( 'NONE', #3576, .T. ) ;
#4155 = DIRECTION ( 'NONE',  ( 7.884974821319400563E-15, 1.000000000000000000, 7.000000000000024604E-15 ) ) ;
#4156 = PRESENTATION_LAYER_ASSIGNMENT (  '', '', ( #4309 ) ) ;
#4157 = CARTESIAN_POINT ( 'NONE',  ( -27.00000000000036238, 28.24999999999956302, 22.99999999999970512 ) ) ;
#4158 = ORIENTED_EDGE ( 'NONE', *, *, #4269, .T. ) ;
#4159 = ORIENTED_EDGE ( 'NONE', *, *, #8318, .T. ) ;
#4160 = ORIENTED_EDGE ( 'NONE', *, *, #506, .T. ) ;
#4161 = AXIS2_PLACEMENT_3D ( 'NONE', #8008, #9516, #1253 ) ;
#4162 = AXIS2_PLACEMENT_3D ( 'NONE', #3414, #3953, #4055 ) ;
#4163 = CARTESIAN_POINT ( 'NONE',  ( 0.000000000000000000, 0.000000000000000000, 0.000000000000000000 ) ) ;
#4164 = ORIENTED_EDGE ( 'NONE', *, *, #9521, .F. ) ;
#4165 = CARTESIAN_POINT ( 'NONE',  ( 28.24999999999970157, -30.00000000000022382, 23.31496062992155416 ) ) ;
#4166 = SURFACE_STYLE_FILL_AREA ( #7905 ) ;
#4167 = EDGE_CURVE ( 'NONE', #6117, #8448, #1753, .T. ) ;
#4168 = DIRECTION ( 'NONE',  ( 1.000000000000000000, 0.000000000000000000, 0.000000000000000000 ) ) ;
#4169 = PRESENTATION_STYLE_ASSIGNMENT (( #8820 ) ) ;
#4170 = DIRECTION ( 'NONE',  ( -1.000000000000000000, 2.999999999999936730E-15, -1.799999999999993592E-14 ) ) ;
#4171 = DIRECTION ( 'NONE',  ( 2.999999999999999839E-15, 7.000000000000000938E-15, -1.000000000000000000 ) ) ;
#4172 = DIRECTION ( 'NONE',  ( -4.000000000000000311E-15, 1.000000000000000000, 1.099999999999999888E-14 ) ) ;
#4173 = ORIENTED_EDGE ( 'NONE', *, *, #9602, .T. ) ;
#4174 = COLOUR_RGB ( '',0.7921568627450980005, 0.8196078431372548767, 0.9333333333333333481 ) ;
#4175 = CARTESIAN_POINT ( 'NONE',  ( -28.25000000000030198, -26.74999999999957723, 0.9999999999996626032 ) ) ;
#4176 = ORIENTED_EDGE ( 'NONE', *, *, #1769, .F. ) ;
#4177 = ORIENTED_EDGE ( 'NONE', *, *, #3760, .T. ) ;
#4178 = DIRECTION ( 'NONE',  ( -2.999999999999999839E-15, 1.000000000000000000, 6.999999999999998572E-15 ) ) ;
#4179 = DIRECTION ( 'NONE',  ( 0.000000000000000000, -0.000000000000000000, 1.000000000000000000 ) ) ;
#4180 = ADVANCED_FACE ( 'NONE', ( #6314 ), #7755, .F. ) ;
#4181 = CARTESIAN_POINT ( 'NONE',  ( -29.50000000000009948, 29.49999999999981526, -0.2499999999998764599 ) ) ;
#4182 = ADVANCED_FACE ( 'NONE', ( #5568 ), #323, .T. ) ;
#4183 = CARTESIAN_POINT ( 'NONE',  ( -29.24999999999968026, 29.49999999999977618, 8.523365740232501715E-14 ) ) ;
#4184 = FACE_BOUND ( 'NONE', #1669, .T. ) ;
#4185 = FACE_OUTER_BOUND ( 'NONE', #7610, .T. ) ;
#4186 = ORIENTED_EDGE ( 'NONE', *, *, #7349, .F. ) ;
#4187 = EDGE_CURVE ( 'NONE', #6809, #5767, #998, .T. ) ;
#4188 = ADVANCED_FACE ( 'NONE', ( #6911 ), #5424, .F. ) ;
#4189 = DIRECTION ( 'NONE',  ( -1.000000000000000000, 2.999999999999936730E-15, -1.799999999999993592E-14 ) ) ;
#4190 = ORIENTED_EDGE ( 'NONE', *, *, #4299, .T. ) ;
#4191 = FACE_OUTER_BOUND ( 'NONE', #361, .T. ) ;
#4192 =( CONVERSION_BASED_UNIT ( 'INCH', #4236 ) LENGTH_UNIT ( ) NAMED_UNIT ( #3147 ) );
#4193 = CIRCLE ( 'NONE', #5945, 0.3149606299212601157 ) ;
#4194 = EDGE_CURVE ( 'NONE', #7241, #5048, #6167, .T. ) ;
#4195 = CARTESIAN_POINT ( 'NONE',  ( -29.49999999999975842, 28.24999999999961986, 22.99999999999974065 ) ) ;
#4196 = CARTESIAN_POINT ( 'NONE',  ( -28.56496062992100704, 29.49999999999960920, 22.99999999999975486 ) ) ;
#4197 = CARTESIAN_POINT ( 'NONE',  ( 26.74999999999988276, -29.62499999999996092, 24.00000000000000355 ) ) ;
#4198 = ORIENTED_EDGE ( 'NONE', *, *, #3590, .T. ) ;
#4199 = EDGE_LOOP ( 'NONE', ( #2490, #4596, #4779, #5936 ) ) ;
#4200 = CONTEXT_DEPENDENT_SHAPE_REPRESENTATION ( #6372, #2747 ) ;
#4201 = PLANE ( 'NONE',  #7115 ) ;
#4202 = DIRECTION ( 'NONE',  ( -1.000000000000000000, 0.000000000000000000, 0.000000000000000000 ) ) ;
#4203 = CARTESIAN_POINT ( 'NONE',  ( -28.25000000000033396, 29.74999999999951683, 22.68503937007844939 ) ) ;
#4204 = PLANE ( 'NONE',  #8599 ) ;
#4205 = ORIENTED_EDGE ( 'NONE', *, *, #4049, .F. ) ;
#4206 = ORIENTED_EDGE ( 'NONE', *, *, #7537, .T. ) ;
#4207 = ORIENTED_EDGE ( 'NONE', *, *, #1228, .F. ) ;
#4208 = ADVANCED_FACE ( 'NONE', ( #8442 ), #3387, .F. ) ;
#4209 = ORIENTED_EDGE ( 'NONE', *, *, #1535, .F. ) ;
#4210 = DIRECTION ( 'NONE',  ( -1.000000000000000000, -1.150251786806004035E-16, 0.000000000000000000 ) ) ;
#4211 = DIRECTION ( 'NONE',  ( -1.776368096940622102E-14, -7.236319030593793935E-15, 1.000000000000000000 ) ) ;
#4212 = DIRECTION ( 'NONE',  ( -1.699999999999995912E-14, -1.099999999999999888E-14, 1.000000000000000000 ) ) ;
#4213 = CARTESIAN_POINT ( 'NONE',  ( 9.750000000000001776, 29.49999999999965539, -0.2499999999997719602 ) ) ;
#4214 = AXIS2_PLACEMENT_3D ( 'NONE', #2468, #8525, #6946 ) ;
#4215 = DIRECTION ( 'NONE',  ( 0.000000000000000000, -1.387778780781446149E-14, 1.000000000000000000 ) ) ;
#4216 = CARTESIAN_POINT ( 'NONE',  ( -29.87499999999954525, 48.00000000000022027, 2.500000000000251799 ) ) ;
#4217 = EDGE_LOOP ( 'NONE', ( #2724, #8570, #3956, #5918, #3417, #9677, #6343, #729, #4966 ) ) ;
#4218 = ORIENTED_EDGE ( 'NONE', *, *, #5340, .T. ) ;
#4219 = ORIENTED_EDGE ( 'NONE', *, *, #8879, .T. ) ;
#4220 = PRODUCT_DEFINITION ( 'UNKNOWN', '', #5879, #4434 ) ;
#4221 = VECTOR ( 'NONE', #222, 39.37007874015748854 ) ;
#4222 = ADVANCED_FACE ( 'NONE', ( #3532, #9458, #6457 ), #3432, .F. ) ;
#4223 = VECTOR ( 'NONE', #6262, 39.37007874015748143 ) ;
#4224 = CYLINDRICAL_SURFACE ( 'NONE', #4318, 0.3149606299212601157 ) ;
#4225 = CARTESIAN_POINT ( 'NONE',  ( 29.49999999999988276, -27.93503937007870164, 1.000000000000001332 ) ) ;
#4226 = CARTESIAN_POINT ( 'NONE',  ( 29.50000000000000000, 29.24999999999991829, -2.054349691235526035E-13 ) ) ;
#4227 = LINE ( 'NONE', #3400, #7730 ) ;
#4228 = CARTESIAN_POINT ( 'NONE',  ( 29.74999999999976197, -29.74999999999988987, 24.25000000000031974 ) ) ;
#4229 = ORIENTED_EDGE ( 'NONE', *, *, #5346, .T. ) ;
#4230 = AXIS2_PLACEMENT_3D ( 'NONE', #8953, #698, #4444 ) ;
#4231 = ORIENTED_EDGE ( 'NONE', *, *, #1067, .F. ) ;
#4232 = PLANE ( 'NONE',  #4894 ) ;
#4233 = ORIENTED_EDGE ( 'NONE', *, *, #4893, .F. ) ;
#4234 = AXIS2_PLACEMENT_3D ( 'NONE', #1269, #9671, #3012 ) ;
#4235 = LINE ( 'NONE', #7376, #6635 ) ;
#4236 = LENGTH_MEASURE_WITH_UNIT ( LENGTH_MEASURE( 0.02539999999999999897 ), #8561 );
#4237 = FACE_OUTER_BOUND ( 'NONE', #7121, .T. ) ;
#4238 = VECTOR ( 'NONE', #4834, 39.37007874015748143 ) ;
#4239 = CARTESIAN_POINT ( 'NONE',  ( 29.74999999999988631, -29.24999999999996092, 0.000000000000000000 ) ) ;
#4240 = CIRCLE ( 'NONE', #1405, 0.3149606299212598381 ) ;
#4241 = EDGE_CURVE ( 'NONE', #8131, #8244, #2781, .T. ) ;
#4242 = ORIENTED_EDGE ( 'NONE', *, *, #2798, .T. ) ;
#4243 = ORIENTED_EDGE ( 'NONE', *, *, #9040, .T. ) ;
#4244 = EDGE_CURVE ( 'NONE', #134, #4022, #6413, .T. ) ;
#4245 = ORIENTED_EDGE ( 'NONE', *, *, #6382, .F. ) ;
#4246 = AXIS2_PLACEMENT_3D ( 'NONE', #3705, #8218, #4435 ) ;
#4247 = CIRCLE ( 'NONE', #7918, 0.3149606299212598381 ) ;
#4248 = DIRECTION ( 'NONE',  ( 0.000000000000000000, -1.387778780781445676E-14, 1.000000000000000000 ) ) ;
#4249 = CARTESIAN_POINT ( 'NONE',  ( -30.00000000000006750, 29.99999999999982592, -0.9999999999998739897 ) ) ;
#4250 = FACE_OUTER_BOUND ( 'NONE', #5801, .T. ) ;
#4251 = CARTESIAN_POINT ( 'NONE',  ( 26.99999999999991118, 28.24999999999997868, 1.000000000000311084 ) ) ;
#4252 = ORIENTED_EDGE ( 'NONE', *, *, #5095, .F. ) ;
#4253 = VERTEX_POINT ( 'NONE', #6564 ) ;
#4254 = VECTOR ( 'NONE', #3809, 39.37007874015748143 ) ;
#4255 = ORIENTED_EDGE ( 'NONE', *, *, #5946, .T. ) ;
#4256 = FACE_OUTER_BOUND ( 'NONE', #3171, .T. ) ;
#4257 = ADVANCED_FACE ( 'NONE', ( #4961 ), #8732, .F. ) ;
#4258 = FILL_AREA_STYLE ('',( #5905 ) ) ;
#4259 = PLANE ( 'NONE',  #6139 ) ;
#4260 = SURFACE_SIDE_STYLE ('',( #417 ) ) ;
#4261 = MECHANICAL_DESIGN_GEOMETRIC_PRESENTATION_REPRESENTATION (  '', ( #3330 ), #7766 ) ;
#4262 = DIRECTION ( 'NONE',  ( 1.000000000000000000, -3.863407600316787446E-15, -7.000000000000000938E-15 ) ) ;
#4263 = DIRECTION ( 'NONE',  ( 0.000000000000000000, -1.387778780781445676E-14, 1.000000000000000000 ) ) ;
#4264 = CARTESIAN_POINT ( 'NONE',  ( -29.62500000000029843, -26.74999999999954525, -3.431201080042314366E-13 ) ) ;
#4265 = UNCERTAINTY_MEASURE_WITH_UNIT (LENGTH_MEASURE( 1.000000000000000082E-05 ), #7137, 'distance_accuracy_value', 'NONE');
#4266 = ORIENTED_EDGE ( 'NONE', *, *, #981, .T. ) ;
#4267 = CARTESIAN_POINT ( 'NONE',  ( -26.99999999999970157, 27.00000000000020961, -0.3749999999998835931 ) ) ;
#4268 = ORIENTED_EDGE ( 'NONE', *, *, #1023, .F. ) ;
#4269 = EDGE_CURVE ( 'NONE', #8471, #8094, #4857, .T. ) ;
#4270 = EDGE_LOOP ( 'NONE', ( #1468, #3683, #796, #6822 ) ) ;
#4271 = VECTOR ( 'NONE', #4310, 39.37007874015748143 ) ;
#4272 = CARTESIAN_POINT ( 'NONE',  ( 29.74999999999988631, -27.93503937007870164, 1.000000000000001332 ) ) ;
#4273 = PLANE ( 'NONE',  #1379 ) ;
#4274 = LINE ( 'NONE', #7310, #2659 ) ;
#4275 = DIRECTION ( 'NONE',  ( -8.000000000000000622E-15, -1.000000000000000000, -6.999999999999997783E-15 ) ) ;
#4276 = DIRECTION ( 'NONE',  ( 1.000000000000000000, 4.085576355429591840E-15, 4.000000000000084719E-15 ) ) ;
#4277 = CARTESIAN_POINT ( 'NONE',  ( 9.750000000000001776, 29.49999999999965539, 2.280580853210847908E-13 ) ) ;
#4278 = ORIENTED_EDGE ( 'NONE', *, *, #3585, .T. ) ;
#4279 = ORIENTED_EDGE ( 'NONE', *, *, #8049, .F. ) ;
#4280 = CLOSED_SHELL ( 'NONE', ( #798, #1284, #4131, #7551, #6077, #6319, #5852, #4222, #8283, #5846, #5806, #3707, #9742, #4208, #8074 ) ) ;
#4281 = DIRECTION ( 'NONE',  ( 1.823631903059379282E-14, 6.763680969406205575E-15, -1.000000000000000000 ) ) ;
#4282 = ORIENTED_EDGE ( 'NONE', *, *, #1977, .T. ) ;
#4283 = CARTESIAN_POINT ( 'NONE',  ( -29.49999999999976197, 27.93503937007836058, 22.99999999999974065 ) ) ;
#4284 = EDGE_CURVE ( 'NONE', #5498, #502, #1851, .T. ) ;
#4285 = PRESENTATION_STYLE_ASSIGNMENT (( #7430 ) ) ;
#4286 = SHAPE_REPRESENTATION ( '102049', ( #8402, #4130, #1601, #7141, #2538, #4441, #8084, #9186, #3814, #4922, #814, #5076, #345, #9341, #1920, #6352, #2071, #3186, #7628, #3346, #5404, #6830 ), #2870 ) ;
#4287 = DIRECTION ( 'NONE',  ( -1.000000000000000000, 0.000000000000000000, 0.000000000000000000 ) ) ;
#4288 = FACE_OUTER_BOUND ( 'NONE', #8408, .T. ) ;
#4289 = VECTOR ( 'NONE', #8822, 39.37007874015748143 ) ;
#4290 = CARTESIAN_POINT ( 'NONE',  ( -28.25000000000033751, 29.74999999999951683, 22.99999999999970868 ) ) ;
#4291 = VERTEX_POINT ( 'NONE', #7906 ) ;
#4292 = CARTESIAN_POINT ( 'NONE',  ( -29.99999999999992184, -30.00000000000047251, 24.49999999999924682 ) ) ;
#4293 = EDGE_CURVE ( 'NONE', #9361, #6547, #8083, .T. ) ;
#4294 = VECTOR ( 'NONE', #6437, 39.37007874015748143 ) ;
#4295 = ADVANCED_FACE ( 'NONE', ( #6509 ), #4120, .T. ) ;
#4296 = EDGE_CURVE ( 'NONE', #2060, #2554, #2330, .T. ) ;
#4297 = DIRECTION ( 'NONE',  ( -7.999999999999707165E-15, 1.000000000000000000, 6.999999999999831333E-15 ) ) ;
#4298 = DIRECTION ( 'NONE',  ( 1.387778780781444571E-14, 1.387778780781444571E-14, -1.000000000000000000 ) ) ;
#4299 = EDGE_CURVE ( 'NONE', #4595, #988, #8776, .T. ) ;
#4300 = EDGE_CURVE ( 'NONE', #7747, #1501, #5660, .T. ) ;
#4301 = CYLINDRICAL_SURFACE ( 'NONE', #850, 0.1250000000000015266 ) ;
#4302 = EDGE_CURVE ( 'NONE', #8609, #243, #8034, .T. ) ;
#4303 = CARTESIAN_POINT ( 'NONE',  ( -29.75000000000044409, 29.74999999999940670, 24.24999999999980815 ) ) ;
#4304 = ORIENTED_EDGE ( 'NONE', *, *, #6195, .F. ) ;
#4305 = ORIENTED_EDGE ( 'NONE', *, *, #8423, .T. ) ;
#4306 = ORIENTED_EDGE ( 'NONE', *, *, #6442, .F. ) ;
#4307 = EDGE_CURVE ( 'NONE', #26, #6858, #1150, .T. ) ;
#4308 = CYLINDRICAL_SURFACE ( 'NONE', #6456, 0.1250000000000015266 ) ;
#4309 = STYLED_ITEM ( 'NONE', ( #1545 ), #1792 ) ;
#4310 = DIRECTION ( 'NONE',  ( -1.000000000000000000, -2.999999999999936730E-15, -3.000000000000063342E-15 ) ) ;
#4311 = CARTESIAN_POINT ( 'NONE',  ( -28.24999999999968381, 29.74999999999976197, 1.000000000000091038 ) ) ;
#4312 = CARTESIAN_POINT ( 'NONE',  ( -48.00000000000035527, 27.12499999999942801, 24.24999999999933564 ) ) ;
#4313 = CARTESIAN_POINT ( 'NONE',  ( 29.74999999999988631, -26.74999999999996092, 24.00000000000000355 ) ) ;
#4314 = DIRECTION ( 'NONE',  ( 1.000000000000000000, -4.000000000000000311E-15, -7.000000000000000150E-15 ) ) ;
#4315 = ORIENTED_EDGE ( 'NONE', *, *, #9590, .T. ) ;
#4316 = FACE_OUTER_BOUND ( 'NONE', #9362, .T. ) ;
#4317 = ORIENTED_EDGE ( 'NONE', *, *, #6518, .T. ) ;
#4318 = AXIS2_PLACEMENT_3D ( 'NONE', #2146, #1959, #7307 ) ;
#4319 = COLOUR_RGB ( '',0.7921568627450980005, 0.8196078431372548767, 0.9333333333333333481 ) ;
#4320 = VERTEX_POINT ( 'NONE', #7297 ) ;
#4321 = VECTOR ( 'NONE', #8397, 39.37007874015748143 ) ;
#4322 = CARTESIAN_POINT ( 'NONE',  ( 26.87499999999988276, -29.62499999999996092, 0.000000000000000000 ) ) ;
#4323 = CARTESIAN_POINT ( 'NONE',  ( 28.24999999999988276, -29.49999999999996447, 1.000000000000001332 ) ) ;
#4324 = PRODUCT_DEFINITION_SHAPE ( 'NONE', 'NONE',  #9765 ) ;
#4325 = CARTESIAN_POINT ( 'NONE',  ( 9.750000000000001776, 29.74999999999965183, 2.297996384170457617E-13 ) ) ;
#4326 = CIRCLE ( 'NONE', #3549, 0.3149606299212598381 ) ;
#4327 = EDGE_CURVE ( 'NONE', #1353, #8623, #758, .T. ) ;
#4328 = DIRECTION ( 'NONE',  ( -0.7071067811865536790, -0.7071067811865413555, -9.192388155425072771E-15 ) ) ;
#4329 = PRESENTATION_LAYER_ASSIGNMENT (  '', '', ( #232 ) ) ;
#4330 = DIRECTION ( 'NONE',  ( -9.483827159451533256E-15, -1.000000000000000000, -1.000000000000014514E-14 ) ) ;
#4331 = DIRECTION ( 'NONE',  ( -1.000000000000000000, 3.914423644570404837E-15, -3.999999999999917480E-15 ) ) ;
#4332 = PLANE ( 'NONE',  #7799 ) ;
#4333 = FACE_OUTER_BOUND ( 'NONE', #2513, .T. ) ;
#4334 = VERTEX_POINT ( 'NONE', #416 ) ;
#4335 = ORIENTED_EDGE ( 'NONE', *, *, #3994, .T. ) ;
#4336 = ORIENTED_EDGE ( 'NONE', *, *, #794, .T. ) ;
#4337 = LINE ( 'NONE', #8942, #2844 ) ;
#4338 = EDGE_LOOP ( 'NONE', ( #8658, #6857, #4173, #1100 ) ) ;
#4339 = ADVANCED_FACE ( 'NONE', ( #1242 ), #4259, .F. ) ;
#4340 = PLANE ( 'NONE',  #451 ) ;
#4341 = DIRECTION ( 'NONE',  ( 1.699999999999999698E-14, 1.099999999999999888E-14, -1.000000000000000000 ) ) ;
#4342 = DIRECTION ( 'NONE',  ( -9.106159978880878627E-17, 1.000000000000000000, 0.000000000000000000 ) ) ;
#4343 = VECTOR ( 'NONE', #9428, 39.37007874015748143 ) ;
#4344 = DIRECTION ( 'NONE',  ( 2.939999999999999909E-28, 1.000000000000000000, 6.999999999999997783E-15 ) ) ;
#4345 = VERTEX_POINT ( 'NONE', #9368 ) ;
#4346 = DIRECTION ( 'NONE',  ( 1.000000000000000000, -4.000000000000000311E-15, -7.000000000000000150E-15 ) ) ;
#4347 = EDGE_CURVE ( 'NONE', #3717, #890, #1345, .T. ) ;
#4348 = VECTOR ( 'NONE', #466, 39.37007874015748143 ) ;
#4349 =( BOUNDED_CURVE ( )  B_SPLINE_CURVE ( 3, ( #2245, #2297, #5325, #8344 ),
 .UNSPECIFIED., .F., .T. ) 
 B_SPLINE_CURVE_WITH_KNOTS ( ( 4, 4 ),
 ( 1.570796326794895004, 3.141592653589795336 ),
 .UNSPECIFIED. ) 
 CURVE ( )  GEOMETRIC_REPRESENTATION_ITEM ( )  RATIONAL_B_SPLINE_CURVE ( ( 1.000000000000000000, 0.8047378541243649375, 0.8047378541243649375, 1.000000000000000000 ) ) 
 REPRESENTATION_ITEM ( '' )  );
#4350 = FACE_BOUND ( 'NONE', #2363, .T. ) ;
#4351 = CARTESIAN_POINT ( 'NONE',  ( -27.00000000000013145, -26.99999999999978684, -0.5000000000002617906 ) ) ;
#4352 = CARTESIAN_POINT ( 'NONE',  ( -29.74999999999968026, 29.75000000000026645, -0.1203511549770981126 ) ) ;
#4353 = DIRECTION ( 'NONE',  ( 4.000000000000000311E-15, 6.999999999999997783E-15, -1.000000000000000000 ) ) ;
#4354 = DIRECTION ( 'NONE',  ( 3.908938400211191734E-15, 1.000000000000000000, 6.374311985216616465E-31 ) ) ;
#4355 = ORIENTED_EDGE ( 'NONE', *, *, #7263, .T. ) ;
#4356 = ORIENTED_EDGE ( 'NONE', *, *, #1977, .F. ) ;
#4357 = ORIENTED_EDGE ( 'NONE', *, *, #125, .F. ) ;
#4358 = EDGE_CURVE ( 'NONE', #268, #5597, #2464, .T. ) ;
#4359 = DIRECTION ( 'NONE',  ( -1.000000000000000000, 0.000000000000000000, 6.938893903907222856E-15 ) ) ;
#4360 = DIRECTION ( 'NONE',  ( -1.499999999999999919E-14, -1.000000000000000000, -9.999999999999999988E-15 ) ) ;
#4361 = DIRECTION ( 'NONE',  ( 7.914423644570398048E-15, 1.000000000000000000, 9.999999999999998410E-15 ) ) ;
#4362 = FACE_OUTER_BOUND ( 'NONE', #8473, .T. ) ;
#4363 = DIRECTION ( 'NONE',  ( 1.000000000000000000, 1.365923996832131856E-16, 0.000000000000000000 ) ) ;
#4364 = UNCERTAINTY_MEASURE_WITH_UNIT (LENGTH_MEASURE( 1.000000000000000082E-05 ), #6994, 'distance_accuracy_value', 'NONE');
#4365 = VERTEX_POINT ( 'NONE', #6606 ) ;
#4366 = CARTESIAN_POINT ( 'NONE',  ( 26.87499999999988276, -29.62499999999996092, 24.00000000000000355 ) ) ;
#4367 = ORIENTED_EDGE ( 'NONE', *, *, #7740, .T. ) ;
#4368 = ORIENTED_EDGE ( 'NONE', *, *, #4869, .F. ) ;
#4369 = CARTESIAN_POINT ( 'NONE',  ( -29.75000000000031264, 29.74999999999951683, 21.62499999999968026 ) ) ;
#4370 = CARTESIAN_POINT ( 'NONE',  ( 27.12499999999989342, -27.12499999999996447, -0.2500000000001138534 ) ) ;
#4371 = EDGE_CURVE ( 'NONE', #6580, #3116, #2137, .T. ) ;
#4372 = CARTESIAN_POINT ( 'NONE',  ( -48.00000000000012079, -27.12499999999966604, -0.2500000000003392286 ) ) ;
#4373 = LINE ( 'NONE', #7364, #7482 ) ;
#4374 = DIRECTION ( 'NONE',  ( -1.000000000000000000, -2.999999999999936730E-15, -3.000000000000063342E-15 ) ) ;
#4375 = LINE ( 'NONE', #8348, #6537 ) ;
#4376 = DIRECTION ( 'NONE',  ( 1.000000000000000000, -4.000000000000000311E-15, -7.000000000000000150E-15 ) ) ;
#4377 = ORIENTED_EDGE ( 'NONE', *, *, #584, .T. ) ;
#4378 = AXIS2_PLACEMENT_3D ( 'NONE', #3529, #1050, #9552 ) ;
#4379 = EDGE_LOOP ( 'NONE', ( #2476, #1610, #206, #7793 ) ) ;
#4380 = ORIENTED_EDGE ( 'NONE', *, *, #6, .F. ) ;
#4381 = CARTESIAN_POINT ( 'NONE',  ( -29.74999999999968736, 29.74999999999977263, -0.2499999999997689626 ) ) ;
#4382 = ORIENTED_EDGE ( 'NONE', *, *, #258, .T. ) ;
#4383 = DIRECTION ( 'NONE',  ( -1.000000000000000000, 1.348382715945121960E-14, -1.699999999999991179E-14 ) ) ;
#4384 = CIRCLE ( 'NONE', #2337, 0.1250000000000015266 ) ;
#4385 = SURFACE_STYLE_USAGE ( .BOTH. , #8166 ) ;
#4386 = AXIS2_PLACEMENT_3D ( 'NONE', #4619, #7801, #7104 ) ;
#4387 = DIRECTION ( 'NONE',  ( 4.000000000000210148E-15, 1.000000000000000000, 1.100000000000006672E-14 ) ) ;
#4388 = CARTESIAN_POINT ( 'NONE',  ( -27.00000000000032330, 26.99999999999950617, 24.30177669529635409 ) ) ;
#4389 = DIRECTION ( 'NONE',  ( -1.000000000000000000, 8.000000000000082663E-15, -3.817876800422215130E-15 ) ) ;
#4390 = AXIS2_PLACEMENT_3D ( 'NONE', #8827, #5869, #5062 ) ;
#4391 = ADVANCED_FACE ( 'NONE', ( #1544 ), #6706, .F. ) ;
#4392 = EDGE_LOOP ( 'NONE', ( #825, #9020, #489, #8060 ) ) ;
#4393 = AXIS2_PLACEMENT_3D ( 'NONE', #5425, #6079, #9088 ) ;
#4394 = DIRECTION ( 'NONE',  ( 9.106159978880878627E-17, -1.000000000000000000, -0.000000000000000000 ) ) ;
#4395 = FACE_OUTER_BOUND ( 'NONE', #4199, .T. ) ;
#4396 = FACE_OUTER_BOUND ( 'NONE', #8625, .T. ) ;
#4397 = EDGE_CURVE ( 'NONE', #9191, #2057, #1498, .T. ) ;
#4398 = DIRECTION ( 'NONE',  ( -1.000000000000000000, 2.999999999999936730E-15, -1.799999999999993592E-14 ) ) ;
#4399 = ORIENTED_EDGE ( 'NONE', *, *, #7248, .T. ) ;
#4400 = VECTOR ( 'NONE', #4262, 39.37007874015748143 ) ;
#4401 = ORIENTED_EDGE ( 'NONE', *, *, #4420, .T. ) ;
#4402 = ORIENTED_EDGE ( 'NONE', *, *, #2438, .F. ) ;
#4403 =( BOUNDED_CURVE ( )  B_SPLINE_CURVE ( 3, ( #5370, #3875, #169, #3044 ),
 .UNSPECIFIED., .F., .F. ) 
 B_SPLINE_CURVE_WITH_KNOTS ( ( 4, 4 ),
 ( 4.930380657631269593E-32, 1.570796326794895004 ),
 .UNSPECIFIED. ) 
 CURVE ( )  GEOMETRIC_REPRESENTATION_ITEM ( )  RATIONAL_B_SPLINE_CURVE ( ( 1.000000000000000000, 0.8047378541243649375, 0.8047378541243649375, 1.000000000000000000 ) ) 
 REPRESENTATION_ITEM ( '' )  );
#4404 = DIRECTION ( 'NONE',  ( -1.387778780781444571E-14, -1.000000000000000000, -9.974659986866631327E-15 ) ) ;
#4405 = CARTESIAN_POINT ( 'NONE',  ( 29.99999999999991118, 29.99999999999996803, 2.500000000000333067 ) ) ;
#4406 = FACE_OUTER_BOUND ( 'NONE', #4392, .T. ) ;
#4407 =( NAMED_UNIT ( * ) SI_UNIT ( $, .STERADIAN. ) SOLID_ANGLE_UNIT ( ) );
#4408 = DIRECTION ( 'NONE',  ( 1.000000000000000000, 9.106159978880878627E-17, -0.000000000000000000 ) ) ;
#4409 = DIRECTION ( 'NONE',  ( 0.000000000000000000, -1.387778780781445044E-14, 1.000000000000000000 ) ) ;
#4410 = CARTESIAN_POINT ( 'NONE',  ( 26.75000000000017053, 29.62499999999993250, 23.99999999999981526 ) ) ;
#4411 = ORIENTED_EDGE ( 'NONE', *, *, #291, .F. ) ;
#4412 = CARTESIAN_POINT ( 'NONE',  ( 29.24999999999988276, -29.24999999999996092, 24.00000000000000355 ) ) ;
#4413 = ORIENTED_EDGE ( 'NONE', *, *, #7626, .F. ) ;
#4414 = ORIENTED_EDGE ( 'NONE', *, *, #9628, .T. ) ;
#4415 = CARTESIAN_POINT ( 'NONE',  ( -29.62035115497736015, -29.62035115497696225, -0.2500000000003023692 ) ) ;
#4416 = LINE ( 'NONE', #5223, #5179 ) ;
#4417 = ADVANCED_FACE ( 'NONE', ( #7500 ), #7396, .T. ) ;
#4418 = AXIS2_PLACEMENT_3D ( 'NONE', #977, #8506, #2357 ) ;
#4419 = CARTESIAN_POINT ( 'NONE',  ( 29.24999999999988276, -29.24999999999996092, 24.00000000000000355 ) ) ;
#4420 = EDGE_CURVE ( 'NONE', #3096, #1199, #1445, .T. ) ;
#4421 = CARTESIAN_POINT ( 'NONE',  ( 29.49999999999972289, 9.749999999999761968, 24.00000000000061462 ) ) ;
#4422 = LINE ( 'NONE', #7516, #44 ) ;
#4423 = LINE ( 'NONE', #674, #5619 ) ;
#4424 = SURFACE_STYLE_FILL_AREA ( #9663 ) ;
#4425 = DIRECTION ( 'NONE',  ( 0.000000000000000000, 1.000000000000000000, 0.000000000000000000 ) ) ;
#4426 = EDGE_CURVE ( 'NONE', #7305, #6502, #1682, .T. ) ;
#4427 = ORIENTED_EDGE ( 'NONE', *, *, #1646, .T. ) ;
#4428 = STYLED_ITEM ( 'NONE', ( #3531 ), #8182 ) ;
#4429 = ORIENTED_EDGE ( 'NONE', *, *, #8297, .F. ) ;
#4430 = EDGE_LOOP ( 'NONE', ( #5998, #290, #1491, #5952 ) ) ;
#4431 = CARTESIAN_POINT ( 'NONE',  ( 29.49999999999996447, -9.749999999999998224, 7.307693383051903666E-15 ) ) ;
#4432 = ORIENTED_EDGE ( 'NONE', *, *, #679, .F. ) ;
#4433 = CARTESIAN_POINT ( 'NONE',  ( 29.74999999999988631, -29.24999999999996092, 24.00000000000000355 ) ) ;
#4434 = PRODUCT_DEFINITION_CONTEXT ( 'detailed design', #1232, 'design' ) ;
#4435 = DIRECTION ( 'NONE',  ( -1.000000000000000000, 2.999999999999936730E-15, -1.799999999999993592E-14 ) ) ;
#4436 = DIRECTION ( 'NONE',  ( 2.763680969406204081E-15, 7.236319030593792358E-15, -1.000000000000000000 ) ) ;
#4437 = CARTESIAN_POINT ( 'NONE',  ( -30.00000000000008171, 29.99999999999982236, -0.4999999999998747113 ) ) ;
#4438 = AXIS2_PLACEMENT_3D ( 'NONE', #2026, #4346, #4496 ) ;
#4439 = EDGE_LOOP ( 'NONE', ( #1003, #13 ) ) ;
#4440 = CARTESIAN_POINT ( 'NONE',  ( 29.75000000000000355, 29.74999999999965894, -0.2499999999996901923 ) ) ;
#4441 = AXIS2_PLACEMENT_3D ( 'NONE', #5106, #1343, #7393 ) ;
#4442 = ORIENTED_EDGE ( 'NONE', *, *, #8172, .T. ) ;
#4443 = DIRECTION ( 'NONE',  ( -1.000000000000000000, 1.499999999999999919E-14, -2.999999999999999839E-15 ) ) ;
#4444 = DIRECTION ( 'NONE',  ( -6.185478394931414830E-15, -1.000000000000000000, 1.529834876451990334E-29 ) ) ;
#4445 = CARTESIAN_POINT ( 'NONE',  ( -29.50000000000009948, 29.49999999999981526, -0.4999999999998731015 ) ) ;
#4446 = EDGE_CURVE ( 'NONE', #7112, #6963, #6130, .T. ) ;
#4447 = FACE_OUTER_BOUND ( 'NONE', #2107, .T. ) ;
#4448 = ORIENTED_EDGE ( 'NONE', *, *, #8985, .F. ) ;
#4449 = ORIENTED_EDGE ( 'NONE', *, *, #6235, .T. ) ;
#4450 = VECTOR ( 'NONE', #9244, 39.37007874015748143 ) ;
#4451 = ORIENTED_EDGE ( 'NONE', *, *, #7537, .F. ) ;
#4452 = ADVANCED_FACE ( 'NONE', ( #6658 ), #2882, .T. ) ;
#4453 = DIRECTION ( 'NONE',  ( -1.000000000000000000, -6.962474446393704720E-15, -1.509903313490213211E-14 ) ) ;
#4454 = CARTESIAN_POINT ( 'NONE',  ( -28.25000000000033040, 26.99999999999951328, 22.99999999999968736 ) ) ;
#4455 = DIRECTION ( 'NONE',  ( -3.914423644570364606E-15, -1.000000000000000000, -9.999999999999998410E-15 ) ) ;
#4456 =( REPRESENTATION_RELATIONSHIP ('NONE','NONE', #4286, #3611 ) REPRESENTATION_RELATIONSHIP_WITH_TRANSFORMATION ( #1635 )SHAPE_REPRESENTATION_RELATIONSHIP( ) );
#4457 = CARTESIAN_POINT ( 'NONE',  ( 29.74999999999988631, -28.24999999999996092, 22.99999999999966604 ) ) ;
#4458 = PRESENTATION_STYLE_ASSIGNMENT (( #3822 ) ) ;
#4459 = VECTOR ( 'NONE', #2408, 39.37007874015748143 ) ;
#4460 = LINE ( 'NONE', #3728, #6470 ) ;
#4461 = CARTESIAN_POINT ( 'NONE',  ( 26.99999999999985079, -26.99999999999998579, -0.3017766952967136929 ) ) ;
#4462 = FACE_OUTER_BOUND ( 'NONE', #8374, .T. ) ;
#4463 = EDGE_LOOP ( 'NONE', ( #1999, #9453, #2514, #6542 ) ) ;
#4464 =( BOUNDED_CURVE ( )  B_SPLINE_CURVE ( 3, ( #6177, #7525, #5238, #8261 ),
 .UNSPECIFIED., .F., .F. ) 
 B_SPLINE_CURVE_WITH_KNOTS ( ( 4, 4 ),
 ( 1.570796326794895004, 3.141592653589795336 ),
 .UNSPECIFIED. ) 
 CURVE ( )  GEOMETRIC_REPRESENTATION_ITEM ( )  RATIONAL_B_SPLINE_CURVE ( ( 1.000000000000000000, 0.8047378541243649375, 0.8047378541243649375, 1.000000000000000000 ) ) 
 REPRESENTATION_ITEM ( '' )  );
#4465 = DIRECTION ( 'NONE',  ( -0.7071067811865516806, 0.7071067811865431318, -7.861725987580330876E-15 ) ) ;
#4466 = ORIENTED_EDGE ( 'NONE', *, *, #2303, .T. ) ;
#4467 = VECTOR ( 'NONE', #5231, 39.37007874015748143 ) ;
#4468 = EDGE_CURVE ( 'NONE', #4115, #7945, #2630, .T. ) ;
#4469 = VECTOR ( 'NONE', #3329, 39.37007874015748143 ) ;
#4470 = LINE ( 'NONE', #5222, #1806 ) ;
#4471 = DIRECTION ( 'NONE',  ( -1.000000000000000000, 0.000000000000000000, 0.000000000000000000 ) ) ;
#4472 = PRESENTATION_STYLE_ASSIGNMENT (( #8249 ) ) ;
#4473 = LINE ( 'NONE', #7567, #289 ) ;
#4474 = LINE ( 'NONE', #9568, #3620 ) ;
#4475 = LINE ( 'NONE', #3598, #7635 ) ;
#4476 = LINE ( 'NONE', #6723, #1342 ) ;
#4477 = MECHANICAL_DESIGN_GEOMETRIC_PRESENTATION_REPRESENTATION (  '', ( #4309 ), #3373 ) ;
#4478 = CARTESIAN_POINT ( 'NONE',  ( 29.99999999999966960, -30.00000000000022382, 24.50000000000030198 ) ) ;
#4479 = AXIS2_PLACEMENT_3D ( 'NONE', #2973, #1489, #4503 ) ;
#4480 = DIRECTION ( 'NONE',  ( 3.000000000000042043E-15, 7.118159515296895465E-15, -1.000000000000000000 ) ) ;
#4481 = EDGE_LOOP ( 'NONE', ( #5884, #8035, #2623, #3558 ) ) ;
#4482 = VERTEX_POINT ( 'NONE', #3776 ) ;
#4484 = EDGE_LOOP ( 'NONE', ( #6487, #8242, #3030, #6873 ) ) ;
#4483 = ADVANCED_FACE ( 'NONE', ( #4406 ), #3726, .F. ) ;
#4485 = DIRECTION ( 'NONE',  ( 0.000000000000000000, 1.000000000000000000, 0.000000000000000000 ) ) ;
#4486 = EDGE_CURVE ( 'NONE', #3407, #6007, #2183, .T. ) ;
#4487 = VERTEX_POINT ( 'NONE', #9024 ) ;
#4488 =( GEOMETRIC_REPRESENTATION_CONTEXT ( 3 ) GLOBAL_UNCERTAINTY_ASSIGNED_CONTEXT ( ( #8994 ) ) GLOBAL_UNIT_ASSIGNED_CONTEXT ( ( #6505, #4908, #507 ) ) REPRESENTATION_CONTEXT ( 'NONE', 'WORKASPACE' ) );
#4489 = AXIS2_PLACEMENT_3D ( 'NONE', #7139, #4155, #4994 ) ;
#4490 = FACE_OUTER_BOUND ( 'NONE', #8222, .T. ) ;
#4491 = CARTESIAN_POINT ( 'NONE',  ( -29.49999999999975486, 29.24999999999961275, 24.00000000000008527 ) ) ;
#4492 = CARTESIAN_POINT ( 'NONE',  ( 37.49999999999990052, 37.50000000000002132, -0.4999999999996195821 ) ) ;
#4493 = FACE_OUTER_BOUND ( 'NONE', #4820, .T. ) ;
#4494 = ADVANCED_FACE ( 'NONE', ( #2232 ), #5263, .T. ) ;
#4495 = VERTEX_POINT ( 'NONE', #6805 ) ;
#4496 = DIRECTION ( 'NONE',  ( 0.000000000000000000, 1.000000000000000000, 0.000000000000000000 ) ) ;
#4497 = ORIENTED_EDGE ( 'NONE', *, *, #446, .F. ) ;
#4498 = ADVANCED_FACE ( 'NONE', ( #19 ), #3037, .T. ) ;
#4499 = LINE ( 'NONE', #4731, #7445 ) ;
#4500 = DIRECTION ( 'NONE',  ( 1.387778780781444571E-14, 1.387778780781444571E-14, -1.000000000000000000 ) ) ;
#4501 = DIRECTION ( 'NONE',  ( 4.000000000000000311E-15, 1.000000000000000000, 0.000000000000000000 ) ) ;
#4502 = LINE ( 'NONE', #2921, #8909 ) ;
#4503 = DIRECTION ( 'NONE',  ( -1.387778780781444571E-14, -1.000000000000000000, -9.974659986866631327E-15 ) ) ;
#4504 = EDGE_LOOP ( 'NONE', ( #824, #5271, #5204, #4305 ) ) ;
#4505 = EDGE_LOOP ( 'NONE', ( #1632, #4190, #5655, #2877, #4427 ) ) ;
#4506 = VERTEX_POINT ( 'NONE', #70 ) ;
#4507 = CIRCLE ( 'NONE', #6416, 0.3149606299212601157 ) ;
#4508 = DIRECTION ( 'NONE',  ( 1.000000000000000000, 0.000000000000000000, 0.000000000000000000 ) ) ;
#4509 = DIRECTION ( 'NONE',  ( 2.999999999999999839E-15, 7.000000000000000150E-15, -1.000000000000000000 ) ) ;
#4510 = DIRECTION ( 'NONE',  ( 1.000000000000000000, 0.000000000000000000, 0.000000000000000000 ) ) ;
#4511 = DIRECTION ( 'NONE',  ( 1.000000000000000000, 0.000000000000000000, 0.000000000000000000 ) ) ;
#4512 = SURFACE_STYLE_FILL_AREA ( #2138 ) ;
#4513 = DIRECTION ( 'NONE',  ( -0.7071067811865497932, 0.7071067811865452413, 4.949747468305798221E-15 ) ) ;
#4514 = ORIENTED_EDGE ( 'NONE', *, *, #6526, .T. ) ;
#4515 = PLANE ( 'NONE',  #9287 ) ;
#4516 = EDGE_CURVE ( 'NONE', #1980, #6809, #6902, .T. ) ;
#4517 = ORIENTED_EDGE ( 'NONE', *, *, #4603, .F. ) ;
#4518 = CARTESIAN_POINT ( 'NONE',  ( -29.75000000000012434, -29.74999999999974065, 0.06299999999969729814 ) ) ;
#4519 = LINE ( 'NONE', #7565, #905 ) ;
#4520 = FACE_OUTER_BOUND ( 'NONE', #1313, .T. ) ;
#4521 = CARTESIAN_POINT ( 'NONE',  ( -29.50000000000009948, 29.49999999999981526, -0.2499999999998764599 ) ) ;
#4522 = LINE ( 'NONE', #36, #3139 ) ;
#4523 = CARTESIAN_POINT ( 'NONE',  ( 29.80177669529629725, 29.80177669529639317, 21.50000000000075318 ) ) ;
#4524 = EDGE_CURVE ( 'NONE', #3638, #9577, #262, .T. ) ;
#4525 = PRESENTATION_STYLE_ASSIGNMENT (( #2151 ) ) ;
#4526 = PLANE ( 'NONE',  #8755 ) ;
#4527 = EDGE_LOOP ( 'NONE', ( #3828, #435, #1086, #6035 ) ) ;
#4528 = ORIENTED_EDGE ( 'NONE', *, *, #6118, .F. ) ;
#4529 = EDGE_CURVE ( 'NONE', #9422, #2460, #894, .T. ) ;
#4530 = ORIENTED_EDGE ( 'NONE', *, *, #7274, .F. ) ;
#4531 = CARTESIAN_POINT ( 'NONE',  ( 28.24999999999971223, -27.00000000000022382, 23.00000000000031619 ) ) ;
#4532 = ORIENTED_EDGE ( 'NONE', *, *, #7090, .F. ) ;
#4533 = FACE_OUTER_BOUND ( 'NONE', #534, .T. ) ;
#4534 = LINE ( 'NONE', #8900, #8527 ) ;
#4535 = AXIS2_PLACEMENT_3D ( 'NONE', #9207, #4607, #805 ) ;
#4536 = FACE_OUTER_BOUND ( 'NONE', #2472, .T. ) ;
#4537 = ORIENTED_EDGE ( 'NONE', *, *, #8596, .T. ) ;
#4538 = ADVANCED_FACE ( 'NONE', ( #1785 ), #8575, .F. ) ;
#4539 = CARTESIAN_POINT ( 'NONE',  ( 29.99999999999985789, -30.00000000000001421, -0.5000000000000877076 ) ) ;
#4540 = ORIENTED_EDGE ( 'NONE', *, *, #5774, .F. ) ;
#4541 = CIRCLE ( 'NONE', #1870, 0.3149606299212601157 ) ;
#4542 = DIRECTION ( 'NONE',  ( -0.7071067811865453523, 0.7071067811865496822, 2.764036850029858799E-15 ) ) ;
#4543 = LINE ( 'NONE', #6696, #4554 ) ;
#4544 = VECTOR ( 'NONE', #233, 39.37007874015748143 ) ;
#4545 = LINE ( 'NONE', #6649, #5282 ) ;
#4546 = ADVANCED_FACE ( 'NONE', ( #6112 ), #4654, .F. ) ;
#4547 = LINE ( 'NONE', #1436, #2731 ) ;
#4548 = VECTOR ( 'NONE', #2419, 39.37007874015748143 ) ;
#4549 = ORIENTED_EDGE ( 'NONE', *, *, #3947, .T. ) ;
#4550 = EDGE_CURVE ( 'NONE', #2427, #9058, #5646, .T. ) ;
#4551 = EDGE_CURVE ( 'NONE', #9421, #4150, #9740, .T. ) ;
#4552 = ORIENTED_EDGE ( 'NONE', *, *, #3580, .T. ) ;
#4553 = ORIENTED_EDGE ( 'NONE', *, *, #668, .T. ) ;
#4554 = VECTOR ( 'NONE', #549, 39.37007874015748143 ) ;
#4555 = DIRECTION ( 'NONE',  ( 1.047444401652940007E-14, -1.000000000000000000, 0.000000000000000000 ) ) ;
#4556 = DIRECTION ( 'NONE',  ( -1.000000000000000000, -2.999999999999936730E-15, -3.000000000000063342E-15 ) ) ;
#4557 = DIRECTION ( 'NONE',  ( -1.000000000000000000, 0.000000000000000000, 0.000000000000000000 ) ) ;
#4558 = VECTOR ( 'NONE', #1173, 39.37007874015748143 ) ;
#4559 = DIRECTION ( 'NONE',  ( -4.000000000000000311E-15, -1.000000000000000000, -6.999999999999998572E-15 ) ) ;
#4560 = DIRECTION ( 'NONE',  ( -1.000000000000000000, 8.000000000000084241E-15, -3.999999999999832283E-15 ) ) ;
#4561 = VECTOR ( 'NONE', #225, 39.37007874015748143 ) ;
#4562 = VERTEX_POINT ( 'NONE', #2518 ) ;
#4563 = LINE ( 'NONE', #75, #4695 ) ;
#4564 = EDGE_LOOP ( 'NONE', ( #1908, #6034, #7047, #3344 ) ) ;
#4565 = ORIENTED_EDGE ( 'NONE', *, *, #2265, .F. ) ;
#4566 = ADVANCED_FACE ( 'NONE', ( #7789 ), #3962, .F. ) ;
#4567 = DIRECTION ( 'NONE',  ( 1.000000000000189010E-15, -1.000000000000000000, -6.999999999999980428E-15 ) ) ;
#4568 = FACE_BOUND ( 'NONE', #868, .T. ) ;
#4569 = LINE ( 'NONE', #2383, #2058 ) ;
#4570 = DIRECTION ( 'NONE',  ( -7.000000000000000150E-15, 0.000000000000000000, -1.000000000000000000 ) ) ;
#4571 = AXIS2_PLACEMENT_3D ( 'NONE', #6901, #5262, #3820 ) ;
#4572 = FACE_OUTER_BOUND ( 'NONE', #929, .T. ) ;
#4573 = PLANE ( 'NONE',  #8316 ) ;
#4574 = EDGE_CURVE ( 'NONE', #1248, #9056, #6252, .T. ) ;
#4575 = CARTESIAN_POINT ( 'NONE',  ( -30.00000000000040501, 29.99999999999952749, 24.49999999999966604 ) ) ;
#4576 = DIRECTION ( 'NONE',  ( 4.000000000000000311E-15, 1.000000000000000000, -5.605193857299268284E-45 ) ) ;
#4577 = VERTEX_POINT ( 'NONE', #5458 ) ;
#4578 = ORIENTED_EDGE ( 'NONE', *, *, #7131, .T. ) ;
#4579 = FACE_BOUND ( 'NONE', #6847, .T. ) ;
#4580 = DIRECTION ( 'NONE',  ( 3.999999999999956923E-15, 9.999999999999998410E-15, -1.000000000000000000 ) ) ;
#4581 = EDGE_CURVE ( 'NONE', #502, #4880, #6157, .T. ) ;
#4582 = EDGE_CURVE ( 'NONE', #9496, #7797, #5365, .T. ) ;
#4583 = CARTESIAN_POINT ( 'NONE',  ( 29.75000000000016698, 29.74999999999991473, 23.99999999999979750 ) ) ;
#4584 = COLOUR_RGB ( '',0.7921568627450980005, 0.8196078431372548767, 0.9333333333333333481 ) ;
#4585 = CARTESIAN_POINT ( 'NONE',  ( -27.00000000000014921, -28.24999999999979750, 0.6850393700784697115 ) ) ;
#4586 = EDGE_LOOP ( 'NONE', ( #810, #5625, #1437, #2950 ) ) ;
#4587 = DIRECTION ( 'NONE',  ( 1.748382715945137611E-14, 1.000000000000000000, 9.999999999999982633E-15 ) ) ;
#4588 = ORIENTED_EDGE ( 'NONE', *, *, #2249, .F. ) ;
#4589 = EDGE_CURVE ( 'NONE', #90, #779, #1591, .T. ) ;
#4590 = AXIS2_PLACEMENT_3D ( 'NONE', #3339, #9461, #9370 ) ;
#4591 = CARTESIAN_POINT ( 'NONE',  ( -29.74999999999984368, -9.750000000000005329, 23.99999999999936762 ) ) ;
#4592 = DIRECTION ( 'NONE',  ( 9.106159978880878627E-17, -1.000000000000000000, -0.000000000000000000 ) ) ;
#4593 = CARTESIAN_POINT ( 'NONE',  ( -28.25000000000041211, -29.74999999999979750, 22.99999999999929301 ) ) ;
#4594 = ORIENTED_EDGE ( 'NONE', *, *, #4347, .T. ) ;
#4595 = VERTEX_POINT ( 'NONE', #4746 ) ;
#4596 = ORIENTED_EDGE ( 'NONE', *, *, #9600, .T. ) ;
#4597 = ADVANCED_FACE ( 'NONE', ( #8429 ), #118, .F. ) ;
#4598 = VERTEX_POINT ( 'NONE', #3123 ) ;
#4599 = ADVANCED_FACE ( 'NONE', ( #1639 ), #7696, .F. ) ;
#4600 = EDGE_CURVE ( 'NONE', #7403, #9549, #433, .T. ) ;
#4601 = CLOSED_SHELL ( 'NONE', ( #2982, #9704, #4538, #2036, #9615, #5642, #4768 ) ) ;
#4602 = EDGE_CURVE ( 'NONE', #6184, #8448, #4697, .T. ) ;
#4603 = EDGE_CURVE ( 'NONE', #2951, #4953, #3325, .T. ) ;
#4604 = LINE ( 'NONE', #5309, #4548 ) ;
#4605 = ADVANCED_FACE ( 'NONE', ( #1041 ), #5802, .F. ) ;
#4606 = LINE ( 'NONE', #9745, #3474 ) ;
#4607 = DIRECTION ( 'NONE',  ( 4.000000000000000311E-15, 1.000000000000000000, 0.000000000000000000 ) ) ;
#4608 = DIRECTION ( 'NONE',  ( 0.000000000000000000, -1.000000000000000000, 0.000000000000000000 ) ) ;
#4609 = DIRECTION ( 'NONE',  ( 1.000000000000189010E-15, -1.000000000000000000, -6.999999999999980428E-15 ) ) ;
#4610 = AXIS2_PLACEMENT_3D ( 'NONE', #1194, #3341, #4215 ) ;
#4611 = ORIENTED_EDGE ( 'NONE', *, *, #5339, .T. ) ;
#4612 = DIRECTION ( 'NONE',  ( -2.999999999999999839E-15, -6.999999999999997783E-15, 1.000000000000000000 ) ) ;
#4613 = VERTEX_POINT ( 'NONE', #1842 ) ;
#4614 = ADVANCED_FACE ( 'NONE', ( #1229 ), #6446, .F. ) ;
#4615 = ORIENTED_EDGE ( 'NONE', *, *, #8248, .F. ) ;
#4616 = LINE ( 'NONE', #2240, #2420 ) ;
#4617 = DIRECTION ( 'NONE',  ( 1.000000000000000000, 0.000000000000000000, 0.000000000000000000 ) ) ;
#4618 = AXIS2_PLACEMENT_3D ( 'NONE', #8854, #9005, #8317 ) ;
#4619 = CARTESIAN_POINT ( 'NONE',  ( -26.75000000000039080, -28.24999999999981881, 22.99999999999931788 ) ) ;
#4620 = FILL_AREA_STYLE_COLOUR ( '', #4174 ) ;
#4621 = LINE ( 'NONE', #2439, #8678 ) ;
#4622 = DIRECTION ( 'NONE',  ( 1.000000000000000000, -8.557635543004879725E-17, 1.699999999999999698E-14 ) ) ;
#4623 = ORIENTED_EDGE ( 'NONE', *, *, #5893, .F. ) ;
#4624 = LINE ( 'NONE', #7672, #71 ) ;
#4625 = ORIENTED_EDGE ( 'NONE', *, *, #6246, .F. ) ;
#4626 = AXIS2_PLACEMENT_3D ( 'NONE', #5021, #8059, #2796 ) ;
#4627 = VERTEX_POINT ( 'NONE', #2716 ) ;
#4628 = CARTESIAN_POINT ( 'NONE',  ( -28.25000000000030198, -26.74999999999957723, 0.9999999999996626032 ) ) ;
#4629 = DIRECTION ( 'NONE',  ( -1.000000000000000000, 1.387778780781444571E-14, -3.035766082959409654E-15 ) ) ;
#4630 = VECTOR ( 'NONE', #3812, 39.37007874015748143 ) ;
#4631 = DIRECTION ( 'NONE',  ( -1.000000000000000000, 0.000000000000000000, 0.000000000000000000 ) ) ;
#4632 = CYLINDRICAL_SURFACE ( 'NONE', #5737, 0.3149606299212601157 ) ;
#4633 = ORIENTED_EDGE ( 'NONE', *, *, #1796, .T. ) ;
#4634 = CARTESIAN_POINT ( 'NONE',  ( -29.75000000000029488, -26.74999999999954525, -3.431201080042314366E-13 ) ) ;
#4635 = ADVANCED_FACE ( 'NONE', ( #4154 ), #2568, .F. ) ;
#4636 = CIRCLE ( 'NONE', #1001, 0.3149606299212601157 ) ;
#4637 =( GEOMETRIC_REPRESENTATION_CONTEXT ( 3 ) GLOBAL_UNCERTAINTY_ASSIGNED_CONTEXT ( ( #3586 ) ) GLOBAL_UNIT_ASSIGNED_CONTEXT ( ( #4110, #2717, #2618 ) ) REPRESENTATION_CONTEXT ( 'NONE', 'WORKASPACE' ) );
#4638 = VECTOR ( 'NONE', #4791, 39.37007874015748143 ) ;
#4639 = VERTEX_POINT ( 'NONE', #1889 ) ;
#4640 = CARTESIAN_POINT ( 'NONE',  ( 9.749999999999884537, -29.74999999999991473, -0.2500000000002716716 ) ) ;
#4641 = CARTESIAN_POINT ( 'NONE',  ( -28.25000000000034106, -29.49999999999957723, 0.9999999999996341815 ) ) ;
#4642 = CARTESIAN_POINT ( 'NONE',  ( -29.49999999999970157, 26.87499999999977973, 6.556435184794231409E-14 ) ) ;
#4643 = CARTESIAN_POINT ( 'NONE',  ( 28.99999999999991829, 29.08333333333332504, 0.8333333333336300219 ) ) ;
#4644 = CARTESIAN_POINT ( 'NONE',  ( -28.24999999999976907, 26.74999999999961275, 22.99999999999972999 ) ) ;
#4645 = FACE_OUTER_BOUND ( 'NONE', #8328, .T. ) ;
#4646 = APPLICATION_CONTEXT ( 'automotive_design' ) ;
#4647 = ORIENTED_EDGE ( 'NONE', *, *, #8038, .F. ) ;
#4648 = ORIENTED_EDGE ( 'NONE', *, *, #3114, .F. ) ;
#4649 = PRODUCT_RELATED_PRODUCT_CATEGORY ( 'part', '', ( #8510 ) ) ;
#4650 = EDGE_LOOP ( 'NONE', ( #2044, #3735, #8961, #1266 ) ) ;
#4651 = ORIENTED_EDGE ( 'NONE', *, *, #2663, .F. ) ;
#4652 = APPLICATION_PROTOCOL_DEFINITION ( 'draft international standard', 'automotive_design', 1998, #3458 ) ;
#4653 = CARTESIAN_POINT ( 'NONE',  ( 29.74999999999985434, -28.25000000000002842, 1.314960629921184010 ) ) ;
#4654 = PLANE ( 'NONE',  #4214 ) ;
#4655 =( NAMED_UNIT ( * ) SI_UNIT ( $, .STERADIAN. ) SOLID_ANGLE_UNIT ( ) );
#4656 = DIMENSIONAL_EXPONENTS ( 1.000000000000000000, 0.000000000000000000, 0.000000000000000000, 0.000000000000000000, 0.000000000000000000, 0.000000000000000000, 0.000000000000000000 ) ;
#4657 = DIRECTION ( 'NONE',  ( -1.000000000000000000, -2.148382715945122022E-14, -4.000000000000276412E-15 ) ) ;
#4658 = ORIENTED_EDGE ( 'NONE', *, *, #6293, .F. ) ;
#4659 = VECTOR ( 'NONE', #6275, 39.37007874015748143 ) ;
#4660 = DIRECTION ( 'NONE',  ( -3.763680969406205736E-15, -7.000000000000000938E-15, 1.000000000000000000 ) ) ;
#4661 = ORIENTED_EDGE ( 'NONE', *, *, #7922, .T. ) ;
#4662 = ORIENTED_EDGE ( 'NONE', *, *, #5564, .T. ) ;
#4663 = LINE ( 'NONE', #6208, #2589 ) ;
#4664 = CARTESIAN_POINT ( 'NONE',  ( 26.87500000000000355, 29.62499999999992539, -1.879511419641013063E-13 ) ) ;
#4665 =( CONVERSION_BASED_UNIT ( 'INCH', #6862 ) LENGTH_UNIT ( ) NAMED_UNIT ( #5931 ) );
#4666 = AXIS2_PLACEMENT_3D ( 'NONE', #614, #715, #8189 ) ;
#4667 = CYLINDRICAL_SURFACE ( 'NONE', #7235, 0.3149606299212598381 ) ;
#4668 = PRESENTATION_STYLE_ASSIGNMENT (( #130 ) ) ;
#4669 = DIRECTION ( 'NONE',  ( 1.365923996832131856E-16, -1.000000000000000000, 0.000000000000000000 ) ) ;
#4670 = DIRECTION ( 'NONE',  ( 1.748382715945137611E-14, 1.000000000000000000, 1.748382715945137611E-14 ) ) ;
#4671 = FACE_OUTER_BOUND ( 'NONE', #4672, .T. ) ;
#4672 = EDGE_LOOP ( 'NONE', ( #5255, #5040, #4356, #9121 ) ) ;
#4673 = FACE_OUTER_BOUND ( 'NONE', #9455, .T. ) ;
#4674 = VERTEX_POINT ( 'NONE', #3522 ) ;
#4675 = ORIENTED_EDGE ( 'NONE', *, *, #2094, .T. ) ;
#4676 = EDGE_CURVE ( 'NONE', #7641, #6703, #1931, .T. ) ;
#4677 = FACE_OUTER_BOUND ( 'NONE', #5233, .T. ) ;
#4678 = CARTESIAN_POINT ( 'NONE',  ( -26.87500000000033751, -29.62499999999958433, -3.627894135586141523E-13 ) ) ;
#4679 = ORIENTED_EDGE ( 'NONE', *, *, #799, .F. ) ;
#4680 = DIRECTION ( 'NONE',  ( 1.000000000000000000, 9.106159978880878627E-17, 0.000000000000000000 ) ) ;
#4681 = EDGE_LOOP ( 'NONE', ( #6193, #6737, #6603, #8132 ) ) ;
#4682 = AXIS2_PLACEMENT_3D ( 'NONE', #3177, #3225, #1686 ) ;
#4683 = DIRECTION ( 'NONE',  ( 1.000000000000000000, -1.018547839493141593E-14, 2.999999999999984456E-15 ) ) ;
#4684 = DIRECTION ( 'NONE',  ( 0.000000000000000000, -1.000000000000000000, 0.000000000000000000 ) ) ;
#4685 = DIRECTION ( 'NONE',  ( 1.748382715945130353E-14, -1.000000000000000000, -6.999999999999929152E-15 ) ) ;
#4686 = DIRECTION ( 'NONE',  ( -0.7071067811865511255, -0.7071067811865439090, -1.774205980438006522E-14 ) ) ;
#4687 = CARTESIAN_POINT ( 'NONE',  ( 29.75000000000000355, 9.749999999999651834, -0.2499999999998302191 ) ) ;
#4688 = EDGE_LOOP ( 'NONE', ( #3322, #3365 ) ) ;
#4689 = VERTEX_POINT ( 'NONE', #1181 ) ;
#4690 = ORIENTED_EDGE ( 'NONE', *, *, #382, .T. ) ;
#4691 = VERTEX_POINT ( 'NONE', #2029 ) ;
#4692 = AXIS2_PLACEMENT_3D ( 'NONE', #7004, #129, #3138 ) ;
#4693 = ITEM_DEFINED_TRANSFORMATION ( 'NONE', 'NONE', #4441,  #3073 ) ;
#4694 = CARTESIAN_POINT ( 'NONE',  ( 47.99999999999992184, 29.75000000000005329, -0.4999999999996426747 ) ) ;
#4695 = VECTOR ( 'NONE', #1644, 39.37007874015748143 ) ;
#4696 = FACE_OUTER_BOUND ( 'NONE', #4527, .T. ) ;
#4697 = LINE ( 'NONE', #9254, #5490 ) ;
#4698 = DIRECTION ( 'NONE',  ( -4.000000000000000311E-15, -6.999999999999997783E-15, 1.000000000000000000 ) ) ;
#4699 = VERTEX_POINT ( 'NONE', #5741 ) ;
#4700 = CIRCLE ( 'NONE', #2817, 0.3149606299212597271 ) ;
#4701 = VERTEX_POINT ( 'NONE', #9543 ) ;
#4702 = ORIENTED_EDGE ( 'NONE', *, *, #9298, .T. ) ;
#4703 = DIRECTION ( 'NONE',  ( 0.000000000000000000, -1.387778780781445676E-14, 1.000000000000000000 ) ) ;
#4704 = ORIENTED_EDGE ( 'NONE', *, *, #8619, .F. ) ;
#4705 = DIRECTION ( 'NONE',  ( 1.000000000000000000, -8.557635543004879725E-17, 1.699999999999999698E-14 ) ) ;
#4706 = EDGE_CURVE ( 'NONE', #5289, #5079, #7844, .T. ) ;
#4707 = DIRECTION ( 'NONE',  ( -9.106159978880878627E-17, 1.000000000000000000, 0.000000000000000000 ) ) ;
#4708 = AXIS2_PLACEMENT_3D ( 'NONE', #1347, #5004, #1243 ) ;
#4709 = CARTESIAN_POINT ( 'NONE',  ( -37.50000000000039790, 37.49999999999946709, 24.49999999999959854 ) ) ;
#4710 = CARTESIAN_POINT ( 'NONE',  ( 29.75000000000000355, 28.24999999999991829, 0.9999999999997937206 ) ) ;
#4711 = DIRECTION ( 'NONE',  ( -1.000000000000000000, 8.000000000000000622E-15, -2.999999999999999839E-15 ) ) ;
#4712 = VECTOR ( 'NONE', #2051, 39.37007874015748143 ) ;
#4713 = ORIENTED_EDGE ( 'NONE', *, *, #3760, .F. ) ;
#4714 = CARTESIAN_POINT ( 'NONE',  ( 28.24999999999988276, -29.74999999999996447, 1.000000000000001332 ) ) ;
#4715 = ORIENTED_EDGE ( 'NONE', *, *, #2293, .T. ) ;
#4716 = ORIENTED_EDGE ( 'NONE', *, *, #3833, .T. ) ;
#4717 = ADVANCED_FACE ( 'NONE', ( #405 ), #3421, .T. ) ;
#4718 =( BOUNDED_CURVE ( )  B_SPLINE_CURVE ( 3, ( #2657, #2023, #7278, #7178 ),
 .UNSPECIFIED., .F., .T. ) 
 B_SPLINE_CURVE_WITH_KNOTS ( ( 4, 4 ),
 ( 4.930380657631299699E-32, 1.570796326794895004 ),
 .UNSPECIFIED. ) 
 CURVE ( )  GEOMETRIC_REPRESENTATION_ITEM ( )  RATIONAL_B_SPLINE_CURVE ( ( 1.000000000000000000, 0.8047378541243649375, 0.8047378541243649375, 1.000000000000000000 ) ) 
 REPRESENTATION_ITEM ( '' )  );
#4719 = DIRECTION ( 'NONE',  ( 1.000000000000000000, 0.000000000000000000, 0.000000000000000000 ) ) ;
#4720 = EDGE_CURVE ( 'NONE', #235, #1368, #1092, .T. ) ;
#4721 = VECTOR ( 'NONE', #3081, 39.37007874015748143 ) ;
#4722 = PLANE ( 'NONE',  #4878 ) ;
#4723 = EDGE_CURVE ( 'NONE', #9128, #7808, #9683, .T. ) ;
#4724 = EDGE_CURVE ( 'NONE', #9017, #2953, #120, .T. ) ;
#4725 = PRESENTATION_STYLE_ASSIGNMENT (( #1720 ) ) ;
#4726 = CARTESIAN_POINT ( 'NONE',  ( 29.49999999999996447, -9.749999999999992895, -0.2499999999999927003 ) ) ;
#4727 = ORIENTED_EDGE ( 'NONE', *, *, #7825, .T. ) ;
#4728 = DIRECTION ( 'NONE',  ( -1.000000000000000000, 2.185478394931414913E-15, 0.000000000000000000 ) ) ;
#4729 = EDGE_LOOP ( 'NONE', ( #3744, #5320, #5468, #1453 ) ) ;
#4730 = VECTOR ( 'NONE', #1700, 39.37007874015748143 ) ;
#4731 = CARTESIAN_POINT ( 'NONE',  ( -26.99999999999953104, 48.00000000000022027, -0.3749999999997365996 ) ) ;
#4732 = FACE_OUTER_BOUND ( 'NONE', #4379, .T. ) ;
#4733 = FACE_OUTER_BOUND ( 'NONE', #9373, .T. ) ;
#4734 = CARTESIAN_POINT ( 'NONE',  ( 29.99999999999992184, 29.91666666666666075, 0.8333333333336386817 ) ) ;
#4735 = LINE ( 'NONE', #2508, #2243 ) ;
#4736 = EDGE_CURVE ( 'NONE', #900, #6774, #1486, .T. ) ;
#4737 = DIRECTION ( 'NONE',  ( 0.000000000000000000, 1.000000000000000000, 0.000000000000000000 ) ) ;
#4738 = ORIENTED_EDGE ( 'NONE', *, *, #9077, .T. ) ;
#4739 = ORIENTED_EDGE ( 'NONE', *, *, #2528, .T. ) ;
#4740 = VERTEX_POINT ( 'NONE', #3622 ) ;
#4741 = VECTOR ( 'NONE', #2831, 39.37007874015748143 ) ;
#4742 = ORIENTED_EDGE ( 'NONE', *, *, #6796, .F. ) ;
#4743 = FACE_OUTER_BOUND ( 'NONE', #7836, .T. ) ;
#4744 = EDGE_CURVE ( 'NONE', #3936, #1504, #5949, .T. ) ;
#4745 = CARTESIAN_POINT ( 'NONE',  ( 28.24999999999989342, -26.99999999999997868, 0.6850393700786305828 ) ) ;
#4746 = CARTESIAN_POINT ( 'NONE',  ( 29.74999999999976197, -29.74999999999989342, 24.25000000000031974 ) ) ;
#4747 =( NAMED_UNIT ( * ) PLANE_ANGLE_UNIT ( ) SI_UNIT ( $, .RADIAN. ) );
#4748 = FACE_OUTER_BOUND ( 'NONE', #2697, .T. ) ;
#4749 = ORIENTED_EDGE ( 'NONE', *, *, #3028, .F. ) ;
#4750 = EDGE_LOOP ( 'NONE', ( #2035, #705, #5978, #9491 ) ) ;
#4751 = ADVANCED_FACE ( 'NONE', ( #1280, #6648, #2170 ), #2873, .F. ) ;
#4752 = CLOSED_SHELL ( 'NONE', ( #7835, #5833, #1958, #9210, #7982, #1471, #5372, #8867, #86, #3164, #8443, #875, #1403, #6110, #2711 ) ) ;
#4753 = ORIENTED_EDGE ( 'NONE', *, *, #3148, .F. ) ;
#4754 = EDGE_CURVE ( 'NONE', #5643, #9526, #8151, .T. ) ;
#4755 = ADVANCED_FACE ( 'NONE', ( #4395 ), #2076, .F. ) ;
#4756 = SHAPE_REPRESENTATION_RELATIONSHIP ( 'NONE' , 'NONE' ,  #4985, #3826 ) ;
#4757 = ORIENTED_EDGE ( 'NONE', *, *, #382, .F. ) ;
#4758 = CARTESIAN_POINT ( 'NONE',  ( 26.99999999999970157, -28.25000000000021672, 22.68503937007900007 ) ) ;
#4759 =( LENGTH_UNIT ( ) NAMED_UNIT ( * ) SI_UNIT ( $, .METRE. ) );
#4760 = DIRECTION ( 'NONE',  ( 1.000000000000000000, 3.999999999999598781E-15, 1.700000000000008533E-14 ) ) ;
#4761 = CIRCLE ( 'NONE', #2236, 0.3149606299212601157 ) ;
#4762 = PLANE ( 'NONE',  #3454 ) ;
#4763 = CARTESIAN_POINT ( 'NONE',  ( 26.74999999999988276, -29.74999999999996447, 0.000000000000000000 ) ) ;
#4764 = FACE_OUTER_BOUND ( 'NONE', #1747, .T. ) ;
#4765 = ORIENTED_EDGE ( 'NONE', *, *, #1230, .F. ) ;
#4766 = FACE_OUTER_BOUND ( 'NONE', #5103, .T. ) ;
#4767 = EDGE_LOOP ( 'NONE', ( #8667, #4317, #9652, #6557 ) ) ;
#4768 = ADVANCED_FACE ( 'NONE', ( #649 ), #6597, .F. ) ;
#4769 = EDGE_CURVE ( 'NONE', #1735, #7001, #2322, .T. ) ;
#4770 = VERTEX_POINT ( 'NONE', #2223 ) ;
#4771 = CIRCLE ( 'NONE', #1772, 0.3149606299212601157 ) ;
#4772 = CARTESIAN_POINT ( 'NONE',  ( 26.87499999999988276, -29.49999999999996092, 0.000000000000000000 ) ) ;
#4773 = CARTESIAN_POINT ( 'NONE',  ( 29.74999999999990763, 29.74999999999997158, 2.375000000000330402 ) ) ;
#4774 = DIRECTION ( 'NONE',  ( -1.000000000000000000, 0.000000000000000000, 6.938893903907222856E-15 ) ) ;
#4775 = DIRECTION ( 'NONE',  ( -1.748382715945130353E-14, 1.000000000000000000, 6.999999999999929152E-15 ) ) ;
#4776 = AXIS2_PLACEMENT_3D ( 'NONE', #1022, #4045, #7063 ) ;
#4777 = LINE ( 'NONE', #7119, #8743 ) ;
#4778 = EDGE_CURVE ( 'NONE', #7991, #6037, #6443, .T. ) ;
#4779 = ORIENTED_EDGE ( 'NONE', *, *, #6118, .T. ) ;
#4780 =( BOUNDED_CURVE ( )  B_SPLINE_CURVE ( 3, ( #9342, #1826, #4833, #7879 ),
 .UNSPECIFIED., .F., .T. ) 
 B_SPLINE_CURVE_WITH_KNOTS ( ( 4, 4 ),
 ( 1.570796326794895004, 3.141592653589795336 ),
 .UNSPECIFIED. ) 
 CURVE ( )  GEOMETRIC_REPRESENTATION_ITEM ( )  RATIONAL_B_SPLINE_CURVE ( ( 1.000000000000000000, 0.8047378541243649375, 0.8047378541243649375, 1.000000000000000000 ) ) 
 REPRESENTATION_ITEM ( '' )  );
#4781 = CARTESIAN_POINT ( 'NONE',  ( -29.74999999999991118, -28.25000000000046185, 22.99999999999926459 ) ) ;
#4782 = ORIENTED_EDGE ( 'NONE', *, *, #3987, .T. ) ;
#4783 = AXIS2_PLACEMENT_3D ( 'NONE', #1106, #4122, #2628 ) ;
#4784 = AXIS2_PLACEMENT_3D ( 'NONE', #4064, #3375, #2469 ) ;
#4785 =( NAMED_UNIT ( * ) PLANE_ANGLE_UNIT ( ) SI_UNIT ( $, .RADIAN. ) );
#4786 = FACE_OUTER_BOUND ( 'NONE', #8598, .T. ) ;
#4787 = CARTESIAN_POINT ( 'NONE',  ( 27.93503937007862348, -29.74999999999996447, 1.000000000000001332 ) ) ;
#4788 = ADVANCED_FACE ( 'NONE', ( #743 ), #3024, .F. ) ;
#4789 = PRODUCT_DEFINITION_SHAPE ( 'NONE', 'NONE',  #9761 ) ;
#4790 = CARTESIAN_POINT ( 'NONE',  ( -29.43700000000035999, 29.43699999999950379, 24.24999999999968736 ) ) ;
#4791 = DIRECTION ( 'NONE',  ( -1.000000000000000000, 2.799999999999999673E-29, -4.000000000000000311E-15 ) ) ;
#4792 = AXIS2_PLACEMENT_3D ( 'NONE', #6918, #2207, #6088 ) ;
#4793 = AXIS2_PLACEMENT_3D ( 'NONE', #9014, #6744, #7543 ) ;
#4794 = EDGE_LOOP ( 'NONE', ( #6571, #7783 ) ) ;
#4795 = ORIENTED_EDGE ( 'NONE', *, *, #9681, .F. ) ;
#4796 = CIRCLE ( 'NONE', #4162, 0.3149606299212601157 ) ;
#4797 = ORIENTED_EDGE ( 'NONE', *, *, #7239, .T. ) ;
#4798 = VERTEX_POINT ( 'NONE', #8325 ) ;
#4799 = ADVANCED_FACE ( 'NONE', ( #9240, #2455, #2274 ), #5491, .F. ) ;
#4800 = CONTEXT_DEPENDENT_SHAPE_REPRESENTATION ( #8386, #4955 ) ;
#4801 = VECTOR ( 'NONE', #4342, 39.37007874015748143 ) ;
#4802 = CARTESIAN_POINT ( 'NONE',  ( 29.99999999999988276, -29.99999999999997513, -0.5000000000001253442 ) ) ;
#4803 = CARTESIAN_POINT ( 'NONE',  ( 29.99999999999969447, -28.25000000000021672, 23.00000000000031264 ) ) ;
#4804 = VECTOR ( 'NONE', #1774, 39.37007874015748143 ) ;
#4805 = DIRECTION ( 'NONE',  ( 0.000000000000000000, -1.000000000000000000, 0.000000000000000000 ) ) ;
#4806 = ORIENTED_EDGE ( 'NONE', *, *, #1101, .F. ) ;
#4807 = ORIENTED_EDGE ( 'NONE', *, *, #3597, .F. ) ;
#4808 = ORIENTED_EDGE ( 'NONE', *, *, #6051, .T. ) ;
#4809 = DIRECTION ( 'NONE',  ( 1.000000000000000000, 0.000000000000000000, 0.000000000000000000 ) ) ;
#4810 = ORIENTED_EDGE ( 'NONE', *, *, #4307, .F. ) ;
#4811 = CYLINDRICAL_SURFACE ( 'NONE', #4378, 0.2499999999999986955 ) ;
#4812 = DIRECTION ( 'NONE',  ( 0.000000000000000000, 0.000000000000000000, 1.000000000000000000 ) ) ;
#4813 = DIRECTION ( 'NONE',  ( -1.748382715945159699E-14, -1.000000000000000000, -7.000000000000295183E-15 ) ) ;
#4814 = LINE ( 'NONE', #6459, #7432 ) ;
#4815 = EDGE_CURVE ( 'NONE', #8080, #2336, #5809, .T. ) ;
#4816 = CARTESIAN_POINT ( 'NONE',  ( 47.99999999999992184, 29.50000000000004619, 3.561646821739783090E-13 ) ) ;
#4817 = EDGE_CURVE ( 'NONE', #4639, #8027, #8463, .T. ) ;
#4818 = ORIENTED_EDGE ( 'NONE', *, *, #2787, .T. ) ;
#4819 = CARTESIAN_POINT ( 'NONE',  ( -29.74999999999991473, -29.75000000000046896, 23.93699999999925154 ) ) ;
#4820 = EDGE_LOOP ( 'NONE', ( #5497, #8786, #4552, #1122 ) ) ;
#4821 = EDGE_LOOP ( 'NONE', ( #3197, #1915 ) ) ;
#4822 = VECTOR ( 'NONE', #7954, 39.37007874015748143 ) ;
#4823 = CARTESIAN_POINT ( 'NONE',  ( 29.74999999999964473, 29.74999999999976197, 24.25000000000081712 ) ) ;
#4824 = DIRECTION ( 'NONE',  ( 0.000000000000000000, -1.387778780781445676E-14, 1.000000000000000000 ) ) ;
#4825 = EDGE_CURVE ( 'NONE', #793, #1844, #3810, .T. ) ;
#4826 = CYLINDRICAL_SURFACE ( 'NONE', #8211, 0.3149606299212601157 ) ;
#4827 = AXIS2_PLACEMENT_3D ( 'NONE', #6016, #23, #8379 ) ;
#4828 = CARTESIAN_POINT ( 'NONE',  ( -29.49999999999975842, 28.56496062992088270, 22.99999999999974065 ) ) ;
#4829 = VERTEX_POINT ( 'NONE', #1533 ) ;
#4830 = MANIFOLD_SOLID_BREP ( 'NONE', #4601 ) ;
#4831 = FACE_OUTER_BOUND ( 'NONE', #4338, .T. ) ;
#4832 = EDGE_LOOP ( 'NONE', ( #278, #8295, #6584, #7077, #2431 ) ) ;
#4833 = CARTESIAN_POINT ( 'NONE',  ( -29.75000000000025580, -29.75000000000003908, 21.55177669529588513 ) ) ;
#4834 = DIRECTION ( 'NONE',  ( -2.999999999999999839E-15, -7.182123199577615725E-15, 1.000000000000000000 ) ) ;
#4835 = LINE ( 'NONE', #4100, #7823 ) ;
#4836 = PLANE ( 'NONE',  #2884 ) ;
#4837 = ADVANCED_FACE ( 'NONE', ( #4732 ), #195, .F. ) ;
#4838 = DIRECTION ( 'NONE',  ( -1.000000000000000000, 0.000000000000000000, 0.000000000000000000 ) ) ;
#4839 = EDGE_LOOP ( 'NONE', ( #121, #4594, #6882, #4553 ) ) ;
#4840 = VERTEX_POINT ( 'NONE', #8616 ) ;
#4841 = ORIENTED_EDGE ( 'NONE', *, *, #5203, .F. ) ;
#4842 = EDGE_LOOP ( 'NONE', ( #2280, #3184, #5799, #5486 ) ) ;
#4843 = PRODUCT_CONTEXT ( 'NONE', #2815, 'mechanical' ) ;
#4844 = PLANE ( 'NONE',  #3939 ) ;
#4845 = DIRECTION ( 'NONE',  ( 2.999999999999999444E-15, 9.999999999999974745E-15, -1.000000000000000000 ) ) ;
#4846 = FACE_OUTER_BOUND ( 'NONE', #9413, .T. ) ;
#4847 = FACE_OUTER_BOUND ( 'NONE', #5800, .T. ) ;
#4848 = EDGE_LOOP ( 'NONE', ( #3031, #5395, #3294, #5417 ) ) ;
#4849 = DIMENSIONAL_EXPONENTS ( 1.000000000000000000, 0.000000000000000000, 0.000000000000000000, 0.000000000000000000, 0.000000000000000000, 0.000000000000000000, 0.000000000000000000 ) ;
#4850 = ORIENTED_EDGE ( 'NONE', *, *, #5797, .T. ) ;
#4851 = ORIENTED_EDGE ( 'NONE', *, *, #4358, .T. ) ;
#4852 = DIRECTION ( 'NONE',  ( 0.000000000000000000, 0.000000000000000000, 1.000000000000000000 ) ) ;
#4853 = ORIENTED_EDGE ( 'NONE', *, *, #6482, .T. ) ;
#4854 = CARTESIAN_POINT ( 'NONE',  ( 28.24999999999966604, 29.74999999999974065, 23.00000000000072475 ) ) ;
#4855 = CARTESIAN_POINT ( 'NONE',  ( -26.99999999999991473, -28.25000000000044409, 23.31496062992057361 ) ) ;
#4856 = AXIS2_PLACEMENT_3D ( 'NONE', #6412, #7854, #7198 ) ;
#4857 = LINE ( 'NONE', #7347, #1217 ) ;
#4858 = VECTOR ( 'NONE', #1996, 39.37007874015748143 ) ;
#4859 = LENGTH_MEASURE_WITH_UNIT ( LENGTH_MEASURE( 0.02539999999999999897 ), #5328 );
#4860 = CARTESIAN_POINT ( 'NONE',  ( 29.50000000000017053, 29.24999999999991829, 23.99999999999979750 ) ) ;
#4861 = CARTESIAN_POINT ( 'NONE',  ( 47.99999999999992184, 29.50000000000005329, -0.4999999999996438960 ) ) ;
#4862 = CYLINDRICAL_SURFACE ( 'NONE', #6897, 0.3130000000000007221 ) ;
#4863 = CIRCLE ( 'NONE', #5184, 0.3149606299212601157 ) ;
#4864 = MANIFOLD_SOLID_BREP ( 'NONE', #7146 ) ;
#4865 = ADVANCED_FACE ( 'NONE', ( #7827 ), #8661, .T. ) ;
#4866 = ORIENTED_EDGE ( 'NONE', *, *, #17, .F. ) ;
#4867 = DIRECTION ( 'NONE',  ( 1.000000000000000000, -1.387778780781444571E-14, 3.035766082959409654E-15 ) ) ;
#4868 = ORIENTED_EDGE ( 'NONE', *, *, #3511, .T. ) ;
#4869 = EDGE_CURVE ( 'NONE', #938, #5180, #7881, .T. ) ;
#4870 = AXIS2_PLACEMENT_3D ( 'NONE', #4694, #9252, #7646 ) ;
#4871 = ORIENTED_EDGE ( 'NONE', *, *, #6590, .F. ) ;
#4872 = CARTESIAN_POINT ( 'NONE',  ( 29.75000000000016698, 29.74999999999991473, 23.99999999999979750 ) ) ;
#4873 = FACE_OUTER_BOUND ( 'NONE', #8048, .T. ) ;
#4874 = AXIS2_PLACEMENT_3D ( 'NONE', #626, #8252, #8933 ) ;
#4875 = CARTESIAN_POINT ( 'NONE',  ( -48.00000000000013500, -29.74999999999968381, 2.374999999999642508 ) ) ;
#4876 = EDGE_CURVE ( 'NONE', #4128, #5430, #6391, .T. ) ;
#4877 = CARTESIAN_POINT ( 'NONE',  ( 29.74999999999988631, -26.74999999999996092, 24.00000000000000355 ) ) ;
#4878 = AXIS2_PLACEMENT_3D ( 'NONE', #1018, #8497, #3892 ) ;
#4879 = DIRECTION ( 'NONE',  ( -1.000000000000000000, -2.999999999999936730E-15, -3.000000000000063342E-15 ) ) ;
#4880 = VERTEX_POINT ( 'NONE', #4051 ) ;
#4881 = MANIFOLD_SOLID_BREP ( 'NONE', #6980 ) ;
#4882 = DIRECTION ( 'NONE',  ( -1.000000000000000000, 1.499999999999999919E-14, -2.999999999999999839E-15 ) ) ;
#4883 = EDGE_CURVE ( 'NONE', #3029, #4365, #9483, .T. ) ;
#4884 = EDGE_LOOP ( 'NONE', ( #5441, #2069 ) ) ;
#4885 = DIRECTION ( 'NONE',  ( 1.000000000000000000, 1.365923996832131856E-16, 0.000000000000000000 ) ) ;
#4886 = CARTESIAN_POINT ( 'NONE',  ( -29.75000000000044409, 29.74999999999940670, 24.24999999999980815 ) ) ;
#4887 = AXIS2_PLACEMENT_3D ( 'NONE', #3621, #3762, #7594 ) ;
#4888 = DIRECTION ( 'NONE',  ( 1.000000000000000000, 4.000000000000063420E-15, 1.800000000000008423E-14 ) ) ;
#4889 = LINE ( 'NONE', #4687, #4638 ) ;
#4890 = ORIENTED_EDGE ( 'NONE', *, *, #4600, .F. ) ;
#4891 = VERTEX_POINT ( 'NONE', #8020 ) ;
#4892 = EDGE_LOOP ( 'NONE', ( #9069, #2219 ) ) ;
#4893 = EDGE_CURVE ( 'NONE', #6592, #2992, #1078, .T. ) ;
#4894 = AXIS2_PLACEMENT_3D ( 'NONE', #4381, #8063, #6681 ) ;
#4895 = CONTEXT_DEPENDENT_SHAPE_REPRESENTATION ( #4142, #3465 ) ;
#4897 = MANIFOLD_SOLID_BREP ( 'NONE', #3183 ) ;
#4896 = CARTESIAN_POINT ( 'NONE',  ( -29.99999999999972644, -48.00000000000046185, 21.49999999999911893 ) ) ;
#4898 = CARTESIAN_POINT ( 'NONE',  ( -29.00000000000006040, 28.99999999999982592, -0.9999999999998780975 ) ) ;
#4899 = LINE ( 'NONE', #6405, #4014 ) ;
#4900 = LINE ( 'NONE', #7898, #9067 ) ;
#4901 = COLOUR_RGB ( '',0.7921568627450980005, 0.8196078431372548767, 0.9333333333333333481 ) ;
#4902 = VERTEX_POINT ( 'NONE', #9532 ) ;
#4903 = ORIENTED_EDGE ( 'NONE', *, *, #28, .T. ) ;
#4904 = EDGE_CURVE ( 'NONE', #9183, #5008, #6538, .T. ) ;
#4905 = VERTEX_POINT ( 'NONE', #9673 ) ;
#4906 = EDGE_CURVE ( 'NONE', #1990, #3510, #8899, .T. ) ;
#4907 = EDGE_CURVE ( 'NONE', #5038, #2786, #5886, .T. ) ;
#4908 =( NAMED_UNIT ( * ) PLANE_ANGLE_UNIT ( ) SI_UNIT ( $, .RADIAN. ) );
#4909 = VERTEX_POINT ( 'NONE', #8217 ) ;
#4910 = DIRECTION ( 'NONE',  ( -1.387778780781444571E-14, -1.000000000000000000, -1.387778780781444571E-14 ) ) ;
#4911 = CARTESIAN_POINT ( 'NONE',  ( -28.25000000000028422, -27.00000000000004619, 22.68503937007803728 ) ) ;
#4912 = CARTESIAN_POINT ( 'NONE',  ( -26.87499999999975486, 29.62499999999959144, 24.00000000000009237 ) ) ;
#4913 = DIRECTION ( 'NONE',  ( 3.863407600316787446E-15, 1.000000000000000000, 9.561467977824923821E-31 ) ) ;
#4914 = CARTESIAN_POINT ( 'NONE',  ( -29.75000000000038369, -27.93503937007851334, 22.99999999999931077 ) ) ;
#4915 = ADVANCED_FACE ( 'NONE', ( #1371 ), #3610, .F. ) ;
#4916 = LINE ( 'NONE', #5621, #4822 ) ;
#4917 = EDGE_CURVE ( 'NONE', #7728, #4495, #1493, .T. ) ;
#4918 = ORIENTED_EDGE ( 'NONE', *, *, #1835, .F. ) ;
#4919 = DIRECTION ( 'NONE',  ( -1.000000000000000000, 0.000000000000000000, 1.387778780781444571E-14 ) ) ;
#4920 = EDGE_LOOP ( 'NONE', ( #4048, #5871, #2625, #7642, #8742, #2601, #8531, #7059, #6280 ) ) ;
#4921 = ORIENTED_EDGE ( 'NONE', *, *, #3709, .T. ) ;
#4922 = AXIS2_PLACEMENT_3D ( 'NONE', #752, #2179, #800 ) ;
#4923 = CYLINDRICAL_SURFACE ( 'NONE', #6082, 0.3149606299212601157 ) ;
#4924 = CARTESIAN_POINT ( 'NONE',  ( 26.75000000000015277, 27.93503937007866611, 22.99999999999947775 ) ) ;
#4925 = EDGE_CURVE ( 'NONE', #1681, #898, #5455, .T. ) ;
#4926 = AXIS2_PLACEMENT_3D ( 'NONE', #3066, #52, #6926 ) ;
#4927 = DIRECTION ( 'NONE',  ( -1.000000000000000000, -7.914423644570428025E-15, -1.800000000000016627E-14 ) ) ;
#4928 = LINE ( 'NONE', #2496, #8824 ) ;
#4929 = CARTESIAN_POINT ( 'NONE',  ( 29.74999999999966249, 29.74999999999979750, 21.62500000000071410 ) ) ;
#4930 = VECTOR ( 'NONE', #8444, 39.37007874015748143 ) ;
#4931 = ORIENTED_EDGE ( 'NONE', *, *, #8135, .F. ) ;
#4932 = MANIFOLD_SOLID_BREP ( 'NONE', #9038 ) ;
#4933 = CARTESIAN_POINT ( 'NONE',  ( -26.99999999999994316, -27.00000000000044409, 24.37499999999932143 ) ) ;
#4934 = ORIENTED_EDGE ( 'NONE', *, *, #4194, .T. ) ;
#4935 = FACE_OUTER_BOUND ( 'NONE', #8485, .T. ) ;
#4936 = AXIS2_PLACEMENT_3D ( 'NONE', #9237, #9284, #9141 ) ;
#4937 = PLANE ( 'NONE',  #6159 ) ;
#4938 = DIRECTION ( 'NONE',  ( -3.000000000000000233E-15, 1.000000000000000000, 7.182123199577615725E-15 ) ) ;
#4939 = CARTESIAN_POINT ( 'NONE',  ( -29.74999999999985079, -9.750000000000005329, 24.24999999999936762 ) ) ;
#4940 = EDGE_CURVE ( 'NONE', #3392, #2776, #8554, .T. ) ;
#4941 = EDGE_LOOP ( 'NONE', ( #8258, #9008, #4126, #2015 ) ) ;
#4942 = VERTEX_POINT ( 'NONE', #3941 ) ;
#4943 = VECTOR ( 'NONE', #8500, 39.37007874015748143 ) ;
#4944 = CONTEXT_DEPENDENT_SHAPE_REPRESENTATION ( #1115, #9535 ) ;
#4945 = DIRECTION ( 'NONE',  ( 0.000000000000000000, -1.387778780781446149E-14, 1.000000000000000000 ) ) ;
#4946 = CARTESIAN_POINT ( 'NONE',  ( -30.00000000000007105, 29.74999999999980815, 0.5000000000001240119 ) ) ;
#4947 = FILL_AREA_STYLE ('',( #8077 ) ) ;
#4948 = EDGE_CURVE ( 'NONE', #1954, #2522, #5484, .T. ) ;
#4949 = VECTOR ( 'NONE', #3083, 39.37007874015748143 ) ;
#4950 = VECTOR ( 'NONE', #4609, 39.37007874015748143 ) ;
#4951 = DIRECTION ( 'NONE',  ( -8.000000000000000622E-15, -1.000000000000000000, -6.999999999999998572E-15 ) ) ;
#4952 = ORIENTED_EDGE ( 'NONE', *, *, #4676, .F. ) ;
#4953 = VERTEX_POINT ( 'NONE', #8403 ) ;
#4954 = ORIENTED_EDGE ( 'NONE', *, *, #2546, .T. ) ;
#4955 = PRODUCT_DEFINITION_SHAPE ( 'NONE', 'NONE',  #9766 ) ;
#4956 = VECTOR ( 'NONE', #6762, 39.37007874015748143 ) ;
#4957 = VECTOR ( 'NONE', #40, 39.37007874015748143 ) ;
#4958 = VERTEX_POINT ( 'NONE', #967 ) ;
#4959 = DIRECTION ( 'NONE',  ( -1.150251786806006007E-16, -1.000000000000000000, 0.000000000000000000 ) ) ;
#4960 = DIRECTION ( 'NONE',  ( 0.000000000000000000, -1.000000000000000000, -6.556435184794151260E-15 ) ) ;
#4961 = FACE_OUTER_BOUND ( 'NONE', #3526, .T. ) ;
#4962 = LENGTH_MEASURE_WITH_UNIT ( LENGTH_MEASURE( 0.02539999999999999897 ), #7998 );
#4963 = CARTESIAN_POINT ( 'NONE',  ( 47.99999999999992184, 29.75000000000004974, 0.06300000000035758940 ) ) ;
#4964 = DIRECTION ( 'NONE',  ( -1.000000000000000000, -2.999999999999978539E-15, -3.000000000000020743E-15 ) ) ;
#4965 = LINE ( 'NONE', #7054, #4348 ) ;
#4966 = ORIENTED_EDGE ( 'NONE', *, *, #217, .F. ) ;
#4967 = STYLED_ITEM ( 'NONE', ( #5731 ), #4881 ) ;
#4968 = CARTESIAN_POINT ( 'NONE',  ( 29.75000000000015987, 26.74999999999991829, 23.99999999999979750 ) ) ;
#4969 = ORIENTED_EDGE ( 'NONE', *, *, #4008, .T. ) ;
#4970 = VERTEX_POINT ( 'NONE', #6969 ) ;
#4971 = DIRECTION ( 'NONE',  ( 1.699999999999999698E-14, 9.999999999999998410E-15, -1.000000000000000000 ) ) ;
#4972 = CARTESIAN_POINT ( 'NONE',  ( 29.50000000000015632, 26.87499999999991829, 23.99999999999979750 ) ) ;
#4973 = DIRECTION ( 'NONE',  ( 1.000000000000000000, 0.000000000000000000, 0.000000000000000000 ) ) ;
#4974 = DIRECTION ( 'NONE',  ( 0.7071067811865469066, -0.7071067811865481278, 7.694623198523817803E-15 ) ) ;
#4975 = EDGE_CURVE ( 'NONE', #2739, #9214, #1618, .T. ) ;
#4976 = DIRECTION ( 'NONE',  ( -1.511502517868056928E-14, -1.000000000000000000, -9.999999999999999988E-15 ) ) ;
#4977 = CARTESIAN_POINT ( 'NONE',  ( 29.87499999999966249, 29.87499999999979750, 21.50000000000071765 ) ) ;
#4978 = ADVANCED_FACE ( 'NONE', ( #6229 ), #7818, .F. ) ;
#4979 = ORIENTED_EDGE ( 'NONE', *, *, #1362, .T. ) ;
#4980 = AXIS2_PLACEMENT_3D ( 'NONE', #8203, #4276, #2248 ) ;
#4981 = LINE ( 'NONE', #5081, #2206 ) ;
#4982 = ORIENTED_EDGE ( 'NONE', *, *, #5611, .T. ) ;
#4983 = LINE ( 'NONE', #3268, #2984 ) ;
#4984 = VECTOR ( 'NONE', #6807, 39.37007874015748854 ) ;
#4985 = SHAPE_REPRESENTATION ( 'ASSY, STAND, STATION, RESPONDER REFERENCE', ( #3073 ), #7342 ) ;
#4986 = DIRECTION ( 'NONE',  ( -9.106159978880878627E-17, 1.000000000000000000, 0.000000000000000000 ) ) ;
#4987 = LINE ( 'NONE', #4886, #2276 ) ;
#4988 = CARTESIAN_POINT ( 'NONE',  ( 29.49999999999988276, -26.87499999999996447, 0.000000000000000000 ) ) ;
#4989 = ORIENTED_EDGE ( 'NONE', *, *, #1611, .F. ) ;
#4990 = ORIENTED_EDGE ( 'NONE', *, *, #6650, .F. ) ;
#4991 = EDGE_CURVE ( 'NONE', #7808, #900, #8358, .T. ) ;
#4992 = ORIENTED_EDGE ( 'NONE', *, *, #6885, .T. ) ;
#4993 = LINE ( 'NONE', #4896, #2507 ) ;
#4994 = DIRECTION ( 'NONE',  ( 2.999999999999999839E-15, 7.000000000000000938E-15, -1.000000000000000000 ) ) ;
#4995 = EDGE_CURVE ( 'NONE', #1905, #9422, #2012, .T. ) ;
#4996 = DIRECTION ( 'NONE',  ( 0.000000000000000000, 0.000000000000000000, -1.000000000000000000 ) ) ;
#4997 = VERTEX_POINT ( 'NONE', #3103 ) ;
#4998 = ORIENTED_EDGE ( 'NONE', *, *, #6864, .T. ) ;
#4999 = EDGE_LOOP ( 'NONE', ( #8679, #716, #1518, #2721 ) ) ;
#5000 = EDGE_CURVE ( 'NONE', #4902, #9670, #9094, .T. ) ;
#5001 = DIRECTION ( 'NONE',  ( 1.387778780781444571E-14, 1.387778780781444571E-14, -1.000000000000000000 ) ) ;
#5002 = CARTESIAN_POINT ( 'NONE',  ( 29.74999999999972289, -29.75000000000020961, 21.62500000000027711 ) ) ;
#5003 = CARTESIAN_POINT ( 'NONE',  ( 28.24999999999988276, -29.49999999999996092, 22.99999999999966604 ) ) ;
#5004 = DIRECTION ( 'NONE',  ( -0.7071067811865439090, -0.7071067811865511255, -7.071067811865525426E-15 ) ) ;
#5005 = VECTOR ( 'NONE', #9494, 39.37007874015748143 ) ;
#5006 = LINE ( 'NONE', #107, #8572 ) ;
#5007 = DIRECTION ( 'NONE',  ( 1.000000000000000000, 4.000000000000063420E-15, 1.800000000000008423E-14 ) ) ;
#5008 = VERTEX_POINT ( 'NONE', #8456 ) ;
#5009 = LINE ( 'NONE', #3394, #3292 ) ;
#5010 = ORIENTED_EDGE ( 'NONE', *, *, #9107, .T. ) ;
#5011 = ORIENTED_EDGE ( 'NONE', *, *, #1228, .T. ) ;
#5012 = ADVANCED_FACE ( 'NONE', ( #3063 ), #2397, .F. ) ;
#5013 = VECTOR ( 'NONE', #7464, 39.37007874015748143 ) ;
#5014 = CARTESIAN_POINT ( 'NONE',  ( 29.50000000000000355, 9.749999999999651834, 1.687769838585702669E-13 ) ) ;
#5015 = CARTESIAN_POINT ( 'NONE',  ( -28.25000000000029488, -27.00000000000005329, 23.31496062992055940 ) ) ;
#5016 = DIRECTION ( 'NONE',  ( 0.000000000000000000, 1.000000000000000000, 0.000000000000000000 ) ) ;
#5017 = CIRCLE ( 'NONE', #8503, 0.2499999999999986955 ) ;
#5018 = LINE ( 'NONE', #6623, #8983 ) ;
#5019 = LINE ( 'NONE', #5582, #4343 ) ;
#5020 = AXIS2_PLACEMENT_3D ( 'NONE', #2230, #4509, #7553 ) ;
#5021 = CARTESIAN_POINT ( 'NONE',  ( 28.24999999999988276, -29.74999999999996447, 22.99999999999966604 ) ) ;
#5022 = EDGE_CURVE ( 'NONE', #1791, #6256, #9099, .T. ) ;
#5023 = ORIENTED_EDGE ( 'NONE', *, *, #1985, .F. ) ;
#5024 = VECTOR ( 'NONE', #6671, 39.37007874015748854 ) ;
#5026 = ORIENTED_EDGE ( 'NONE', *, *, #6382, .T. ) ;
#5025 = EDGE_CURVE ( 'NONE', #1198, #8483, #7629, .T. ) ;
#5027 = MANIFOLD_SOLID_BREP ( 'NONE', #818 ) ;
#5028 = ADVANCED_FACE ( 'NONE', ( #2009 ), #3250, .F. ) ;
#5029 = CARTESIAN_POINT ( 'NONE',  ( 29.99999999999969091, -28.25000000000021672, 23.31496062992157192 ) ) ;
#5030 = EDGE_LOOP ( 'NONE', ( #8713, #1525, #8372, #1085 ) ) ;
#5031 = ADVANCED_FACE ( 'NONE', ( #4184, #7872, #7921 ), #7118, .F. ) ;
#5032 = LINE ( 'NONE', #9482, #5196 ) ;
#5033 = CARTESIAN_POINT ( 'NONE',  ( -27.93503937007848847, 29.74999999999960920, 22.99999999999975842 ) ) ;
#5034 = CIRCLE ( 'NONE', #930, 0.2499999999999986955 ) ;
#5035 = DIRECTION ( 'NONE',  ( 9.483827159451302909E-15, -1.000000000000000000, -9.999999999999946346E-15 ) ) ;
#5036 = CARTESIAN_POINT ( 'NONE',  ( 29.75000000000000355, 9.749999999999651834, 1.697843528062339534E-13 ) ) ;
#5037 = EDGE_CURVE ( 'NONE', #9018, #1504, #5019, .T. ) ;
#5038 = VERTEX_POINT ( 'NONE', #6429 ) ;
#5039 = CARTESIAN_POINT ( 'NONE',  ( -48.00000000000031974, 29.74999999999944578, 21.62499999999935341 ) ) ;
#5040 = ORIENTED_EDGE ( 'NONE', *, *, #9474, .F. ) ;
#5041 =( BOUNDED_CURVE ( )  B_SPLINE_CURVE ( 3, ( #593, #1479, #1331, #3619 ),
 .UNSPECIFIED., .F., .T. ) 
 B_SPLINE_CURVE_WITH_KNOTS ( ( 4, 4 ),
 ( 1.570796326794895004, 3.141592653589795336 ),
 .UNSPECIFIED. ) 
 CURVE ( )  GEOMETRIC_REPRESENTATION_ITEM ( )  RATIONAL_B_SPLINE_CURVE ( ( 1.000000000000000000, 0.8047378541243649375, 0.8047378541243649375, 1.000000000000000000 ) ) 
 REPRESENTATION_ITEM ( '' )  );
#5042 = AXIS2_PLACEMENT_3D ( 'NONE', #261, #5603, #1685 ) ;
#5044 = MANIFOLD_SOLID_BREP ( 'NONE', #7301 ) ;
#5043 = LINE ( 'NONE', #2715, #635 ) ;
#5045 = EDGE_CURVE ( 'NONE', #5515, #1250, #1822, .T. ) ;
#5046 = DIRECTION ( 'NONE',  ( 0.000000000000000000, -1.387778780781445044E-14, 1.000000000000000000 ) ) ;
#5047 = DIRECTION ( 'NONE',  ( -4.000000000000000311E-15, -1.000000000000000000, -6.999999999999998572E-15 ) ) ;
#5048 = VERTEX_POINT ( 'NONE', #3449 ) ;
#5049 = EDGE_LOOP ( 'NONE', ( #4357, #5747, #8723, #3602 ) ) ;
#5050 = ORIENTED_EDGE ( 'NONE', *, *, #5520, .F. ) ;
#5051 = ADVANCED_FACE ( 'NONE', ( #2643 ), #477, .T. ) ;
#5052 = PLANE ( 'NONE',  #914 ) ;
#5053 = DIRECTION ( 'NONE',  ( 4.000000000000000311E-15, 1.000000000000000000, 0.000000000000000000 ) ) ;
#5054 = DIRECTION ( 'NONE',  ( 0.000000000000000000, 0.000000000000000000, -1.000000000000000000 ) ) ;
#5055 = LINE ( 'NONE', #2086, #9216 ) ;
#5056 =( GEOMETRIC_REPRESENTATION_CONTEXT ( 3 ) GLOBAL_UNCERTAINTY_ASSIGNED_CONTEXT ( ( #8825 ) ) GLOBAL_UNIT_ASSIGNED_CONTEXT ( ( #9367, #2478, #6657 ) ) REPRESENTATION_CONTEXT ( 'NONE', 'WORKASPACE' ) );
#5057 = DIRECTION ( 'NONE',  ( 2.999999999999999839E-15, 7.000000000000000150E-15, -1.000000000000000000 ) ) ;
#5058 = CARTESIAN_POINT ( 'NONE',  ( 28.24999999999992895, 26.99999999999998579, 1.000000000000278888 ) ) ;
#5059 = LINE ( 'NONE', #1295, #1509 ) ;
#5060 = UNCERTAINTY_MEASURE_WITH_UNIT (LENGTH_MEASURE( 1.000000000000000082E-05 ), #4665, 'distance_accuracy_value', 'NONE');
#5061 = ORIENTED_EDGE ( 'NONE', *, *, #5384, .F. ) ;
#5062 = DIRECTION ( 'NONE',  ( 0.000000000000000000, -1.000000000000000000, 0.000000000000000000 ) ) ;
#5063 = EDGE_CURVE ( 'NONE', #7341, #5597, #8013, .T. ) ;
#5064 = ORIENTED_EDGE ( 'NONE', *, *, #3853, .F. ) ;
#5065 = ADVANCED_FACE ( 'NONE', ( #3505 ), #6528, .T. ) ;
#5066 = ORIENTED_EDGE ( 'NONE', *, *, #9146, .T. ) ;
#5067 = CARTESIAN_POINT ( 'NONE',  ( 28.24999999999991829, 29.99999999999998934, 0.6850393700790403662 ) ) ;
#5068 = DIRECTION ( 'NONE',  ( 0.000000000000000000, -1.000000000000000000, 0.000000000000000000 ) ) ;
#5069 = PLANE ( 'NONE',  #3126 ) ;
#5070 = PLANE ( 'NONE',  #5889 ) ;
#5071 = FACE_OUTER_BOUND ( 'NONE', #7839, .T. ) ;
#5072 = ADVANCED_FACE ( 'NONE', ( #6625 ), #2945, .F. ) ;
#5073 = EDGE_CURVE ( 'NONE', #7945, #4115, #1025, .T. ) ;
#5074 = PLANE ( 'NONE',  #9366 ) ;
#5075 = LINE ( 'NONE', #8839, #9530 ) ;
#5076 = AXIS2_PLACEMENT_3D ( 'NONE', #6057, #9743, #9070 ) ;
#5077 = ORIENTED_EDGE ( 'NONE', *, *, #28, .F. ) ;
#5078 = VERTEX_POINT ( 'NONE', #5175 ) ;
#5079 = VERTEX_POINT ( 'NONE', #7365 ) ;
#5080 = CLOSED_SHELL ( 'NONE', ( #8576, #2797, #4483, #3277, #4605, #1239, #3249, #1251, #2084, #492, #3723, #4837, #6591, #6226, #2218, #572, #3265, #1273 ) ) ;
#5081 = CARTESIAN_POINT ( 'NONE',  ( 47.99999999999992184, 30.00000000000005329, -0.4999999999996408984 ) ) ;
#5082 = ORIENTED_EDGE ( 'NONE', *, *, #3833, .F. ) ;
#5083 = CARTESIAN_POINT ( 'NONE',  ( 29.43699999999964234, 29.43699999999973826, 24.25000000000074252 ) ) ;
#5084 =( CONVERSION_BASED_UNIT ( 'INCH', #5989 ) LENGTH_UNIT ( ) NAMED_UNIT ( #4849 ) );
#5085 = DIRECTION ( 'NONE',  ( 0.000000000000000000, 0.000000000000000000, -1.000000000000000000 ) ) ;
#5086 = CARTESIAN_POINT ( 'NONE',  ( -29.49999999999960565, 9.749999999999774403, -0.2499999999999879541 ) ) ;
#5087 = CIRCLE ( 'NONE', #4137, 0.3149606299212601157 ) ;
#5088 = EDGE_CURVE ( 'NONE', #6007, #5563, #8086, .T. ) ;
#5089 = DIRECTION ( 'NONE',  ( -8.000000000000000622E-15, -1.000000000000000000, -6.999999999999997783E-15 ) ) ;
#5090 = EDGE_LOOP ( 'NONE', ( #1364, #5702, #3543, #7143 ) ) ;
#5091 = DIRECTION ( 'NONE',  ( -1.387778780781444571E-14, -1.000000000000000000, -1.387778780781444571E-14 ) ) ;
#5092 = VECTOR ( 'NONE', #2866, 39.37007874015748143 ) ;
#5093 = ITEM_DEFINED_TRANSFORMATION ( 'NONE', 'NONE', #2071,  #3073 ) ;
#5094 = CARTESIAN_POINT ( 'NONE',  ( -27.93503937007842097, 29.49999999999976197, 1.000000000000088818 ) ) ;
#5095 = EDGE_CURVE ( 'NONE', #4942, #7640, #9241, .T. ) ;
#5096 = LINE ( 'NONE', #7385, #5197 ) ;
#5097 = DIRECTION ( 'NONE',  ( -1.000000000000000000, 0.000000000000000000, 1.387778780781444571E-14 ) ) ;
#5098 = FACE_OUTER_BOUND ( 'NONE', #8383, .T. ) ;
#5099 = DIRECTION ( 'NONE',  ( -7.908938400211192045E-15, -1.000000000000000000, -7.000000000000000938E-15 ) ) ;
#5100 = AXIS2_PLACEMENT_3D ( 'NONE', #8656, #432, #7923 ) ;
#5101 = ORIENTED_EDGE ( 'NONE', *, *, #963, .T. ) ;
#5102 = EDGE_CURVE ( 'NONE', #9340, #6477, #9713, .T. ) ;
#5103 = EDGE_LOOP ( 'NONE', ( #2720, #5812, #6825, #6465 ) ) ;
#5104 = EDGE_LOOP ( 'NONE', ( #1587, #3187, #3333, #1483 ) ) ;
#5105 =( BOUNDED_CURVE ( )  B_SPLINE_CURVE ( 3, ( #7496, #2881, #5902, #9744 ),
 .UNSPECIFIED., .F., .T. ) 
 B_SPLINE_CURVE_WITH_KNOTS ( ( 4, 4 ),
 ( 4.930380657631269593E-32, 1.570796326794895004 ),
 .UNSPECIFIED. ) 
 CURVE ( )  GEOMETRIC_REPRESENTATION_ITEM ( )  RATIONAL_B_SPLINE_CURVE ( ( 1.000000000000000000, 0.8047378541243649375, 0.8047378541243649375, 1.000000000000000000 ) ) 
 REPRESENTATION_ITEM ( '' )  );
#5106 = CARTESIAN_POINT ( 'NONE',  ( 0.000000000000000000, 0.000000000000000000, 0.000000000000000000 ) ) ;
#5107 = CYLINDRICAL_SURFACE ( 'NONE', #5508, 0.3149606299212601157 ) ;
#5108 = VECTOR ( 'NONE', #3929, 39.37007874015748143 ) ;
#5109 =( CONVERSION_BASED_UNIT ( 'INCH', #8870 ) LENGTH_UNIT ( ) NAMED_UNIT ( #7454 ) );
#5110 = CARTESIAN_POINT ( 'NONE',  ( 29.74999999999962341, 29.74999999999978328, 23.93700000000071171 ) ) ;
#5111 = CIRCLE ( 'NONE', #4784, 0.3149606299212601157 ) ;
#5112 = FILL_AREA_STYLE_COLOUR ( '', #6544 ) ;
#5113 = DIRECTION ( 'NONE',  ( 3.000000000000290139E-15, 1.000000000000000000, 7.182123199577669368E-15 ) ) ;
#5114 = DIRECTION ( 'NONE',  ( 0.7071067811865402453, -0.7071067811865545671, -2.185710618276138609E-15 ) ) ;
#5115 = DIRECTION ( 'NONE',  ( -3.091061599788795399E-15, -6.999999999999998572E-15, 1.000000000000000000 ) ) ;
#5116 = ORIENTED_EDGE ( 'NONE', *, *, #6362, .F. ) ;
#5117 = DIRECTION ( 'NONE',  ( -0.000000000000000000, -0.000000000000000000, 1.000000000000000000 ) ) ;
#5118 = AXIS2_PLACEMENT_3D ( 'NONE', #1337, #11, #4353 ) ;
#5119 = EDGE_LOOP ( 'NONE', ( #6346, #3146 ) ) ;
#5120 = VECTOR ( 'NONE', #3364, 39.37007874015748143 ) ;
#5121 = PLANE ( 'NONE',  #6397 ) ;
#5122 = CARTESIAN_POINT ( 'NONE',  ( -29.75000000000027711, 9.749999999999406697, 23.99999999999960920 ) ) ;
#5123 = ADVANCED_BREP_SHAPE_REPRESENTATION ( '', ( #8392, #3073 ), #77 ) ;
#5124 = DIRECTION ( 'NONE',  ( -1.748382715945130353E-14, 1.000000000000000000, 6.999999999999929152E-15 ) ) ;
#5125 = EDGE_CURVE ( 'NONE', #847, #6477, #4423, .T. ) ;
#5126 =( GEOMETRIC_REPRESENTATION_CONTEXT ( 3 ) GLOBAL_UNCERTAINTY_ASSIGNED_CONTEXT ( ( #2952 ) ) GLOBAL_UNIT_ASSIGNED_CONTEXT ( ( #8728, #1189, #606 ) ) REPRESENTATION_CONTEXT ( 'NONE', 'WORKASPACE' ) );
#5127 = DIRECTION ( 'NONE',  ( -7.000000000000000938E-15, 0.000000000000000000, -1.000000000000000000 ) ) ;
#5128 = DIRECTION ( 'NONE',  ( -7.999999999999707165E-15, 1.000000000000000000, 6.999999999999831333E-15 ) ) ;
#5129 = LINE ( 'NONE', #725, #7530 ) ;
#5130 = PLANE ( 'NONE',  #7984 ) ;
#5131 = ORIENTED_EDGE ( 'NONE', *, *, #3451, .T. ) ;
#5132 = ORIENTED_EDGE ( 'NONE', *, *, #3734, .F. ) ;
#5133 = PRODUCT_DEFINITION_CONTEXT ( 'detailed design', #2306, 'design' ) ;
#5134 = ORIENTED_EDGE ( 'NONE', *, *, #2547, .T. ) ;
#5135 = DIRECTION ( 'NONE',  ( 0.000000000000000000, 0.000000000000000000, -1.000000000000000000 ) ) ;
#5136 = ORIENTED_EDGE ( 'NONE', *, *, #2158, .T. ) ;
#5137 = EDGE_CURVE ( 'NONE', #3096, #4701, #4476, .T. ) ;
#5138 = CARTESIAN_POINT ( 'NONE',  ( 29.99999999999966960, -30.00000000000022382, 24.50000000000030198 ) ) ;
#5139 = DIRECTION ( 'NONE',  ( -6.185478394931414830E-15, -1.000000000000000000, 1.529834876451990334E-29 ) ) ;
#5140 = DIRECTION ( 'NONE',  ( 1.387778780781444571E-14, 1.387778780781444571E-14, -1.000000000000000000 ) ) ;
#5141 = DIRECTION ( 'NONE',  ( -2.999999999999999839E-15, 1.000000000000000000, 6.999999999999998572E-15 ) ) ;
#5142 = VECTOR ( 'NONE', #5230, 39.37007874015748143 ) ;
#5143 = DIRECTION ( 'NONE',  ( -1.000000000000000000, 8.115025178680621190E-15, -2.999999999999999444E-15 ) ) ;
#5144 = ORIENTED_EDGE ( 'NONE', *, *, #801, .T. ) ;
#5145 = CYLINDRICAL_SURFACE ( 'NONE', #9651, 0.1250000000000015266 ) ;
#5146 = VECTOR ( 'NONE', #8141, 39.37007874015748143 ) ;
#5147 = PLANE ( 'NONE',  #9465 ) ;
#5148 = LINE ( 'NONE', #7541, #5504 ) ;
#5149 = DIRECTION ( 'NONE',  ( 1.000000000000000000, 9.106159978880878627E-17, 0.000000000000000000 ) ) ;
#5150 = CARTESIAN_POINT ( 'NONE',  ( 29.74999999999988631, -28.24999999999996092, 1.000000000000001332 ) ) ;
#5151 = CARTESIAN_POINT ( 'NONE',  ( 29.24999999999988276, -29.24999999999996092, 0.000000000000000000 ) ) ;
#5152 = ORIENTED_EDGE ( 'NONE', *, *, #9028, .T. ) ;
#5153 = ORIENTED_EDGE ( 'NONE', *, *, #5435, .T. ) ;
#5154 = ORIENTED_EDGE ( 'NONE', *, *, #1688, .F. ) ;
#5155 = EDGE_CURVE ( 'NONE', #890, #9526, #1308, .T. ) ;
#5156 = DIRECTION ( 'NONE',  ( 1.000000000000000000, 1.394543712407997064E-14, -1.509903313490213211E-14 ) ) ;
#5157 = DIRECTION ( 'NONE',  ( -1.000000000000000000, 1.499999999999999919E-14, -2.999999999999999839E-15 ) ) ;
#5158 = APPLICATION_CONTEXT ( 'automotive_design' ) ;
#5159 = CARTESIAN_POINT ( 'NONE',  ( -28.25000000000034817, -29.74999999999957723, 0.9999999999996319611 ) ) ;
#5160 = ADVANCED_FACE ( 'NONE', ( #2848 ), #7418, .F. ) ;
#5161 =( CONVERSION_BASED_UNIT ( 'INCH', #6659 ) LENGTH_UNIT ( ) NAMED_UNIT ( #5999 ) );
#5162 = FACE_OUTER_BOUND ( 'NONE', #5853, .T. ) ;
#5163 = DIRECTION ( 'NONE',  ( -1.000000000000000000, 2.999999999999936730E-15, -1.799999999999993592E-14 ) ) ;
#5164 = FACE_BOUND ( 'NONE', #9717, .T. ) ;
#5165 = UNCERTAINTY_MEASURE_WITH_UNIT (LENGTH_MEASURE( 1.000000000000000082E-05 ), #3338, 'distance_accuracy_value', 'NONE');
#5166 = ORIENTED_EDGE ( 'NONE', *, *, #2976, .T. ) ;
#5167 = LINE ( 'NONE', #2045, #6297 ) ;
#5168 = ORIENTED_EDGE ( 'NONE', *, *, #9521, .T. ) ;
#5169 = ORIENTED_EDGE ( 'NONE', *, *, #2438, .T. ) ;
#5170 = LINE ( 'NONE', #1302, #2578 ) ;
#5171 = CARTESIAN_POINT ( 'NONE',  ( 29.62035115497716120, 29.62035115497722515, -0.2499999999996991296 ) ) ;
#5172 = DIRECTION ( 'NONE',  ( -1.000000000000000000, 0.000000000000000000, 0.000000000000000000 ) ) ;
#5173 = DIRECTION ( 'NONE',  ( 0.000000000000000000, 0.000000000000000000, -1.000000000000000000 ) ) ;
#5174 = CARTESIAN_POINT ( 'NONE',  ( 29.87499999999987210, -29.87499999999999645, 2.499999999999875655 ) ) ;
#5175 = CARTESIAN_POINT ( 'NONE',  ( -29.99999999999969447, 28.25000000000022382, 1.314960629921372970 ) ) ;
#5176 = ADVANCED_FACE ( 'NONE', ( #5877 ), #527, .F. ) ;
#5177 = LINE ( 'NONE', #5232, #2424 ) ;
#5178 = VERTEX_POINT ( 'NONE', #1415 ) ;
#5179 = VECTOR ( 'NONE', #7463, 39.37007874015748143 ) ;
#5180 = VERTEX_POINT ( 'NONE', #8885 ) ;
#5181 = ORIENTED_EDGE ( 'NONE', *, *, #1305, .T. ) ;
#5182 = DIRECTION ( 'NONE',  ( 9.106159978880878627E-17, -1.000000000000000000, -0.000000000000000000 ) ) ;
#5183 = EDGE_LOOP ( 'NONE', ( #1584, #2974, #5432, #7446 ) ) ;
#5184 = AXIS2_PLACEMENT_3D ( 'NONE', #3496, #7158, #8594 ) ;
#5185 = EDGE_CURVE ( 'NONE', #8623, #1353, #4507, .T. ) ;
#5186 = LINE ( 'NONE', #3101, #4088 ) ;
#5187 = CARTESIAN_POINT ( 'NONE',  ( 26.75000000000000000, 29.62499999999993250, -1.857656635691698878E-13 ) ) ;
#5188 = VECTOR ( 'NONE', #5705, 39.37007874015748854 ) ;
#5189 = FACE_OUTER_BOUND ( 'NONE', #3218, .T. ) ;
#5190 = CARTESIAN_POINT ( 'NONE',  ( -27.05177669529676265, -27.05177669529643936, -0.2500000000002631229 ) ) ;
#5191 = DIRECTION ( 'NONE',  ( 1.000000000000000000, -1.000000000000064173E-15, 3.182123199577596482E-15 ) ) ;
#5192 = AXIS2_PLACEMENT_3D ( 'NONE', #9270, #4029, #6366 ) ;
#5193 = ORIENTED_EDGE ( 'NONE', *, *, #9273, .T. ) ;
#5194 = ADVANCED_FACE ( 'NONE', ( #3551 ), #7517, .F. ) ;
#5195 = CARTESIAN_POINT ( 'NONE',  ( 29.75000000000000355, 29.74999999999965183, 3.097915624815274565E-13 ) ) ;
#5196 = VECTOR ( 'NONE', #1267, 39.37007874015748854 ) ;
#5197 = VECTOR ( 'NONE', #596, 39.37007874015748143 ) ;
#5198 = CARTESIAN_POINT ( 'NONE',  ( 29.74999999999972289, 9.749999999999761968, 24.25000000000061817 ) ) ;
#5199 = CARTESIAN_POINT ( 'NONE',  ( 29.43699999999988393, -29.43699999999997630, -0.2500000000001231237 ) ) ;
#5200 = CYLINDRICAL_SURFACE ( 'NONE', #9686, 0.3149606299212601157 ) ;
#5201 = AXIS2_PLACEMENT_3D ( 'NONE', #3302, #8551, #2447 ) ;
#5202 = CARTESIAN_POINT ( 'NONE',  ( 47.99999999999972999, -30.00000000000026645, 21.50000000000065015 ) ) ;
#5203 = EDGE_CURVE ( 'NONE', #6502, #7305, #5778, .T. ) ;
#5204 = ORIENTED_EDGE ( 'NONE', *, *, #8135, .T. ) ;
#5205 = VECTOR ( 'NONE', #7298, 39.37007874015748143 ) ;
#5206 = ORIENTED_EDGE ( 'NONE', *, *, #412, .F. ) ;
#5207 = ORIENTED_EDGE ( 'NONE', *, *, #2020, .F. ) ;
#5208 =( GEOMETRIC_REPRESENTATION_CONTEXT ( 3 ) GLOBAL_UNCERTAINTY_ASSIGNED_CONTEXT ( ( #4265 ) ) GLOBAL_UNIT_ASSIGNED_CONTEXT ( ( #7137, #7741, #6348 ) ) REPRESENTATION_CONTEXT ( 'NONE', 'WORKASPACE' ) );
#5209 = CARTESIAN_POINT ( 'NONE',  ( -3.496765431890210850E-14, -4.370956789862845131E-14, 24.25000000000013145 ) ) ;
#5210 = DIRECTION ( 'NONE',  ( 1.000000000000000000, 8.557635542960778703E-17, 4.000000000000001100E-15 ) ) ;
#5211 = CARTESIAN_POINT ( 'NONE',  ( 29.74999999999988631, -27.93503937007870164, 1.000000000000001332 ) ) ;
#5212 = CARTESIAN_POINT ( 'NONE',  ( -9.281500000000342254, -9.281500000000413308, 24.24999999999977618 ) ) ;
#5213 = CARTESIAN_POINT ( 'NONE',  ( -29.87500000000012790, -29.87499999999975486, 2.499999999999696243 ) ) ;
#5214 = CARTESIAN_POINT ( 'NONE',  ( -29.62500000000036948, -26.74999999999978684, 23.99999999999965539 ) ) ;
#5215 = CARTESIAN_POINT ( 'NONE',  ( -29.74999999999991118, -28.25000000000046185, 22.99999999999926459 ) ) ;
#5216 = LINE ( 'NONE', #7401, #3729 ) ;
#5217 = ADVANCED_FACE ( 'NONE', ( #5071 ), #8102, .F. ) ;
#5218 = AXIS2_PLACEMENT_3D ( 'NONE', #6333, #4882, #3406 ) ;
#5219 = ORIENTED_EDGE ( 'NONE', *, *, #1704, .T. ) ;
#5220 = FACE_OUTER_BOUND ( 'NONE', #9169, .T. ) ;
#5221 = ORIENTED_EDGE ( 'NONE', *, *, #1095, .T. ) ;
#5222 = CARTESIAN_POINT ( 'NONE',  ( 29.99999999999988276, -29.99999999999997513, -0.5000000000001253442 ) ) ;
#5223 = CARTESIAN_POINT ( 'NONE',  ( -29.75000000000027356, -29.75000000000003908, 21.62499999999923261 ) ) ;
#5224 = CARTESIAN_POINT ( 'NONE',  ( 28.24999999999988276, -29.74999999999996447, 22.99999999999966604 ) ) ;
#5225 = CARTESIAN_POINT ( 'NONE',  ( -30.00000000000008171, 29.74999999999981526, 1.239403833698584204E-13 ) ) ;
#5226 = EDGE_CURVE ( 'NONE', #4034, #5789, #5129, .T. ) ;
#5227 = LINE ( 'NONE', #4372, #4085 ) ;
#5228 = EDGE_CURVE ( 'NONE', #2143, #5393, #5927, .T. ) ;
#5229 = DIRECTION ( 'NONE',  ( 1.000000000000000000, 0.000000000000000000, 4.009401508273220313E-15 ) ) ;
#5230 = DIRECTION ( 'NONE',  ( 1.000000000000000000, -4.000000000000063420E-15, 2.999999999999915825E-15 ) ) ;
#5231 = DIRECTION ( 'NONE',  ( 1.699999999999999698E-14, 6.999999999999997783E-15, -1.000000000000000000 ) ) ;
#5232 = CARTESIAN_POINT ( 'NONE',  ( -29.49999999999985079, -9.750000000000010658, 24.24999999999937117 ) ) ;
#5233 = EDGE_LOOP ( 'NONE', ( #4451, #3655, #6231, #6987 ) ) ;
#5234 = VECTOR ( 'NONE', #5704, 39.37007874015748143 ) ;
#5235 = ORIENTED_EDGE ( 'NONE', *, *, #237, .F. ) ;
#5236 = ADVANCED_FACE ( 'NONE', ( #2387, #133, #1607 ), #7570, .F. ) ;
#5237 = ORIENTED_EDGE ( 'NONE', *, *, #3464, .T. ) ;
#5238 = CARTESIAN_POINT ( 'NONE',  ( -27.00000000000036948, 26.99999999999953104, 24.30177669529633633 ) ) ;
#5239 = ORIENTED_EDGE ( 'NONE', *, *, #631, .T. ) ;
#5240 = CARTESIAN_POINT ( 'NONE',  ( 9.749999999999761968, -29.49999999999988987, 24.24999999999997868 ) ) ;
#5241 = SURFACE_STYLE_FILL_AREA ( #2957 ) ;
#5242 = DIRECTION ( 'NONE',  ( -7.999999999999707165E-15, 1.000000000000000000, 6.999999999999831333E-15 ) ) ;
#5243 = CARTESIAN_POINT ( 'NONE',  ( 29.75000000000000355, 27.93503937007865900, 0.9999999999997937206 ) ) ;
#5244 = CARTESIAN_POINT ( 'NONE',  ( 28.24999999999991829, 29.74999999999998934, 0.6850393700790387008 ) ) ;
#5245 = CLOSED_SHELL ( 'NONE', ( #5342, #1399, #5012, #8513, #2633, #5640, #6836 ) ) ;
#5246 = EDGE_LOOP ( 'NONE', ( #4850, #1300 ) ) ;
#5247 = LINE ( 'NONE', #8857, #8564 ) ;
#5248 = EDGE_LOOP ( 'NONE', ( #4266, #3497, #9101, #1237 ) ) ;
#5249 = VECTOR ( 'NONE', #7910, 39.37007874015748854 ) ;
#5250 = DIRECTION ( 'NONE',  ( -1.000000000000000000, 8.000000000000084241E-15, -3.908938400211023707E-15 ) ) ;
#5251 = CARTESIAN_POINT ( 'NONE',  ( 28.25000000000016342, 29.74999999999992539, 22.99999999999947065 ) ) ;
#5252 = CARTESIAN_POINT ( 'NONE',  ( 29.24999999999988276, -29.24999999999996092, 24.00000000000000355 ) ) ;
#5253 = EDGE_CURVE ( 'NONE', #1196, #4595, #5427, .T. ) ;
#5254 = DIRECTION ( 'NONE',  ( 1.000000000000000000, 0.000000000000000000, 0.000000000000000000 ) ) ;
#5255 = ORIENTED_EDGE ( 'NONE', *, *, #7291, .T. ) ;
#5256 = ORIENTED_EDGE ( 'NONE', *, *, #651, .F. ) ;
#5257 = VECTOR ( 'NONE', #7400, 39.37007874015748143 ) ;
#5258 = ORIENTED_EDGE ( 'NONE', *, *, #2430, .T. ) ;
#5259 = DIRECTION ( 'NONE',  ( 1.047444401652940007E-14, -1.000000000000000000, 0.000000000000000000 ) ) ;
#5260 = DIRECTION ( 'NONE',  ( 2.999999999999999839E-15, 9.999999999999999988E-15, -1.000000000000000000 ) ) ;
#5261 = EDGE_CURVE ( 'NONE', #1838, #634, #6267, .T. ) ;
#5262 = DIRECTION ( 'NONE',  ( 1.000000000000189010E-15, -1.000000000000000000, -6.999999999999980428E-15 ) ) ;
#5263 = CYLINDRICAL_SURFACE ( 'NONE', #2960, 0.1250000000000015266 ) ;
#5264 = PRODUCT_DEFINITION ( 'UNKNOWN', '', #9647, #6631 ) ;
#5265 = LINE ( 'NONE', #5313, #7973 ) ;
#5266 = EDGE_CURVE ( 'NONE', #5515, #8490, #6866, .T. ) ;
#5267 = CARTESIAN_POINT ( 'NONE',  ( -29.74999999999987566, -29.75000000000045119, 21.62499999999925038 ) ) ;
#5268 = ORIENTED_EDGE ( 'NONE', *, *, #4723, .T. ) ;
#5269 = PLANE ( 'NONE',  #2811 ) ;
#5270 = EDGE_LOOP ( 'NONE', ( #9391, #5512, #6104, #394 ) ) ;
#5271 = ORIENTED_EDGE ( 'NONE', *, *, #6482, .F. ) ;
#5272 =( GEOMETRIC_REPRESENTATION_CONTEXT ( 3 ) GLOBAL_UNCERTAINTY_ASSIGNED_CONTEXT ( ( #8046 ) ) GLOBAL_UNIT_ASSIGNED_CONTEXT ( ( #5161, #660, #4407 ) ) REPRESENTATION_CONTEXT ( 'NONE', 'WORKASPACE' ) );
#5273 = AXIS2_PLACEMENT_3D ( 'NONE', #9064, #6892, #5254 ) ;
#5274 = CARTESIAN_POINT ( 'NONE',  ( 29.99999999999991118, 28.24999999999997513, 1.314960629921580360 ) ) ;
#5275 = DIRECTION ( 'NONE',  ( 1.000000000000042085E-15, 1.000000000000000000, 7.000000000000001727E-15 ) ) ;
#5276 = FACE_OUTER_BOUND ( 'NONE', #7912, .T. ) ;
#5277 = FACE_OUTER_BOUND ( 'NONE', #2827, .T. ) ;
#5278 = EDGE_CURVE ( 'NONE', #532, #6453, #8489, .T. ) ;
#5279 = CARTESIAN_POINT ( 'NONE',  ( -29.80177669529632567, 29.80177669529682305, 2.500000000000123901 ) ) ;
#5280 = DIRECTION ( 'NONE',  ( 1.799999999999999903E-14, 9.999999999999998410E-15, -1.000000000000000000 ) ) ;
#5281 = VECTOR ( 'NONE', #335, 39.37007874015748143 ) ;
#5282 = VECTOR ( 'NONE', #9636, 39.37007874015748854 ) ;
#5283 = AXIS2_PLACEMENT_3D ( 'NONE', #1732, #251, #4737 ) ;
#5284 = DIRECTION ( 'NONE',  ( 7.863407600316786968E-15, 1.000000000000000000, 6.999999999999999361E-15 ) ) ;
#5285 = VERTEX_POINT ( 'NONE', #1655 ) ;
#5286 = EDGE_LOOP ( 'NONE', ( #6065, #294 ) ) ;
#5287 = EDGE_LOOP ( 'NONE', ( #7182, #6601, #5010, #9301 ) ) ;
#5288 = PLANE ( 'NONE',  #384 ) ;
#5289 = VERTEX_POINT ( 'NONE', #7761 ) ;
#5290 = AXIS2_PLACEMENT_3D ( 'NONE', #9173, #3831, #2294 ) ;
#5291 = CIRCLE ( 'NONE', #2017, 0.1250000000000015266 ) ;
#5292 = EDGE_CURVE ( 'NONE', #5577, #4487, #8160, .T. ) ;
#5293 = PLANE ( 'NONE',  #7098 ) ;
#5294 = EDGE_CURVE ( 'NONE', #5597, #268, #4038, .T. ) ;
#5295 = DIRECTION ( 'NONE',  ( -1.000000000000000000, -8.000000000000084241E-15, -1.700000000000016738E-14 ) ) ;
#5296 = ORIENTED_EDGE ( 'NONE', *, *, #4244, .F. ) ;
#5297 = DIRECTION ( 'NONE',  ( -0.7071067811865496822, -0.7071067811865453523, -7.071067811865455217E-15 ) ) ;
#5298 = ORIENTED_EDGE ( 'NONE', *, *, #3597, .T. ) ;
#5299 = CARTESIAN_POINT ( 'NONE',  ( -26.99999999999953104, 48.00000000000022027, -0.4999999999997367661 ) ) ;
#5300 = VECTOR ( 'NONE', #6768, 39.37007874015748143 ) ;
#5301 = CARTESIAN_POINT ( 'NONE',  ( -28.56496062992094309, 29.74999999999976552, 1.000000000000088818 ) ) ;
#5302 = CARTESIAN_POINT ( 'NONE',  ( -29.43700000000015038, -29.43699999999977024, -0.2500000000002885470 ) ) ;
#5303 = ADVANCED_FACE ( 'NONE', ( #89 ), #7667, .F. ) ;
#5304 = ORIENTED_EDGE ( 'NONE', *, *, #5037, .F. ) ;
#5305 = ORIENTED_EDGE ( 'NONE', *, *, #8998, .F. ) ;
#5306 = VERTEX_POINT ( 'NONE', #6913 ) ;
#5307 = AXIS2_PLACEMENT_3D ( 'NONE', #6125, #3931, #2299 ) ;
#5308 =( LENGTH_UNIT ( ) NAMED_UNIT ( * ) SI_UNIT ( $, .METRE. ) );
#5309 = CARTESIAN_POINT ( 'NONE',  ( 29.74999999999988631, -29.24999999999996092, 24.00000000000000355 ) ) ;
#5310 = ADVANCED_FACE ( 'NONE', ( #3884 ), #227, .T. ) ;
#5311 = DIRECTION ( 'NONE',  ( 1.000000000000000000, 9.106159978880878627E-17, -0.000000000000000000 ) ) ;
#5312 = DIRECTION ( 'NONE',  ( -2.999999999999958029E-15, 1.000000000000000000, 7.091061599788799260E-15 ) ) ;
#5313 = CARTESIAN_POINT ( 'NONE',  ( -28.25000000000011013, -26.99999999999975131, 0.6850393700784611628 ) ) ;
#5314 = VECTOR ( 'NONE', #8334, 39.37007874015748143 ) ;
#5315 = SHAPE_REPRESENTATION ( '102049 DET A', ( #3073 ), #77 ) ;
#5316 = DIRECTION ( 'NONE',  ( 1.000000000000000000, -4.000000000000000311E-15, -7.000000000000000150E-15 ) ) ;
#5317 = ORIENTED_EDGE ( 'NONE', *, *, #3923, .T. ) ;
#5318 = DIRECTION ( 'NONE',  ( 1.490893840021115748E-14, 1.000000000000000000, 9.999999999999999988E-15 ) ) ;
#5319 = ORIENTED_EDGE ( 'NONE', *, *, #267, .T. ) ;
#5320 = ORIENTED_EDGE ( 'NONE', *, *, #8276, .F. ) ;
#5321 = ADVANCED_FACE ( 'NONE', ( #4671 ), #909, .F. ) ;
#5322 = EDGE_CURVE ( 'NONE', #2175, #5498, #2440, .T. ) ;
#5323 = CARTESIAN_POINT ( 'NONE',  ( 27.93503937007862348, -29.74999999999996447, 1.000000000000001332 ) ) ;
#5324 = DIRECTION ( 'NONE',  ( 1.000000000000000000, 4.000000000000063420E-15, 1.800000000000008423E-14 ) ) ;
#5325 = CARTESIAN_POINT ( 'NONE',  ( -27.00000000000003908, 26.99999999999982947, -0.3017766952965250105 ) ) ;
#5326 = CYLINDRICAL_SURFACE ( 'NONE', #7786, 0.3149606299212601157 ) ;
#5327 = CARTESIAN_POINT ( 'NONE',  ( -29.75000000000028066, 9.749999999999406697, 24.24999999999960565 ) ) ;
#5328 =( LENGTH_UNIT ( ) NAMED_UNIT ( * ) SI_UNIT ( $, .METRE. ) );
#5329 = DIRECTION ( 'NONE',  ( -8.000000000000000622E-15, -1.000000000000000000, -7.000000000000000938E-15 ) ) ;
#5330 = ORIENTED_EDGE ( 'NONE', *, *, #2986, .F. ) ;
#5331 = EDGE_CURVE ( 'NONE', #6128, #7024, #959, .T. ) ;
#5332 = ORIENTED_EDGE ( 'NONE', *, *, #9281, .F. ) ;
#5333 = LINE ( 'NONE', #140, #2268 ) ;
#5334 = DIRECTION ( 'NONE',  ( -1.387778780781444571E-14, -1.000000000000000000, -1.387778780781444571E-14 ) ) ;
#5335 = CARTESIAN_POINT ( 'NONE',  ( 9.749999999999761968, -29.74999999999988987, 24.24999999999997868 ) ) ;
#5336 = EDGE_CURVE ( 'NONE', #9411, #2951, #3976, .T. ) ;
#5337 = COLOUR_RGB ( '',0.7921568627450980005, 0.8196078431372548767, 0.9333333333333333481 ) ;
#5338 = CARTESIAN_POINT ( 'NONE',  ( 29.74999999999966249, 29.74999999999979750, 21.62500000000071410 ) ) ;
#5339 = EDGE_CURVE ( 'NONE', #2175, #2687, #3241, .T. ) ;
#5340 = EDGE_CURVE ( 'NONE', #1454, #2080, #3782, .T. ) ;
#5341 = ORIENTED_EDGE ( 'NONE', *, *, #2723, .T. ) ;
#5342 = ADVANCED_FACE ( 'NONE', ( #8303 ), #4573, .F. ) ;
#5343 = ADVANCED_FACE ( 'NONE', ( #4764 ), #9326, .F. ) ;
#5344 = CARTESIAN_POINT ( 'NONE',  ( -29.43699999999953576, 48.00000000000024158, 0.06300000000025363089 ) ) ;
#5345 = ADVANCED_FACE ( 'NONE', ( #5573 ), #1856, .F. ) ;
#5346 = EDGE_CURVE ( 'NONE', #5789, #8828, #4916, .T. ) ;
#5347 = VERTEX_POINT ( 'NONE', #3291 ) ;
#5348 = VECTOR ( 'NONE', #8589, 39.37007874015748143 ) ;
#5349 = CARTESIAN_POINT ( 'NONE',  ( 29.74999999999968736, -29.75000000000023093, 23.93700000000032446 ) ) ;
#5350 =( NAMED_UNIT ( * ) SI_UNIT ( $, .STERADIAN. ) SOLID_ANGLE_UNIT ( ) );
#5351 = CIRCLE ( 'NONE', #2648, 0.1250000000000015266 ) ;
#5352 = CARTESIAN_POINT ( 'NONE',  ( 29.49999999999972289, 9.749999999999756639, 24.25000000000061107 ) ) ;
#5353 = EDGE_CURVE ( 'NONE', #1540, #2802, #2533, .T. ) ;
#5354 = CARTESIAN_POINT ( 'NONE',  ( 29.74999999999966249, 29.74999999999979750, 21.62500000000071410 ) ) ;
#5355 = VECTOR ( 'NONE', #991, 39.37007874015748143 ) ;
#5356 =( REPRESENTATION_RELATIONSHIP ('NONE','NONE', #4286, #7722 ) REPRESENTATION_RELATIONSHIP_WITH_TRANSFORMATION ( #8521 )SHAPE_REPRESENTATION_RELATIONSHIP( ) );
#5357 = VERTEX_POINT ( 'NONE', #8592 ) ;
#5358 = VERTEX_POINT ( 'NONE', #7911 ) ;
#5359 = ORIENTED_EDGE ( 'NONE', *, *, #95, .T. ) ;
#5360 = ORIENTED_EDGE ( 'NONE', *, *, #3885, .F. ) ;
#5361 = AXIS2_PLACEMENT_3D ( 'NONE', #2819, #1532, #4500 ) ;
#5362 = DIRECTION ( 'NONE',  ( -1.509903313490193331E-14, -1.400188981814618876E-14, -0.9999999999999998890 ) ) ;
#5363 = LINE ( 'NONE', #6942, #8818 ) ;
#5364 = VECTOR ( 'NONE', #1866, 39.37007874015748143 ) ;
#5365 = LINE ( 'NONE', #2370, #7716 ) ;
#5366 = FACE_OUTER_BOUND ( 'NONE', #5598, .T. ) ;
#5367 = DIRECTION ( 'NONE',  ( 0.000000000000000000, -1.387778780781445676E-14, 1.000000000000000000 ) ) ;
#5368 = VECTOR ( 'NONE', #1174, 39.37007874015748143 ) ;
#5369 = ORIENTED_EDGE ( 'NONE', *, *, #1560, .F. ) ;
#5370 = CARTESIAN_POINT ( 'NONE',  ( 29.74999999999972999, -29.75000000000021672, 21.62500000000032330 ) ) ;
#5371 = ORIENTED_EDGE ( 'NONE', *, *, #631, .F. ) ;
#5372 = ADVANCED_FACE ( 'NONE', ( #1805 ), #4862, .F. ) ;
#5373 = ORIENTED_EDGE ( 'NONE', *, *, #6974, .T. ) ;
#5374 = EDGE_CURVE ( 'NONE', #7172, #1892, #6107, .T. ) ;
#5375 = LINE ( 'NONE', #2940, #1164 ) ;
#5376 = CARTESIAN_POINT ( 'NONE',  ( 29.49999999999988276, -26.87499999999996447, 24.00000000000000355 ) ) ;
#5377 = FILL_AREA_STYLE_COLOUR ( '', #4584 ) ;
#5378 = CARTESIAN_POINT ( 'NONE',  ( 29.74999999999972644, 9.749999999999761968, 24.00000000000061817 ) ) ;
#5379 =( BOUNDED_CURVE ( )  B_SPLINE_CURVE ( 3, ( #3036, #8428, #8332, #9114 ),
 .UNSPECIFIED., .F., .T. ) 
 B_SPLINE_CURVE_WITH_KNOTS ( ( 4, 4 ),
 ( 1.570796326794895004, 3.141592653589795336 ),
 .UNSPECIFIED. ) 
 CURVE ( )  GEOMETRIC_REPRESENTATION_ITEM ( )  RATIONAL_B_SPLINE_CURVE ( ( 1.000000000000000000, 0.8047378541243649375, 0.8047378541243649375, 1.000000000000000000 ) ) 
 REPRESENTATION_ITEM ( '' )  );
#5380 = VECTOR ( 'NONE', #2325, 39.37007874015748143 ) ;
#5381 = DIRECTION ( 'NONE',  ( 0.7071067811865516806, -0.7071067811865431318, 7.842564867768541358E-15 ) ) ;
#5382 = PLANE ( 'NONE',  #9498 ) ;
#5383 = CARTESIAN_POINT ( 'NONE',  ( 29.74999999999969091, 29.74999999999975842, 21.62500000000074962 ) ) ;
#5384 = EDGE_CURVE ( 'NONE', #9018, #8361, #4965, .T. ) ;
#5385 = EDGE_LOOP ( 'NONE', ( #2153, #8110, #552, #2378 ) ) ;
#5386 = CARTESIAN_POINT ( 'NONE',  ( -27.00000000000031264, -27.00000000000006395, 24.37499999999932143 ) ) ;
#5387 = ORIENTED_EDGE ( 'NONE', *, *, #951, .T. ) ;
#5388 = VERTEX_POINT ( 'NONE', #4125 ) ;
#5389 = VECTOR ( 'NONE', #2501, 39.37007874015748143 ) ;
#5390 = DIRECTION ( 'NONE',  ( 0.000000000000000000, 1.000000000000000000, 0.000000000000000000 ) ) ;
#5391 = CARTESIAN_POINT ( 'NONE',  ( 29.99999999999992184, 29.99999999999999645, 3.057620866908726600E-13 ) ) ;
#5392 = DIRECTION ( 'NONE',  ( -2.999999999999999839E-15, 1.000000000000000000, 6.999999999999998572E-15 ) ) ;
#5393 = VERTEX_POINT ( 'NONE', #7204 ) ;
#5394 = FACE_BOUND ( 'NONE', #3991, .T. ) ;
#5395 = ORIENTED_EDGE ( 'NONE', *, *, #591, .F. ) ;
#5396 = DIRECTION ( 'NONE',  ( -1.000000000000000000, 2.999999999999936730E-15, -1.799999999999993592E-14 ) ) ;
#5397 = CARTESIAN_POINT ( 'NONE',  ( -29.62499999999977263, 26.74999999999961275, 24.00000000000006750 ) ) ;
#5398 = LINE ( 'NONE', #2185, #3627 ) ;
#5399 = CARTESIAN_POINT ( 'NONE',  ( 28.99999999999991118, 29.24999999999999289, 2.974146821739779282E-13 ) ) ;
#5400 = DIRECTION ( 'NONE',  ( 1.000000000000000000, 9.106159978880878627E-17, -0.000000000000000000 ) ) ;
#5401 = CARTESIAN_POINT ( 'NONE',  ( 29.75000000000000355, 29.74999999999965894, -0.2499999999996901923 ) ) ;
#5402 = VERTEX_POINT ( 'NONE', #3493 ) ;
#5403 = ORIENTED_EDGE ( 'NONE', *, *, #4016, .T. ) ;
#5404 = AXIS2_PLACEMENT_3D ( 'NONE', #9692, #5362, #5156 ) ;
#5405 = ORIENTED_EDGE ( 'NONE', *, *, #3356, .T. ) ;
#5406 = ORIENTED_EDGE ( 'NONE', *, *, #1043, .T. ) ;
#5407 = AXIS2_PLACEMENT_3D ( 'NONE', #6691, #9678, #8072 ) ;
#5408 = ITEM_DEFINED_TRANSFORMATION ( 'NONE', 'NONE', #5076,  #3073 ) ;
#5409 = DIRECTION ( 'NONE',  ( -3.000000000000041648E-15, -7.182123199577625192E-15, 1.000000000000000000 ) ) ;
#5410 = DIRECTION ( 'NONE',  ( 1.000000000000189010E-15, -1.000000000000000000, -6.999999999999980428E-15 ) ) ;
#5411 = DIRECTION ( 'NONE',  ( 1.000000000000042085E-15, 1.000000000000000000, 7.000000000000001727E-15 ) ) ;
#5412 = ADVANCED_FACE ( 'NONE', ( #6461 ), #6513, .F. ) ;
#5413 = CARTESIAN_POINT ( 'NONE',  ( -29.74999999999969091, 28.24999999999977973, 1.000000000000075717 ) ) ;
#5414 = AXIS2_PLACEMENT_3D ( 'NONE', #5344, #9190, #5229 ) ;
#5415 = EDGE_LOOP ( 'NONE', ( #8214, #1624, #2964, #7806 ) ) ;
#5416 = CARTESIAN_POINT ( 'NONE',  ( -29.74999999999954525, 48.00000000000022027, 2.375000000000252243 ) ) ;
#5417 = ORIENTED_EDGE ( 'NONE', *, *, #7536, .T. ) ;
#5418 = VERTEX_POINT ( 'NONE', #1110 ) ;
#5419 = LINE ( 'NONE', #3878, #7980 ) ;
#5420 = DIRECTION ( 'NONE',  ( -1.000000000000000000, 2.799999999999999673E-29, -4.000000000000000311E-15 ) ) ;
#5421 = ADVANCED_FACE ( 'NONE', ( #8542 ), #8688, .F. ) ;
#5422 = VECTOR ( 'NONE', #6782, 39.37007874015748143 ) ;
#5423 =( NAMED_UNIT ( * ) SI_UNIT ( $, .STERADIAN. ) SOLID_ANGLE_UNIT ( ) );
#5424 = PLANE ( 'NONE',  #4692 ) ;
#5425 = CARTESIAN_POINT ( 'NONE',  ( -28.25000000000011369, -26.99999999999975131, 0.9999999999997206679 ) ) ;
#5426 = CARTESIAN_POINT ( 'NONE',  ( 47.99999999999972289, -29.75000000000027001, 21.62500000000065370 ) ) ;
#5427 = LINE ( 'NONE', #6215, #7046 ) ;
#5428 = ORIENTED_EDGE ( 'NONE', *, *, #3405, .F. ) ;
#5429 = LINE ( 'NONE', #4035, #4957 ) ;
#5430 = VERTEX_POINT ( 'NONE', #1757 ) ;
#5431 = CIRCLE ( 'NONE', #8898, 0.3149606299212601157 ) ;
#5432 = ORIENTED_EDGE ( 'NONE', *, *, #4299, .F. ) ;
#5433 =( BOUNDED_CURVE ( )  B_SPLINE_CURVE ( 3, ( #8140, #4461, #7503, #8415 ),
 .UNSPECIFIED., .F., .F. ) 
 B_SPLINE_CURVE_WITH_KNOTS ( ( 4, 4 ),
 ( 4.930380657631299699E-32, 1.570796326794895004 ),
 .UNSPECIFIED. ) 
 CURVE ( )  GEOMETRIC_REPRESENTATION_ITEM ( )  RATIONAL_B_SPLINE_CURVE ( ( 1.000000000000000000, 0.8047378541243649375, 0.8047378541243649375, 1.000000000000000000 ) ) 
 REPRESENTATION_ITEM ( '' )  );
#5434 = LINE ( 'NONE', #6777, #7497 ) ;
#5435 = EDGE_CURVE ( 'NONE', #2576, #26, #421, .T. ) ;
#5436 = DIRECTION ( 'NONE',  ( -2.999999999999999839E-15, -9.999999999999999988E-15, 1.000000000000000000 ) ) ;
#5437 = STYLED_ITEM ( 'NONE', ( #5757 ), #1695 ) ;
#5438 = AXIS2_PLACEMENT_3D ( 'NONE', #599, #2718, #1184 ) ;
#5439 = FILL_AREA_STYLE_COLOUR ( '', #6888 ) ;
#5440 = DIRECTION ( 'NONE',  ( -3.000000000000000233E-15, 1.000000000000000000, 7.182123199577615725E-15 ) ) ;
#5441 = ORIENTED_EDGE ( 'NONE', *, *, #1946, .F. ) ;
#5442 = LINE ( 'NONE', #146, #8725 ) ;
#5443 = VECTOR ( 'NONE', #6792, 39.37007874015748143 ) ;
#5444 = VECTOR ( 'NONE', #6771, 39.37007874015748143 ) ;
#5445 = ORIENTED_EDGE ( 'NONE', *, *, #6936, .T. ) ;
#5446 = CARTESIAN_POINT ( 'NONE',  ( -29.74999999999992895, -29.75000000000000711, 23.99999999999914380 ) ) ;
#5447 = DIRECTION ( 'NONE',  ( 1.000000000000000000, -1.499999999999999919E-14, 2.999999999999999839E-15 ) ) ;
#5448 = CYLINDRICAL_SURFACE ( 'NONE', #5916, 0.3149606299212601157 ) ;
#5449 = CARTESIAN_POINT ( 'NONE',  ( -28.25000000000029488, -29.75000000000004974, 22.68503937007802307 ) ) ;
#5450 = CARTESIAN_POINT ( 'NONE',  ( -48.00000000000035527, 26.99999999999942801, 24.49999999999933564 ) ) ;
#5451 = ORIENTED_EDGE ( 'NONE', *, *, #4906, .T. ) ;
#5452 = EDGE_LOOP ( 'NONE', ( #4176, #8081, #4414, #191 ) ) ;
#5453 = VERTEX_POINT ( 'NONE', #328 ) ;
#5454 = EDGE_LOOP ( 'NONE', ( #3921, #783, #4279, #4177 ) ) ;
#5455 = CIRCLE ( 'NONE', #6247, 0.1250000000000015266 ) ;
#5456 = DIRECTION ( 'NONE',  ( -0.7071067811865516806, -0.7071067811865433539, -4.687441406666523136E-15 ) ) ;
#5457 = FACE_OUTER_BOUND ( 'NONE', #3603, .T. ) ;
#5458 = CARTESIAN_POINT ( 'NONE',  ( -27.00000000000034817, 26.99999999999950973, 24.37499999999971223 ) ) ;
#5459 = DIRECTION ( 'NONE',  ( -4.000000000000000311E-15, -1.000000000000000000, -6.999999999999998572E-15 ) ) ;
#5460 = ORIENTED_EDGE ( 'NONE', *, *, #9063, .T. ) ;
#5461 = CARTESIAN_POINT ( 'NONE',  ( -26.99999999999994316, -27.00000000000044409, 24.37499999999932143 ) ) ;
#5462 = ORIENTED_EDGE ( 'NONE', *, *, #7030, .T. ) ;
#5463 = EDGE_CURVE ( 'NONE', #9410, #3717, #1692, .T. ) ;
#5464 = VERTEX_POINT ( 'NONE', #5711 ) ;
#5465 = EDGE_CURVE ( 'NONE', #5453, #1177, #7861, .T. ) ;
#5466 = EDGE_CURVE ( 'NONE', #2444, #7302, #8737, .T. ) ;
#5467 = DIRECTION ( 'NONE',  ( -1.499999999999999919E-14, -1.000000000000000000, -9.999999999999999988E-15 ) ) ;
#5468 = ORIENTED_EDGE ( 'NONE', *, *, #7275, .F. ) ;
#5469 = CARTESIAN_POINT ( 'NONE',  ( 29.43699999999985906, -29.43700000000001538, -0.2500000000000851541 ) ) ;
#5470 = EDGE_CURVE ( 'NONE', #2561, #3276, #7694, .T. ) ;
#5471 = SURFACE_SIDE_STYLE ('',( #366 ) ) ;
#5472 = VECTOR ( 'NONE', #5280, 39.37007874015748143 ) ;
#5473 = PLANE ( 'NONE',  #2807 ) ;
#5474 = CARTESIAN_POINT ( 'NONE',  ( 29.74999999999988631, -28.56496062992122376, 1.000000000000001332 ) ) ;
#5475 = CARTESIAN_POINT ( 'NONE',  ( -29.75000000000043698, 29.74999999999941380, 23.99999999999980460 ) ) ;
#5476 = CARTESIAN_POINT ( 'NONE',  ( -29.75000000000028066, 9.749999999999406697, 24.24999999999960565 ) ) ;
#5477 = ORIENTED_EDGE ( 'NONE', *, *, #6556, .T. ) ;
#5478 = DIRECTION ( 'NONE',  ( -1.387778780781444571E-14, -1.000000000000000000, -6.938893903907222856E-15 ) ) ;
#5479 = ORIENTED_EDGE ( 'NONE', *, *, #5226, .T. ) ;
#5480 = ORIENTED_EDGE ( 'NONE', *, *, #3845, .T. ) ;
#5481 = DIRECTION ( 'NONE',  ( -3.999999999999702910E-15, 1.000000000000000000, 6.817876800422296221E-15 ) ) ;
#5482 = EDGE_CURVE ( 'NONE', #3796, #9622, #9509, .T. ) ;
#5483 = FACE_OUTER_BOUND ( 'NONE', #7194, .T. ) ;
#5484 = LINE ( 'NONE', #6179, #6100 ) ;
#5485 = PLANE ( 'NONE',  #2719 ) ;
#5486 = ORIENTED_EDGE ( 'NONE', *, *, #7562, .F. ) ;
#5487 =( BOUNDED_CURVE ( )  B_SPLINE_CURVE ( 3, ( #2842, #6522, #9612, #5872 ),
 .UNSPECIFIED., .F., .F. ) 
 B_SPLINE_CURVE_WITH_KNOTS ( ( 4, 4 ),
 ( 1.570796326794895004, 3.141592653589795336 ),
 .UNSPECIFIED. ) 
 CURVE ( )  GEOMETRIC_REPRESENTATION_ITEM ( )  RATIONAL_B_SPLINE_CURVE ( ( 1.000000000000000000, 0.8047378541243649375, 0.8047378541243649375, 1.000000000000000000 ) ) 
 REPRESENTATION_ITEM ( '' )  );
#5488 = EDGE_CURVE ( 'NONE', #505, #5550, #8634, .T. ) ;
#5489 = ORIENTED_EDGE ( 'NONE', *, *, #8573, .F. ) ;
#5490 = VECTOR ( 'NONE', #7743, 39.37007874015748143 ) ;
#5491 = PLANE ( 'NONE',  #282 ) ;
#5492 = CARTESIAN_POINT ( 'NONE',  ( -27.00000000000007105, 26.99999999999982947, -0.4999999999998867573 ) ) ;
#5493 = CARTESIAN_POINT ( 'NONE',  ( 28.99999999999991118, 29.24999999999999645, -0.4999999999997025713 ) ) ;
#5494 = ADVANCED_FACE ( 'NONE', ( #6662, #5164, #5760 ), #2887, .F. ) ;
#5495 = CARTESIAN_POINT ( 'NONE',  ( 26.87500000000000355, 29.49999999999992895, -1.879511419641013063E-13 ) ) ;
#5496 = DIRECTION ( 'NONE',  ( -1.000000000000000000, 8.000000000000000622E-15, -2.999999999999999839E-15 ) ) ;
#5497 = ORIENTED_EDGE ( 'NONE', *, *, #3043, .F. ) ;
#5498 = VERTEX_POINT ( 'NONE', #8781 ) ;
#5499 = ORIENTED_EDGE ( 'NONE', *, *, #2540, .T. ) ;
#5500 = VECTOR ( 'NONE', #7002, 39.37007874015748143 ) ;
#5501 = ORIENTED_EDGE ( 'NONE', *, *, #3019, .F. ) ;
#5502 = VECTOR ( 'NONE', #5616, 39.37007874015748143 ) ;
#5503 = CARTESIAN_POINT ( 'NONE',  ( 29.49999999999996447, -9.749999999999992895, -0.2499999999999927003 ) ) ;
#5504 = VECTOR ( 'NONE', #8860, 39.37007874015748143 ) ;
#5505 = CARTESIAN_POINT ( 'NONE',  ( -29.62499999999970512, 26.74999999999978328, 6.337887345301090825E-14 ) ) ;
#5506 = DIRECTION ( 'NONE',  ( -4.000000000000000311E-15, -6.999999999999997783E-15, 1.000000000000000000 ) ) ;
#5507 = CARTESIAN_POINT ( 'NONE',  ( 29.87499999999982947, -48.00000000000002842, 2.499999999999786393 ) ) ;
#5508 = AXIS2_PLACEMENT_3D ( 'NONE', #4454, #8917, #6605 ) ;
#5509 = ADVANCED_FACE ( 'NONE', ( #4462 ), #1350, .F. ) ;
#5510 = CYLINDRICAL_SURFACE ( 'NONE', #995, 0.1250000000000015266 ) ;
#5511 = ORIENTED_EDGE ( 'NONE', *, *, #8164, .F. ) ;
#5512 = ORIENTED_EDGE ( 'NONE', *, *, #1369, .F. ) ;
#5513 = VERTEX_POINT ( 'NONE', #513 ) ;
#5514 = AXIS2_PLACEMENT_3D ( 'NONE', #6038, #1472, #1568 ) ;
#5515 = VERTEX_POINT ( 'NONE', #8823 ) ;
#5516 = CARTESIAN_POINT ( 'NONE',  ( 29.74999999999988631, -28.24999999999996092, 1.000000000000001332 ) ) ;
#5517 = PRESENTATION_STYLE_ASSIGNMENT (( #3386 ) ) ;
#5518 = LINE ( 'NONE', #224, #7577 ) ;
#5519 = CIRCLE ( 'NONE', #6639, 0.3149606299212601157 ) ;
#5520 = EDGE_CURVE ( 'NONE', #898, #203, #3730, .T. ) ;
#5521 = EDGE_CURVE ( 'NONE', #6439, #2937, #877, .T. ) ;
#5522 = CARTESIAN_POINT ( 'NONE',  ( -9.750000000000442313, 29.74999999999956657, 24.25000000000016698 ) ) ;
#5523 = CYLINDRICAL_SURFACE ( 'NONE', #1226, 0.1250000000000015266 ) ;
#5524 = EDGE_CURVE ( 'NONE', #7762, #2926, #5964, .T. ) ;
#5525 = DIRECTION ( 'NONE',  ( 1.799999999999999903E-14, 7.236319030593792358E-15, -1.000000000000000000 ) ) ;
#5526 = DIRECTION ( 'NONE',  ( 1.000000000000000000, 8.557635542960778703E-17, 4.000000000000001100E-15 ) ) ;
#5527 = VECTOR ( 'NONE', #8790, 39.37007874015748143 ) ;
#5528 = VERTEX_POINT ( 'NONE', #8044 ) ;
#5529 = DIRECTION ( 'NONE',  ( -2.999999999999999839E-15, -7.000000000000000150E-15, 1.000000000000000000 ) ) ;
#5530 = ORIENTED_EDGE ( 'NONE', *, *, #1272, .F. ) ;
#5531 = ORIENTED_EDGE ( 'NONE', *, *, #2683, .T. ) ;
#5532 = CARTESIAN_POINT ( 'NONE',  ( 28.25000000000014921, 26.74999999999992184, 22.99999999999947065 ) ) ;
#5533 = CIRCLE ( 'NONE', #316, 0.3149606299212601157 ) ;
#5534 = EDGE_CURVE ( 'NONE', #8309, #7762, #6424, .T. ) ;
#5535 = LINE ( 'NONE', #5580, #2190 ) ;
#5536 = CARTESIAN_POINT ( 'NONE',  ( -28.25000000000012434, -29.99999999999975131, 0.9999999999997003508 ) ) ;
#5537 = CARTESIAN_POINT ( 'NONE',  ( 29.99999999999987566, -29.99999999999999645, 2.499999999999874767 ) ) ;
#5538 = DIRECTION ( 'NONE',  ( -0.7071067811865511255, 0.7071067811865439090, 2.892817399462491491E-15 ) ) ;
#5539 = EDGE_CURVE ( 'NONE', #4334, #5968, #2042, .T. ) ;
#5540 = AXIS2_PLACEMENT_3D ( 'NONE', #2156, #6533, #1211 ) ;
#5541 = ORIENTED_EDGE ( 'NONE', *, *, #9694, .F. ) ;
#5542 = CARTESIAN_POINT ( 'NONE',  ( 29.99999999999992184, 29.74999999999999645, 3.040086795697013112E-13 ) ) ;
#5543 = ORIENTED_EDGE ( 'NONE', *, *, #7285, .T. ) ;
#5544 = SURFACE_STYLE_FILL_AREA ( #3513 ) ;
#5545 = CARTESIAN_POINT ( 'NONE',  ( -29.75000000000041211, -29.74999999999978328, 23.99999999999963052 ) ) ;
#5546 = CARTESIAN_POINT ( 'NONE',  ( 9.750000000000001776, 29.74999999999965183, -0.2499999999997701838 ) ) ;
#5547 = CARTESIAN_POINT ( 'NONE',  ( 29.99999999999984723, -30.00000000000003553, 2.499999999999912514 ) ) ;
#5548 = DIRECTION ( 'NONE',  ( 8.000000000000000622E-15, 1.000000000000000000, 7.000000000000000150E-15 ) ) ;
#5549 = ORIENTED_EDGE ( 'NONE', *, *, #4720, .T. ) ;
#5550 = VERTEX_POINT ( 'NONE', #3636 ) ;
#5551 = EDGE_LOOP ( 'NONE', ( #6784, #4742, #4715, #231 ) ) ;
#5552 = EDGE_CURVE ( 'NONE', #2336, #7305, #5059, .T. ) ;
#5553 = ORIENTED_EDGE ( 'NONE', *, *, #6140, .T. ) ;
#5554 = APPLICATION_PROTOCOL_DEFINITION ( 'draft international standard', 'automotive_design', 1998, #610 ) ;
#5555 = DIRECTION ( 'NONE',  ( 1.348382715945104921E-14, 1.000000000000000000, 1.000000000000020983E-14 ) ) ;
#5556 = EDGE_CURVE ( 'NONE', #3626, #7049, #4193, .T. ) ;
#5557 = LENGTH_MEASURE_WITH_UNIT ( LENGTH_MEASURE( 0.02539999999999999897 ), #163 );
#5558 = CARTESIAN_POINT ( 'NONE',  ( 27.93503937007862348, -26.74999999999996092, 1.000000000000001332 ) ) ;
#5559 = LINE ( 'NONE', #8577, #6398 ) ;
#5560 = CYLINDRICAL_SURFACE ( 'NONE', #685, 0.3149606299212601157 ) ;
#5561 = ORIENTED_EDGE ( 'NONE', *, *, #8565, .F. ) ;
#5562 = VERTEX_POINT ( 'NONE', #9700 ) ;
#5563 = VERTEX_POINT ( 'NONE', #1397 ) ;
#5564 = EDGE_CURVE ( 'NONE', #2939, #5643, #2836, .T. ) ;
#5565 = EDGE_LOOP ( 'NONE', ( #3105, #2106, #7958, #5980 ) ) ;
#5566 = CARTESIAN_POINT ( 'NONE',  ( 9.749999999999884537, -29.74999999999991829, -2.716822829699109606E-13 ) ) ;
#5567 = LINE ( 'NONE', #7947, #9331 ) ;
#5568 = FACE_OUTER_BOUND ( 'NONE', #4564, .T. ) ;
#5569 = ADVANCED_FACE ( 'NONE', ( #2936 ), #3584, .T. ) ;
#5570 = CIRCLE ( 'NONE', #3670, 0.3149606299212598381 ) ;
#5571 = DIRECTION ( 'NONE',  ( -2.148382715945126440E-14, 1.000000000000000000, 1.099999999999992946E-14 ) ) ;
#5572 = LINE ( 'NONE', #1804, #1767 ) ;
#5573 = FACE_OUTER_BOUND ( 'NONE', #1424, .T. ) ;
#5574 = ORIENTED_EDGE ( 'NONE', *, *, #3157, .F. ) ;
#5575 = CARTESIAN_POINT ( 'NONE',  ( 28.25000000000016342, 29.74999999999992539, 22.99999999999947065 ) ) ;
#5576 = EDGE_LOOP ( 'NONE', ( #7078, #315, #2686, #592 ) ) ;
#5577 = VERTEX_POINT ( 'NONE', #8973 ) ;
#5578 = VECTOR ( 'NONE', #982, 39.37007874015748143 ) ;
#5579 = DIRECTION ( 'NONE',  ( 2.999999999999999839E-15, 7.000000000000000150E-15, -1.000000000000000000 ) ) ;
#5580 = CARTESIAN_POINT ( 'NONE',  ( -30.00000000000035172, 29.99999999999955236, 21.49999999999966604 ) ) ;
#5581 = DIRECTION ( 'NONE',  ( 0.000000000000000000, -1.387778780781445676E-14, 1.000000000000000000 ) ) ;
#5582 = CARTESIAN_POINT ( 'NONE',  ( 29.24999999999988276, -29.74999999999996447, 0.000000000000000000 ) ) ;
#5583 =( GEOMETRIC_REPRESENTATION_CONTEXT ( 3 ) GLOBAL_UNCERTAINTY_ASSIGNED_CONTEXT ( ( #2091 ) ) GLOBAL_UNIT_ASSIGNED_CONTEXT ( ( #6030, #8888, #8304 ) ) REPRESENTATION_CONTEXT ( 'NONE', 'WORKASPACE' ) );
#5584 = ORIENTED_EDGE ( 'NONE', *, *, #8128, .T. ) ;
#5585 = CARTESIAN_POINT ( 'NONE',  ( 47.99999999999968026, -29.43700000000028894, 24.25000000000065725 ) ) ;
#5586 = ORIENTED_EDGE ( 'NONE', *, *, #1369, .T. ) ;
#5587 = COLOUR_RGB ( '',0.7921568627450980005, 0.8196078431372548767, 0.9333333333333333481 ) ;
#5588 = AXIS2_PLACEMENT_3D ( 'NONE', #5151, #4996, #1383 ) ;
#5589 = EDGE_CURVE ( 'NONE', #2, #5765, #5216, .T. ) ;
#5590 = ADVANCED_FACE ( 'NONE', ( #5866 ), #8874, .F. ) ;
#5591 = CARTESIAN_POINT ( 'NONE',  ( -30.00000000000008171, 29.74999999999981526, 1.239403833698584204E-13 ) ) ;
#5592 = PLANE ( 'NONE',  #4091 ) ;
#5593 = DIRECTION ( 'NONE',  ( -1.000000000000000000, 0.000000000000000000, 6.938893903907222856E-15 ) ) ;
#5594 = FACE_BOUND ( 'NONE', #952, .T. ) ;
#5595 = DIRECTION ( 'NONE',  ( 1.699999999999999698E-14, 9.999999999999998410E-15, -1.000000000000000000 ) ) ;
#5596 = CIRCLE ( 'NONE', #8446, 0.3149606299212600047 ) ;
#5597 = VERTEX_POINT ( 'NONE', #9078 ) ;
#5598 = EDGE_LOOP ( 'NONE', ( #8006, #866, #1885, #7045, #136 ) ) ;
#5599 = ORIENTED_EDGE ( 'NONE', *, *, #446, .T. ) ;
#5600 = ORIENTED_EDGE ( 'NONE', *, *, #7067, .F. ) ;
#5601 = CIRCLE ( 'NONE', #4013, 0.1250000000000015266 ) ;
#5602 = VECTOR ( 'NONE', #6588, 39.37007874015748143 ) ;
#5603 = DIRECTION ( 'NONE',  ( -3.000000000000293689E-15, -1.000000000000000000, -7.000000000000051425E-15 ) ) ;
#5604 = CARTESIAN_POINT ( 'NONE',  ( -29.75000000000019895, -29.74999999999964473, -0.2500000000004278800 ) ) ;
#5605 = PRESENTATION_LAYER_ASSIGNMENT (  '', '', ( #4967 ) ) ;
#5606 = EDGE_CURVE ( 'NONE', #6117, #8451, #7745, .T. ) ;
#5607 = DIRECTION ( 'NONE',  ( -1.000000000000000000, -8.000000000000084241E-15, -1.700000000000016738E-14 ) ) ;
#5608 = EDGE_LOOP ( 'NONE', ( #8505, #9431, #9302, #8492 ) ) ;
#5609 = ORIENTED_EDGE ( 'NONE', *, *, #7833, .T. ) ;
#5610 = EDGE_LOOP ( 'NONE', ( #1957, #2411 ) ) ;
#5611 = EDGE_CURVE ( 'NONE', #3006, #1297, #730, .T. ) ;
#5612 = DIRECTION ( 'NONE',  ( 1.000000000000000000, 8.000000000000063731E-15, 1.800000000000007792E-14 ) ) ;
#5613 = ORIENTED_EDGE ( 'NONE', *, *, #2452, .F. ) ;
#5614 = FACE_OUTER_BOUND ( 'NONE', #4832, .T. ) ;
#5615 = DIRECTION ( 'NONE',  ( 1.699999999999999698E-14, 1.099999999999999888E-14, -1.000000000000000000 ) ) ;
#5616 = DIRECTION ( 'NONE',  ( 0.7071067811865466846, 0.7071067811865483499, 1.016180099825085259E-14 ) ) ;
#5617 = DIRECTION ( 'NONE',  ( -1.000000000000000000, 1.499999999999999919E-14, -2.999999999999999839E-15 ) ) ;
#5618 = FACE_OUTER_BOUND ( 'NONE', #7068, .T. ) ;
#5619 = VECTOR ( 'NONE', #5825, 39.37007874015748143 ) ;
#5620 = CYLINDRICAL_SURFACE ( 'NONE', #1135, 0.2500000000000000555 ) ;
#5621 = CARTESIAN_POINT ( 'NONE',  ( -26.74999999999967670, 29.74999999999975842, 9.397557098205065314E-14 ) ) ;
#5622 = EDGE_LOOP ( 'NONE', ( #8421, #6521 ) ) ;
#5623 = DIRECTION ( 'NONE',  ( 1.000000000000000000, 0.000000000000000000, 0.000000000000000000 ) ) ;
#5624 = ORIENTED_EDGE ( 'NONE', *, *, #3534, .T. ) ;
#5625 = ORIENTED_EDGE ( 'NONE', *, *, #5903, .F. ) ;
#5626 = AXIS2_PLACEMENT_3D ( 'NONE', #1009, #3391, #371 ) ;
#5627 = LINE ( 'NONE', #7915, #9527 ) ;
#5628 = DIRECTION ( 'NONE',  ( -2.999999999999999839E-15, 1.000000000000000000, 6.999999999999998572E-15 ) ) ;
#5629 = DIRECTION ( 'NONE',  ( 1.387778780781444571E-14, 1.387778780781444571E-14, -1.000000000000000000 ) ) ;
#5630 = CYLINDRICAL_SURFACE ( 'NONE', #7588, 0.3149606299212601157 ) ;
#5631 = EDGE_CURVE ( 'NONE', #1892, #7208, #9167, .T. ) ;
#5632 = DIRECTION ( 'NONE',  ( 1.699999999999999698E-14, 6.999999999999997783E-15, -1.000000000000000000 ) ) ;
#5633 = ORIENTED_EDGE ( 'NONE', *, *, #6879, .T. ) ;
#5634 = DIRECTION ( 'NONE',  ( -1.000000000000000000, 2.999999999999936730E-15, -1.799999999999993592E-14 ) ) ;
#5635 = ORIENTED_EDGE ( 'NONE', *, *, #8761, .F. ) ;
#5636 = DIRECTION ( 'NONE',  ( -1.000000000000000000, -9.106159978880878627E-17, 0.000000000000000000 ) ) ;
#5638 = EDGE_CURVE ( 'NONE', #740, #1553, #2287, .T. ) ;
#5637 = CARTESIAN_POINT ( 'NONE',  ( -27.05177669529695805, -27.05177669529670226, 24.24999999999931788 ) ) ;
#5639 = LINE ( 'NONE', #8511, #5578 ) ;
#5640 = ADVANCED_FACE ( 'NONE', ( #6756 ), #3779, .F. ) ;
#5641 = DIRECTION ( 'NONE',  ( 1.387778780781444571E-14, 1.387778780781444571E-14, -1.000000000000000000 ) ) ;
#5642 = ADVANCED_FACE ( 'NONE', ( #1689 ), #8432, .F. ) ;
#5643 = VERTEX_POINT ( 'NONE', #896 ) ;
#5644 = EDGE_LOOP ( 'NONE', ( #7863, #234, #5131, #470 ) ) ;
#5645 = ORIENTED_EDGE ( 'NONE', *, *, #3273, .T. ) ;
#5646 = CIRCLE ( 'NONE', #2800, 0.3149606299212601157 ) ;
#5647 = ITEM_DEFINED_TRANSFORMATION ( 'NONE', 'NONE', #7628,  #3073 ) ;
#5648 = EDGE_CURVE ( 'NONE', #5402, #7578, #2774, .T. ) ;
#5649 = ADVANCED_FACE ( 'NONE', ( #9211 ), #7557, .F. ) ;
#5650 = CARTESIAN_POINT ( 'NONE',  ( -29.00000000000007461, 29.08333333333315451, 0.8333333333334558279 ) ) ;
#5651 = DIRECTION ( 'NONE',  ( -0.7071067811865466846, -0.7071067811865483499, -7.071067811865467050E-15 ) ) ;
#5652 = DIRECTION ( 'NONE',  ( 0.000000000000000000, 0.000000000000000000, -1.000000000000000000 ) ) ;
#5653 = AXIS2_PLACEMENT_3D ( 'NONE', #670, #7511, #3736 ) ;
#5654 = VERTEX_POINT ( 'NONE', #7652 ) ;
#5655 = ORIENTED_EDGE ( 'NONE', *, *, #5686, .T. ) ;
#5656 = ORIENTED_EDGE ( 'NONE', *, *, #5552, .F. ) ;
#5657 = EDGE_LOOP ( 'NONE', ( #6409, #8804 ) ) ;
#5658 = CARTESIAN_POINT ( 'NONE',  ( 29.99999999999984723, -30.00000000000003553, 2.499999999999912514 ) ) ;
#5659 = AXIS2_PLACEMENT_3D ( 'NONE', #9645, #5157, #4404 ) ;
#5660 = LINE ( 'NONE', #7152, #3612 ) ;
#5661 = VECTOR ( 'NONE', #2845, 39.37007874015748143 ) ;
#5662 =( CONVERSION_BASED_UNIT ( 'INCH', #4962 ) LENGTH_UNIT ( ) NAMED_UNIT ( #1065 ) );
#5663 = LINE ( 'NONE', #9323, #918 ) ;
#5664 = DIMENSIONAL_EXPONENTS ( 1.000000000000000000, 0.000000000000000000, 0.000000000000000000, 0.000000000000000000, 0.000000000000000000, 0.000000000000000000, 0.000000000000000000 ) ;
#5665 = DIRECTION ( 'NONE',  ( -3.999999999999706066E-15, 1.000000000000000000, 6.999999999999913375E-15 ) ) ;
#5666 = DIRECTION ( 'NONE',  ( -4.000000000000000311E-15, -6.999999999999997783E-15, 1.000000000000000000 ) ) ;
#5667 = AXIS2_PLACEMENT_3D ( 'NONE', #717, #9031, #9753 ) ;
#5668 = ORIENTED_EDGE ( 'NONE', *, *, #3463, .T. ) ;
#5669 = LINE ( 'NONE', #6464, #3765 ) ;
#5670 = EDGE_LOOP ( 'NONE', ( #5530, #2594, #9258, #6532 ) ) ;
#5671 = CIRCLE ( 'NONE', #3457, 0.3149606299212601157 ) ;
#5672 =( REPRESENTATION_RELATIONSHIP ('NONE','NONE', #4286, #3611 ) REPRESENTATION_RELATIONSHIP_WITH_TRANSFORMATION ( #5093 )SHAPE_REPRESENTATION_RELATIONSHIP( ) );
#5673 = ORIENTED_EDGE ( 'NONE', *, *, #9267, .T. ) ;
#5674 = LINE ( 'NONE', #3348, #3851 ) ;
#5675 = LINE ( 'NONE', #8009, #3285 ) ;
#5676 = VECTOR ( 'NONE', #5381, 39.37007874015748854 ) ;
#5677 = CARTESIAN_POINT ( 'NONE',  ( 26.75000000000017053, 29.62499999999993250, 23.99999999999981526 ) ) ;
#5678 = EDGE_CURVE ( 'NONE', #2443, #3607, #8292, .T. ) ;
#5679 = DIRECTION ( 'NONE',  ( 1.387778780781444571E-14, 1.387778780781444571E-14, -1.000000000000000000 ) ) ;
#5680 = AXIS2_PLACEMENT_3D ( 'NONE', #1718, #966, #239 ) ;
#5681 = CARTESIAN_POINT ( 'NONE',  ( -29.75000000000016342, -29.74999999999978684, 2.374999999999708233 ) ) ;
#5682 = AXIS2_PLACEMENT_3D ( 'NONE', #4195, #8662, #1218 ) ;
#5683 = ORIENTED_EDGE ( 'NONE', *, *, #5534, .T. ) ;
#5684 = DIRECTION ( 'NONE',  ( -1.000000000000000000, -8.000000000000084241E-15, -1.700000000000016738E-14 ) ) ;
#5685 = ORIENTED_EDGE ( 'NONE', *, *, #3437, .T. ) ;
#5686 = EDGE_CURVE ( 'NONE', #988, #6290, #6854, .T. ) ;
#5687 = SURFACE_STYLE_USAGE ( .BOTH. , #7222 ) ;
#5688 = CARTESIAN_POINT ( 'NONE',  ( 9.750000000000001776, 29.74999999999965183, -0.2499999999997701838 ) ) ;
#5689 = FACE_OUTER_BOUND ( 'NONE', #4096, .T. ) ;
#5690 = AXIS2_PLACEMENT_3D ( 'NONE', #5299, #9011, #5250 ) ;
#5691 = CARTESIAN_POINT ( 'NONE',  ( 29.74999999999976197, -9.749999999999888090, 24.25000000000045830 ) ) ;
#5692 = ORIENTED_EDGE ( 'NONE', *, *, #72, .T. ) ;
#5693 = ORIENTED_EDGE ( 'NONE', *, *, #5606, .F. ) ;
#5694 = VECTOR ( 'NONE', #194, 39.37007874015748143 ) ;
#5695 = FACE_OUTER_BOUND ( 'NONE', #3231, .T. ) ;
#5696 = CARTESIAN_POINT ( 'NONE',  ( -30.00000000000006750, 29.83333333333314741, 1.244980155073100967E-13 ) ) ;
#5697 = DIRECTION ( 'NONE',  ( -3.000000000000000233E-15, 1.000000000000000000, 7.182123199577615725E-15 ) ) ;
#5698 = MECHANICAL_DESIGN_GEOMETRIC_PRESENTATION_REPRESENTATION (  '', ( #4428 ), #2214 ) ;
#5699 = ORIENTED_EDGE ( 'NONE', *, *, #2544, .T. ) ;
#5700 = ORIENTED_EDGE ( 'NONE', *, *, #1305, .F. ) ;
#5701 = VERTEX_POINT ( 'NONE', #2426 ) ;
#5702 = ORIENTED_EDGE ( 'NONE', *, *, #3686, .F. ) ;
#5703 = DIRECTION ( 'NONE',  ( 7.000000000000000150E-15, 0.000000000000000000, 1.000000000000000000 ) ) ;
#5704 = DIRECTION ( 'NONE',  ( 1.000000000000000000, -1.000000000000064173E-15, 3.182123199577596482E-15 ) ) ;
#5705 = DIRECTION ( 'NONE',  ( 0.7071067811865516806, -0.7071067811865431318, 1.086890777943756401E-14 ) ) ;
#5706 = ORIENTED_EDGE ( 'NONE', *, *, #4706, .F. ) ;
#5707 = EDGE_CURVE ( 'NONE', #8340, #8557, #8322, .T. ) ;
#5708 = LINE ( 'NONE', #8733, #6069 ) ;
#5709 = LINE ( 'NONE', #8735, #2033 ) ;
#5710 = DIRECTION ( 'NONE',  ( 1.387778780781444571E-14, 1.387778780781444571E-14, -1.000000000000000000 ) ) ;
#5711 = CARTESIAN_POINT ( 'NONE',  ( -29.62499999999970512, 26.74999999999978328, 6.337887345301090825E-14 ) ) ;
#5712 = VECTOR ( 'NONE', #8270, 39.37007874015748143 ) ;
#5713 = ORIENTED_EDGE ( 'NONE', *, *, #5524, .F. ) ;
#5714 = DIRECTION ( 'NONE',  ( 0.000000000000000000, 0.000000000000000000, 1.000000000000000000 ) ) ;
#5715 = ORIENTED_EDGE ( 'NONE', *, *, #5946, .F. ) ;
#5716 = ORIENTED_EDGE ( 'NONE', *, *, #564, .F. ) ;
#5717 = CARTESIAN_POINT ( 'NONE',  ( -29.99999999999968736, 30.00000000000021672, 2.500000000000125677 ) ) ;
#5718 = VECTOR ( 'NONE', #3492, 39.37007874015748143 ) ;
#5719 = DIRECTION ( 'NONE',  ( 1.000000000000189010E-15, -1.000000000000000000, -6.999999999999980428E-15 ) ) ;
#5720 = CARTESIAN_POINT ( 'NONE',  ( -29.62499999999977263, 26.87499999999961275, 24.00000000000006750 ) ) ;
#5721 =( CONVERSION_BASED_UNIT ( 'INCH', #2498 ) LENGTH_UNIT ( ) NAMED_UNIT ( #7917 ) );
#5722 = EDGE_CURVE ( 'NONE', #5562, #4129, #3039, .T. ) ;
#5723 = DIRECTION ( 'NONE',  ( -1.711815951529689388E-14, -6.999999999999968595E-15, 1.000000000000000000 ) ) ;
#5724 = VECTOR ( 'NONE', #3952, 39.37007874015748143 ) ;
#5725 = ORIENTED_EDGE ( 'NONE', *, *, #7239, .F. ) ;
#5726 = DIRECTION ( 'NONE',  ( 4.000000000000000311E-15, 1.000000000000000000, 9.999999999999998410E-15 ) ) ;
#5727 = ORIENTED_EDGE ( 'NONE', *, *, #1900, .F. ) ;
#5728 = ADVANCED_FACE ( 'NONE', ( #9117 ), #6064, .F. ) ;
#5729 = CARTESIAN_POINT ( 'NONE',  ( 29.75000000000000355, 28.24999999999991829, 0.9999999999997937206 ) ) ;
#5730 = VECTOR ( 'NONE', #5928, 39.37007874015748143 ) ;
#5731 = PRESENTATION_STYLE_ASSIGNMENT (( #5687 ) ) ;
#5732 = CARTESIAN_POINT ( 'NONE',  ( -48.00000000000012079, -26.99999999999966249, -0.5000000000003385070 ) ) ;
#5733 = CARTESIAN_POINT ( 'NONE',  ( -26.74999999999976197, 28.24999999999959854, 22.99999999999974776 ) ) ;
#5734 = CARTESIAN_POINT ( 'NONE',  ( 29.50000000000015632, 28.56496062992117757, 22.99999999999945999 ) ) ;
#5735 = ORIENTED_EDGE ( 'NONE', *, *, #1528, .F. ) ;
#5736 = VERTEX_POINT ( 'NONE', #1500 ) ;
#5737 = AXIS2_PLACEMENT_3D ( 'NONE', #6276, #968, #7020 ) ;
#5738 = AXIS2_PLACEMENT_3D ( 'NONE', #551, #6499, #5099 ) ;
#5739 =( BOUNDED_CURVE ( )  B_SPLINE_CURVE ( 3, ( #9318, #954, #4025, #81 ),
 .UNSPECIFIED., .F., .T. ) 
 B_SPLINE_CURVE_WITH_KNOTS ( ( 4, 4 ),
 ( 4.930380657631299699E-32, 1.570796326794895004 ),
 .UNSPECIFIED. ) 
 CURVE ( )  GEOMETRIC_REPRESENTATION_ITEM ( )  RATIONAL_B_SPLINE_CURVE ( ( 1.000000000000000000, 0.8047378541243649375, 0.8047378541243649375, 1.000000000000000000 ) ) 
 REPRESENTATION_ITEM ( '' )  );
#5740 = CARTESIAN_POINT ( 'NONE',  ( -9.749999999999927169, -29.75000000000008882, 24.24999999999948486 ) ) ;
#5741 = CARTESIAN_POINT ( 'NONE',  ( 28.56496062992114204, -29.74999999999996447, 22.99999999999966604 ) ) ;
#5742 = CARTESIAN_POINT ( 'NONE',  ( 29.49999999999988987, 29.50000000000000000, -0.4999999999997002953 ) ) ;
#5743 = CIRCLE ( 'NONE', #1794, 0.1250000000000015266 ) ;
#5744 = VECTOR ( 'NONE', #9297, 39.37007874015748143 ) ;
#5745 = CARTESIAN_POINT ( 'NONE',  ( 28.24999999999988276, -29.74999999999996447, 1.000000000000001332 ) ) ;
#5746 = ADVANCED_FACE ( 'NONE', ( #8480 ), #6202, .F. ) ;
#5747 = ORIENTED_EDGE ( 'NONE', *, *, #731, .T. ) ;
#5748 = VERTEX_POINT ( 'NONE', #3179 ) ;
#5749 = ORIENTED_EDGE ( 'NONE', *, *, #7311, .F. ) ;
#5750 = PRODUCT_DEFINITION_SHAPE ( 'NONE', 'NONE',  #9778 ) ;
#5751 = AXIS2_PLACEMENT_3D ( 'NONE', #2475, #319, #6358 ) ;
#5752 = VECTOR ( 'NONE', #4592, 39.37007874015748143 ) ;
#5753 = DIRECTION ( 'NONE',  ( 1.000000000000000000, 0.000000000000000000, 0.000000000000000000 ) ) ;
#5754 = CARTESIAN_POINT ( 'NONE',  ( 29.74999999999987566, -29.74999999999999289, 2.374999999999875655 ) ) ;
#5755 = CARTESIAN_POINT ( 'NONE',  ( -9.749999999999927169, -29.50000000000008527, 23.99999999999949196 ) ) ;
#5756 = CARTESIAN_POINT ( 'NONE',  ( -28.25000000000007461, 26.99999999999981526, 1.000000000000109468 ) ) ;
#5757 = PRESENTATION_STYLE_ASSIGNMENT (( #7201 ) ) ;
#5758 = FACE_OUTER_BOUND ( 'NONE', #7253, .T. ) ;
#5759 = LINE ( 'NONE', #6460, #2081 ) ;
#5760 = FACE_OUTER_BOUND ( 'NONE', #3343, .T. ) ;
#5761 = EDGE_CURVE ( 'NONE', #4482, #2002, #119, .T. ) ;
#5762 = ORIENTED_EDGE ( 'NONE', *, *, #5292, .T. ) ;
#5763 = EDGE_CURVE ( 'NONE', #2226, #4627, #62, .T. ) ;
#5764 = LINE ( 'NONE', #9374, #9597 ) ;
#5765 = VERTEX_POINT ( 'NONE', #7044 ) ;
#5766 = EDGE_CURVE ( 'NONE', #1366, #9103, #1744, .T. ) ;
#5767 = VERTEX_POINT ( 'NONE', #264 ) ;
#5768 = ADVANCED_FACE ( 'NONE', ( #4748 ), #996, .T. ) ;
#5769 = DIRECTION ( 'NONE',  ( 0.000000000000000000, 0.000000000000000000, 1.000000000000000000 ) ) ;
#5770 = CARTESIAN_POINT ( 'NONE',  ( -29.50000000000040501, -29.24999999999978684, 23.99999999999963407 ) ) ;
#5771 = VECTOR ( 'NONE', #3985, 39.37007874015748143 ) ;
#5772 = FACE_OUTER_BOUND ( 'NONE', #1821, .T. ) ;
#5773 = CARTESIAN_POINT ( 'NONE',  ( -30.00000000000008882, 29.99999999999980105, 2.500000000000125677 ) ) ;
#5774 = EDGE_CURVE ( 'NONE', #5498, #2046, #6302, .T. ) ;
#5775 = DIRECTION ( 'NONE',  ( 2.999999999999999839E-15, 7.000000000000000150E-15, -1.000000000000000000 ) ) ;
#5776 = DIRECTION ( 'NONE',  ( -7.999999999999707165E-15, 1.000000000000000000, 6.999999999999831333E-15 ) ) ;
#5777 = ORIENTED_EDGE ( 'NONE', *, *, #6855, .F. ) ;
#5778 = CIRCLE ( 'NONE', #722, 0.3149606299212601157 ) ;
#5779 = ORIENTED_EDGE ( 'NONE', *, *, #7624, .F. ) ;
#5780 = ADVANCED_FACE ( 'NONE', ( #9407 ), #5560, .F. ) ;
#5781 = CARTESIAN_POINT ( 'NONE',  ( 29.74999999999972999, -29.75000000000021672, 21.62500000000032330 ) ) ;
#5782 = ORIENTED_EDGE ( 'NONE', *, *, #4293, .F. ) ;
#5783 = CARTESIAN_POINT ( 'NONE',  ( 29.74999999999988631, -27.93503937007870164, 1.000000000000001332 ) ) ;
#5784 = DIRECTION ( 'NONE',  ( 1.000000000000000000, 0.000000000000000000, 0.000000000000000000 ) ) ;
#5785 = VECTOR ( 'NONE', #8002, 39.37007874015748143 ) ;
#5786 = DIRECTION ( 'NONE',  ( 0.000000000000000000, -1.000000000000000000, -6.999999999999997783E-15 ) ) ;
#5787 = CARTESIAN_POINT ( 'NONE',  ( 29.74999999999976197, -29.74999999999988987, 24.00000000000031619 ) ) ;
#5788 = EDGE_CURVE ( 'NONE', #3770, #1225, #4900, .T. ) ;
#5789 = VERTEX_POINT ( 'NONE', #8578 ) ;
#5790 = CARTESIAN_POINT ( 'NONE',  ( -29.75000000000035172, 29.74999999999955236, 21.62499999999966960 ) ) ;
#5791 = EDGE_CURVE ( 'NONE', #24, #7653, #5111, .T. ) ;
#5792 = DIMENSIONAL_EXPONENTS ( 1.000000000000000000, 0.000000000000000000, 0.000000000000000000, 0.000000000000000000, 0.000000000000000000, 0.000000000000000000, 0.000000000000000000 ) ;
#5793 = CARTESIAN_POINT ( 'NONE',  ( 9.749999999999761968, -29.49999999999988987, 24.24999999999997868 ) ) ;
#5794 = CARTESIAN_POINT ( 'NONE',  ( 28.24999999999988276, -29.74999999999996447, 1.000000000000001332 ) ) ;
#5795 = ADVANCED_FACE ( 'NONE', ( #4847 ), #5510, .T. ) ;
#5796 = CARTESIAN_POINT ( 'NONE',  ( -28.25000000000012434, -29.74999999999975486, 0.9999999999997019051 ) ) ;
#5797 = EDGE_CURVE ( 'NONE', #4495, #7728, #3694, .T. ) ;
#5798 = DIRECTION ( 'NONE',  ( 0.000000000000000000, -1.000000000000000000, -7.009633929430052290E-15 ) ) ;
#5799 = ORIENTED_EDGE ( 'NONE', *, *, #6362, .T. ) ;
#5800 = EDGE_LOOP ( 'NONE', ( #1691, #4690, #9109, #1965 ) ) ;
#5801 = EDGE_LOOP ( 'NONE', ( #3107, #1516, #7715, #3785, #2129, #707, #2712, #6702, #8864 ) ) ;
#5802 =( BOUNDED_SURFACE ( )  B_SPLINE_SURFACE ( 3, 3, ( 
 ( #8718, #2770, #1984, #8630 ),
 ( #450, #6404, #3477, #4249 ),
 ( #2666, #2617, #4109, #4898 ),
 ( #9405, #9356, #8030, #357 ),
 ( #6495, #3371, #5650, #8672 ),
 ( #4946, #496, #310, #7138 ),
 ( #6549, #5696, #7937, #7988 ) ),
 .UNSPECIFIED., .T., .F., .T. ) 
 B_SPLINE_SURFACE_WITH_KNOTS ( ( 4, 3, 4 ),
 ( 4, 4 ),
 ( 0.000000000000000000, 0.5000000000000000000, 1.000000000000000000 ),
 ( 0.000000000000000000, 1.000000000000000000 ),
 .UNSPECIFIED. ) 
 GEOMETRIC_REPRESENTATION_ITEM ( )  RATIONAL_B_SPLINE_SURFACE ( (
 ( 1.000000000000000000, 1.000000000000000000, 1.000000000000000000, 1.000000000000000000),
 ( 0.3333333333333333703, 0.3333333333333333148, 0.3333333333333333148, 0.3333333333333333703),
 ( 0.3333333333333333703, 0.3333333333333333148, 0.3333333333333333148, 0.3333333333333333703),
 ( 1.000000000000000000, 1.000000000000000000, 1.000000000000000000, 1.000000000000000000),
 ( 0.3333333333333333703, 0.3333333333333333148, 0.3333333333333333148, 0.3333333333333333703),
 ( 0.3333333333333333703, 0.3333333333333333148, 0.3333333333333333148, 0.3333333333333333703),
 ( 1.000000000000000000, 1.000000000000000000, 1.000000000000000000, 1.000000000000000000) ) ) 
 REPRESENTATION_ITEM ( '' )  SURFACE ( )  );
#5803 = DIRECTION ( 'NONE',  ( 0.000000000000000000, 0.000000000000000000, -1.000000000000000000 ) ) ;
#5804 = EDGE_CURVE ( 'NONE', #1038, #5357, #1141, .T. ) ;
#5805 = DIRECTION ( 'NONE',  ( 1.000000000000000000, 1.000000000000062989E-15, 1.800000000000002112E-14 ) ) ;
#5806 = ADVANCED_FACE ( 'NONE', ( #1843, #8526, #9256 ), #7846, .F. ) ;
#5807 = DIRECTION ( 'NONE',  ( 1.799999999999999903E-14, 6.999999999999997783E-15, -1.000000000000000000 ) ) ;
#5808 = CARTESIAN_POINT ( 'NONE',  ( -29.75000000000012790, -29.74999999999975486, 2.374999999999697131 ) ) ;
#5809 = CIRCLE ( 'NONE', #9586, 0.3149606299212601157 ) ;
#5810 = DIRECTION ( 'NONE',  ( 1.387778780781444571E-14, 1.387778780781444571E-14, -1.000000000000000000 ) ) ;
#5811 = DIRECTION ( 'NONE',  ( 1.000000000000000000, -1.000000000000062989E-15, 2.999999999999978934E-15 ) ) ;
#5812 = ORIENTED_EDGE ( 'NONE', *, *, #2314, .F. ) ;
#5813 = CARTESIAN_POINT ( 'NONE',  ( 29.75000000000000355, 29.74999999999965894, -0.2499999999996901923 ) ) ;
#5814 = ORIENTED_EDGE ( 'NONE', *, *, #8297, .T. ) ;
#5815 = ORIENTED_EDGE ( 'NONE', *, *, #6498, .T. ) ;
#5816 = VECTOR ( 'NONE', #861, 39.37007874015748143 ) ;
#5817 = VECTOR ( 'NONE', #5124, 39.37007874015748143 ) ;
#5818 = DIRECTION ( 'NONE',  ( 0.000000000000000000, 0.000000000000000000, -1.000000000000000000 ) ) ;
#5819 = DIRECTION ( 'NONE',  ( 1.000000000000000000, -1.000000000000064173E-15, 3.182123199577596482E-15 ) ) ;
#5820 = EDGE_CURVE ( 'NONE', #7886, #7849, #7087, .T. ) ;
#5821 = EDGE_CURVE ( 'NONE', #6117, #3918, #6353, .T. ) ;
#5822 = DIRECTION ( 'NONE',  ( 0.000000000000000000, 1.000000000000000000, 0.000000000000000000 ) ) ;
#5823 = AXIS2_PLACEMENT_3D ( 'NONE', #3732, #7459, #566 ) ;
#5824 = DIRECTION ( 'NONE',  ( -4.000000000000000311E-15, -9.999999999999998410E-15, 1.000000000000000000 ) ) ;
#5825 = DIRECTION ( 'NONE',  ( -2.999999999999999839E-15, -6.999999999999997783E-15, 1.000000000000000000 ) ) ;
#5826 = VECTOR ( 'NONE', #1919, 39.37007874015748143 ) ;
#5827 = CARTESIAN_POINT ( 'NONE',  ( -26.99999999999977618, -48.00000000000046185, 24.37499999999917222 ) ) ;
#5828 = CARTESIAN_POINT ( 'NONE',  ( 29.74999999999991118, 28.24999999999997868, 0.6850393700790597951 ) ) ;
#5829 = ORIENTED_EDGE ( 'NONE', *, *, #4904, .F. ) ;
#5830 = ORIENTED_EDGE ( 'NONE', *, *, #4582, .F. ) ;
#5831 = AXIS2_PLACEMENT_3D ( 'NONE', #1257, #8099, #5173 ) ;
#5832 = ORIENTED_EDGE ( 'NONE', *, *, #8714, .T. ) ;
#5833 = ADVANCED_FACE ( 'NONE', ( #7940 ), #2572, .F. ) ;
#5834 = CARTESIAN_POINT ( 'NONE',  ( -29.87500000000008882, 29.87499999999979750, 2.500000000000124789 ) ) ;
#5835 = ORIENTED_EDGE ( 'NONE', *, *, #3420, .T. ) ;
#5836 = VECTOR ( 'NONE', #3704, 39.37007874015748143 ) ;
#5837 = CARTESIAN_POINT ( 'NONE',  ( 28.24999999999988631, -26.99999999999997868, 0.9999999999998901989 ) ) ;
#5838 = EDGE_CURVE ( 'NONE', #6256, #1990, #6447, .T. ) ;
#5839 = PLANE ( 'NONE',  #7614 ) ;
#5840 = VECTOR ( 'NONE', #3165, 39.37007874015748143 ) ;
#5841 = DIRECTION ( 'NONE',  ( 1.000000000000000000, 9.106159978880878627E-17, 0.000000000000000000 ) ) ;
#5842 = PRODUCT_DEFINITION_SHAPE ( 'NONE', 'NONE',  #6121 ) ;
#5843 = CYLINDRICAL_SURFACE ( 'NONE', #4618, 0.3130000000000007221 ) ;
#5844 = ORIENTED_EDGE ( 'NONE', *, *, #4769, .F. ) ;
#5845 = FACE_OUTER_BOUND ( 'NONE', #7460, .T. ) ;
#5846 = ADVANCED_FACE ( 'NONE', ( #407 ), #3424, .F. ) ;
#5847 = DIRECTION ( 'NONE',  ( 4.000000000000000311E-15, -1.000000000000000000, -1.099999999999999888E-14 ) ) ;
#5848 = CARTESIAN_POINT ( 'NONE',  ( -27.00000000000013145, -26.99999999999979039, -0.3750000000002616796 ) ) ;
#5849 = CARTESIAN_POINT ( 'NONE',  ( 29.74999999999987921, -29.74999999999997513, 0.06299999999987568322 ) ) ;
#5850 = CARTESIAN_POINT ( 'NONE',  ( -27.93503937007844584, 26.74999999999976197, 1.000000000000071276 ) ) ;
#5851 = CARTESIAN_POINT ( 'NONE',  ( -29.99999999999969447, 28.25000000000022737, 1.000000000000113465 ) ) ;
#5852 = ADVANCED_FACE ( 'NONE', ( #3228 ), #8768, .F. ) ;
#5853 = EDGE_LOOP ( 'NONE', ( #2766, #3959, #2391, #317 ) ) ;
#5854 = VERTEX_POINT ( 'NONE', #452 ) ;
#5855 = VECTOR ( 'NONE', #1316, 39.37007874015748143 ) ;
#5856 = ORIENTED_EDGE ( 'NONE', *, *, #963, .F. ) ;
#5857 = ADVANCED_FACE ( 'NONE', ( #8129, #3479, #2078 ), #2823, .F. ) ;
#5858 = DIRECTION ( 'NONE',  ( 4.340405865653734371E-15, 1.000000000000000000, -5.315144581066659542E-17 ) ) ;
#5859 = DIRECTION ( 'NONE',  ( -7.999999999999707165E-15, 1.000000000000000000, 6.999999999999831333E-15 ) ) ;
#5860 = CARTESIAN_POINT ( 'NONE',  ( 47.99999999999993605, 27.00000000000005329, -0.4999999999996616595 ) ) ;
#5861 = DIRECTION ( 'NONE',  ( 1.699999999999999698E-14, 1.099999999999999888E-14, -1.000000000000000000 ) ) ;
#5862 = DIRECTION ( 'NONE',  ( -4.000000000000000311E-15, -1.099999999999999888E-14, 1.000000000000000000 ) ) ;
#5863 = STYLED_ITEM ( 'NONE', ( #5517 ), #8134 ) ;
#5864 = DIRECTION ( 'NONE',  ( -1.000000000000000000, 7.914423644570428025E-15, -2.999999999999832206E-15 ) ) ;
#5865 = CARTESIAN_POINT ( 'NONE',  ( -37.49999999999961631, 37.50000000000029843, -0.4999999999998523403 ) ) ;
#5866 = FACE_OUTER_BOUND ( 'NONE', #8741, .T. ) ;
#5867 = UNCERTAINTY_MEASURE_WITH_UNIT (LENGTH_MEASURE( 1.000000000000000082E-05 ), #5721, 'distance_accuracy_value', 'NONE');
#5868 = ORIENTED_EDGE ( 'NONE', *, *, #7892, .T. ) ;
#5869 = DIRECTION ( 'NONE',  ( 0.000000000000000000, 0.000000000000000000, -1.000000000000000000 ) ) ;
#5870 = EDGE_CURVE ( 'NONE', #2336, #8080, #530, .T. ) ;
#5871 = ORIENTED_EDGE ( 'NONE', *, *, #8120, .F. ) ;
#5872 = CARTESIAN_POINT ( 'NONE',  ( 29.74999999999972289, -29.75000000000020961, 21.62500000000029488 ) ) ;
#5873 = CARTESIAN_POINT ( 'NONE',  ( -29.74999999999968026, 29.74999999999978328, 8.523365740232501715E-14 ) ) ;
#5874 = CARTESIAN_POINT ( 'NONE',  ( -26.87500000000040856, -29.49999999999982947, 23.99999999999963762 ) ) ;
#5875 = LINE ( 'NONE', #5773, #7091 ) ;
#5876 = FACE_OUTER_BOUND ( 'NONE', #3132, .T. ) ;
#5877 = FACE_OUTER_BOUND ( 'NONE', #6129, .T. ) ;
#5878 = DIRECTION ( 'NONE',  ( 1.776368096940620525E-14, 7.236319030593792358E-15, -1.000000000000000000 ) ) ;
#5879 = PRODUCT_DEFINITION_FORMATION_WITH_SPECIFIED_SOURCE ( 'ANY', '', #8510, .NOT_KNOWN. ) ;
#5880 = EDGE_LOOP ( 'NONE', ( #8281, #9189 ) ) ;
#5881 = EDGE_LOOP ( 'NONE', ( #2876, #7227, #7145, #1134 ) ) ;
#5882 = ORIENTED_EDGE ( 'NONE', *, *, #7449, .T. ) ;
#5883 = CARTESIAN_POINT ( 'NONE',  ( -29.50000000000003908, -9.749999999999642952, -0.2500000000002271516 ) ) ;
#5884 = ORIENTED_EDGE ( 'NONE', *, *, #4720, .F. ) ;
#5885 = DIRECTION ( 'NONE',  ( 1.000000000000042085E-15, 1.000000000000000000, 7.000000000000001727E-15 ) ) ;
#5886 = LINE ( 'NONE', #9724, #2282 ) ;
#5887 = FACE_OUTER_BOUND ( 'NONE', #6260, .T. ) ;
#5888 = CARTESIAN_POINT ( 'NONE',  ( 29.99999999999970512, -28.25000000000021316, 22.68503937007905336 ) ) ;
#5889 = AXIS2_PLACEMENT_3D ( 'NONE', #2899, #575, #2944 ) ;
#5890 = CARTESIAN_POINT ( 'NONE',  ( 29.62499999999988276, -26.74999999999996092, 24.00000000000000355 ) ) ;
#5891 = ORIENTED_EDGE ( 'NONE', *, *, #811, .T. ) ;
#5892 = LINE ( 'NONE', #2070, #5712 ) ;
#5893 = EDGE_CURVE ( 'NONE', #634, #532, #1338, .T. ) ;
#5894 = DIRECTION ( 'NONE',  ( 3.999999999999956923E-15, 9.999999999999998410E-15, -1.000000000000000000 ) ) ;
#5895 = CARTESIAN_POINT ( 'NONE',  ( 29.74999999999985434, -29.75000000000002132, 0.06299999999991351407 ) ) ;
#5896 = CARTESIAN_POINT ( 'NONE',  ( -48.00000000000012790, -29.43699999999966366, 0.06299999999964470132 ) ) ;
#5897 = CARTESIAN_POINT ( 'NONE',  ( -29.49999999999977263, 26.87499999999961275, 24.00000000000006750 ) ) ;
#5898 = ORIENTED_EDGE ( 'NONE', *, *, #6936, .F. ) ;
#5899 = ORIENTED_EDGE ( 'NONE', *, *, #6974, .F. ) ;
#5900 = ORIENTED_EDGE ( 'NONE', *, *, #5374, .T. ) ;
#5901 =( CONVERSION_BASED_UNIT ( 'INCH', #2323 ) LENGTH_UNIT ( ) NAMED_UNIT ( #6431 ) );
#5902 = CARTESIAN_POINT ( 'NONE',  ( 29.80177669529648199, -29.80177669529663476, 2.499999999999913403 ) ) ;
#5903 = EDGE_CURVE ( 'NONE', #9313, #8957, #6222, .T. ) ;
#5904 = VECTOR ( 'NONE', #3727, 39.37007874015748143 ) ;
#5905 = FILL_AREA_STYLE_COLOUR ( '', #8708 ) ;
#5906 = CARTESIAN_POINT ( 'NONE',  ( -29.74999999999968736, 29.74999999999977263, -0.2499999999997689626 ) ) ;
#5907 = CIRCLE ( 'NONE', #4479, 0.3149606299212601157 ) ;
#5908 = CARTESIAN_POINT ( 'NONE',  ( -26.87499999999968026, 29.49999999999975842, 9.179009258711924730E-14 ) ) ;
#5909 = DIRECTION ( 'NONE',  ( -1.000000000000000000, -2.999999999999936730E-15, -3.000000000000063342E-15 ) ) ;
#5910 = CARTESIAN_POINT ( 'NONE',  ( 27.93503937007862348, -29.74999999999996447, 22.99999999999966604 ) ) ;
#5911 = DIRECTION ( 'NONE',  ( -7.908938400211171535E-15, -1.000000000000000000, -7.000000000000000150E-15 ) ) ;
#5912 = ORIENTED_EDGE ( 'NONE', *, *, #2814, .F. ) ;
#5913 = CARTESIAN_POINT ( 'NONE',  ( 28.25000000000016342, 29.49999999999992539, 22.99999999999947065 ) ) ;
#5914 = ORIENTED_EDGE ( 'NONE', *, *, #2668, .F. ) ;
#5915 = AXIS2_PLACEMENT_3D ( 'NONE', #9095, #2304, #2954 ) ;
#5916 = AXIS2_PLACEMENT_3D ( 'NONE', #7028, #2506, #3858 ) ;
#5917 = ADVANCED_FACE ( 'NONE', ( #2031 ), #4204, .F. ) ;
#5918 = ORIENTED_EDGE ( 'NONE', *, *, #1042, .F. ) ;
#5919 = AXIS2_PLACEMENT_3D ( 'NONE', #8665, #1882, #1130 ) ;
#5920 = LINE ( 'NONE', #8788, #7180 ) ;
#5921 = CARTESIAN_POINT ( 'NONE',  ( 26.99999999999967315, -27.00000000000022737, 24.37500000000027001 ) ) ;
#5922 = DIRECTION ( 'NONE',  ( 1.000000000000000000, 1.348382715945121960E-14, 4.000000000000091819E-15 ) ) ;
#5923 = DIRECTION ( 'NONE',  ( 1.000000000000000000, -4.000000000000063420E-15, 2.999999999999915825E-15 ) ) ;
#5924 = VECTOR ( 'NONE', #9627, 39.37007874015748143 ) ;
#5925 = FACE_OUTER_BOUND ( 'NONE', #7493, .T. ) ;
#5926 = EDGE_CURVE ( 'NONE', #6746, #1791, #8956, .T. ) ;
#5927 = LINE ( 'NONE', #3742, #5300 ) ;
#5928 = DIRECTION ( 'NONE',  ( 1.000000000000000000, 3.999999999999916692E-15, 4.000000000000083930E-15 ) ) ;
#5929 = CARTESIAN_POINT ( 'NONE',  ( -29.49999999999970157, 26.87499999999977973, 6.556435184794231409E-14 ) ) ;
#5930 = EDGE_LOOP ( 'NONE', ( #4658, #4954, #5499, #4931 ) ) ;
#5931 = DIMENSIONAL_EXPONENTS ( 1.000000000000000000, 0.000000000000000000, 0.000000000000000000, 0.000000000000000000, 0.000000000000000000, 0.000000000000000000, 0.000000000000000000 ) ;
#5932 = ORIENTED_EDGE ( 'NONE', *, *, #2566, .T. ) ;
#5933 = UNCERTAINTY_MEASURE_WITH_UNIT (LENGTH_MEASURE( 1.000000000000000082E-05 ), #7148, 'distance_accuracy_value', 'NONE');
#5934 = VERTEX_POINT ( 'NONE', #4303 ) ;
#5935 = LINE ( 'NONE', #533, #8068 ) ;
#5936 = ORIENTED_EDGE ( 'NONE', *, *, #7529, .F. ) ;
#5937 = DIRECTION ( 'NONE',  ( -0.7071067811865462405, 0.7071067811865487940, 2.828427124746233521E-15 ) ) ;
#5938 = EDGE_CURVE ( 'NONE', #1760, #1501, #501, .T. ) ;
#5939 = DIRECTION ( 'NONE',  ( -2.999999999999999839E-15, -9.999999999999999988E-15, 1.000000000000000000 ) ) ;
#5940 = CARTESIAN_POINT ( 'NONE',  ( 9.749999999999642952, 29.74999999999968026, 24.25000000000047606 ) ) ;
#5941 = CARTESIAN_POINT ( 'NONE',  ( 29.99999999999985434, -28.25000000000002487, 0.9999999999999251710 ) ) ;
#5942 = LINE ( 'NONE', #4585, #9359 ) ;
#5943 = ORIENTED_EDGE ( 'NONE', *, *, #6090, .T. ) ;
#5944 = LINE ( 'NONE', #5039, #1924 ) ;
#5945 = AXIS2_PLACEMENT_3D ( 'NONE', #9556, #4314, #7353 ) ;
#5946 = EDGE_CURVE ( 'NONE', #7993, #5078, #845, .T. ) ;
#5947 = DIRECTION ( 'NONE',  ( -0.7071067811865446862, -0.7071067811865502373, -1.060660171779826999E-14 ) ) ;
#5948 = CARTESIAN_POINT ( 'NONE',  ( -27.12500000000013145, -27.12499999999979039, -0.2500000000002631229 ) ) ;
#5949 = LINE ( 'NONE', #8274, #6764 ) ;
#5950 = CARTESIAN_POINT ( 'NONE',  ( -26.74999999999969447, 28.24999999999975131, 1.000000000000084377 ) ) ;
#5951 = DIRECTION ( 'NONE',  ( 0.000000000000000000, -1.387778780781445676E-14, 1.000000000000000000 ) ) ;
#5952 = ORIENTED_EDGE ( 'NONE', *, *, #9681, .T. ) ;
#5953 = ORIENTED_EDGE ( 'NONE', *, *, #500, .F. ) ;
#5954 = ORIENTED_EDGE ( 'NONE', *, *, #8792, .F. ) ;
#5955 = ADVANCED_FACE ( 'NONE', ( #8177 ), #7338, .F. ) ;
#5956 = EDGE_CURVE ( 'NONE', #7927, #1759, #7330, .T. ) ;
#5957 = PLANE ( 'NONE',  #6301 ) ;
#5958 = SURFACE_STYLE_USAGE ( .BOTH. , #6014 ) ;
#5959 = DIRECTION ( 'NONE',  ( -1.000000000000000000, -2.999999999999936730E-15, -3.000000000000063342E-15 ) ) ;
#5960 =( LENGTH_UNIT ( ) NAMED_UNIT ( * ) SI_UNIT ( $, .METRE. ) );
#5961 = PLANE ( 'NONE',  #1566 ) ;
#5962 = CARTESIAN_POINT ( 'NONE',  ( -29.75000000000035527, 29.74999999999950262, 23.93699999999968142 ) ) ;
#5963 = EDGE_CURVE ( 'NONE', #8974, #7423, #3062, .T. ) ;
#5964 = LINE ( 'NONE', #7504, #9718 ) ;
#5965 = ORIENTED_EDGE ( 'NONE', *, *, #380, .T. ) ;
#5966 = DIRECTION ( 'NONE',  ( 0.000000000000000000, -1.387778780781446149E-14, 1.000000000000000000 ) ) ;
#5967 = ORIENTED_EDGE ( 'NONE', *, *, #6678, .F. ) ;
#5968 = VERTEX_POINT ( 'NONE', #3572 ) ;
#5969 = DIRECTION ( 'NONE',  ( -1.387778780781444571E-14, -1.000000000000000000, -1.387778780781444571E-14 ) ) ;
#5970 = DIRECTION ( 'NONE',  ( 1.000000000000000000, -4.129999999999999391E-28, 1.699999999999999698E-14 ) ) ;
#5971 = AXIS2_PLACEMENT_3D ( 'NONE', #8175, #2919, #4298 ) ;
#5972 = LINE ( 'NONE', #7616, #2310 ) ;
#5973 = PLANE ( 'NONE',  #1879 ) ;
#5974 = DIRECTION ( 'NONE',  ( -1.000000000000000000, 9.483827159451713117E-15, -1.799999999999999272E-14 ) ) ;
#5975 = DIRECTION ( 'NONE',  ( 0.000000000000000000, -1.000000000000000000, 0.000000000000000000 ) ) ;
#5976 = DIRECTION ( 'NONE',  ( 1.699999999999999698E-14, 6.999999999999997783E-15, -1.000000000000000000 ) ) ;
#5977 = CARTESIAN_POINT ( 'NONE',  ( -27.93503937007903914, -26.74999999999958078, 0.9999999999996626032 ) ) ;
#5978 = ORIENTED_EDGE ( 'NONE', *, *, #6376, .T. ) ;
#5979 = VECTOR ( 'NONE', #7257, 39.37007874015748143 ) ;
#5980 = ORIENTED_EDGE ( 'NONE', *, *, #1946, .T. ) ;
#5981 = CIRCLE ( 'NONE', #7868, 0.1250000000000015266 ) ;
#5982 = ORIENTED_EDGE ( 'NONE', *, *, #2855, .F. ) ;
#5983 = PLANE ( 'NONE',  #7019 ) ;
#5984 = ORIENTED_EDGE ( 'NONE', *, *, #9676, .F. ) ;
#5985 = AXIS2_PLACEMENT_3D ( 'NONE', #3540, #3682, #518 ) ;
#5986 = EDGE_CURVE ( 'NONE', #7013, #2824, #7388, .T. ) ;
#5987 = DIRECTION ( 'NONE',  ( -1.000000000000000000, -7.914423644570428025E-15, -1.800000000000016627E-14 ) ) ;
#5988 = AXIS2_PLACEMENT_3D ( 'NONE', #4012, #9206, #6250 ) ;
#5989 = LENGTH_MEASURE_WITH_UNIT ( LENGTH_MEASURE( 0.02539999999999999897 ), #585 );
#5990 = CARTESIAN_POINT ( 'NONE',  ( 29.24999999999988276, -29.24999999999996092, 24.00000000000000355 ) ) ;
#5991 = CARTESIAN_POINT ( 'NONE',  ( 26.99999999999991118, 26.99999999999998934, -0.4999999999996972977 ) ) ;
#5992 = DIRECTION ( 'NONE',  ( 1.000000000000000000, -4.000000000000000311E-15, -7.000000000000000938E-15 ) ) ;
#5993 = AXIS2_PLACEMENT_3D ( 'NONE', #2531, #5571, #418 ) ;
#5994 = ORIENTED_EDGE ( 'NONE', *, *, #58, .F. ) ;
#5995 = ADVANCED_FACE ( 'NONE', ( #8863 ), #3667, .F. ) ;
#5996 = AXIS2_PLACEMENT_3D ( 'NONE', #8707, #7429, #2516 ) ;
#5997 = PRODUCT_RELATED_PRODUCT_CATEGORY ( 'part', '', ( #8055 ) ) ;
#5998 = ORIENTED_EDGE ( 'NONE', *, *, #2641, .F. ) ;
#5999 = DIMENSIONAL_EXPONENTS ( 1.000000000000000000, 0.000000000000000000, 0.000000000000000000, 0.000000000000000000, 0.000000000000000000, 0.000000000000000000, 0.000000000000000000 ) ;
#6000 = AXIS2_PLACEMENT_3D ( 'NONE', #4860, #7909, #3239 ) ;
#6001 = LINE ( 'NONE', #2221, #6808 ) ;
#6002 = DIRECTION ( 'NONE',  ( 0.7071067811865546782, 0.7071067811865403563, 7.778174593052000187E-15 ) ) ;
#6003 = CARTESIAN_POINT ( 'NONE',  ( -29.43699999999968142, 29.43700000000023209, -0.2499999999998765987 ) ) ;
#6004 = FACE_OUTER_BOUND ( 'NONE', #9046, .T. ) ;
#6005 = AXIS2_PLACEMENT_3D ( 'NONE', #6380, #9381, #2597 ) ;
#6006 = CARTESIAN_POINT ( 'NONE',  ( 26.74999999999988276, -29.49999999999996447, 24.00000000000000355 ) ) ;
#6007 = VERTEX_POINT ( 'NONE', #6651 ) ;
#6008 = AXIS2_PLACEMENT_3D ( 'NONE', #7431, #5242, #3613 ) ;
#6009 = ORIENTED_EDGE ( 'NONE', *, *, #4300, .F. ) ;
#6010 = VERTEX_POINT ( 'NONE', #8911 ) ;
#6011 = AXIS2_PLACEMENT_3D ( 'NONE', #5793, #8124, #9493 ) ;
#6012 = CARTESIAN_POINT ( 'NONE',  ( 0.000000000000000000, 0.000000000000000000, 0.000000000000000000 ) ) ;
#6013 = CARTESIAN_POINT ( 'NONE',  ( 29.74999999999988631, -29.74999999999996447, 24.00000000000000355 ) ) ;
#6014 = SURFACE_SIDE_STYLE ('',( #710 ) ) ;
#6015 = DIRECTION ( 'NONE',  ( -0.7071067811865462405, -0.7071067811865487940, -1.759411813513555308E-14 ) ) ;
#6016 = CARTESIAN_POINT ( 'NONE',  ( 29.74999999999964473, 29.74999999999976197, 24.25000000000081712 ) ) ;
#6017 = VECTOR ( 'NONE', #8324, 39.37007874015748143 ) ;
#6018 = ORIENTED_EDGE ( 'NONE', *, *, #2723, .F. ) ;
#6019 = DIRECTION ( 'NONE',  ( 2.999999999999999839E-15, 7.000000000000000938E-15, -1.000000000000000000 ) ) ;
#6020 = ORIENTED_EDGE ( 'NONE', *, *, #2284, .F. ) ;
#6021 = ORIENTED_EDGE ( 'NONE', *, *, #5956, .T. ) ;
#6022 = DIRECTION ( 'NONE',  ( 2.999999999999999839E-15, 9.999999999999999988E-15, -1.000000000000000000 ) ) ;
#6023 = LINE ( 'NONE', #6763, #757 ) ;
#6024 = EDGE_CURVE ( 'NONE', #1060, #1504, #7658, .T. ) ;
#6025 = VECTOR ( 'NONE', #8775, 39.37007874015748143 ) ;
#6026 = DIRECTION ( 'NONE',  ( -9.106159978880879860E-17, 1.000000000000000000, 0.000000000000000000 ) ) ;
#6027 = CYLINDRICAL_SURFACE ( 'NONE', #8195, 0.5000000000000017764 ) ;
#6028 = CARTESIAN_POINT ( 'NONE',  ( -29.62035115497730686, 29.62035115497704396, -0.2499999999998769873 ) ) ;
#6029 = DIRECTION ( 'NONE',  ( 8.000000000000000622E-15, 1.000000000000000000, 7.000000000000000938E-15 ) ) ;
#6030 =( CONVERSION_BASED_UNIT ( 'INCH', #6770 ) LENGTH_UNIT ( ) NAMED_UNIT ( #7144 ) );
#6031 = CYLINDRICAL_SURFACE ( 'NONE', #1640, 0.3149606299212601157 ) ;
#6032 = ORIENTED_EDGE ( 'NONE', *, *, #4940, .F. ) ;
#6033 = VECTOR ( 'NONE', #3431, 39.37007874015748143 ) ;
#6034 = ORIENTED_EDGE ( 'NONE', *, *, #2125, .F. ) ;
#6035 = ORIENTED_EDGE ( 'NONE', *, *, #1528, .T. ) ;
#6036 = FACE_OUTER_BOUND ( 'NONE', #1190, .T. ) ;
#6037 = VERTEX_POINT ( 'NONE', #7442 ) ;
#6038 = CARTESIAN_POINT ( 'NONE',  ( -29.99999999999991118, -28.25000000000046541, 22.99999999999926104 ) ) ;
#6039 = EDGE_CURVE ( 'NONE', #889, #4958, #1233, .T. ) ;
#6040 = ORIENTED_EDGE ( 'NONE', *, *, #3605, .F. ) ;
#6041 = CARTESIAN_POINT ( 'NONE',  ( -29.75000000000039435, 29.74999999999956657, 24.12035115497689119 ) ) ;
#6042 = CARTESIAN_POINT ( 'NONE',  ( 29.99999999999991473, 29.99999999999997868, 2.500000000000305089 ) ) ;
#6043 = AXIS2_PLACEMENT_3D ( 'NONE', #7436, #6738, #7535 ) ;
#6044 = ORIENTED_EDGE ( 'NONE', *, *, #4187, .F. ) ;
#6045 = LINE ( 'NONE', #784, #1277 ) ;
#6046 = EDGE_CURVE ( 'NONE', #2216, #4128, #4547, .T. ) ;
#6047 = VERTEX_POINT ( 'NONE', #6842 ) ;
#6048 = CARTESIAN_POINT ( 'NONE',  ( -26.74999999999975131, 29.74999999999959144, 24.00000000000009237 ) ) ;
#6049 = CARTESIAN_POINT ( 'NONE',  ( 29.75000000000015632, 27.93503937007865900, 22.99999999999945999 ) ) ;
#6050 = CARTESIAN_POINT ( 'NONE',  ( 9.750000000000001776, 29.74999999999965183, -0.2499999999997701838 ) ) ;
#6051 = EDGE_CURVE ( 'NONE', #7423, #8974, #8280, .T. ) ;
#6052 = CARTESIAN_POINT ( 'NONE',  ( 28.24999999999988276, -26.74999999999996092, 1.000000000000001332 ) ) ;
#6053 = ORIENTED_EDGE ( 'NONE', *, *, #6843, .T. ) ;
#6054 = VERTEX_POINT ( 'NONE', #840 ) ;
#6055 = VECTOR ( 'NONE', #4888, 39.37007874015748143 ) ;
#6056 = EDGE_LOOP ( 'NONE', ( #7475, #5064, #7670, #8230 ) ) ;
#6057 = CARTESIAN_POINT ( 'NONE',  ( 0.000000000000000000, 0.000000000000000000, 0.000000000000000000 ) ) ;
#6058 = DIRECTION ( 'NONE',  ( -3.999999999999702910E-15, 1.000000000000000000, 6.817876800422296221E-15 ) ) ;
#6059 = LINE ( 'NONE', #6111, #1730 ) ;
#6060 = CARTESIAN_POINT ( 'NONE',  ( -29.75000000000044409, 29.74999999999940670, 24.24999999999980815 ) ) ;
#6061 = DIRECTION ( 'NONE',  ( -4.000000000000000311E-15, -1.000000000000000000, -7.000000000000009616E-15 ) ) ;
#6062 = STYLED_ITEM ( 'NONE', ( #7470 ), #1598 ) ;
#6063 = EDGE_CURVE ( 'NONE', #8163, #7290, #8119, .T. ) ;
#6064 = PLANE ( 'NONE',  #7378 ) ;
#6065 = ORIENTED_EDGE ( 'NONE', *, *, #85, .T. ) ;
#6066 = FACE_OUTER_BOUND ( 'NONE', #1027, .T. ) ;
#6067 = ORIENTED_EDGE ( 'NONE', *, *, #9750, .T. ) ;
#6068 = ORIENTED_EDGE ( 'NONE', *, *, #1832, .T. ) ;
#6069 = VECTOR ( 'NONE', #3388, 39.37007874015748143 ) ;
#6070 = VECTOR ( 'NONE', #2922, 39.37007874015748143 ) ;
#6071 = CARTESIAN_POINT ( 'NONE',  ( 47.99999999999968736, -27.12500000000028777, 24.25000000000066791 ) ) ;
#6072 = DIRECTION ( 'NONE',  ( -4.000000000000000311E-15, -1.000000000000000000, -6.999999999999998572E-15 ) ) ;
#6073 = ADVANCED_FACE ( 'NONE', ( #4645 ), #108, .F. ) ;
#6074 =( CONVERSION_BASED_UNIT ( 'INCH', #3926 ) LENGTH_UNIT ( ) NAMED_UNIT ( #419 ) );
#6075 = DIRECTION ( 'NONE',  ( 0.000000000000000000, 0.000000000000000000, -1.000000000000000000 ) ) ;
#6076 =( BOUNDED_CURVE ( )  B_SPLINE_CURVE ( 3, ( #7816, #8700, #7260, #6274 ),
 .UNSPECIFIED., .F., .F. ) 
 B_SPLINE_CURVE_WITH_KNOTS ( ( 4, 4 ),
 ( 1.570796326794859032, 3.141592653589793560 ),
 .UNSPECIFIED. ) 
 CURVE ( )  GEOMETRIC_REPRESENTATION_ITEM ( )  RATIONAL_B_SPLINE_CURVE ( ( 1.000000000000000000, 0.8047378541243560557, 0.8047378541243560557, 1.000000000000000000 ) ) 
 REPRESENTATION_ITEM ( '' )  );
#6077 = ADVANCED_FACE ( 'NONE', ( #4447 ), #1582, .T. ) ;
#6078 = EDGE_CURVE ( 'NONE', #5357, #3628, #791, .T. ) ;
#6079 = DIRECTION ( 'NONE',  ( -4.000000000000000311E-15, -1.000000000000000000, -6.999999999999998572E-15 ) ) ;
#6080 = CARTESIAN_POINT ( 'NONE',  ( -28.24999999999970512, 26.74999999999976552, 1.000000000000069056 ) ) ;
#6081 = DIRECTION ( 'NONE',  ( -0.7071067811865469066, 0.7071067811865481278, -7.713784318335607321E-15 ) ) ;
#6082 = AXIS2_PLACEMENT_3D ( 'NONE', #5532, #7015, #6967 ) ;
#6083 = AXIS2_PLACEMENT_3D ( 'NONE', #6871, #2390, #181 ) ;
#6084 = DIRECTION ( 'NONE',  ( -4.000000000000000311E-15, -1.000000000000000000, -9.999999999999998410E-15 ) ) ;
#6085 = EDGE_CURVE ( 'NONE', #8647, #4740, #7689, .T. ) ;
#6086 = ORIENTED_EDGE ( 'NONE', *, *, #7825, .F. ) ;
#6087 = ORIENTED_EDGE ( 'NONE', *, *, #257, .T. ) ;
#6088 = DIRECTION ( 'NONE',  ( -1.000000000000000000, 0.000000000000000000, -2.731847993664229692E-15 ) ) ;
#6089 = AXIS2_PLACEMENT_3D ( 'NONE', #640, #7380, #3660 ) ;
#6090 = EDGE_CURVE ( 'NONE', #7782, #7792, #59, .T. ) ;
#6091 = AXIS2_PLACEMENT_3D ( 'NONE', #1029, #3409, #7175 ) ;
#6092 = PLANE ( 'NONE',  #4234 ) ;
#6093 = DIRECTION ( 'NONE',  ( 1.748382715945159699E-14, 1.000000000000000000, 7.000000000000295183E-15 ) ) ;
#6094 = DIRECTION ( 'NONE',  ( 9.106159978880878627E-17, -1.000000000000000000, -0.000000000000000000 ) ) ;
#6095 = EDGE_LOOP ( 'NONE', ( #9160, #7279, #8373, #4808 ) ) ;
#6096 =( GEOMETRIC_REPRESENTATION_CONTEXT ( 3 ) GLOBAL_UNCERTAINTY_ASSIGNED_CONTEXT ( ( #2785 ) ) GLOBAL_UNIT_ASSIGNED_CONTEXT ( ( #5084, #2160, #2759 ) ) REPRESENTATION_CONTEXT ( 'NONE', 'WORKASPACE' ) );
#6097 = FACE_OUTER_BOUND ( 'NONE', #4463, .T. ) ;
#6098 = ORIENTED_EDGE ( 'NONE', *, *, #7252, .F. ) ;
#6099 = LINE ( 'NONE', #5198, #3798 ) ;
#6100 = VECTOR ( 'NONE', #6922, 39.37007874015748143 ) ;
#6101 = CARTESIAN_POINT ( 'NONE',  ( 28.99999999999991473, 29.16666666666666075, 2.968313488406445553E-13 ) ) ;
#6102 = EDGE_CURVE ( 'NONE', #4997, #7170, #3033, .T. ) ;
#6103 = LINE ( 'NONE', #5354, #6233 ) ;
#6104 = ORIENTED_EDGE ( 'NONE', *, *, #5788, .T. ) ;
#6105 = ORIENTED_EDGE ( 'NONE', *, *, #9146, .F. ) ;
#6106 = ORIENTED_EDGE ( 'NONE', *, *, #4907, .T. ) ;
#6107 = CIRCLE ( 'NONE', #1827, 0.3149606299212601157 ) ;
#6108 =( NAMED_UNIT ( * ) PLANE_ANGLE_UNIT ( ) SI_UNIT ( $, .RADIAN. ) );
#6109 = FACE_OUTER_BOUND ( 'NONE', #3308, .T. ) ;
#6110 = ADVANCED_FACE ( 'NONE', ( #2278 ), #2362, .F. ) ;
#6111 = CARTESIAN_POINT ( 'NONE',  ( 29.74999999999996447, -9.749999999999998224, -0.2499999999999916733 ) ) ;
#6112 = FACE_OUTER_BOUND ( 'NONE', #655, .T. ) ;
#6113 = DIRECTION ( 'NONE',  ( 1.723631903059378761E-14, 7.236319030593795513E-15, -1.000000000000000000 ) ) ;
#6114 = VERTEX_POINT ( 'NONE', #12 ) ;
#6115 = CARTESIAN_POINT ( 'NONE',  ( 29.25000000000016698, 29.24999999999991829, 23.99999999999979750 ) ) ;
#6116 = ORIENTED_EDGE ( 'NONE', *, *, #8021, .T. ) ;
#6117 = VERTEX_POINT ( 'NONE', #7639 ) ;
#6118 = EDGE_CURVE ( 'NONE', #2165, #2429, #5907, .T. ) ;
#6119 = ADVANCED_FACE ( 'NONE', ( #7545 ), #8327, .F. ) ;
#6120 = CARTESIAN_POINT ( 'NONE',  ( 29.75000000000000355, 29.74999999999965183, -0.2499999999996901923 ) ) ;
#6121 = PRODUCT_DEFINITION ( 'UNKNOWN', '', #7939, #2256 ) ;
#6122 = PLANE ( 'NONE',  #8351 ) ;
#6123 = CARTESIAN_POINT ( 'NONE',  ( 29.62499999999999289, 26.87499999999991829, -2.054349691235526035E-13 ) ) ;
#6124 = DIRECTION ( 'NONE',  ( 2.999999999999999839E-15, 9.999999999999999988E-15, -1.000000000000000000 ) ) ;
#6125 = CARTESIAN_POINT ( 'NONE',  ( 29.75000000000015987, 26.74999999999991829, 23.99999999999979750 ) ) ;
#6126 = ORIENTED_EDGE ( 'NONE', *, *, #5266, .F. ) ;
#6127 = DIRECTION ( 'NONE',  ( -1.499999999999999919E-14, -1.000000000000000000, -9.999999999999999988E-15 ) ) ;
#6128 = VERTEX_POINT ( 'NONE', #5302 ) ;
#6129 = EDGE_LOOP ( 'NONE', ( #553, #1283, #3850, #168 ) ) ;
#6130 =( BOUNDED_CURVE ( )  B_SPLINE_CURVE ( 3, ( #3675, #2985, #3632, #5110 ),
 .UNSPECIFIED., .F., .T. ) 
 B_SPLINE_CURVE_WITH_KNOTS ( ( 4, 4 ),
 ( 1.570796326794895004, 3.141592653589795336 ),
 .UNSPECIFIED. ) 
 CURVE ( )  GEOMETRIC_REPRESENTATION_ITEM ( )  RATIONAL_B_SPLINE_CURVE ( ( 1.000000000000000000, 0.8047378541243649375, 0.8047378541243649375, 1.000000000000000000 ) ) 
 REPRESENTATION_ITEM ( '' )  );
#6131 = DIRECTION ( 'NONE',  ( -1.000000000000000000, -8.000000000000084241E-15, -1.700000000000016738E-14 ) ) ;
#6132 = DIRECTION ( 'NONE',  ( 0.000000000000000000, -1.000000000000000000, 0.000000000000000000 ) ) ;
#6133 = VECTOR ( 'NONE', #852, 39.37007874015748143 ) ;
#6134 = PLANE ( 'NONE',  #9666 ) ;
#6135 = ORIENTED_EDGE ( 'NONE', *, *, #2293, .F. ) ;
#6136 = DIRECTION ( 'NONE',  ( 1.000000000000000000, -1.018547839493141593E-14, 2.999999999999984456E-15 ) ) ;
#6137 = VERTEX_POINT ( 'NONE', #5401 ) ;
#6138 = AXIS2_PLACEMENT_3D ( 'NONE', #1162, #4179, #2004 ) ;
#6139 = AXIS2_PLACEMENT_3D ( 'NONE', #509, #5054, #1290 ) ;
#6140 = EDGE_CURVE ( 'NONE', #4639, #7574, #8416, .T. ) ;
#6141 = LINE ( 'NONE', #931, #167 ) ;
#6142 = DIRECTION ( 'NONE',  ( -1.000000000000000000, 7.863407600316786968E-15, -3.000000000000000233E-15 ) ) ;
#6143 = VECTOR ( 'NONE', #8482, 39.37007874015748143 ) ;
#6144 = CARTESIAN_POINT ( 'NONE',  ( 28.99999999999991473, 28.99999999999998934, 2.956646821739779609E-13 ) ) ;
#6145 = CARTESIAN_POINT ( 'NONE',  ( -27.12499999999993960, -27.12500000000044764, 24.24999999999931433 ) ) ;
#6146 = DIRECTION ( 'NONE',  ( 1.387778780781444571E-14, 1.387778780781444571E-14, -1.000000000000000000 ) ) ;
#6147 = AXIS2_PLACEMENT_3D ( 'NONE', #7739, #944, #2466 ) ;
#6148 = ORIENTED_EDGE ( 'NONE', *, *, #1515, .F. ) ;
#6149 = ORIENTED_EDGE ( 'NONE', *, *, #2303, .F. ) ;
#6150 = ORIENTED_EDGE ( 'NONE', *, *, #7843, .T. ) ;
#6151 = ORIENTED_EDGE ( 'NONE', *, *, #5870, .F. ) ;
#6152 = AXIS2_PLACEMENT_3D ( 'NONE', #3550, #2751, #3645 ) ;
#6153 = APPLICATION_PROTOCOL_DEFINITION ( 'draft international standard', 'automotive_design', 1998, #9392 ) ;
#6154 = CARTESIAN_POINT ( 'NONE',  ( 26.87500000000016698, 29.62499999999992539, 23.99999999999981526 ) ) ;
#6155 = DIRECTION ( 'NONE',  ( 0.000000000000000000, 0.000000000000000000, -1.000000000000000000 ) ) ;
#6156 = VECTOR ( 'NONE', #2395, 39.37007874015748143 ) ;
#6157 = LINE ( 'NONE', #9115, #594 ) ;
#6158 = DIRECTION ( 'NONE',  ( -3.999999999999706066E-15, 1.000000000000000000, 6.999999999999913375E-15 ) ) ;
#6159 = AXIS2_PLACEMENT_3D ( 'NONE', #3514, #5636, #4986 ) ;
#6160 = ORIENTED_EDGE ( 'NONE', *, *, #7925, .F. ) ;
#6161 = FACE_OUTER_BOUND ( 'NONE', #8771, .T. ) ;
#6162 = EDGE_LOOP ( 'NONE', ( #3965, #3485, #4164, #8146, #8517, #9574, #2684, #7237, #6976 ) ) ;
#6163 = EDGE_CURVE ( 'NONE', #203, #4689, #1630, .T. ) ;
#6164 = EDGE_LOOP ( 'NONE', ( #8585, #5856 ) ) ;
#6165 = DIRECTION ( 'NONE',  ( 5.605193857299268284E-45, 1.000000000000000000, 6.999999999999997783E-15 ) ) ;
#6166 = LINE ( 'NONE', #7753, #1701 ) ;
#6167 = LINE ( 'NONE', #9175, #8501 ) ;
#6168 =( GEOMETRIC_REPRESENTATION_CONTEXT ( 3 ) GLOBAL_UNCERTAINTY_ASSIGNED_CONTEXT ( ( #3680 ) ) GLOBAL_UNIT_ASSIGNED_CONTEXT ( ( #3122, #2181, #3775 ) ) REPRESENTATION_CONTEXT ( 'NONE', 'WORKASPACE' ) );
#6169 = LINE ( 'NONE', #4763, #4930 ) ;
#6170 = DIRECTION ( 'NONE',  ( 1.799999999999999903E-14, 6.999999999999997783E-15, -1.000000000000000000 ) ) ;
#6171 = EDGE_CURVE ( 'NONE', #6963, #1248, #6103, .T. ) ;
#6172 = ORIENTED_EDGE ( 'NONE', *, *, #6575, .T. ) ;
#6173 = CARTESIAN_POINT ( 'NONE',  ( -26.74999999999975131, 29.62499999999959144, 24.00000000000009237 ) ) ;
#6174 = EDGE_LOOP ( 'NONE', ( #7674, #6701, #2975, #1595 ) ) ;
#6175 = VERTEX_POINT ( 'NONE', #155 ) ;
#6176 = VECTOR ( 'NONE', #4394, 39.37007874015748143 ) ;
#6177 = CARTESIAN_POINT ( 'NONE',  ( -27.12500000000037303, 27.12499999999955591, 24.24999999999969447 ) ) ;
#6178 = CARTESIAN_POINT ( 'NONE',  ( 29.74999999999964828, 29.74999999999976197, 24.00000000000081357 ) ) ;
#6179 = CARTESIAN_POINT ( 'NONE',  ( 28.24999999999992895, 26.99999999999998224, 1.314960629921539059 ) ) ;
#6180 = COLOUR_RGB ( '',0.7921568627450980005, 0.8196078431372548767, 0.9333333333333333481 ) ;
#6181 = CARTESIAN_POINT ( 'NONE',  ( 26.99999999999964473, 26.99999999999972999, 24.50000000000068567 ) ) ;
#6182 = EDGE_LOOP ( 'NONE', ( #6999, #7486 ) ) ;
#6183 = CYLINDRICAL_SURFACE ( 'NONE', #5414, 0.3130000000000007221 ) ;
#6184 = VERTEX_POINT ( 'NONE', #6191 ) ;
#6185 = ADVANCED_FACE ( 'NONE', ( #398 ), #1035, .F. ) ;
#6186 = CARTESIAN_POINT ( 'NONE',  ( -28.25000000000036948, -26.74999999999979394, 22.99999999999932854 ) ) ;
#6187 = DIRECTION ( 'NONE',  ( -1.000000000000000000, 8.000000000000084241E-15, -3.999999999999832283E-15 ) ) ;
#6189 = EDGE_CURVE ( 'NONE', #2291, #8726, #4796, .T. ) ;
#6188 = CARTESIAN_POINT ( 'NONE',  ( 28.56496062992141205, 26.74999999999992184, 22.99999999999947065 ) ) ;
#6190 = DIRECTION ( 'NONE',  ( 1.709106159978892073E-14, 7.000000000000000150E-15, -1.000000000000000000 ) ) ;
#6191 = CARTESIAN_POINT ( 'NONE',  ( 26.99999999999988987, -26.99999999999996447, -0.5000000000001133538 ) ) ;
#6192 = ORIENTED_EDGE ( 'NONE', *, *, #8855, .F. ) ;
#6193 = ORIENTED_EDGE ( 'NONE', *, *, #841, .F. ) ;
#6194 = CARTESIAN_POINT ( 'NONE',  ( -29.75000000000003908, -9.749999999999642952, -2.279044188714411549E-13 ) ) ;
#6195 = EDGE_CURVE ( 'NONE', #5358, #6858, #3260, .T. ) ;
#6196 = ORIENTED_EDGE ( 'NONE', *, *, #8269, .F. ) ;
#6197 = ORIENTED_EDGE ( 'NONE', *, *, #3923, .F. ) ;
#6198 = CIRCLE ( 'NONE', #1128, 0.3149606299212601157 ) ;
#6199 = APPLICATION_PROTOCOL_DEFINITION ( 'draft international standard', 'automotive_design', 1998, #2306 ) ;
#6200 = DIRECTION ( 'NONE',  ( -0.7071067811865511255, 0.7071067811865439090, 2.892817399462491491E-15 ) ) ;
#6201 = CARTESIAN_POINT ( 'NONE',  ( 29.74999999999988631, -28.24999999999996092, 1.000000000000001332 ) ) ;
#6202 = CYLINDRICAL_SURFACE ( 'NONE', #2104, 0.3149606299212598381 ) ;
#6203 = CIRCLE ( 'NONE', #1928, 0.3149606299212601157 ) ;
#6204 = ORIENTED_EDGE ( 'NONE', *, *, #7878, .T. ) ;
#6205 = CARTESIAN_POINT ( 'NONE',  ( -37.49999999999986500, -37.50000000000053291, 24.49999999999906919 ) ) ;
#6206 = ORIENTED_EDGE ( 'NONE', *, *, #9143, .T. ) ;
#6207 = ORIENTED_EDGE ( 'NONE', *, *, #1646, .F. ) ;
#6208 = CARTESIAN_POINT ( 'NONE',  ( 29.99999999999972644, -30.00000000000020250, 21.50000000000029843 ) ) ;
#6209 = EDGE_LOOP ( 'NONE', ( #4578, #3800, #997, #986 ) ) ;
#6210 = VECTOR ( 'NONE', #662, 39.37007874015748143 ) ;
#6211 = DIRECTION ( 'NONE',  ( 1.699999999999999698E-14, 6.999999999999997783E-15, -1.000000000000000000 ) ) ;
#6212 = DIRECTION ( 'NONE',  ( 1.000000000000000000, -1.348382715945121960E-14, 1.699999999999991179E-14 ) ) ;
#6213 = LINE ( 'NONE', #7757, #8272 ) ;
#6214 = DIRECTION ( 'NONE',  ( 0.000000000000000000, -1.387778780781446149E-14, 1.000000000000000000 ) ) ;
#6215 = CARTESIAN_POINT ( 'NONE',  ( 9.749999999999761968, -29.74999999999988987, 24.24999999999997868 ) ) ;
#6216 = ADVANCED_FACE ( 'NONE', ( #6341 ), #1778, .F. ) ;
#6217 = EDGE_LOOP ( 'NONE', ( #1037, #6197, #2709, #9230 ) ) ;
#6218 = DIRECTION ( 'NONE',  ( -2.999999999999986428E-15, -6.999999999999997783E-15, 1.000000000000000000 ) ) ;
#6219 = ORIENTED_EDGE ( 'NONE', *, *, #8269, .T. ) ;
#6220 = STYLED_ITEM ( 'NONE', ( #4668 ), #1628 ) ;
#6221 = VERTEX_POINT ( 'NONE', #8567 ) ;
#6222 = CIRCLE ( 'NONE', #1473, 0.3149606299212601157 ) ;
#6223 = FACE_OUTER_BOUND ( 'NONE', #8894, .T. ) ;
#6224 = EDGE_CURVE ( 'NONE', #5358, #9128, #4889, .T. ) ;
#6225 = CARTESIAN_POINT ( 'NONE',  ( 29.75000000000015987, 28.56496062992117757, 22.99999999999945999 ) ) ;
#6226 = ADVANCED_FACE ( 'NONE', ( #8469, #937, #6983 ), #6286, .F. ) ;
#6227 = AXIS2_PLACEMENT_3D ( 'NONE', #8996, #7717, #5390 ) ;
#6228 = CIRCLE ( 'NONE', #3219, 0.3149606299212601157 ) ;
#6229 = FACE_OUTER_BOUND ( 'NONE', #2840, .T. ) ;
#6230 = CARTESIAN_POINT ( 'NONE',  ( 29.24999999999988276, -29.74999999999996447, 24.00000000000000355 ) ) ;
#6231 = ORIENTED_EDGE ( 'NONE', *, *, #6442, .T. ) ;
#6232 = VECTOR ( 'NONE', #3594, 39.37007874015748143 ) ;
#6233 = VECTOR ( 'NONE', #8370, 39.37007874015748143 ) ;
#6234 = ORIENTED_EDGE ( 'NONE', *, *, #6855, .T. ) ;
#6235 = EDGE_CURVE ( 'NONE', #5388, #6241, #2509, .T. ) ;
#6236 = FACE_OUTER_BOUND ( 'NONE', #2755, .T. ) ;
#6237 = DIRECTION ( 'NONE',  ( 1.000000000000000000, 9.106159978880878627E-17, 0.000000000000000000 ) ) ;
#6238 =( GEOMETRIC_REPRESENTATION_CONTEXT ( 3 ) GLOBAL_UNCERTAINTY_ASSIGNED_CONTEXT ( ( #9510 ) ) GLOBAL_UNIT_ASSIGNED_CONTEXT ( ( #4192, #4785, #4098 ) ) REPRESENTATION_CONTEXT ( 'NONE', 'WORKASPACE' ) );
#6239 = DIRECTION ( 'NONE',  ( -1.000000000000000000, -2.999999999999936730E-15, -3.000000000000063342E-15 ) ) ;
#6240 = DIRECTION ( 'NONE',  ( -0.7071067811865466846, -0.7071067811865483499, -7.154619206393617879E-15 ) ) ;
#6241 = VERTEX_POINT ( 'NONE', #2459 ) ;
#6242 = ORIENTED_EDGE ( 'NONE', *, *, #3423, .T. ) ;
#6243 = ORIENTED_EDGE ( 'NONE', *, *, #4524, .T. ) ;
#6244 = ORIENTED_EDGE ( 'NONE', *, *, #5791, .F. ) ;
#6245 = EDGE_CURVE ( 'NONE', #2554, #2060, #2911, .T. ) ;
#6246 = EDGE_CURVE ( 'NONE', #7339, #4970, #8449, .T. ) ;
#6247 = AXIS2_PLACEMENT_3D ( 'NONE', #9001, #5939, #9579 ) ;
#6248 = PRODUCT_CONTEXT ( 'NONE', #5158, 'mechanical' ) ;
#6249 = EDGE_CURVE ( 'NONE', #2471, #2962, #4007, .T. ) ;
#6250 = DIRECTION ( 'NONE',  ( 0.000000000000000000, -1.000000000000000000, 0.000000000000000000 ) ) ;
#6251 = CARTESIAN_POINT ( 'NONE',  ( 29.99999999999992184, 30.00000000000000000, -0.4999999999996949662 ) ) ;
#6252 = LINE ( 'NONE', #2423, #3900 ) ;
#6253 = DIRECTION ( 'NONE',  ( 1.387778780781444571E-14, 1.387778780781444571E-14, -1.000000000000000000 ) ) ;
#6254 = ORIENTED_EDGE ( 'NONE', *, *, #6981, .F. ) ;
#6255 = AXIS2_PLACEMENT_3D ( 'NONE', #2054, #6578, #8058 ) ;
#6256 = VERTEX_POINT ( 'NONE', #351 ) ;
#6257 = EDGE_CURVE ( 'NONE', #1838, #1760, #3317, .T. ) ;
#6258 = ORIENTED_EDGE ( 'NONE', *, *, #8738, .T. ) ;
#6259 = PLANE ( 'NONE',  #6560 ) ;
#6260 = EDGE_LOOP ( 'NONE', ( #1170, #7547, #3282, #1643 ) ) ;
#6261 = VECTOR ( 'NONE', #2187, 39.37007874015748143 ) ;
#6262 = DIRECTION ( 'NONE',  ( 1.000000000000000000, -1.490893840021118904E-14, 3.000000000000000233E-15 ) ) ;
#6263 = EDGE_CURVE ( 'NONE', #5528, #2, #7932, .T. ) ;
#6264 = SURFACE_STYLE_FILL_AREA ( #6316 ) ;
#6265 = CARTESIAN_POINT ( 'NONE',  ( 29.87499999999982947, -48.00000000000002842, 2.374999999999785949 ) ) ;
#6266 = CARTESIAN_POINT ( 'NONE',  ( -29.25000000000040856, -29.24999999999979039, 23.99999999999963407 ) ) ;
#6267 = LINE ( 'NONE', #38, #256 ) ;
#6268 = ORIENTED_EDGE ( 'NONE', *, *, #7252, .T. ) ;
#6269 = CARTESIAN_POINT ( 'NONE',  ( 29.74999999999988631, -29.74999999999996447, 24.00000000000000355 ) ) ;
#6270 = ORIENTED_EDGE ( 'NONE', *, *, #7275, .T. ) ;
#6271 = ORIENTED_EDGE ( 'NONE', *, *, #4516, .T. ) ;
#6272 = PLANE ( 'NONE',  #8908 ) ;
#6273 = LINE ( 'NONE', #7814, #7428 ) ;
#6274 = CARTESIAN_POINT ( 'NONE',  ( 29.99999999999992184, 29.74999999999999645, 3.040086795697013112E-13 ) ) ;
#6275 = DIRECTION ( 'NONE',  ( -1.000000000000000000, -8.000000000000082663E-15, -1.718212319957778453E-14 ) ) ;
#6276 = CARTESIAN_POINT ( 'NONE',  ( 28.24999999999967315, 26.99999999999974065, 23.00000000000070699 ) ) ;
#6277 = ORIENTED_EDGE ( 'NONE', *, *, #4975, .T. ) ;
#6278 = ADVANCED_FACE ( 'NONE', ( #983 ), #7031, .F. ) ;
#6279 = CARTESIAN_POINT ( 'NONE',  ( 27.93503937007862348, -29.74999999999996447, 1.000000000000001332 ) ) ;
#6280 = ORIENTED_EDGE ( 'NONE', *, *, #1346, .F. ) ;
#6281 = VECTOR ( 'NONE', #7190, 39.37007874015748143 ) ;
#6282 = SURFACE_STYLE_FILL_AREA ( #9194 ) ;
#6283 = DIRECTION ( 'NONE',  ( 2.999999999999999839E-15, 7.091061599788807937E-15, -1.000000000000000000 ) ) ;
#6284 = CARTESIAN_POINT ( 'NONE',  ( 29.99999999999991118, 29.99999999999998579, 1.000000000000305311 ) ) ;
#6285 = CARTESIAN_POINT ( 'NONE',  ( 29.74999999999988631, -29.74999999999999645, -0.2500000000001916800 ) ) ;
#6286 = PLANE ( 'NONE',  #3854 ) ;
#6287 = EDGE_CURVE ( 'NONE', #2034, #374, #7885, .T. ) ;
#6288 = ORIENTED_EDGE ( 'NONE', *, *, #4736, .T. ) ;
#6289 = ORIENTED_EDGE ( 'NONE', *, *, #3428, .F. ) ;
#6290 = VERTEX_POINT ( 'NONE', #6396 ) ;
#6291 = CIRCLE ( 'NONE', #7720, 0.1250000000000015266 ) ;
#6292 = ORIENTED_EDGE ( 'NONE', *, *, #9393, .T. ) ;
#6293 = EDGE_CURVE ( 'NONE', #1087, #939, #6228, .T. ) ;
#6294 = AXIS2_PLACEMENT_3D ( 'NONE', #5003, #8040, #4168 ) ;
#6295 = CONTEXT_DEPENDENT_SHAPE_REPRESENTATION ( #3134, #6307 ) ;
#6296 = PLANE ( 'NONE',  #5996 ) ;
#6297 = VECTOR ( 'NONE', #1352, 39.37007874015748854 ) ;
#6298 = CARTESIAN_POINT ( 'NONE',  ( 29.87499999999964473, 47.99999999999979394, 21.62500000000084199 ) ) ;
#6299 = CARTESIAN_POINT ( 'NONE',  ( 9.750000000000001776, 29.74999999999965183, -0.2499999999997701838 ) ) ;
#6300 = LINE ( 'NONE', #8378, #1165 ) ;
#6301 = AXIS2_PLACEMENT_3D ( 'NONE', #6013, #3725, #1391 ) ;
#6302 = LINE ( 'NONE', #9311, #3993 ) ;
#6303 = ORIENTED_EDGE ( 'NONE', *, *, #82, .F. ) ;
#6304 = AXIS2_PLACEMENT_3D ( 'NONE', #5720, #1817, #7117 ) ;
#6305 = ORIENTED_EDGE ( 'NONE', *, *, #3050, .T. ) ;
#6306 = ORIENTED_EDGE ( 'NONE', *, *, #2663, .T. ) ;
#6307 = PRODUCT_DEFINITION_SHAPE ( 'NONE', 'NONE',  #9759 ) ;
#6308 = EDGE_CURVE ( 'NONE', #9469, #2522, #9687, .T. ) ;
#6309 = CIRCLE ( 'NONE', #5514, 0.3149606299212601157 ) ;
#6310 = DIRECTION ( 'NONE',  ( -2.999999999999999839E-15, -6.999999999999997783E-15, 1.000000000000000000 ) ) ;
#6311 = ORIENTED_EDGE ( 'NONE', *, *, #4925, .T. ) ;
#6312 = DIRECTION ( 'NONE',  ( 4.000000000000001100E-15, 1.000000000000000000, 6.817876800422393251E-15 ) ) ;
#6313 = CARTESIAN_POINT ( 'NONE',  ( 29.87499999999990763, 29.87499999999996447, 2.500000000000331735 ) ) ;
#6314 = FACE_OUTER_BOUND ( 'NONE', #3652, .T. ) ;
#6315 = VECTOR ( 'NONE', #883, 39.37007874015748143 ) ;
#6316 = FILL_AREA_STYLE ('',( #3288 ) ) ;
#6317 = FACE_OUTER_BOUND ( 'NONE', #2889, .T. ) ;
#6318 = CARTESIAN_POINT ( 'NONE',  ( 28.24999999999966604, 29.74999999999974065, 23.00000000000072475 ) ) ;
#6319 = ADVANCED_FACE ( 'NONE', ( #7179 ), #4146, .F. ) ;
#6320 = ORIENTED_EDGE ( 'NONE', *, *, #5261, .F. ) ;
#6321 = FACE_OUTER_BOUND ( 'NONE', #5452, .T. ) ;
#6322 = ORIENTED_EDGE ( 'NONE', *, *, #8549, .F. ) ;
#6323 = EDGE_LOOP ( 'NONE', ( #408, #7370 ) ) ;
#6324 = EDGE_CURVE ( 'NONE', #8080, #6502, #9664, .T. ) ;
#6325 = ADVANCED_FACE ( 'NONE', ( #4333 ), #6031, .F. ) ;
#6326 = DIRECTION ( 'NONE',  ( 7.863407600316786968E-15, 1.000000000000000000, 6.999999999999999361E-15 ) ) ;
#6327 = CIRCLE ( 'NONE', #1894, 0.3149606299212601157 ) ;
#6328 = DIRECTION ( 'NONE',  ( -3.999999999999706066E-15, 1.000000000000000000, 6.999999999999913375E-15 ) ) ;
#6329 = DIRECTION ( 'NONE',  ( 2.999999999999999839E-15, 7.000000000000000938E-15, -1.000000000000000000 ) ) ;
#6330 = DIRECTION ( 'NONE',  ( -2.999999999999999839E-15, -6.999999999999997783E-15, 1.000000000000000000 ) ) ;
#6331 = AXIS2_PLACEMENT_3D ( 'NONE', #7218, #7772, #2649 ) ;
#6332 = EDGE_LOOP ( 'NONE', ( #3442, #8528, #2355, #4401 ) ) ;
#6333 = CARTESIAN_POINT ( 'NONE',  ( -29.75000000000038725, -28.24999999999977263, 22.99999999999930722 ) ) ;
#6334 = ORIENTED_EDGE ( 'NONE', *, *, #5203, .T. ) ;
#6335 = ADVANCED_FACE ( 'NONE', ( #2903 ), #4526, .F. ) ;
#6336 = CIRCLE ( 'NONE', #2688, 0.2499999999999986955 ) ;
#6337 = LINE ( 'NONE', #8704, #8231 ) ;
#6338 = CARTESIAN_POINT ( 'NONE',  ( 27.05177669529654949, 27.05177669529663476, -0.2499999999996976030 ) ) ;
#6339 = DIRECTION ( 'NONE',  ( -2.999999999999999444E-15, -7.091061599788816615E-15, 1.000000000000000000 ) ) ;
#6340 = DIRECTION ( 'NONE',  ( 1.000000000000000000, 1.000000000000064173E-15, 1.781787680042240397E-14 ) ) ;
#6341 = FACE_OUTER_BOUND ( 'NONE', #8437, .T. ) ;
#6342 = EDGE_CURVE ( 'NONE', #7712, #4909, #1311, .T. ) ;
#6343 = ORIENTED_EDGE ( 'NONE', *, *, #240, .T. ) ;
#6344 = ORIENTED_EDGE ( 'NONE', *, *, #2115, .F. ) ;
#6345 = ORIENTED_EDGE ( 'NONE', *, *, #2158, .F. ) ;
#6346 = ORIENTED_EDGE ( 'NONE', *, *, #5488, .F. ) ;
#6347 = CARTESIAN_POINT ( 'NONE',  ( -29.87499999999969091, 29.87500000000021316, 2.500000000000125233 ) ) ;
#6348 =( NAMED_UNIT ( * ) SI_UNIT ( $, .STERADIAN. ) SOLID_ANGLE_UNIT ( ) );
#6349 = CARTESIAN_POINT ( 'NONE',  ( -30.00000000000008171, 29.99999999999982236, -0.4999999999998747113 ) ) ;
#6350 = ADVANCED_FACE ( 'NONE', ( #2152, #8157, #8937 ), #2202, .F. ) ;
#6351 =( NAMED_UNIT ( * ) PLANE_ANGLE_UNIT ( ) SI_UNIT ( $, .RADIAN. ) );
#6352 = AXIS2_PLACEMENT_3D ( 'NONE', #9111, #7495, #4508 ) ;
#6353 = LINE ( 'NONE', #9358, #7492 ) ;
#6354 = ORIENTED_EDGE ( 'NONE', *, *, #6921, .T. ) ;
#6355 = ORIENTED_EDGE ( 'NONE', *, *, #8783, .T. ) ;
#6356 = CLOSED_SHELL ( 'NONE', ( #5345, #1967, #7681, #1420, #6798, #4339, #2946, #3739, #6278, #2858, #8336, #6073, #3040, #198, #6335, #3778, #4915, #6119, #8610 ) ) ;
#6357 = ORIENTED_EDGE ( 'NONE', *, *, #8932, .T. ) ;
#6358 = DIRECTION ( 'NONE',  ( 0.000000000000000000, -1.387778780781445676E-14, 1.000000000000000000 ) ) ;
#6359 = ORIENTED_EDGE ( 'NONE', *, *, #424, .T. ) ;
#6360 = CARTESIAN_POINT ( 'NONE',  ( 29.74999999999991118, 28.24999999999997513, 1.314960629921579471 ) ) ;
#6361 = FILL_AREA_STYLE_COLOUR ( '', #6180 ) ;
#6362 = EDGE_CURVE ( 'NONE', #7049, #3626, #1167, .T. ) ;
#6363 = DIRECTION ( 'NONE',  ( 2.939999999999999909E-28, 1.000000000000000000, 6.999999999999997783E-15 ) ) ;
#6364 = FACE_OUTER_BOUND ( 'NONE', #3278, .T. ) ;
#6365 = VECTOR ( 'NONE', #465, 39.37007874015748143 ) ;
#6366 = DIRECTION ( 'NONE',  ( 1.000000000000000000, 3.999999999999916692E-15, 4.000000000000083930E-15 ) ) ;
#6367 = CARTESIAN_POINT ( 'NONE',  ( -29.74999999999984368, -9.750000000000005329, 23.99999999999936762 ) ) ;
#6368 = CARTESIAN_POINT ( 'NONE',  ( 29.74999999999985434, -28.25000000000002487, 0.9999999999999242828 ) ) ;
#6369 = ORIENTED_EDGE ( 'NONE', *, *, #7707, .F. ) ;
#6370 = DIRECTION ( 'NONE',  ( 0.000000000000000000, -1.000000000000000000, -1.396471817847543537E-14 ) ) ;
#6371 = ORIENTED_EDGE ( 'NONE', *, *, #5956, .F. ) ;
#6372 =( REPRESENTATION_RELATIONSHIP ('NONE','NONE', #4286, #5315 ) REPRESENTATION_RELATIONSHIP_WITH_TRANSFORMATION ( #2714 )SHAPE_REPRESENTATION_RELATIONSHIP( ) );
#6373 = ORIENTED_EDGE ( 'NONE', *, *, #5539, .T. ) ;
#6374 = EDGE_CURVE ( 'NONE', #3862, #8782, #630, .T. ) ;
#6375 = VECTOR ( 'NONE', #7931, 39.37007874015748143 ) ;
#6376 = EDGE_CURVE ( 'NONE', #2291, #4115, #9620, .T. ) ;
#6377 = CARTESIAN_POINT ( 'NONE',  ( -29.50000000000040501, -29.24999999999978684, 23.99999999999963407 ) ) ;
#6378 = CARTESIAN_POINT ( 'NONE',  ( 28.24999999999987921, -29.74999999999997513, 0.6850393700786114870 ) ) ;
#6379 = ADVANCED_FACE ( 'NONE', ( #7471, #1363, #9715 ), #3695, .F. ) ;
#6380 = CARTESIAN_POINT ( 'NONE',  ( 28.24999999999991829, 29.99999999999998224, 1.000000000000300426 ) ) ;
#6381 = EDGE_CURVE ( 'NONE', #7034, #8614, #5177, .T. ) ;
#6382 = EDGE_CURVE ( 'NONE', #2216, #9048, #5075, .T. ) ;
#6383 = DIRECTION ( 'NONE',  ( -3.000000000000293689E-15, -1.000000000000000000, -7.000000000000061681E-15 ) ) ;
#6384 = SURFACE_STYLE_FILL_AREA ( #3354 ) ;
#6385 = AXIS2_PLACEMENT_3D ( 'NONE', #1562, #3053, #629 ) ;
#6386 = FACE_OUTER_BOUND ( 'NONE', #4505, .T. ) ;
#6387 = ORIENTED_EDGE ( 'NONE', *, *, #2771, .T. ) ;
#6388 = EDGE_CURVE ( 'NONE', #6184, #212, #8256, .T. ) ;
#6389 = DIRECTION ( 'NONE',  ( 0.000000000000000000, -1.000000000000000000, 0.000000000000000000 ) ) ;
#6390 = ORIENTED_EDGE ( 'NONE', *, *, #922, .T. ) ;
#6391 =( BOUNDED_CURVE ( )  B_SPLINE_CURVE ( 3, ( #2652, #347, #2604, #2504 ),
 .UNSPECIFIED., .F., .F. ) 
 B_SPLINE_CURVE_WITH_KNOTS ( ( 4, 4 ),
 ( 4.930380657631259740E-32, 1.570796326794895004 ),
 .UNSPECIFIED. ) 
 CURVE ( )  GEOMETRIC_REPRESENTATION_ITEM ( )  RATIONAL_B_SPLINE_CURVE ( ( 1.000000000000000000, 0.8047378541243649375, 0.8047378541243649375, 1.000000000000000000 ) ) 
 REPRESENTATION_ITEM ( '' )  );
#6392 = CARTESIAN_POINT ( 'NONE',  ( -26.99999999999991118, -28.25000000000043698, 22.99999999999931077 ) ) ;
#6393 = DIMENSIONAL_EXPONENTS ( 1.000000000000000000, 0.000000000000000000, 0.000000000000000000, 0.000000000000000000, 0.000000000000000000, 0.000000000000000000, 0.000000000000000000 ) ;
#6394 = CARTESIAN_POINT ( 'NONE',  ( -29.87499999999954525, 48.00000000000022027, 2.500000000000251799 ) ) ;
#6395 = LINE ( 'NONE', #1082, #7315 ) ;
#6396 = CARTESIAN_POINT ( 'NONE',  ( 29.49999999999975842, -9.749999999999888090, 24.25000000000045475 ) ) ;
#6397 = AXIS2_PLACEMENT_3D ( 'NONE', #7410, #622, #8831 ) ;
#6398 = VECTOR ( 'NONE', #7085, 39.37007874015748854 ) ;
#6399 = EDGE_LOOP ( 'NONE', ( #5716, #7968, #6116, #399 ) ) ;
#6400 = VERTEX_POINT ( 'NONE', #675 ) ;
#6401 = AXIS2_PLACEMENT_3D ( 'NONE', #6052, #3905, #3026 ) ;
#6402 = EDGE_LOOP ( 'NONE', ( #2925, #5727, #9689, #7185 ) ) ;
#6403 = CARTESIAN_POINT ( 'NONE',  ( 28.24999999999991829, 29.99999999999998224, 1.314960629921560153 ) ) ;
#6404 = CARTESIAN_POINT ( 'NONE',  ( -30.00000000000007105, 29.83333333333316872, -0.6666666666665423957 ) ) ;
#6405 = CARTESIAN_POINT ( 'NONE',  ( 29.75000000000015987, 26.74999999999991829, 23.99999999999979750 ) ) ;
#6406 = CARTESIAN_POINT ( 'NONE',  ( -28.25000000000007461, 26.99999999999981526, 0.6850393700788496298 ) ) ;
#6407 = ORIENTED_EDGE ( 'NONE', *, *, #5820, .T. ) ;
#6408 = ORIENTED_EDGE ( 'NONE', *, *, #2852, .F. ) ;
#6409 = ORIENTED_EDGE ( 'NONE', *, *, #4296, .F. ) ;
#6410 = ADVANCED_FACE ( 'NONE', ( #2105, #6725, #2251 ), #5130, .F. ) ;
#6411 = EDGE_LOOP ( 'NONE', ( #4335, #1144, #9513, #9201 ) ) ;
#6412 = CARTESIAN_POINT ( 'NONE',  ( 26.74999999999988276, -29.74999999999996447, 0.000000000000000000 ) ) ;
#6413 = LINE ( 'NONE', #8683, #5188 ) ;
#6414 = CARTESIAN_POINT ( 'NONE',  ( -29.74999999999987566, -29.75000000000045119, 21.62499999999925038 ) ) ;
#6415 = DIRECTION ( 'NONE',  ( 1.000000000000042085E-15, 1.000000000000000000, 7.000000000000001727E-15 ) ) ;
#6416 = AXIS2_PLACEMENT_3D ( 'NONE', #2150, #5975, #8837 ) ;
#6417 = CARTESIAN_POINT ( 'NONE',  ( 26.99999999999991118, 26.99999999999998934, -0.4999999999996972977 ) ) ;
#6418 = DIRECTION ( 'NONE',  ( -8.000000000000000622E-15, -1.000000000000000000, -6.999999999999997783E-15 ) ) ;
#6419 = ORIENTED_EDGE ( 'NONE', *, *, #7843, .F. ) ;
#6420 = CARTESIAN_POINT ( 'NONE',  ( -30.00000000000008882, 29.99999999999980105, 2.500000000000125677 ) ) ;
#6421 = ORIENTED_EDGE ( 'NONE', *, *, #5470, .T. ) ;
#6422 = VERTEX_POINT ( 'NONE', #6194 ) ;
#6423 = PRODUCT_RELATED_PRODUCT_CATEGORY ( 'part', '', ( #3212 ) ) ;
#6424 = CIRCLE ( 'NONE', #4666, 0.3149606299212601157 ) ;
#6425 = FACE_OUTER_BOUND ( 'NONE', #7236, .T. ) ;
#6426 = CARTESIAN_POINT ( 'NONE',  ( -28.25000000000029843, -30.00000000000004974, 22.99999999999927880 ) ) ;
#6427 = CARTESIAN_POINT ( 'NONE',  ( -29.74999999999992895, -29.75000000000000711, 23.99999999999914380 ) ) ;
#6428 = CARTESIAN_POINT ( 'NONE',  ( 28.24999999999971223, -27.00000000000022382, 23.00000000000031619 ) ) ;
#6429 = CARTESIAN_POINT ( 'NONE',  ( 29.75000000000000355, 9.749999999999651834, -0.2499999999998302191 ) ) ;
#6430 = DIRECTION ( 'NONE',  ( -1.000000000000000000, -8.000000000000084241E-15, -1.700000000000005378E-14 ) ) ;
#6431 = DIMENSIONAL_EXPONENTS ( 1.000000000000000000, 0.000000000000000000, 0.000000000000000000, 0.000000000000000000, 0.000000000000000000, 0.000000000000000000, 0.000000000000000000 ) ;
#6432 = EDGE_LOOP ( 'NONE', ( #3757, #695 ) ) ;
#6433 = CARTESIAN_POINT ( 'NONE',  ( -29.74999999999960920, 9.749999999999770850, 1.104691032437986482E-14 ) ) ;
#6434 = ORIENTED_EDGE ( 'NONE', *, *, #6024, .F. ) ;
#6435 = CARTESIAN_POINT ( 'NONE',  ( 29.75000000000000355, 29.74999999999965183, 3.097915624815274565E-13 ) ) ;
#6436 = DIRECTION ( 'NONE',  ( -8.000000000000000622E-15, -1.000000000000000000, -6.999999999999997783E-15 ) ) ;
#6437 = DIRECTION ( 'NONE',  ( -1.000000000000000000, 7.863407600316786968E-15, -3.000000000000000233E-15 ) ) ;
#6438 = CARTESIAN_POINT ( 'NONE',  ( 29.75000000000000355, 9.749999999999651834, -0.2499999999998302191 ) ) ;
#6439 = VERTEX_POINT ( 'NONE', #5828 ) ;
#6440 = VERTEX_POINT ( 'NONE', #3004 ) ;
#6441 = ORIENTED_EDGE ( 'NONE', *, *, #3994, .F. ) ;
#6442 = EDGE_CURVE ( 'NONE', #6895, #1225, #3383, .T. ) ;
#6443 = CIRCLE ( 'NONE', #2163, 0.3149606299212601157 ) ;
#6444 =( BOUNDED_CURVE ( )  B_SPLINE_CURVE ( 3, ( #8153, #6722, #6028, #9041 ),
 .UNSPECIFIED., .F., .F. ) 
 B_SPLINE_CURVE_WITH_KNOTS ( ( 4, 4 ),
 ( 4.930380657631259740E-32, 1.570796326794895004 ),
 .UNSPECIFIED. ) 
 CURVE ( )  GEOMETRIC_REPRESENTATION_ITEM ( )  RATIONAL_B_SPLINE_CURVE ( ( 1.000000000000000000, 0.8047378541243649375, 0.8047378541243649375, 1.000000000000000000 ) ) 
 REPRESENTATION_ITEM ( '' )  );
#6445 = PLANE ( 'NONE',  #6011 ) ;
#6446 = PLANE ( 'NONE',  #750 ) ;
#6447 = LINE ( 'NONE', #7142, #7811 ) ;
#6448 = AXIS2_PLACEMENT_3D ( 'NONE', #4323, #5068, #8096 ) ;
#6449 = ORIENTED_EDGE ( 'NONE', *, *, #8385, .T. ) ;
#6450 = ORIENTED_EDGE ( 'NONE', *, *, #1183, .T. ) ;
#6451 = ORIENTED_EDGE ( 'NONE', *, *, #2725, .F. ) ;
#6452 = DIRECTION ( 'NONE',  ( 0.000000000000000000, 0.000000000000000000, 1.000000000000000000 ) ) ;
#6453 = VERTEX_POINT ( 'NONE', #5386 ) ;
#6454 = DIRECTION ( 'NONE',  ( -4.085576355429845853E-15, -1.000000000000000000, -1.100000000000008566E-14 ) ) ;
#6455 = LINE ( 'NONE', #8817, #7769 ) ;
#6456 = AXIS2_PLACEMENT_3D ( 'NONE', #6656, #5260, #3673 ) ;
#6457 = FACE_OUTER_BOUND ( 'NONE', #4999, .T. ) ;
#6458 = DIRECTION ( 'NONE',  ( 9.483827159451533256E-15, 1.000000000000000000, 1.000000000000014514E-14 ) ) ;
#6459 = CARTESIAN_POINT ( 'NONE',  ( 29.75000000000000355, 29.74999999999965894, -0.2499999999996901923 ) ) ;
#6460 = CARTESIAN_POINT ( 'NONE',  ( 29.49999999999988631, -29.74999999999996447, 0.000000000000000000 ) ) ;
#6461 = FACE_OUTER_BOUND ( 'NONE', #4057, .T. ) ;
#6462 = VECTOR ( 'NONE', #2075, 39.37007874015748143 ) ;
#6463 = VERTEX_POINT ( 'NONE', #3145 ) ;
#6464 = CARTESIAN_POINT ( 'NONE',  ( -27.00000000000014921, -28.24999999999980105, 1.314960629920989499 ) ) ;
#6465 = ORIENTED_EDGE ( 'NONE', *, *, #8850, .T. ) ;
#6466 = AXIS2_PLACEMENT_3D ( 'NONE', #9626, #8111, #8019 ) ;
#6467 = EDGE_LOOP ( 'NONE', ( #2259, #4992, #9148, #4517 ) ) ;
#6468 = DIRECTION ( 'NONE',  ( -2.999999999999999839E-15, -6.999999999999997783E-15, 1.000000000000000000 ) ) ;
#6469 = CARTESIAN_POINT ( 'NONE',  ( 26.87500000000016698, 29.62499999999992539, 23.99999999999981526 ) ) ;
#6470 = VECTOR ( 'NONE', #6142, 39.37007874015748143 ) ;
#6471 = LINE ( 'NONE', #4875, #5527 ) ;
#6472 = LINE ( 'NONE', #1204, #144 ) ;
#6473 = VECTOR ( 'NONE', #7116, 39.37007874015748143 ) ;
#6474 = DIRECTION ( 'NONE',  ( -9.106159978880878627E-17, 1.000000000000000000, 0.000000000000000000 ) ) ;
#6475 = LINE ( 'NONE', #2055, #7322 ) ;
#6476 = VECTOR ( 'NONE', #4408, 39.37007874015748143 ) ;
#6477 = VERTEX_POINT ( 'NONE', #912 ) ;
#6478 = AXIS2_PLACEMENT_3D ( 'NONE', #1137, #2872, #6494 ) ;
#6479 = CARTESIAN_POINT ( 'NONE',  ( 29.24999999999988276, -29.49999999999996447, 0.000000000000000000 ) ) ;
#6480 = ORIENTED_EDGE ( 'NONE', *, *, #5838, .T. ) ;
#6481 = DIRECTION ( 'NONE',  ( 0.000000000000000000, 0.000000000000000000, -1.000000000000000000 ) ) ;
#6482 = EDGE_CURVE ( 'NONE', #939, #1087, #9228, .T. ) ;
#6483 = CARTESIAN_POINT ( 'NONE',  ( -28.25000000000012434, -29.99999999999974776, 0.6850393700784401796 ) ) ;
#6484 = LINE ( 'NONE', #2118, #9538 ) ;
#6485 = CIRCLE ( 'NONE', #5218, 0.3149606299212601157 ) ;
#6486 = DIRECTION ( 'NONE',  ( 1.799999999999999903E-14, 9.999999999999998410E-15, -1.000000000000000000 ) ) ;
#6487 = ORIENTED_EDGE ( 'NONE', *, *, #5648, .F. ) ;
#6488 = ORIENTED_EDGE ( 'NONE', *, *, #471, .T. ) ;
#6489 = ORIENTED_EDGE ( 'NONE', *, *, #7095, .F. ) ;
#6490 = EDGE_CURVE ( 'NONE', #9128, #9496, #5429, .T. ) ;
#6491 =( GEOMETRIC_REPRESENTATION_CONTEXT ( 3 ) GLOBAL_UNCERTAINTY_ASSIGNED_CONTEXT ( ( #7457 ) ) GLOBAL_UNIT_ASSIGNED_CONTEXT ( ( #271, #3284, #8535 ) ) REPRESENTATION_CONTEXT ( 'NONE', 'WORKASPACE' ) );
#6492 = CONTEXT_DEPENDENT_SHAPE_REPRESENTATION ( #425, #2656 ) ;
#6493 = ADVANCED_FACE ( 'NONE', ( #6962 ), #3097, .F. ) ;
#6494 = DIRECTION ( 'NONE',  ( 0.000000000000000000, 0.000000000000000000, -1.000000000000000000 ) ) ;
#6495 = CARTESIAN_POINT ( 'NONE',  ( -29.00000000000006040, 29.24999999999981171, 0.5000000000001236788 ) ) ;
#6496 = ADVANCED_FACE ( 'NONE', ( #4673 ), #1563, .F. ) ;
#6497 = EDGE_CURVE ( 'NONE', #5748, #8244, #3196, .T. ) ;
#6498 = EDGE_CURVE ( 'NONE', #6221, #4291, #703, .T. ) ;
#6499 = DIRECTION ( 'NONE',  ( 1.000000000000000000, -7.908938400211212555E-15, 3.000000000000001022E-15 ) ) ;
#6500 = VECTOR ( 'NONE', #7528, 39.37007874015748143 ) ;
#6501 = EDGE_LOOP ( 'NONE', ( #3653, #4114, #9029, #7304 ) ) ;
#6502 = VERTEX_POINT ( 'NONE', #3934 ) ;
#6503 = ORIENTED_EDGE ( 'NONE', *, *, #2234, .F. ) ;
#6504 =( BOUNDED_CURVE ( )  B_SPLINE_CURVE ( 3, ( #1600, #4415, #7612, #4518 ),
 .UNSPECIFIED., .F., .F. ) 
 B_SPLINE_CURVE_WITH_KNOTS ( ( 4, 4 ),
 ( 1.570796326794895004, 3.141592653589795336 ),
 .UNSPECIFIED. ) 
 CURVE ( )  GEOMETRIC_REPRESENTATION_ITEM ( )  RATIONAL_B_SPLINE_CURVE ( ( 1.000000000000000000, 0.8047378541243649375, 0.8047378541243649375, 1.000000000000000000 ) ) 
 REPRESENTATION_ITEM ( '' )  );
#6505 =( CONVERSION_BASED_UNIT ( 'INCH', #1240 ) LENGTH_UNIT ( ) NAMED_UNIT ( #8209 ) );
#6506 = ORIENTED_EDGE ( 'NONE', *, *, #4016, .F. ) ;
#6507 = FACE_OUTER_BOUND ( 'NONE', #7157, .T. ) ;
#6508 = CARTESIAN_POINT ( 'NONE',  ( -29.74999999999993250, -29.75000000000000711, 24.24999999999914735 ) ) ;
#6509 = FACE_OUTER_BOUND ( 'NONE', #8950, .T. ) ;
#6510 = AXIS2_PLACEMENT_3D ( 'NONE', #9052, #2261, #5334 ) ;
#6511 = PLANE ( 'NONE',  #8054 ) ;
#6512 = CARTESIAN_POINT ( 'NONE',  ( -29.24999999999975131, 29.49999999999960920, 24.00000000000008527 ) ) ;
#6513 = PLANE ( 'NONE',  #7209 ) ;
#6514 = AXIS2_PLACEMENT_3D ( 'NONE', #3566, #2767, #5091 ) ;
#6515 = ADVANCED_FACE ( 'NONE', ( #3839 ), #7807, .F. ) ;
#6516 = ADVANCED_FACE ( 'NONE', ( #4766 ), #1657, .F. ) ;
#6517 = ORIENTED_EDGE ( 'NONE', *, *, #3463, .F. ) ;
#6518 = EDGE_CURVE ( 'NONE', #9421, #376, #9129, .T. ) ;
#6519 = CARTESIAN_POINT ( 'NONE',  ( -29.43699999999992301, -29.43700000000047012, 24.24999999999926104 ) ) ;
#6520 = ORIENTED_EDGE ( 'NONE', *, *, #5707, .T. ) ;
#6521 = ORIENTED_EDGE ( 'NONE', *, *, #1713, .F. ) ;
#6522 = CARTESIAN_POINT ( 'NONE',  ( 29.80177669529636120, -29.80177669529681594, 21.50000000000029488 ) ) ;
#6523 = DIRECTION ( 'NONE',  ( -3.000000000000293689E-15, -1.000000000000000000, -7.000000000000061681E-15 ) ) ;
#6524 = VECTOR ( 'NONE', #1360, 39.37007874015748143 ) ;
#6525 = CARTESIAN_POINT ( 'NONE',  ( -30.00000000000008882, 29.99999999999980105, 2.500000000000125677 ) ) ;
#6526 = EDGE_CURVE ( 'NONE', #2776, #5388, #9229, .T. ) ;
#6527 = LINE ( 'NONE', #4709, #5676 ) ;
#6528 = CYLINDRICAL_SURFACE ( 'NONE', #8627, 0.1250000000000015266 ) ;
#6529 = CARTESIAN_POINT ( 'NONE',  ( -29.43699999999977379, -48.00000000000047606, 24.24999999999912959 ) ) ;
#6530 = AXIS2_PLACEMENT_3D ( 'NONE', #2361, #1629, #4409 ) ;
#6531 = EDGE_LOOP ( 'NONE', ( #138, #6713, #2660, #2188 ) ) ;
#6532 = ORIENTED_EDGE ( 'NONE', *, *, #32, .F. ) ;
#6533 = DIRECTION ( 'NONE',  ( 2.999999999999926475E-15, 2.629043210137173478E-15, -1.000000000000000000 ) ) ;
#6534 = ORIENTED_EDGE ( 'NONE', *, *, #6981, .T. ) ;
#6535 = EDGE_CURVE ( 'NONE', #3862, #3077, #4624, .T. ) ;
#6536 = LINE ( 'NONE', #7321, #1084 ) ;
#6537 = VECTOR ( 'NONE', #2948, 39.37007874015748143 ) ;
#6538 = LINE ( 'NONE', #3657, #238 ) ;
#6539 = DIRECTION ( 'NONE',  ( 1.000000000000000000, 4.000000000000063420E-15, 1.800000000000008423E-14 ) ) ;
#6540 = PLANE ( 'NONE',  #3224 ) ;
#6541 = LINE ( 'NONE', #8025, #9506 ) ;
#6542 = ORIENTED_EDGE ( 'NONE', *, *, #1061, .T. ) ;
#6543 = ORIENTED_EDGE ( 'NONE', *, *, #3015, .T. ) ;
#6544 = COLOUR_RGB ( '',0.7921568627450980005, 0.8196078431372548767, 0.9333333333333333481 ) ;
#6545 = ADVANCED_FACE ( 'NONE', ( #6915 ), #9275, .F. ) ;
#6546 = AXIS2_PLACEMENT_3D ( 'NONE', #3767, #3716, #8228 ) ;
#6547 = VERTEX_POINT ( 'NONE', #1708 ) ;
#6548 = CARTESIAN_POINT ( 'NONE',  ( -10.50000000000036948, 10.49999999999987388, 24.49999999999985434 ) ) ;
#6549 = CARTESIAN_POINT ( 'NONE',  ( -30.00000000000007105, 29.74999999999981526, 1.239146821739767490E-13 ) ) ;
#6550 = AXIS2_PLACEMENT_3D ( 'NONE', #4628, #9050, #8354 ) ;
#6551 = AXIS2_PLACEMENT_3D ( 'NONE', #5507, #1743, #5411 ) ;
#6552 = VECTOR ( 'NONE', #8889, 39.37007874015748143 ) ;
#6553 = DIRECTION ( 'NONE',  ( -3.000000000000293689E-15, -1.000000000000000000, -7.000000000000061681E-15 ) ) ;
#6554 = ORIENTED_EDGE ( 'NONE', *, *, #7828, .T. ) ;
#6555 = ORIENTED_EDGE ( 'NONE', *, *, #7593, .F. ) ;
#6556 = EDGE_CURVE ( 'NONE', #9577, #6440, #6870, .T. ) ;
#6557 = ORIENTED_EDGE ( 'NONE', *, *, #7449, .F. ) ;
#6558 = EDGE_CURVE ( 'NONE', #5393, #2444, #1014, .T. ) ;
#6559 = PRODUCT_DEFINITION_SHAPE ( 'NONE', 'NONE',  #9760 ) ;
#6560 = AXIS2_PLACEMENT_3D ( 'NONE', #3185, #3334, #6310 ) ;
#6561 = CIRCLE ( 'NONE', #1807, 0.3149606299212601157 ) ;
#6562 = CARTESIAN_POINT ( 'NONE',  ( 0.000000000000000000, 0.000000000000000000, 0.000000000000000000 ) ) ;
#6563 = DIRECTION ( 'NONE',  ( -1.000000000000000000, 1.499999999999999919E-14, -2.999999999999999839E-15 ) ) ;
#6564 = CARTESIAN_POINT ( 'NONE',  ( -28.25000000000008527, 29.74999999999981171, 1.314960629921388735 ) ) ;
#6565 = DIRECTION ( 'NONE',  ( -4.000000000000000311E-15, -6.999999999999997783E-15, 1.000000000000000000 ) ) ;
#6566 = LINE ( 'NONE', #5865, #976 ) ;
#6567 = CARTESIAN_POINT ( 'NONE',  ( -48.00000000000031974, 29.87499999999944933, 21.49999999999935341 ) ) ;
#6568 = EDGE_CURVE ( 'NONE', #3628, #2879, #3243, .T. ) ;
#6569 = ORIENTED_EDGE ( 'NONE', *, *, #7950, .T. ) ;
#6570 = DIRECTION ( 'NONE',  ( 0.000000000000000000, 0.000000000000000000, 1.000000000000000000 ) ) ;
#6571 = ORIENTED_EDGE ( 'NONE', *, *, #2309, .F. ) ;
#6572 = ORIENTED_EDGE ( 'NONE', *, *, #7285, .F. ) ;
#6573 = PLANE ( 'NONE',  #9685 ) ;
#6574 = CARTESIAN_POINT ( 'NONE',  ( 26.99999999999990763, 28.24999999999997868, 1.314960629921571256 ) ) ;
#6575 = EDGE_CURVE ( 'NONE', #5464, #7712, #1551, .T. ) ;
#6576 = DIRECTION ( 'NONE',  ( 1.000000000000042085E-15, 1.000000000000000000, 7.000000000000001727E-15 ) ) ;
#6577 = DIRECTION ( 'NONE',  ( 3.908938400211191734E-15, 1.000000000000000000, 6.374311985216616465E-31 ) ) ;
#6578 = DIRECTION ( 'NONE',  ( -3.999999999999706066E-15, 1.000000000000000000, 6.999999999999925997E-15 ) ) ;
#6579 = LINE ( 'NONE', #7967, #9672 ) ;
#6580 = VERTEX_POINT ( 'NONE', #8784 ) ;
#6581 = AXIS2_PLACEMENT_3D ( 'NONE', #9179, #6819, #7711 ) ;
#6582 = VERTEX_POINT ( 'NONE', #1810 ) ;
#6583 = DIRECTION ( 'NONE',  ( -0.7071067811865511255, -0.7071067811865439090, -2.076840271604908788E-14 ) ) ;
#6584 = ORIENTED_EDGE ( 'NONE', *, *, #1413, .F. ) ;
#6585 = DIRECTION ( 'NONE',  ( -1.000000000000000000, 2.185478394931414913E-15, 0.000000000000000000 ) ) ;
#6586 =( CONVERSION_BASED_UNIT ( 'INCH', #2211 ) LENGTH_UNIT ( ) NAMED_UNIT ( #6393 ) );
#6587 = CARTESIAN_POINT ( 'NONE',  ( -29.99999999999969447, 28.25000000000022737, 0.6850393700788531826 ) ) ;
#6588 = DIRECTION ( 'NONE',  ( -4.000000000000000311E-15, -9.999999999999998410E-15, 1.000000000000000000 ) ) ;
#6589 = LINE ( 'NONE', #5787, #2087 ) ;
#6590 = EDGE_CURVE ( 'NONE', #3554, #5562, #9151, .T. ) ;
#6591 = ADVANCED_FACE ( 'NONE', ( #7864 ), #7251, .T. ) ;
#6592 = VERTEX_POINT ( 'NONE', #1249 ) ;
#6593 = CARTESIAN_POINT ( 'NONE',  ( 38.71849999999960801, 38.71849999999978564, 24.25000000000094147 ) ) ;
#6594 = LINE ( 'NONE', #9587, #9161 ) ;
#6595 = DIRECTION ( 'NONE',  ( 1.000000000000000000, -1.387778780781444571E-14, 0.000000000000000000 ) ) ;
#6596 = AXIS2_PLACEMENT_3D ( 'NONE', #1911, #9426, #5822 ) ;
#6597 = PLANE ( 'NONE',  #897 ) ;
#6598 = DIRECTION ( 'NONE',  ( -4.000000000000000311E-15, -1.000000000000000000, -6.999999999999998572E-15 ) ) ;
#6599 = ADVANCED_FACE ( 'NONE', ( #9512 ), #4080, .F. ) ;
#6600 = CARTESIAN_POINT ( 'NONE',  ( -28.25000000000012434, -29.99999999999975131, 0.9999999999997003508 ) ) ;
#6601 = ORIENTED_EDGE ( 'NONE', *, *, #240, .F. ) ;
#6602 = ORIENTED_EDGE ( 'NONE', *, *, #1952, .F. ) ;
#6603 = ORIENTED_EDGE ( 'NONE', *, *, #2722, .T. ) ;
#6604 = CARTESIAN_POINT ( 'NONE',  ( 0.000000000000000000, 0.000000000000000000, 0.000000000000000000 ) ) ;
#6605 = DIRECTION ( 'NONE',  ( 1.387778780781444571E-14, 1.387778780781444571E-14, -1.000000000000000000 ) ) ;
#6606 = CARTESIAN_POINT ( 'NONE',  ( -29.87500000000034817, 29.87499999999954881, 21.49999999999966960 ) ) ;
#6607 = CARTESIAN_POINT ( 'NONE',  ( -29.87499999999987210, -29.87500000000045119, 21.49999999999925038 ) ) ;
#6608 = PLANE ( 'NONE',  #2662 ) ;
#6609 = VECTOR ( 'NONE', #9446, 39.37007874015748143 ) ;
#6610 = CARTESIAN_POINT ( 'NONE',  ( -29.75000000000039080, 29.74999999999949907, 24.12035115497690185 ) ) ;
#6611 = CARTESIAN_POINT ( 'NONE',  ( -26.74999999999975131, 29.74999999999959144, 24.00000000000009237 ) ) ;
#6612 = ORIENTED_EDGE ( 'NONE', *, *, #5374, .F. ) ;
#6613 = EDGE_CURVE ( 'NONE', #8957, #9313, #2171, .T. ) ;
#6614 = DIRECTION ( 'NONE',  ( -1.000000000000000000, 8.000000000000084241E-15, -3.999999999999832283E-15 ) ) ;
#6615 = ORIENTED_EDGE ( 'NONE', *, *, #5648, .T. ) ;
#6616 = EDGE_LOOP ( 'NONE', ( #8005, #5645, #3395, #7559 ) ) ;
#6617 = AXIS2_PLACEMENT_3D ( 'NONE', #4854, #9365, #5001 ) ;
#6618 = VECTOR ( 'NONE', #9553, 39.37007874015748143 ) ;
#6619 = DIRECTION ( 'NONE',  ( -1.000000000000000000, 0.000000000000000000, 0.000000000000000000 ) ) ;
#6620 = CARTESIAN_POINT ( 'NONE',  ( 29.74999999999976197, -9.749999999999888090, 24.25000000000045830 ) ) ;
#6621 = DIRECTION ( 'NONE',  ( 1.387778780781444571E-14, 1.387778780781444571E-14, -1.000000000000000000 ) ) ;
#6622 = CIRCLE ( 'NONE', #7238, 0.3149606299212601157 ) ;
#6623 = CARTESIAN_POINT ( 'NONE',  ( 29.74999999999996447, -9.749999999999998224, -0.2499999999999916733 ) ) ;
#6624 = DIRECTION ( 'NONE',  ( 1.799999999999999903E-14, 6.999999999999997783E-15, -1.000000000000000000 ) ) ;
#6625 = FACE_OUTER_BOUND ( 'NONE', #3922, .T. ) ;
#6626 = CARTESIAN_POINT ( 'NONE',  ( 9.749999999999761968, -29.74999999999988987, 24.24999999999997868 ) ) ;
#6627 = DIRECTION ( 'NONE',  ( -1.000000000000000000, 1.511502517868060083E-14, -2.999999999999998261E-15 ) ) ;
#6628 = EDGE_CURVE ( 'NONE', #1159, #505, #5669, .T. ) ;
#6629 = ORIENTED_EDGE ( 'NONE', *, *, #8738, .F. ) ;
#6630 = ORIENTED_EDGE ( 'NONE', *, *, #5125, .T. ) ;
#6631 = PRODUCT_DEFINITION_CONTEXT ( 'detailed design', #610, 'design' ) ;
#6632 = ORIENTED_EDGE ( 'NONE', *, *, #5073, .T. ) ;
#6633 = DIRECTION ( 'NONE',  ( -1.000000000000000000, -8.000000000000082663E-15, -1.718212319957778453E-14 ) ) ;
#6634 = EDGE_LOOP ( 'NONE', ( #6795, #9703, #1599, #2257 ) ) ;
#6635 = VECTOR ( 'NONE', #8756, 39.37007874015748143 ) ;
#6636 = CARTESIAN_POINT ( 'NONE',  ( -28.25000000000012434, -29.74999999999974776, 0.6850393700784418449 ) ) ;
#6637 = FILL_AREA_STYLE_COLOUR ( '', #87 ) ;
#6638 = DIRECTION ( 'NONE',  ( -3.000000000000000233E-15, 1.000000000000000000, 7.182123199577615725E-15 ) ) ;
#6639 = AXIS2_PLACEMENT_3D ( 'NONE', #1108, #369, #2679 ) ;
#6640 = CARTESIAN_POINT ( 'NONE',  ( 26.99999999999992895, 26.99999999999998934, -0.3749999999997243316 ) ) ;
#6641 = LINE ( 'NONE', #8902, #8891 ) ;
#6642 = VERTEX_POINT ( 'NONE', #2685 ) ;
#6643 = CARTESIAN_POINT ( 'NONE',  ( -29.50000000000032685, -28.56496062992081519, 0.9999999999996407318 ) ) ;
#6644 = ADVANCED_FACE ( 'NONE', ( #1906 ), #1156, .F. ) ;
#6645 = COLOUR_RGB ( '',0.7921568627450980005, 0.8196078431372548767, 0.9333333333333333481 ) ;
#6646 = DIRECTION ( 'NONE',  ( -2.999999999999999839E-15, 1.000000000000000000, 6.999999999999998572E-15 ) ) ;
#6647 = FACE_OUTER_BOUND ( 'NONE', #9691, .T. ) ;
#6648 = FACE_BOUND ( 'NONE', #9231, .T. ) ;
#6649 = CARTESIAN_POINT ( 'NONE',  ( 29.49999999999972289, 9.749999999999756639, 24.25000000000061107 ) ) ;
#6650 = EDGE_CURVE ( 'NONE', #9549, #7403, #910, .T. ) ;
#6651 = CARTESIAN_POINT ( 'NONE',  ( 27.12499999999965183, 27.12499999999972999, 24.25000000000068567 ) ) ;
#6652 = ORIENTED_EDGE ( 'NONE', *, *, #4602, .F. ) ;
#6653 = ORIENTED_EDGE ( 'NONE', *, *, #8841, .T. ) ;
#6654 = AXIS2_PLACEMENT_3D ( 'NONE', #4097, #7125, #1773 ) ;
#6655 = ORIENTED_EDGE ( 'NONE', *, *, #3227, .T. ) ;
#6656 = CARTESIAN_POINT ( 'NONE',  ( -29.62500000000037303, -26.87499999999978684, 23.99999999999965539 ) ) ;
#6657 =( NAMED_UNIT ( * ) SI_UNIT ( $, .STERADIAN. ) SOLID_ANGLE_UNIT ( ) );
#6658 = FACE_OUTER_BOUND ( 'NONE', #8866, .T. ) ;
#6659 = LENGTH_MEASURE_WITH_UNIT ( LENGTH_MEASURE( 0.02539999999999999897 ), #5960 );
#6660 = DIRECTION ( 'NONE',  ( 1.000000000000000000, 0.000000000000000000, 3.000000000000044409E-15 ) ) ;
#6661 = CARTESIAN_POINT ( 'NONE',  ( -29.49999999999960920, 9.749999999999770850, 1.205427927204356079E-14 ) ) ;
#6662 = FACE_BOUND ( 'NONE', #5657, .T. ) ;
#6663 = ORIENTED_EDGE ( 'NONE', *, *, #7291, .F. ) ;
#6664 = DIRECTION ( 'NONE',  ( -1.000000000000000000, 0.000000000000000000, 1.387778780781444571E-14 ) ) ;
#6665 = EDGE_LOOP ( 'NONE', ( #2253, #785, #7810, #5561, #4138 ) ) ;
#6666 = ORIENTED_EDGE ( 'NONE', *, *, #6689, .F. ) ;
#6667 = EDGE_CURVE ( 'NONE', #1467, #3981, #5764, .T. ) ;
#6668 = LINE ( 'NONE', #570, #67 ) ;
#6669 = FACE_OUTER_BOUND ( 'NONE', #6056, .T. ) ;
#6670 = DIRECTION ( 'NONE',  ( -0.7071067811865446862, 0.7071067811865502373, -4.242640687119164899E-15 ) ) ;
#6671 = DIRECTION ( 'NONE',  ( 0.7071067811865502373, -0.7071067811865446862, 4.949747468305954415E-15 ) ) ;
#6672 = CARTESIAN_POINT ( 'NONE',  ( -29.75000000000031264, 29.74999999999951683, 21.62499999999968026 ) ) ;
#6673 = DIRECTION ( 'NONE',  ( -3.914423644570364606E-15, -1.000000000000000000, -9.999999999999998410E-15 ) ) ;
#6674 = CARTESIAN_POINT ( 'NONE',  ( 47.99999999999992184, 29.43700000000005446, -0.2499999999996446454 ) ) ;
#6675 = DIRECTION ( 'NONE',  ( -2.999999999999999839E-15, 1.000000000000000000, 6.999999999999998572E-15 ) ) ;
#6676 = ORIENTED_EDGE ( 'NONE', *, *, #1560, .T. ) ;
#6677 = ORIENTED_EDGE ( 'NONE', *, *, #4744, .T. ) ;
#6679 = ORIENTED_EDGE ( 'NONE', *, *, #3845, .F. ) ;
#6678 = EDGE_CURVE ( 'NONE', #6037, #7991, #2024, .T. ) ;
#6680 = AXIS2_PLACEMENT_3D ( 'NONE', #3, #7680, #4680 ) ;
#6681 = DIRECTION ( 'NONE',  ( -4.000000000000000311E-15, -1.099999999999999888E-14, 1.000000000000000000 ) ) ;
#6682 = EDGE_LOOP ( 'NONE', ( #9399, #5835, #6407, #2177, #5868 ) ) ;
#6683 = EDGE_CURVE ( 'NONE', #926, #6440, #1859, .T. ) ;
#6684 = LINE ( 'NONE', #6829, #9299 ) ;
#6685 = CARTESIAN_POINT ( 'NONE',  ( -29.75000000000036238, 28.24999999999954170, 22.99999999999965894 ) ) ;
#6686 = LINE ( 'NONE', #2959, #7343 ) ;
#6687 = LINE ( 'NONE', #3849, #7487 ) ;
#6688 = EDGE_CURVE ( 'NONE', #1088, #5968, #3295, .T. ) ;
#6689 = EDGE_CURVE ( 'NONE', #6884, #4699, #4863, .T. ) ;
#6690 = ORIENTED_EDGE ( 'NONE', *, *, #7750, .F. ) ;
#6691 = CARTESIAN_POINT ( 'NONE',  ( -30.00000000000032330, -30.00000000000005684, 24.49999999999924682 ) ) ;
#6692 = VECTOR ( 'NONE', #2308, 39.37007874015748143 ) ;
#6693 = DIMENSIONAL_EXPONENTS ( 1.000000000000000000, 0.000000000000000000, 0.000000000000000000, 0.000000000000000000, 0.000000000000000000, 0.000000000000000000, 0.000000000000000000 ) ;
#6694 = EDGE_CURVE ( 'NONE', #4880, #479, #5009, .T. ) ;
#6695 = DIRECTION ( 'NONE',  ( -0.7071067811865469066, -0.7071067811865481278, -7.135458086581875693E-15 ) ) ;
#6696 = CARTESIAN_POINT ( 'NONE',  ( 9.281499999999915929, -9.281500000000294293, 24.25000000000006040 ) ) ;
#6697 = DIRECTION ( 'NONE',  ( 1.000000000000000000, 8.557635542960778703E-17, 4.000000000000001100E-15 ) ) ;
#6698 = CYLINDRICAL_SURFACE ( 'NONE', #2421, 0.3149606299212601157 ) ;
#6699 = CARTESIAN_POINT ( 'NONE',  ( 29.74999999999988631, -29.74999999999999645, -0.2500000000001916800 ) ) ;
#6700 = CIRCLE ( 'NONE', #6385, 0.3149606299212601157 ) ;
#6701 = ORIENTED_EDGE ( 'NONE', *, *, #5025, .T. ) ;
#6702 = ORIENTED_EDGE ( 'NONE', *, *, #7850, .F. ) ;
#6703 = VERTEX_POINT ( 'NONE', #6420 ) ;
#6704 = DIRECTION ( 'NONE',  ( 8.000000000000000622E-15, 1.000000000000000000, 7.000000000000000938E-15 ) ) ;
#6705 =( GEOMETRIC_REPRESENTATION_CONTEXT ( 3 ) GLOBAL_UNCERTAINTY_ASSIGNED_CONTEXT ( ( #8924 ) ) GLOBAL_UNIT_ASSIGNED_CONTEXT ( ( #1653, #1053, #8488 ) ) REPRESENTATION_CONTEXT ( 'NONE', 'WORKASPACE' ) );
#6706 = CYLINDRICAL_SURFACE ( 'NONE', #3895, 0.3149606299212600047 ) ;
#6707 = CARTESIAN_POINT ( 'NONE',  ( 29.74999999999964828, 29.74999999999974065, 23.93700000000075079 ) ) ;
#6708 = LINE ( 'NONE', #5545, #2825 ) ;
#6709 = LINE ( 'NONE', #9699, #4459 ) ;
#6710 = DIRECTION ( 'NONE',  ( -1.000000000000000000, 8.000000000000084241E-15, -3.999999999999832283E-15 ) ) ;
#6711 = ORIENTED_EDGE ( 'NONE', *, *, #6490, .T. ) ;
#6712 = DIRECTION ( 'NONE',  ( -3.817876800422383157E-15, -7.000000000000000938E-15, 1.000000000000000000 ) ) ;
#6713 = ORIENTED_EDGE ( 'NONE', *, *, #3585, .F. ) ;
#6714 = EDGE_CURVE ( 'NONE', #6547, #1681, #9420, .T. ) ;
#6715 = AXIS2_PLACEMENT_3D ( 'NONE', #1407, #4567, #9757 ) ;
#6716 = EDGE_LOOP ( 'NONE', ( #2647, #4432, #1824, #8939 ) ) ;
#6717 = VECTOR ( 'NONE', #746, 39.37007874015748143 ) ;
#6718 = DIRECTION ( 'NONE',  ( -1.000000000000000000, 8.000000000000000622E-15, -2.999999999999999839E-15 ) ) ;
#6719 = DIRECTION ( 'NONE',  ( -1.000000000000000000, -9.106159978880879860E-17, 0.000000000000000000 ) ) ;
#6720 = CARTESIAN_POINT ( 'NONE',  ( -29.87500000000030909, 29.87499999999952038, 21.49999999999967670 ) ) ;
#6721 = CARTESIAN_POINT ( 'NONE',  ( 29.62500000000015987, 26.74999999999991829, 23.99999999999979750 ) ) ;
#6722 = CARTESIAN_POINT ( 'NONE',  ( -29.75000000000010658, 29.74999999999981526, -0.1203511549770982653 ) ) ;
#6723 = CARTESIAN_POINT ( 'NONE',  ( -9.749999999999927169, -29.75000000000008882, 24.24999999999948486 ) ) ;
#6724 = DIRECTION ( 'NONE',  ( 1.800000000000001481E-14, 6.999999999999997783E-15, -1.000000000000000000 ) ) ;
#6725 = FACE_BOUND ( 'NONE', #692, .T. ) ;
#6726 = ORIENTED_EDGE ( 'NONE', *, *, #3420, .F. ) ;
#6727 = ORIENTED_EDGE ( 'NONE', *, *, #4327, .F. ) ;
#6728 = ORIENTED_EDGE ( 'NONE', *, *, #82, .T. ) ;
#6729 = DIRECTION ( 'NONE',  ( -4.000000000000000311E-15, -1.099999999999999888E-14, 1.000000000000000000 ) ) ;
#6730 = ORIENTED_EDGE ( 'NONE', *, *, #645, .T. ) ;
#6731 = CARTESIAN_POINT ( 'NONE',  ( 29.99999999999964828, 47.99999999999979394, 21.50000000000084555 ) ) ;
#6732 = DIRECTION ( 'NONE',  ( -1.748382715945159699E-14, -1.000000000000000000, -7.000000000000295183E-15 ) ) ;
#6733 = DIRECTION ( 'NONE',  ( -0.000000000000000000, 0.000000000000000000, -1.000000000000000000 ) ) ;
#6734 = CARTESIAN_POINT ( 'NONE',  ( 26.99999999999959854, 47.99999999999977973, 24.37500000000079226 ) ) ;
#6735 =( GEOMETRIC_REPRESENTATION_CONTEXT ( 3 ) GLOBAL_UNCERTAINTY_ASSIGNED_CONTEXT ( ( #9607 ) ) GLOBAL_UNIT_ASSIGNED_CONTEXT ( ( #3305, #2549, #7965 ) ) REPRESENTATION_CONTEXT ( 'NONE', 'WORKASPACE' ) );
#6736 = FACE_OUTER_BOUND ( 'NONE', #7327, .T. ) ;
#6737 = ORIENTED_EDGE ( 'NONE', *, *, #3114, .T. ) ;
#6738 = DIRECTION ( 'NONE',  ( -3.999999999999706066E-15, 1.000000000000000000, 6.999999999999913375E-15 ) ) ;
#6739 = ORIENTED_EDGE ( 'NONE', *, *, #1169, .F. ) ;
#6740 = AXIS2_PLACEMENT_3D ( 'NONE', #7300, #3679, #9650 ) ;
#6741 = PLANE ( 'NONE',  #5690 ) ;
#6742 = CARTESIAN_POINT ( 'NONE',  ( 29.43699999999985906, -29.43700000000001538, -0.2500000000000851541 ) ) ;
#6743 = DIRECTION ( 'NONE',  ( -0.7071067811865474617, 0.7071067811865474617, 2.121320343559641219E-15 ) ) ;
#6744 = DIRECTION ( 'NONE',  ( 1.000000000000000000, 0.000000000000000000, 0.000000000000000000 ) ) ;
#6745 = DIRECTION ( 'NONE',  ( 0.000000000000000000, 0.000000000000000000, -1.000000000000000000 ) ) ;
#6746 = VERTEX_POINT ( 'NONE', #4968 ) ;
#6747 = ADVANCED_FACE ( 'NONE', ( #9467, #1953, #6321 ), #5269, .F. ) ;
#6748 = VERTEX_POINT ( 'NONE', #9702 ) ;
#6749 = ORIENTED_EDGE ( 'NONE', *, *, #4991, .T. ) ;
#6750 = DIRECTION ( 'NONE',  ( -1.000000000000000000, -6.982962677686266711E-15, 0.000000000000000000 ) ) ;
#6751 = FACE_OUTER_BOUND ( 'NONE', #3128, .T. ) ;
#6752 = CYLINDRICAL_SURFACE ( 'NONE', #3943, 0.1250000000000015266 ) ;
#6753 = CARTESIAN_POINT ( 'NONE',  ( -38.71850000000015513, -38.71849999999970038, -0.2500000000003925194 ) ) ;
#6754 = CARTESIAN_POINT ( 'NONE',  ( 29.75000000000016698, 29.74999999999991473, 23.99999999999979750 ) ) ;
#6755 = DIRECTION ( 'NONE',  ( 1.000000000000000000, 0.000000000000000000, 0.000000000000000000 ) ) ;
#6756 = FACE_OUTER_BOUND ( 'NONE', #5183, .T. ) ;
#6757 = EDGE_LOOP ( 'NONE', ( #5136, #6872, #244, #9611 ) ) ;
#6758 = CARTESIAN_POINT ( 'NONE',  ( -29.99999999999953459, 48.00000000000024869, -0.4999999999997488120 ) ) ;
#6759 = ORIENTED_EDGE ( 'NONE', *, *, #3801, .F. ) ;
#6760 = VERTEX_POINT ( 'NONE', #9609 ) ;
#6761 = EDGE_CURVE ( 'NONE', #7208, #5418, #3616, .T. ) ;
#6762 = DIRECTION ( 'NONE',  ( -8.000000000000000622E-15, -1.000000000000000000, -6.999999999999997783E-15 ) ) ;
#6763 = CARTESIAN_POINT ( 'NONE',  ( 29.87499999999982947, -48.00000000000002842, 2.499999999999786393 ) ) ;
#6764 = VECTOR ( 'NONE', #5149, 39.37007874015748143 ) ;
#6765 = CARTESIAN_POINT ( 'NONE',  ( -30.00000000000007461, 29.74999999999981526, -0.1464466094065959290 ) ) ;
#6766 =( BOUNDED_CURVE ( )  B_SPLINE_CURVE ( 3, ( #3563, #5190, #3706, #3614 ),
 .UNSPECIFIED., .F., .T. ) 
 B_SPLINE_CURVE_WITH_KNOTS ( ( 4, 4 ),
 ( 1.570796326794895004, 3.141592653589795336 ),
 .UNSPECIFIED. ) 
 CURVE ( )  GEOMETRIC_REPRESENTATION_ITEM ( )  RATIONAL_B_SPLINE_CURVE ( ( 1.000000000000000000, 0.8047378541243649375, 0.8047378541243649375, 1.000000000000000000 ) ) 
 REPRESENTATION_ITEM ( '' )  );
#6767 = CARTESIAN_POINT ( 'NONE',  ( -29.74999999999976552, -48.00000000000047606, 23.93699999999912720 ) ) ;
#6768 = DIRECTION ( 'NONE',  ( -4.085576355429636016E-15, 1.000000000000000000, 1.099999999999999888E-14 ) ) ;
#6769 = EDGE_CURVE ( 'NONE', #1478, #1159, #7727, .T. ) ;
#6770 = LENGTH_MEASURE_WITH_UNIT ( LENGTH_MEASURE( 0.02539999999999999897 ), #7572 );
#6771 = DIRECTION ( 'NONE',  ( 8.115025178680600680E-15, 1.000000000000000000, 7.000000000000000938E-15 ) ) ;
#6772 = ORIENTED_EDGE ( 'NONE', *, *, #2242, .F. ) ;
#6773 = VECTOR ( 'NONE', #2779, 39.37007874015748143 ) ;
#6774 = VERTEX_POINT ( 'NONE', #5813 ) ;
#6775 = VECTOR ( 'NONE', #7997, 39.37007874015748854 ) ;
#6776 = ORIENTED_EDGE ( 'NONE', *, *, #1570, .F. ) ;
#6777 = CARTESIAN_POINT ( 'NONE',  ( -26.75000000000041567, -29.74999999999982947, 23.99999999999963762 ) ) ;
#6778 = ORIENTED_EDGE ( 'NONE', *, *, #5893, .T. ) ;
#6779 = AXIS2_PLACEMENT_3D ( 'NONE', #5575, #7957, #4919 ) ;
#6780 = DIRECTION ( 'NONE',  ( 0.7071067811865487940, 0.7071067811865462405, 7.071067811865421296E-15 ) ) ;
#6781 = FACE_OUTER_BOUND ( 'NONE', #4920, .T. ) ;
#6782 = DIRECTION ( 'NONE',  ( -1.000000000000000000, 2.999999999999936730E-15, -1.799999999999993592E-14 ) ) ;
#6783 = CIRCLE ( 'NONE', #7247, 0.3149606299212601157 ) ;
#6784 = ORIENTED_EDGE ( 'NONE', *, *, #333, .F. ) ;
#6785 = DIRECTION ( 'NONE',  ( 0.7071067811865453523, 0.7071067811865496822, 1.759411813513552153E-14 ) ) ;
#6786 = CIRCLE ( 'NONE', #772, 0.3149606299212601157 ) ;
#6787 = EDGE_LOOP ( 'NONE', ( #2473, #8529, #215, #9351 ) ) ;
#6788 = EDGE_CURVE ( 'NONE', #732, #3554, #5167, .T. ) ;
#6789 = AXIS2_PLACEMENT_3D ( 'NONE', #5214, #2456, #5447 ) ;
#6790 = LINE ( 'NONE', #8367, #787 ) ;
#6791 = CARTESIAN_POINT ( 'NONE',  ( 9.750000000000001776, 29.74999999999965183, -0.2499999999997701838 ) ) ;
#6792 = DIRECTION ( 'NONE',  ( 1.000000000000000000, 9.106159978880878627E-17, -0.000000000000000000 ) ) ;
#6793 = CARTESIAN_POINT ( 'NONE',  ( 47.99999999999993605, 27.12500000000005329, -0.3749999999996606603 ) ) ;
#6794 = ORIENTED_EDGE ( 'NONE', *, *, #6308, .T. ) ;
#6795 = ORIENTED_EDGE ( 'NONE', *, *, #2841, .T. ) ;
#6796 = EDGE_CURVE ( 'NONE', #8361, #7374, #5017, .T. ) ;
#6797 = ORIENTED_EDGE ( 'NONE', *, *, #5986, .T. ) ;
#6798 = ADVANCED_FACE ( 'NONE', ( #5220 ), #2788, .T. ) ;
#6799 = AXIS2_PLACEMENT_3D ( 'NONE', #2028, #5894, #7987 ) ;
#6800 = EDGE_CURVE ( 'NONE', #5550, #505, #7581, .T. ) ;
#6801 = DIRECTION ( 'NONE',  ( -1.743691846292310400E-14, 1.000000000000000000, -1.509903313490213211E-14 ) ) ;
#6802 = FACE_BOUND ( 'NONE', #2279, .T. ) ;
#6803 = ADVANCED_FACE ( 'NONE', ( #8091 ), #8975, .F. ) ;
#6804 = LENGTH_MEASURE_WITH_UNIT ( LENGTH_MEASURE( 0.02539999999999999897 ), #8965 );
#6805 = CARTESIAN_POINT ( 'NONE',  ( 28.56496062992114204, -29.49999999999996447, 22.99999999999966604 ) ) ;
#6806 = DIRECTION ( 'NONE',  ( -1.000000000000000000, 1.387778780781444571E-14, -3.035766082959409654E-15 ) ) ;
#6807 = DIRECTION ( 'NONE',  ( 0.7071067811865516806, 0.7071067811865431318, 7.006677537149045785E-15 ) ) ;
#6808 = VECTOR ( 'NONE', #3070, 39.37007874015748143 ) ;
#6809 = VERTEX_POINT ( 'NONE', #4267 ) ;
#6810 = FACE_OUTER_BOUND ( 'NONE', #3769, .T. ) ;
#6811 = ORIENTED_EDGE ( 'NONE', *, *, #8841, .F. ) ;
#6812 = EDGE_CURVE ( 'NONE', #2826, #1038, #5351, .T. ) ;
#6813 = ORIENTED_EDGE ( 'NONE', *, *, #7188, .T. ) ;
#6814 = CARTESIAN_POINT ( 'NONE',  ( -29.99999999999967670, 30.00000000000023803, -0.4999999999998747113 ) ) ;
#6815 = DIRECTION ( 'NONE',  ( 0.7071067811865417996, -0.7071067811865531239, -4.949747468305949682E-15 ) ) ;
#6816 = DIRECTION ( 'NONE',  ( 0.000000000000000000, -1.387778780781445676E-14, 1.000000000000000000 ) ) ;
#6817 = CARTESIAN_POINT ( 'NONE',  ( 9.750000000000001776, 29.74999999999965183, 2.297996384170457617E-13 ) ) ;
#6818 = LINE ( 'NONE', #1559, #3357 ) ;
#6819 = DIRECTION ( 'NONE',  ( 1.000000000000000000, 4.000000000000063420E-15, 1.800000000000008423E-14 ) ) ;
#6820 = SURFACE_SIDE_STYLE ('',( #4424 ) ) ;
#6821 = DIRECTION ( 'NONE',  ( 0.000000000000000000, 1.000000000000000000, 0.000000000000000000 ) ) ;
#6822 = ORIENTED_EDGE ( 'NONE', *, *, #9097, .T. ) ;
#6823 = ORIENTED_EDGE ( 'NONE', *, *, #2544, .F. ) ;
#6824 = PLANE ( 'NONE',  #6989 ) ;
#6825 = ORIENTED_EDGE ( 'NONE', *, *, #9098, .F. ) ;
#6826 = DIRECTION ( 'NONE',  ( 1.000000000000000000, 9.106159978880878627E-17, 0.000000000000000000 ) ) ;
#6827 = ORIENTED_EDGE ( 'NONE', *, *, #4883, .F. ) ;
#6828 = EDGE_CURVE ( 'NONE', #2460, #3755, #2189, .T. ) ;
#6829 = CARTESIAN_POINT ( 'NONE',  ( -9.750000000000435207, 29.74999999999957012, 24.00000000000016698 ) ) ;
#6830 = AXIS2_PLACEMENT_3D ( 'NONE', #3672, #1588, #6801 ) ;
#6831 = CARTESIAN_POINT ( 'NONE',  ( 28.24999999999988276, -29.74999999999996447, 22.99999999999966604 ) ) ;
#6832 = CARTESIAN_POINT ( 'NONE',  ( 9.749999999999761968, -29.74999999999988987, 24.24999999999997868 ) ) ;
#6833 = CIRCLE ( 'NONE', #8089, 0.2499999999999986955 ) ;
#6834 = EDGE_LOOP ( 'NONE', ( #266, #5026, #3085, #3768 ) ) ;
#6835 = CARTESIAN_POINT ( 'NONE',  ( -26.74999999999975131, 29.62499999999959144, 24.00000000000009237 ) ) ;
#6836 = ADVANCED_FACE ( 'NONE', ( #2890 ), #1298, .F. ) ;
#6837 = VERTEX_POINT ( 'NONE', #2838 ) ;
#6838 = AXIS2_PLACEMENT_3D ( 'NONE', #3930, #3192, #6959 ) ;
#6839 = CARTESIAN_POINT ( 'NONE',  ( 37.49999999999985079, -37.50000000000002132, -0.5000000000001174616 ) ) ;
#6840 = SURFACE_SIDE_STYLE ('',( #6282 ) ) ;
#6841 = CARTESIAN_POINT ( 'NONE',  ( 29.99999999999991829, 29.99999999999999289, 3.056034498340205381E-13 ) ) ;
#6842 = CARTESIAN_POINT ( 'NONE',  ( 29.62500000000015987, 26.74999999999991829, 23.99999999999979750 ) ) ;
#6843 = EDGE_CURVE ( 'NONE', #7196, #1779, #1452, .T. ) ;
#6844 = EDGE_LOOP ( 'NONE', ( #2673, #9066, #4918, #8560 ) ) ;
#6845 = ORIENTED_EDGE ( 'NONE', *, *, #1496, .F. ) ;
#6846 = CIRCLE ( 'NONE', #3048, 0.3149606299212601157 ) ;
#6847 = EDGE_LOOP ( 'NONE', ( #8319, #7484 ) ) ;
#6848 = DIRECTION ( 'NONE',  ( 0.000000000000000000, 0.000000000000000000, 1.000000000000000000 ) ) ;
#6849 = FACE_OUTER_BOUND ( 'NONE', #2486, .T. ) ;
#6850 = FACE_OUTER_BOUND ( 'NONE', #7693, .T. ) ;
#6851 = DIRECTION ( 'NONE',  ( 1.365923996832131856E-16, -1.000000000000000000, 0.000000000000000000 ) ) ;
#6852 = CARTESIAN_POINT ( 'NONE',  ( 29.62035115497687698, 29.62035115497696225, 24.25000000000074962 ) ) ;
#6853 = PRESENTATION_LAYER_ASSIGNMENT (  '', '', ( #6220 ) ) ;
#6854 = LINE ( 'NONE', #855, #2613 ) ;
#6855 = EDGE_CURVE ( 'NONE', #4103, #972, #8144, .T. ) ;
#6856 = LINE ( 'NONE', #5461, #8976 ) ;
#6857 = ORIENTED_EDGE ( 'NONE', *, *, #1593, .T. ) ;
#6858 = VERTEX_POINT ( 'NONE', #2093 ) ;
#6859 = PRESENTATION_LAYER_ASSIGNMENT (  '', '', ( #219 ) ) ;
#6860 = AXIS2_PLACEMENT_3D ( 'NONE', #5851, #3524, #5951 ) ;
#6861 = PLANE ( 'NONE',  #1328 ) ;
#6862 = LENGTH_MEASURE_WITH_UNIT ( LENGTH_MEASURE( 0.02539999999999999897 ), #1458 );
#6863 = LINE ( 'NONE', #2897, #8971 ) ;
#6864 = EDGE_CURVE ( 'NONE', #1858, #6010, #6622, .T. ) ;
#6865 = DIRECTION ( 'NONE',  ( 0.000000000000000000, 1.387778780781445676E-14, -1.000000000000000000 ) ) ;
#6866 = LINE ( 'NONE', #3837, #1030 ) ;
#6867 = AXIS2_PLACEMENT_3D ( 'NONE', #8196, #4178, #7210 ) ;
#6868 = VECTOR ( 'NONE', #57, 39.37007874015748143 ) ;
#6869 = ORIENTED_EDGE ( 'NONE', *, *, #3464, .F. ) ;
#6870 = CIRCLE ( 'NONE', #605, 0.3149606299212601157 ) ;
#6871 = CARTESIAN_POINT ( 'NONE',  ( 29.74999999999988631, -29.74999999999996447, 0.000000000000000000 ) ) ;
#6872 = ORIENTED_EDGE ( 'NONE', *, *, #6287, .F. ) ;
#6873 = ORIENTED_EDGE ( 'NONE', *, *, #7186, .F. ) ;
#6874 = ADVANCED_FACE ( 'NONE', ( #4316 ), #7506, .F. ) ;
#6875 = DIRECTION ( 'NONE',  ( 1.387778780781444571E-14, 1.387778780781444571E-14, -1.000000000000000000 ) ) ;
#6876 = AXIS2_PLACEMENT_3D ( 'NONE', #1506, #6718, #5969 ) ;
#6877 = VECTOR ( 'NONE', #8265, 39.37007874015748143 ) ;
#6878 = CARTESIAN_POINT ( 'NONE',  ( 26.74999999999988276, -29.62499999999996092, 0.000000000000000000 ) ) ;
#6879 = EDGE_CURVE ( 'NONE', #4740, #8828, #9560, .T. ) ;
#6880 = CARTESIAN_POINT ( 'NONE',  ( 29.62499999999988276, -26.87499999999996447, 24.00000000000000355 ) ) ;
#6881 = CARTESIAN_POINT ( 'NONE',  ( 28.56496062992114204, -29.74999999999996447, 1.000000000000001332 ) ) ;
#6882 = ORIENTED_EDGE ( 'NONE', *, *, #5155, .T. ) ;
#6883 = CARTESIAN_POINT ( 'NONE',  ( 29.87499999999991118, 29.87499999999997868, 2.500000000000303757 ) ) ;
#6884 = VERTEX_POINT ( 'NONE', #2238 ) ;
#6885 = EDGE_CURVE ( 'NONE', #9411, #8928, #6856, .T. ) ;
#6886 = DIMENSIONAL_EXPONENTS ( 1.000000000000000000, 0.000000000000000000, 0.000000000000000000, 0.000000000000000000, 0.000000000000000000, 0.000000000000000000, 0.000000000000000000 ) ;
#6887 = CARTESIAN_POINT ( 'NONE',  ( 26.74999999999988276, -29.74999999999996447, 24.00000000000000355 ) ) ;
#6888 = COLOUR_RGB ( '',0.7921568627450980005, 0.8196078431372548767, 0.9333333333333333481 ) ;
#6889 = CARTESIAN_POINT ( 'NONE',  ( -29.75000000000035527, 28.24999999999954170, 22.68503937007839610 ) ) ;
#6890 = EDGE_CURVE ( 'NONE', #5934, #2175, #4563, .T. ) ;
#6891 = CARTESIAN_POINT ( 'NONE',  ( 29.74999999999988631, -29.74999999999999645, -1.916903589054292659E-13 ) ) ;
#6892 = DIRECTION ( 'NONE',  ( 0.000000000000000000, -1.000000000000000000, 0.000000000000000000 ) ) ;
#6893 = EDGE_LOOP ( 'NONE', ( #6322, #1317, #7580, #749 ) ) ;
#6894 = ORIENTED_EDGE ( 'NONE', *, *, #5707, .F. ) ;
#6895 = VERTEX_POINT ( 'NONE', #7609 ) ;
#6896 = EDGE_LOOP ( 'NONE', ( #7057, #4046, #9441, #950, #887 ) ) ;
#6897 = AXIS2_PLACEMENT_3D ( 'NONE', #4032, #9418, #2632 ) ;
#6898 = DIRECTION ( 'NONE',  ( 1.047444401652940007E-14, -1.000000000000000000, 0.000000000000000000 ) ) ;
#6899 = DIRECTION ( 'NONE',  ( 4.000000000000000311E-15, 9.999999999999998410E-15, -1.000000000000000000 ) ) ;
#6900 = ADVANCED_FACE ( 'NONE', ( #2376, #6951, #6066 ), #2290, .F. ) ;
#6901 = CARTESIAN_POINT ( 'NONE',  ( 27.12499999999959499, 47.99999999999977973, 24.37500000000079226 ) ) ;
#6902 = LINE ( 'NONE', #9165, #588 ) ;
#6903 = CARTESIAN_POINT ( 'NONE',  ( 28.24999999999987921, -29.99999999999997868, 0.9999999999998697708 ) ) ;
#6904 = ORIENTED_EDGE ( 'NONE', *, *, #8427, .T. ) ;
#6905 = DIRECTION ( 'NONE',  ( -4.000000000000000311E-15, -9.999999999999998410E-15, 1.000000000000000000 ) ) ;
#6906 = ORIENTED_EDGE ( 'NONE', *, *, #2861, .T. ) ;
#6907 = ORIENTED_EDGE ( 'NONE', *, *, #8693, .T. ) ;
#6908 = PLANE ( 'NONE',  #9225 ) ;
#6909 = FACE_OUTER_BOUND ( 'NONE', #1988, .T. ) ;
#6910 = CYLINDRICAL_SURFACE ( 'NONE', #8389, 0.3149606299212601157 ) ;
#6911 = FACE_OUTER_BOUND ( 'NONE', #7391, .T. ) ;
#6912 = SURFACE_SIDE_STYLE ('',( #6264 ) ) ;
#6913 = CARTESIAN_POINT ( 'NONE',  ( -29.25000000000033751, -29.49999999999955236, -3.693458487434084076E-13 ) ) ;
#6914 = ORIENTED_EDGE ( 'NONE', *, *, #1796, .F. ) ;
#6915 = FACE_OUTER_BOUND ( 'NONE', #472, .T. ) ;
#6916 = EDGE_LOOP ( 'NONE', ( #4806, #445, #8992, #3470 ) ) ;
#6917 = ORIENTED_EDGE ( 'NONE', *, *, #8693, .F. ) ;
#6918 = CARTESIAN_POINT ( 'NONE',  ( 27.12499999999984013, -48.00000000000001421, -0.3750000000002219336 ) ) ;
#6919 = EDGE_CURVE ( 'NONE', #9048, #1770, #4403, .T. ) ;
#6920 = DIRECTION ( 'NONE',  ( 1.000000000000000000, 9.106159978880878627E-17, -0.000000000000000000 ) ) ;
#6921 = EDGE_CURVE ( 'NONE', #8117, #2443, #1550, .T. ) ;
#6922 = DIRECTION ( 'NONE',  ( -3.000000000000000233E-15, 1.000000000000000000, 7.182123199577615725E-15 ) ) ;
#6923 = AXIS2_PLACEMENT_3D ( 'NONE', #2241, #2295, #4471 ) ;
#6924 = DIRECTION ( 'NONE',  ( -3.000000000000000233E-15, 1.000000000000000000, 7.091061599788807937E-15 ) ) ;
#6925 = ORIENTED_EDGE ( 'NONE', *, *, #1505, .T. ) ;
#6926 = DIRECTION ( 'NONE',  ( 1.387778780781444571E-14, 1.387778780781444571E-14, -1.000000000000000000 ) ) ;
#6927 = ORIENTED_EDGE ( 'NONE', *, *, #799, .T. ) ;
#6928 = VECTOR ( 'NONE', #5456, 39.37007874015748143 ) ;
#6929 = CARTESIAN_POINT ( 'NONE',  ( -29.74999999999968026, 29.74999999999978328, 8.523365740232501715E-14 ) ) ;
#6930 = LENGTH_MEASURE_WITH_UNIT ( LENGTH_MEASURE( 0.02539999999999999897 ), #247 );
#6931 = DIRECTION ( 'NONE',  ( 2.999999999999999444E-15, 9.999999999999974745E-15, -1.000000000000000000 ) ) ;
#6932 = AXIS2_PLACEMENT_3D ( 'NONE', #9328, #1113, #5714 ) ;
#6933 = CARTESIAN_POINT ( 'NONE',  ( 28.99999999999991829, 29.16666666666667140, -0.6666666666663698670 ) ) ;
#6934 = CARTESIAN_POINT ( 'NONE',  ( -29.43700000000011840, -29.43699999999973826, -0.2500000000002995937 ) ) ;
#6935 = CARTESIAN_POINT ( 'NONE',  ( -29.75000000000029488, -26.74999999999954525, -3.431201080042314366E-13 ) ) ;
#6936 = EDGE_CURVE ( 'NONE', #8451, #9410, #3783, .T. ) ;
#6937 = ORIENTED_EDGE ( 'NONE', *, *, #8038, .T. ) ;
#6938 = VERTEX_POINT ( 'NONE', #1503 ) ;
#6939 = ORIENTED_EDGE ( 'NONE', *, *, #9484, .T. ) ;
#6940 = ORIENTED_EDGE ( 'NONE', *, *, #7102, .F. ) ;
#6941 = DIRECTION ( 'NONE',  ( 1.000000000000000000, 0.000000000000000000, 0.000000000000000000 ) ) ;
#6942 = CARTESIAN_POINT ( 'NONE',  ( -26.75000000000041211, -29.62499999999982947, 23.99999999999963762 ) ) ;
#6943 = ADVANCED_FACE ( 'NONE', ( #6161 ), #857, .F. ) ;
#6944 = SURFACE_STYLE_USAGE ( .BOTH. , #2930 ) ;
#6945 = AXIS2_PLACEMENT_3D ( 'NONE', #9518, #4973, #5016 ) ;
#6946 = DIRECTION ( 'NONE',  ( -4.000000000000000311E-15, -6.999999999999997783E-15, 1.000000000000000000 ) ) ;
#6947 = DIRECTION ( 'NONE',  ( -3.000000000000290928E-15, -1.000000000000000000, -7.182123199577678834E-15 ) ) ;
#6948 = CARTESIAN_POINT ( 'NONE',  ( 29.50000000000000355, 28.24999999999991829, 0.9999999999997959410 ) ) ;
#6949 = VECTOR ( 'NONE', #1755, 39.37007874015748143 ) ;
#6950 = ORIENTED_EDGE ( 'NONE', *, *, #7389, .T. ) ;
#6951 = FACE_BOUND ( 'NONE', #949, .T. ) ;
#6952 = VERTEX_POINT ( 'NONE', #2333 ) ;
#6953 = ORIENTED_EDGE ( 'NONE', *, *, #3408, .T. ) ;
#6954 = FACE_OUTER_BOUND ( 'NONE', #5104, .T. ) ;
#6955 = CARTESIAN_POINT ( 'NONE',  ( -29.49999999999975486, 29.24999999999961275, 24.00000000000008527 ) ) ;
#6956 = CARTESIAN_POINT ( 'NONE',  ( -26.99999999999969447, 28.25000000000020250, 1.000000000000124789 ) ) ;
#6957 = FACE_OUTER_BOUND ( 'NONE', #1341, .T. ) ;
#6958 = DIRECTION ( 'NONE',  ( -1.000000000000000000, 7.863407600316786968E-15, -3.000000000000000233E-15 ) ) ;
#6959 = DIRECTION ( 'NONE',  ( 0.000000000000000000, -1.387778780781446149E-14, 1.000000000000000000 ) ) ;
#6960 = CARTESIAN_POINT ( 'NONE',  ( -27.00000000000031264, -27.00000000000006395, 24.49999999999932143 ) ) ;
#6961 = ORIENTED_EDGE ( 'NONE', *, *, #7709, .F. ) ;
#6962 = FACE_OUTER_BOUND ( 'NONE', #8329, .T. ) ;
#6963 = VERTEX_POINT ( 'NONE', #8382 ) ;
#6964 = EDGE_CURVE ( 'NONE', #889, #8306, #1596, .T. ) ;
#6965 = ORIENTED_EDGE ( 'NONE', *, *, #6688, .F. ) ;
#6966 = AXIS2_PLACEMENT_3D ( 'NONE', #151, #5396, #9150 ) ;
#6967 = DIRECTION ( 'NONE',  ( -1.000000000000000000, 0.000000000000000000, 1.387778780781444571E-14 ) ) ;
#6968 = CARTESIAN_POINT ( 'NONE',  ( 27.93503937007862348, -29.49999999999996092, 1.000000000000001332 ) ) ;
#6969 = CARTESIAN_POINT ( 'NONE',  ( -29.74999999999976197, 27.93503937007836058, 22.99999999999974065 ) ) ;
#6970 = DIRECTION ( 'NONE',  ( 1.387778780781444571E-14, 1.387778780781444571E-14, -1.000000000000000000 ) ) ;
#6971 = ADVANCED_FACE ( 'NONE', ( #122, #899, #9170 ), #4515, .F. ) ;
#6972 = ORIENTED_EDGE ( 'NONE', *, *, #1569, .T. ) ;
#6973 = ADVANCED_FACE ( 'NONE', ( #6810 ), #8434, .F. ) ;
#6974 = EDGE_CURVE ( 'NONE', #101, #9411, #3181, .T. ) ;
#6975 = CARTESIAN_POINT ( 'NONE',  ( 29.74999999999990052, 29.74999999999997868, 2.448223304703667669 ) ) ;
#6976 = ORIENTED_EDGE ( 'NONE', *, *, #5340, .F. ) ;
#6977 = LINE ( 'NONE', #4640, #7607 ) ;
#6978 = CARTESIAN_POINT ( 'NONE',  ( -29.75000000000019895, -29.74999999999964473, -4.279098401075860062E-13 ) ) ;
#6979 = LINE ( 'NONE', #153, #229 ) ;
#6980 = CLOSED_SHELL ( 'NONE', ( #7008, #3761, #9321, #3440, #8310, #1524, #9563, #273, #8436, #4788, #916, #3592, #2335, #6973, #9257 ) ) ;
#6981 = EDGE_CURVE ( 'NONE', #2471, #8307, #761, .T. ) ;
#6982 = CARTESIAN_POINT ( 'NONE',  ( 9.750000000000001776, 29.74999999999965183, -0.2499999999997701838 ) ) ;
#6983 = FACE_OUTER_BOUND ( 'NONE', #182, .T. ) ;
#6984 = ORIENTED_EDGE ( 'NONE', *, *, #9481, .F. ) ;
#6985 = ORIENTED_EDGE ( 'NONE', *, *, #1615, .F. ) ;
#6986 = EDGE_LOOP ( 'NONE', ( #2001, #1991, #2908, #5965 ) ) ;
#6987 = ORIENTED_EDGE ( 'NONE', *, *, #5788, .F. ) ;
#6988 = EDGE_CURVE ( 'NONE', #634, #9400, #5148, .T. ) ;
#6989 = AXIS2_PLACEMENT_3D ( 'NONE', #1511, #7569, #769 ) ;
#6990 = PRODUCT_CONTEXT ( 'NONE', #9392, 'mechanical' ) ;
#6991 = DIRECTION ( 'NONE',  ( 1.387778780781444571E-14, 1.387778780781444571E-14, -1.000000000000000000 ) ) ;
#6992 = CARTESIAN_POINT ( 'NONE',  ( -29.99999999999977973, -48.00000000000048317, 24.49999999999912248 ) ) ;
#6993 = DIRECTION ( 'NONE',  ( 1.387778780781444571E-14, 1.387778780781444571E-14, -1.000000000000000000 ) ) ;
#6994 =( CONVERSION_BASED_UNIT ( 'INCH', #7744 ) LENGTH_UNIT ( ) NAMED_UNIT ( #7651 ) );
#6995 = DIRECTION ( 'NONE',  ( 3.000000000000029421E-15, 1.137095678986282288E-14, -1.000000000000000000 ) ) ;
#6996 = AXIS2_PLACEMENT_3D ( 'NONE', #4939, #3517, #1274 ) ;
#6997 = ORIENTED_EDGE ( 'NONE', *, *, #3327, .F. ) ;
#6998 = ORIENTED_EDGE ( 'NONE', *, *, #8770, .F. ) ;
#6999 = ORIENTED_EDGE ( 'NONE', *, *, #591, .T. ) ;
#7000 =( REPRESENTATION_RELATIONSHIP ('NONE','NONE', #4286, #3611 ) REPRESENTATION_RELATIONSHIP_WITH_TRANSFORMATION ( #8628 )SHAPE_REPRESENTATION_RELATIONSHIP( ) );
#7001 = VERTEX_POINT ( 'NONE', #3569 ) ;
#7002 = DIRECTION ( 'NONE',  ( -4.000000000000000311E-15, -6.999999999999997783E-15, 1.000000000000000000 ) ) ;
#7003 = VECTOR ( 'NONE', #9387, 39.37007874015748143 ) ;
#7004 = CARTESIAN_POINT ( 'NONE',  ( -29.75000000000003908, -9.749999999999642952, -0.2500000000002279288 ) ) ;
#7005 =( NAMED_UNIT ( * ) SI_UNIT ( $, .STERADIAN. ) SOLID_ANGLE_UNIT ( ) );
#7006 = FACE_BOUND ( 'NONE', #5286, .T. ) ;
#7007 = CARTESIAN_POINT ( 'NONE',  ( -26.99999999999977618, -48.00000000000046185, 24.49999999999917222 ) ) ;
#7008 = ADVANCED_FACE ( 'NONE', ( #648 ), #7438, .F. ) ;
#7009 = ORIENTED_EDGE ( 'NONE', *, *, #1102, .T. ) ;
#7010 = CARTESIAN_POINT ( 'NONE',  ( -29.74999999999968736, 29.74999999999977263, -0.2499999999997689626 ) ) ;
#7011 = ORIENTED_EDGE ( 'NONE', *, *, #5539, .F. ) ;
#7012 = COLOUR_RGB ( '',0.7921568627450980005, 0.8196078431372548767, 0.9333333333333333481 ) ;
#7013 = VERTEX_POINT ( 'NONE', #2222 ) ;
#7014 = VECTOR ( 'NONE', #9198, 39.37007874015748143 ) ;
#7015 = DIRECTION ( 'NONE',  ( 4.000000000000000311E-15, 1.000000000000000000, 0.000000000000000000 ) ) ;
#7016 = PRODUCT ( '102049 DET B', '102049 DET B', '', ( #990 ) ) ;
#7017 = PLANE ( 'NONE',  #5680 ) ;
#7018 = ADVANCED_FACE ( 'NONE', ( #1334 ), #9588, .T. ) ;
#7019 = AXIS2_PLACEMENT_3D ( 'NONE', #7625, #8400, #6826 ) ;
#7020 = DIRECTION ( 'NONE',  ( 1.387778780781444571E-14, 1.387778780781444571E-14, -1.000000000000000000 ) ) ;
#7021 = ORIENTED_EDGE ( 'NONE', *, *, #3684, .F. ) ;
#7022 = COLOUR_RGB ( '',0.7921568627450980005, 0.8196078431372548767, 0.9333333333333333481 ) ;
#7023 = LINE ( 'NONE', #7065, #948 ) ;
#7024 = VERTEX_POINT ( 'NONE', #5948 ) ;
#7025 = FACE_BOUND ( 'NONE', #3416, .T. ) ;
#7026 = DIRECTION ( 'NONE',  ( -3.236319030593780214E-15, -6.999999999999997783E-15, 1.000000000000000000 ) ) ;
#7027 = CARTESIAN_POINT ( 'NONE',  ( 26.99999999999991118, 26.99999999999998934, -0.3749999999996971312 ) ) ;
#7028 = CARTESIAN_POINT ( 'NONE',  ( 26.75000000000000355, 28.24999999999992895, 0.9999999999998155920 ) ) ;
#7029 = DIRECTION ( 'NONE',  ( 1.699999999999999698E-14, 9.999999999999998410E-15, -1.000000000000000000 ) ) ;
#7030 = EDGE_CURVE ( 'NONE', #3045, #2011, #4543, .T. ) ;
#7031 = CYLINDRICAL_SURFACE ( 'NONE', #220, 0.2499999999999986955 ) ;
#7032 = ORIENTED_EDGE ( 'NONE', *, *, #3734, .T. ) ;
#7033 = EDGE_LOOP ( 'NONE', ( #3618, #8071, #1748, #4219 ) ) ;
#7034 = VERTEX_POINT ( 'NONE', #1433 ) ;
#7035 = ORIENTED_EDGE ( 'NONE', *, *, #8998, .T. ) ;
#7036 = AXIS2_PLACEMENT_3D ( 'NONE', #6831, #1765, #4631 ) ;
#7037 = ITEM_DEFINED_TRANSFORMATION ( 'NONE', 'NONE', #3814,  #3073 ) ;
#7038 = CARTESIAN_POINT ( 'NONE',  ( 29.49999999999988987, 29.50000000000000000, -0.4999999999997002953 ) ) ;
#7039 = CARTESIAN_POINT ( 'NONE',  ( 26.75000000000015632, 28.24999999999992895, 22.99999999999947775 ) ) ;
#7040 = ADVANCED_FACE ( 'NONE', ( #6647 ), #9012, .F. ) ;
#7041 = DIRECTION ( 'NONE',  ( -1.000000000000000000, 8.000000000000084241E-15, -3.999999999999832283E-15 ) ) ;
#7042 = SURFACE_STYLE_FILL_AREA ( #854 ) ;
#7043 = EDGE_CURVE ( 'NONE', #2776, #5289, #4039, .T. ) ;
#7044 = CARTESIAN_POINT ( 'NONE',  ( 29.74999999999964828, 29.74999999999976197, 24.00000000000081357 ) ) ;
#7045 = ORIENTED_EDGE ( 'NONE', *, *, #590, .F. ) ;
#7046 = VECTOR ( 'NONE', #4622, 39.37007874015748143 ) ;
#7047 = ORIENTED_EDGE ( 'NONE', *, *, #333, .T. ) ;
#7048 = ORIENTED_EDGE ( 'NONE', *, *, #8913, .T. ) ;
#7049 = VERTEX_POINT ( 'NONE', #6049 ) ;
#7050 = FACE_BOUND ( 'NONE', #7124, .T. ) ;
#7051 = FILL_AREA_STYLE ('',( #4026 ) ) ;
#7052 = AXIS2_PLACEMENT_3D ( 'NONE', #7699, #3084, #4698 ) ;
#7053 = CARTESIAN_POINT ( 'NONE',  ( -48.00000000000012790, -29.99999999999965894, -0.5000000000003592682 ) ) ;
#7054 = CARTESIAN_POINT ( 'NONE',  ( 29.24999999999988276, -29.49999999999996447, 24.00000000000000355 ) ) ;
#7055 = VERTEX_POINT ( 'NONE', #2969 ) ;
#7056 = CARTESIAN_POINT ( 'NONE',  ( 29.74999999999988631, -28.24999999999996092, 1.000000000000001332 ) ) ;
#7057 = ORIENTED_EDGE ( 'NONE', *, *, #3885, .T. ) ;
#7058 = EDGE_CURVE ( 'NONE', #2143, #1553, #2169, .T. ) ;
#7059 = ORIENTED_EDGE ( 'NONE', *, *, #6667, .F. ) ;
#7060 = CARTESIAN_POINT ( 'NONE',  ( 27.93503937007862348, -29.49999999999996447, 1.000000000000001332 ) ) ;
#7061 = ADVANCED_FACE ( 'NONE', ( #742 ), #8125, .F. ) ;
#7062 = LINE ( 'NONE', #2598, #3928 ) ;
#7063 = DIRECTION ( 'NONE',  ( 4.000000000000000311E-15, 6.999999999999997783E-15, -1.000000000000000000 ) ) ;
#7064 = VERTEX_POINT ( 'NONE', #5848 ) ;
#7065 = CARTESIAN_POINT ( 'NONE',  ( 26.75000000000000000, 27.93503937007866611, 0.9999999999998155920 ) ) ;
#7066 = EDGE_CURVE ( 'NONE', #2453, #7064, #8905, .T. ) ;
#7067 = EDGE_CURVE ( 'NONE', #7134, #9274, #5096, .T. ) ;
#7068 = EDGE_LOOP ( 'NONE', ( #7032, #3588, #8978, #2702 ) ) ;
#7069 = VECTOR ( 'NONE', #6015, 39.37007874015748143 ) ;
#7070 = SURFACE_STYLE_FILL_AREA ( #9394 ) ;
#7071 =( BOUNDED_CURVE ( )  B_SPLINE_CURVE ( 3, ( #2272, #2968, #1531, #5349 ),
 .UNSPECIFIED., .F., .T. ) 
 B_SPLINE_CURVE_WITH_KNOTS ( ( 4, 4 ),
 ( 1.570796326794895004, 3.141592653589795336 ),
 .UNSPECIFIED. ) 
 CURVE ( )  GEOMETRIC_REPRESENTATION_ITEM ( )  RATIONAL_B_SPLINE_CURVE ( ( 1.000000000000000000, 0.8047378541243649375, 0.8047378541243649375, 1.000000000000000000 ) ) 
 REPRESENTATION_ITEM ( '' )  );
#7072 = LINE ( 'NONE', #104, #6315 ) ;
#7073 = CARTESIAN_POINT ( 'NONE',  ( 47.99999999999993605, 27.00000000000005329, -0.4999999999996616595 ) ) ;
#7074 = CARTESIAN_POINT ( 'NONE',  ( 29.24999999999988276, -29.49999999999996092, 0.000000000000000000 ) ) ;
#7075 = CARTESIAN_POINT ( 'NONE',  ( -9.281500000000121986, -9.281500000000111328, -0.2500000000000602851 ) ) ;
#7076 = ORIENTED_EDGE ( 'NONE', *, *, #7097, .F. ) ;
#7077 = ORIENTED_EDGE ( 'NONE', *, *, #1102, .F. ) ;
#7078 = ORIENTED_EDGE ( 'NONE', *, *, #6714, .T. ) ;
#7079 = VECTOR ( 'NONE', #4705, 39.37007874015748143 ) ;
#7080 = EDGE_LOOP ( 'NONE', ( #3591, #8105 ) ) ;
#7081 = EDGE_CURVE ( 'NONE', #189, #8938, #6076, .T. ) ;
#7082 = AXIS2_PLACEMENT_3D ( 'NONE', #2144, #8877, #3589 ) ;
#7083 = DIRECTION ( 'NONE',  ( 0.000000000000000000, 1.000000000000000000, 0.000000000000000000 ) ) ;
#7084 = DIRECTION ( 'NONE',  ( -2.999999999999999839E-15, -6.908938400211178162E-15, 1.000000000000000000 ) ) ;
#7085 = DIRECTION ( 'NONE',  ( -0.7071067811865446862, 0.7071067811865502373, -4.242640687119164899E-15 ) ) ;
#7086 = VECTOR ( 'NONE', #8816, 39.37007874015748143 ) ;
#7087 = LINE ( 'NONE', #7989, #4469 ) ;
#7088 = EDGE_CURVE ( 'NONE', #6938, #760, #9475, .T. ) ;
#7089 = ORIENTED_EDGE ( 'NONE', *, *, #515, .T. ) ;
#7090 = EDGE_CURVE ( 'NONE', #8027, #7013, #9293, .T. ) ;
#7091 = VECTOR ( 'NONE', #2794, 39.37007874015748143 ) ;
#7092 = ORIENTED_EDGE ( 'NONE', *, *, #2775, .T. ) ;
#7093 = EDGE_CURVE ( 'NONE', #2110, #5528, #3303, .T. ) ;
#7094 = EDGE_LOOP ( 'NONE', ( #6242, #5624 ) ) ;
#7095 = EDGE_CURVE ( 'NONE', #6047, #6746, #9282, .T. ) ;
#7096 = PRODUCT_DEFINITION_SHAPE ( 'NONE', 'NONE',  #9774 ) ;
#7097 = EDGE_CURVE ( 'NONE', #8609, #1779, #7062, .T. ) ;
#7098 = AXIS2_PLACEMENT_3D ( 'NONE', #2305, #8314, #8356 ) ;
#7099 = DIRECTION ( 'NONE',  ( 0.7071067811865466846, -0.7071067811865483499, 4.687441406666628054E-15 ) ) ;
#7100 = ORIENTED_EDGE ( 'NONE', *, *, #3711, .T. ) ;
#7101 = DIRECTION ( 'NONE',  ( 0.000000000000000000, -1.000000000000000000, -6.999999999999997783E-15 ) ) ;
#7102 = EDGE_CURVE ( 'NONE', #2826, #9375, #4928, .T. ) ;
#7103 = PRESENTATION_STYLE_ASSIGNMENT (( #7199 ) ) ;
#7104 = DIRECTION ( 'NONE',  ( -1.387778780781444571E-14, -1.000000000000000000, -1.387778780781444571E-14 ) ) ;
#7105 = AXIS2_PLACEMENT_3D ( 'NONE', #6978, #6931, #1626 ) ;
#7106 = FACE_OUTER_BOUND ( 'NONE', #1746, .T. ) ;
#7107 = DIRECTION ( 'NONE',  ( -1.000000000000000000, 8.000000000000084241E-15, -3.999999999999832283E-15 ) ) ;
#7108 = DIRECTION ( 'NONE',  ( -2.999999999999986428E-15, -6.999999999999997783E-15, 1.000000000000000000 ) ) ;
#7109 = CARTESIAN_POINT ( 'NONE',  ( -48.00000000000036238, 29.74999999999943157, 23.93699999999935457 ) ) ;
#7110 = ADVANCED_FACE ( 'NONE', ( #2548 ), #5630, .F. ) ;
#7111 = VERTEX_POINT ( 'NONE', #285 ) ;
#7112 = VERTEX_POINT ( 'NONE', #476 ) ;
#7113 = ORIENTED_EDGE ( 'NONE', *, *, #9602, .F. ) ;
#7114 = CARTESIAN_POINT ( 'NONE',  ( 29.75000000000000355, 9.749999999999651834, 1.697843528062339534E-13 ) ) ;
#7115 = AXIS2_PLACEMENT_3D ( 'NONE', #5740, #9444, #2665 ) ;
#7116 = DIRECTION ( 'NONE',  ( 1.000000000000000000, 9.106159978880878627E-17, 0.000000000000000000 ) ) ;
#7117 = DIRECTION ( 'NONE',  ( 1.000000000000000000, 0.000000000000000000, 0.000000000000000000 ) ) ;
#7118 = PLANE ( 'NONE',  #7361 ) ;
#7119 = CARTESIAN_POINT ( 'NONE',  ( 10.50000000000018119, -10.50000000000006573, -0.2500000000000367484 ) ) ;
#7120 = VECTOR ( 'NONE', #8952, 39.37007874015748143 ) ;
#7121 = EDGE_LOOP ( 'NONE', ( #6555, #6234, #7461, #1621 ) ) ;
#7122 = EDGE_CURVE ( 'NONE', #1759, #7927, #2178, .T. ) ;
#7123 = CARTESIAN_POINT ( 'NONE',  ( 9.749999999999884537, -29.49999999999992184, -2.691894716756923209E-13 ) ) ;
#7124 = EDGE_LOOP ( 'NONE', ( #7874, #6371 ) ) ;
#7125 = DIRECTION ( 'NONE',  ( 0.000000000000000000, -1.000000000000000000, 0.000000000000000000 ) ) ;
#7126 = CARTESIAN_POINT ( 'NONE',  ( 26.87500000000000355, 29.49999999999992895, -1.879511419641013063E-13 ) ) ;
#7127 = CARTESIAN_POINT ( 'NONE',  ( -30.00000000000008171, 29.74999999999981881, -0.4999999999998766542 ) ) ;
#7128 = LINE ( 'NONE', #441, #9389 ) ;
#7129 = CARTESIAN_POINT ( 'NONE',  ( -27.00000000000007105, 26.99999999999982947, -0.4999999999998867573 ) ) ;
#7130 = DIRECTION ( 'NONE',  ( -3.999999999999704488E-15, 1.000000000000000000, 6.908938400211104798E-15 ) ) ;
#7131 = EDGE_CURVE ( 'NONE', #458, #2687, #8605, .T. ) ;
#7132 = ORIENTED_EDGE ( 'NONE', *, *, #9654, .F. ) ;
#7133 = ORIENTED_EDGE ( 'NONE', *, *, #9077, .F. ) ;
#7134 = VERTEX_POINT ( 'NONE', #3448 ) ;
#7135 =( BOUNDED_CURVE ( )  B_SPLINE_CURVE ( 3, ( #1303, #3398, #8053, #7916 ),
 .UNSPECIFIED., .F., .T. ) 
 B_SPLINE_CURVE_WITH_KNOTS ( ( 4, 4 ),
 ( 4.930380657631299699E-32, 1.570796326794895004 ),
 .UNSPECIFIED. ) 
 CURVE ( )  GEOMETRIC_REPRESENTATION_ITEM ( )  RATIONAL_B_SPLINE_CURVE ( ( 1.000000000000000000, 0.8047378541243649375, 0.8047378541243649375, 1.000000000000000000 ) ) 
 REPRESENTATION_ITEM ( '' )  );
#7136 = CONTEXT_DEPENDENT_SHAPE_REPRESENTATION ( #2432, #4000 ) ;
#7137 =( CONVERSION_BASED_UNIT ( 'INCH', #5557 ) LENGTH_UNIT ( ) NAMED_UNIT ( #6693 ) );
#7138 = CARTESIAN_POINT ( 'NONE',  ( -30.00000000000007105, 29.99999999999981171, 1.000000000000125455 ) ) ;
#7139 = CARTESIAN_POINT ( 'NONE',  ( -29.24999999999975131, 29.49999999999960920, 24.00000000000008527 ) ) ;
#7140 = EDGE_CURVE ( 'NONE', #2400, #2143, #6472, .T. ) ;
#7141 = AXIS2_PLACEMENT_3D ( 'NONE', #7294, #2829, #1992 ) ;
#7142 = CARTESIAN_POINT ( 'NONE',  ( 29.75000000000000355, 29.74999999999991473, -2.076204475184839967E-13 ) ) ;
#7143 = ORIENTED_EDGE ( 'NONE', *, *, #2309, .T. ) ;
#7144 = DIMENSIONAL_EXPONENTS ( 1.000000000000000000, 0.000000000000000000, 0.000000000000000000, 0.000000000000000000, 0.000000000000000000, 0.000000000000000000, 0.000000000000000000 ) ;
#7145 = ORIENTED_EDGE ( 'NONE', *, *, #7274, .T. ) ;
#7146 = CLOSED_SHELL ( 'NONE', ( #6185, #1828, #5768, #7348, #5310, #7877, #6599, #8626, #7774, #5509, #6379, #6216, #5194, #1260, #3027 ) ) ;
#7147 = ORIENTED_EDGE ( 'NONE', *, *, #7536, .F. ) ;
#7148 =( CONVERSION_BASED_UNIT ( 'INCH', #4116 ) LENGTH_UNIT ( ) NAMED_UNIT ( #7952 ) );
#7149 = VERTEX_POINT ( 'NONE', #9427 ) ;
#7150 = LINE ( 'NONE', #365, #7584 ) ;
#7151 = CARTESIAN_POINT ( 'NONE',  ( 29.50000000000017053, 29.24999999999991829, 23.99999999999979750 ) ) ;
#7152 = CARTESIAN_POINT ( 'NONE',  ( -30.00000000000032330, -30.00000000000005684, 24.49999999999924682 ) ) ;
#7153 = CIRCLE ( 'NONE', #8410, 0.3149606299212597271 ) ;
#7154 = CARTESIAN_POINT ( 'NONE',  ( -29.99999999999969447, 28.25000000000022737, 1.000000000000113465 ) ) ;
#7155 = LINE ( 'NONE', #8687, #971 ) ;
#7156 = CARTESIAN_POINT ( 'NONE',  ( -26.99999999999953104, 48.00000000000022027, -0.3749999999997365996 ) ) ;
#7157 = EDGE_LOOP ( 'NONE', ( #6419, #4056, #1873, #1583 ) ) ;
#7158 = DIRECTION ( 'NONE',  ( 0.000000000000000000, -1.000000000000000000, 0.000000000000000000 ) ) ;
#7159 = VERTEX_POINT ( 'NONE', #3353 ) ;
#7160 = VERTEX_POINT ( 'NONE', #4877 ) ;
#7161 = VECTOR ( 'NONE', #6340, 39.37007874015748143 ) ;
#7162 = CARTESIAN_POINT ( 'NONE',  ( 28.24999999999968381, 26.99999999999974420, 22.68503937007944771 ) ) ;
#7163 = CARTESIAN_POINT ( 'NONE',  ( -27.93503937007842097, 29.74999999999976197, 1.000000000000091038 ) ) ;
#7164 = DIRECTION ( 'NONE',  ( 1.699999999999999698E-14, 9.999999999999998410E-15, -1.000000000000000000 ) ) ;
#7165 = CARTESIAN_POINT ( 'NONE',  ( -28.25000000000034106, 29.74999999999951328, 23.31496062992097151 ) ) ;
#7166 = DIRECTION ( 'NONE',  ( 1.000000000000000000, -1.000000000000062989E-15, 2.999999999999979328E-15 ) ) ;
#7167 = MECHANICAL_DESIGN_GEOMETRIC_PRESENTATION_REPRESENTATION (  '', ( #6062 ), #1301 ) ;
#7168 = CYLINDRICAL_SURFACE ( 'NONE', #5100, 0.3149606299212601157 ) ;
#7169 = ADVANCED_FACE ( 'NONE', ( #4043 ), #4826, .F. ) ;
#7170 = VERTEX_POINT ( 'NONE', #1868 ) ;
#7171 = FACE_OUTER_BOUND ( 'NONE', #8064, .T. ) ;
#7172 = VERTEX_POINT ( 'NONE', #7165 ) ;
#7173 = AXIS2_PLACEMENT_3D ( 'NONE', #5522, #8538, #324 ) ;
#7174 = EDGE_CURVE ( 'NONE', #5430, #9348, #7920, .T. ) ;
#7175 = DIRECTION ( 'NONE',  ( 8.000000000000000622E-15, 1.000000000000000000, 7.000000000000000938E-15 ) ) ;
#7176 = DIRECTION ( 'NONE',  ( 9.483827159451302909E-15, -1.000000000000000000, -9.999999999999946346E-15 ) ) ;
#7177 = CARTESIAN_POINT ( 'NONE',  ( -29.99999999999990408, -28.25000000000046185, 22.68503937007799820 ) ) ;
#7178 = CARTESIAN_POINT ( 'NONE',  ( 27.12499999999993250, 27.12499999999998934, -0.2499999999997233324 ) ) ;
#7179 = FACE_OUTER_BOUND ( 'NONE', #8051, .T. ) ;
#7180 = VECTOR ( 'NONE', #2048, 39.37007874015748143 ) ;
#7181 = VECTOR ( 'NONE', #9294, 39.37007874015748143 ) ;
#7182 = ORIENTED_EDGE ( 'NONE', *, *, #7833, .F. ) ;
#7183 = ORIENTED_EDGE ( 'NONE', *, *, #1034, .F. ) ;
#7184 = VECTOR ( 'NONE', #3794, 39.37007874015748143 ) ;
#7185 = ORIENTED_EDGE ( 'NONE', *, *, #7122, .T. ) ;
#7186 = EDGE_CURVE ( 'NONE', #7578, #9655, #4227, .T. ) ;
#7187 = ITEM_DEFINED_TRANSFORMATION ( 'NONE', 'NONE', #345,  #3073 ) ;
#7188 = EDGE_CURVE ( 'NONE', #1366, #6175, #4700, .T. ) ;
#7189 = LINE ( 'NONE', #8029, #8224 ) ;
#7190 = DIRECTION ( 'NONE',  ( 1.000000000000042085E-15, 1.000000000000000000, 7.000000000000001727E-15 ) ) ;
#7191 = PRESENTATION_LAYER_ASSIGNMENT (  '', '', ( #1648 ) ) ;
#7192 = SURFACE_SIDE_STYLE ('',( #550 ) ) ;
#7193 = DIRECTION ( 'NONE',  ( 1.000000000000000000, 1.000000000000064173E-15, 1.781787680042240397E-14 ) ) ;
#7194 = EDGE_LOOP ( 'NONE', ( #1845, #6925, #4818, #41 ) ) ;
#7195 = ORIENTED_EDGE ( 'NONE', *, *, #8339, .T. ) ;
#7196 = VERTEX_POINT ( 'NONE', #4183 ) ;
#7197 = ORIENTED_EDGE ( 'NONE', *, *, #8062, .F. ) ;
#7198 = DIRECTION ( 'NONE',  ( 1.000000000000000000, 9.106159978880878627E-17, 0.000000000000000000 ) ) ;
#7199 = SURFACE_STYLE_USAGE ( .BOTH. , #1149 ) ;
#7200 = DIRECTION ( 'NONE',  ( -3.000000000000001022E-15, 1.000000000000000000, 7.236319030593782891E-15 ) ) ;
#7201 = SURFACE_STYLE_USAGE ( .BOTH. , #2732 ) ;
#7202 = FACE_OUTER_BOUND ( 'NONE', #1263, .T. ) ;
#7203 = CARTESIAN_POINT ( 'NONE',  ( -27.00000000000031264, -27.00000000000006395, 24.49999999999932143 ) ) ;
#7204 = CARTESIAN_POINT ( 'NONE',  ( -29.74999999999968736, 29.74999999999977263, -0.2499999999997689626 ) ) ;
#7205 = ORIENTED_EDGE ( 'NONE', *, *, #8727, .T. ) ;
#7206 = DIRECTION ( 'NONE',  ( 1.488497482131939756E-14, 1.000000000000000000, 9.999999999999999988E-15 ) ) ;
#7207 = ORIENTED_EDGE ( 'NONE', *, *, #1995, .F. ) ;
#7208 = VERTEX_POINT ( 'NONE', #7213 ) ;
#7209 = AXIS2_PLACEMENT_3D ( 'NONE', #7156, #2588, #5666 ) ;
#7210 = DIRECTION ( 'NONE',  ( 0.000000000000000000, -1.387778780781445676E-14, 1.000000000000000000 ) ) ;
#7211 = DIRECTION ( 'NONE',  ( 2.999999999999999839E-15, 7.000000000000000938E-15, -1.000000000000000000 ) ) ;
#7212 = CARTESIAN_POINT ( 'NONE',  ( 28.24999999999991829, 29.99999999999998934, 0.6850393700790403662 ) ) ;
#7213 = CARTESIAN_POINT ( 'NONE',  ( -28.25000000000033396, 29.99999999999951683, 22.68503937007844939 ) ) ;
#7214 = CARTESIAN_POINT ( 'NONE',  ( 26.99999999999983658, -48.00000000000001421, -0.3750000000002222111 ) ) ;
#7215 = PLANE ( 'NONE',  #836 ) ;
#7216 = ORIENTED_EDGE ( 'NONE', *, *, #6988, .F. ) ;
#7217 = EDGE_CURVE ( 'NONE', #2610, #9639, #2693, .T. ) ;
#7218 = CARTESIAN_POINT ( 'NONE',  ( 28.24999999999988631, -26.99999999999997868, 0.9999999999998901989 ) ) ;
#7219 = ORIENTED_EDGE ( 'NONE', *, *, #380, .F. ) ;
#7220 = DIRECTION ( 'NONE',  ( 1.000000000000000000, -4.000000000000000311E-15, -7.000000000000000150E-15 ) ) ;
#7221 = EDGE_CURVE ( 'NONE', #8842, #8307, #6783, .T. ) ;
#7222 = SURFACE_SIDE_STYLE ('',( #7070 ) ) ;
#7223 = LINE ( 'NONE', #3460, #1727 ) ;
#7224 = DIRECTION ( 'NONE',  ( 2.999999999999999839E-15, 9.999999999999999988E-15, -1.000000000000000000 ) ) ;
#7225 = LINE ( 'NONE', #5890, #2713 ) ;
#7226 = ORIENTED_EDGE ( 'NONE', *, *, #3658, .T. ) ;
#7227 = ORIENTED_EDGE ( 'NONE', *, *, #797, .T. ) ;
#7228 = VECTOR ( 'NONE', #3270, 39.37007874015748143 ) ;
#7229 = CYLINDRICAL_SURFACE ( 'NONE', #8375, 0.3149606299212601157 ) ;
#7230 = CARTESIAN_POINT ( 'NONE',  ( 29.74999999999983658, -48.00000000000001421, 0.06299999999978581067 ) ) ;
#7231 = PRESENTATION_STYLE_ASSIGNMENT (( #406 ) ) ;
#7232 = CARTESIAN_POINT ( 'NONE',  ( 47.99999999999992184, 29.43700000000005090, 0.06300000000035539671 ) ) ;
#7233 = VECTOR ( 'NONE', #8197, 39.37007874015748143 ) ;
#7234 = ORIENTED_EDGE ( 'NONE', *, *, #547, .F. ) ;
#7235 = AXIS2_PLACEMENT_3D ( 'NONE', #6956, #176, #3189 ) ;
#7236 = EDGE_LOOP ( 'NONE', ( #7507, #4675, #7621, #7538 ) ) ;
#7237 = ORIENTED_EDGE ( 'NONE', *, *, #8172, .F. ) ;
#7238 = AXIS2_PLACEMENT_3D ( 'NONE', #5913, #8294, #6664 ) ;
#7239 = EDGE_CURVE ( 'NONE', #7341, #6760, #9451, .T. ) ;
#7240 = SHAPE_REPRESENTATION_RELATIONSHIP ( 'NONE' , 'NONE' ,  #5315, #5123 ) ;
#7241 = VERTEX_POINT ( 'NONE', #9660 ) ;
#7242 = CARTESIAN_POINT ( 'NONE',  ( -29.74999999999968736, 29.75000000000021672, 2.375000000000124345 ) ) ;
#7243 = CARTESIAN_POINT ( 'NONE',  ( 29.43699999999984129, -48.00000000000001421, -0.2500000000002152167 ) ) ;
#7244 = LINE ( 'NONE', #5808, #2348 ) ;
#7245 = DIRECTION ( 'NONE',  ( -1.000000000000000000, 2.148382715945122022E-14, -1.699999999999972246E-14 ) ) ;
#7246 = DIRECTION ( 'NONE',  ( -3.999999999999706066E-15, 1.000000000000000000, 6.999999999999913375E-15 ) ) ;
#7247 = AXIS2_PLACEMENT_3D ( 'NONE', #8012, #7312, #672 ) ;
#7248 = EDGE_CURVE ( 'NONE', #5701, #8865, #5018, .T. ) ;
#7249 = UNCERTAINTY_MEASURE_WITH_UNIT (LENGTH_MEASURE( 1.000000000000000082E-05 ), #297, 'distance_accuracy_value', 'NONE');
#7250 = ORIENTED_EDGE ( 'NONE', *, *, #7549, .T. ) ;
#7251 = CYLINDRICAL_SURFACE ( 'NONE', #6932, 0.5000000000000001110 ) ;
#7252 = EDGE_CURVE ( 'NONE', #6440, #9577, #1558, .T. ) ;
#7253 = EDGE_LOOP ( 'NONE', ( #5543, #4952, #2573, #6630, #7425, #8635, #7219, #2205, #3604 ) ) ;
#7254 = VECTOR ( 'NONE', #9722, 39.37007874015748143 ) ;
#7255 = ORIENTED_EDGE ( 'NONE', *, *, #9404, .T. ) ;
#7256 = FACE_OUTER_BOUND ( 'NONE', #4941, .T. ) ;
#7257 = DIRECTION ( 'NONE',  ( 1.000000000000189010E-15, -1.000000000000000000, -6.999999999999980428E-15 ) ) ;
#7258 = AXIS2_PLACEMENT_3D ( 'NONE', #8507, #1775, #4684 ) ;
#7259 = CARTESIAN_POINT ( 'NONE',  ( 27.12499999999984013, -48.00000000000001421, -0.2500000000002220446 ) ) ;
#7260 = CARTESIAN_POINT ( 'NONE',  ( 29.99999999999992539, 29.74999999999998579, -0.1464466094064266477 ) ) ;
#7261 = VECTOR ( 'NONE', #2691, 39.37007874015748143 ) ;
#7262 = DIRECTION ( 'NONE',  ( -1.000000000000000000, 1.511502517868060083E-14, -2.999999999999998261E-15 ) ) ;
#7263 = EDGE_CURVE ( 'NONE', #1844, #6256, #4474, .T. ) ;
#7264 = LINE ( 'NONE', #2645, #4151 ) ;
#7265 = VECTOR ( 'NONE', #1426, 39.37007874015748854 ) ;
#7266 = VERTEX_POINT ( 'NONE', #7363 ) ;
#7267 = ORIENTED_EDGE ( 'NONE', *, *, #1982, .F. ) ;
#7268 = MECHANICAL_DESIGN_GEOMETRIC_PRESENTATION_REPRESENTATION (  '', ( #9314 ), #5208 ) ;
#7269 = LINE ( 'NONE', #2756, #641 ) ;
#7270 = VERTEX_POINT ( 'NONE', #9617 ) ;
#7271 = CARTESIAN_POINT ( 'NONE',  ( 29.74999999999972289, 9.749999999999761968, 24.25000000000061817 ) ) ;
#7272 = LINE ( 'NONE', #1829, #9149 ) ;
#7274 = EDGE_CURVE ( 'NONE', #1980, #2453, #526, .T. ) ;
#7273 = CARTESIAN_POINT ( 'NONE',  ( -29.75000000000031619, -27.93503937007829663, 0.9999999999996451727 ) ) ;
#7275 = EDGE_CURVE ( 'NONE', #4905, #2462, #2008, .T. ) ;
#7276 = VECTOR ( 'NONE', #2124, 39.37007874015748143 ) ;
#7277 = ADVANCED_FACE ( 'NONE', ( #8201 ), #1412, .F. ) ;
#7278 = CARTESIAN_POINT ( 'NONE',  ( 27.05177669529657791, 27.05177669529662765, -0.2499999999997248590 ) ) ;
#7279 = ORIENTED_EDGE ( 'NONE', *, *, #2566, .F. ) ;
#7280 = ORIENTED_EDGE ( 'NONE', *, *, #7088, .T. ) ;
#7281 = EDGE_LOOP ( 'NONE', ( #3525, #2120, #410, #6939 ) ) ;
#7282 = STYLED_ITEM ( 'NONE', ( #7103 ), #8169 ) ;
#7283 = ITEM_DEFINED_TRANSFORMATION ( 'NONE', 'NONE', #3186,  #3073 ) ;
#7284 = FACE_OUTER_BOUND ( 'NONE', #6332, .T. ) ;
#7285 = EDGE_CURVE ( 'NONE', #3378, #6703, #5875, .T. ) ;
#7286 = DIRECTION ( 'NONE',  ( -9.106159978880879860E-17, 1.000000000000000000, 0.000000000000000000 ) ) ;
#7287 = CARTESIAN_POINT ( 'NONE',  ( -29.50000000000038369, -27.93503937007851690, 22.99999999999931077 ) ) ;
#7288 = CARTESIAN_POINT ( 'NONE',  ( -28.25000000000034106, -29.49999999999957723, 0.9999999999996341815 ) ) ;
#7289 = STYLED_ITEM ( 'NONE', ( #117 ), #8301 ) ;
#7290 = VERTEX_POINT ( 'NONE', #7467 ) ;
#7291 = EDGE_CURVE ( 'NONE', #2992, #5854, #8791, .T. ) ;
#7292 = ORIENTED_EDGE ( 'NONE', *, *, #8385, .F. ) ;
#7293 = EDGE_LOOP ( 'NONE', ( #5193, #6615 ) ) ;
#7294 = CARTESIAN_POINT ( 'NONE',  ( 0.000000000000000000, 0.000000000000000000, 0.000000000000000000 ) ) ;
#7295 = FACE_OUTER_BOUND ( 'NONE', #6531, .T. ) ;
#7296 = SURFACE_SIDE_STYLE ('',( #8184 ) ) ;
#7297 = CARTESIAN_POINT ( 'NONE',  ( -30.00000000000015277, -29.99999999999976552, -0.5000000000002948752 ) ) ;
#7298 = DIRECTION ( 'NONE',  ( 1.000000000000000000, 4.000000000000063420E-15, 1.800000000000008423E-14 ) ) ;
#7299 = DIRECTION ( 'NONE',  ( 1.000000000000000000, -1.000000000000062989E-15, 2.999999999999978934E-15 ) ) ;
#7300 = CARTESIAN_POINT ( 'NONE',  ( 29.99999999999967670, -30.00000000000023803, 24.50000000000032685 ) ) ;
#7301 = CLOSED_SHELL ( 'NONE', ( #8809, #5995, #199, #1867, #9250, #4257, #1131, #4799, #7413, #1819, #7622, #5590, #5028, #4599, #555 ) ) ;
#7302 = VERTEX_POINT ( 'NONE', #1306 ) ;
#7303 = CARTESIAN_POINT ( 'NONE',  ( 47.99999999999991473, 30.00000000000003197, 2.500000000000359712 ) ) ;
#7304 = ORIENTED_EDGE ( 'NONE', *, *, #2553, .F. ) ;
#7305 = VERTEX_POINT ( 'NONE', #2898 ) ;
#7306 = ADVANCED_FACE ( 'NONE', ( #1358 ), #2052, .F. ) ;
#7307 = DIRECTION ( 'NONE',  ( -1.000000000000000000, 0.000000000000000000, 0.000000000000000000 ) ) ;
#7308 = DIRECTION ( 'NONE',  ( 2.999999999999999839E-15, 9.999999999999999988E-15, -1.000000000000000000 ) ) ;
#7309 = CIRCLE ( 'NONE', #4610, 0.3149606299212597271 ) ;
#7310 = CARTESIAN_POINT ( 'NONE',  ( -48.00000000000012079, -26.99999999999966249, -0.3750000000003382850 ) ) ;
#7311 = EDGE_CURVE ( 'NONE', #3650, #9033, #1460, .T. ) ;
#7312 = DIRECTION ( 'NONE',  ( 1.000000000000000000, 0.000000000000000000, 0.000000000000000000 ) ) ;
#7313 = DIRECTION ( 'NONE',  ( 0.000000000000000000, -1.387778780781445676E-14, 1.000000000000000000 ) ) ;
#7314 = DIRECTION ( 'NONE',  ( 2.939999999999999909E-28, 1.000000000000000000, 6.999999999999997783E-15 ) ) ;
#7315 = VECTOR ( 'NONE', #6239, 39.37007874015748143 ) ;
#7316 = ORIENTED_EDGE ( 'NONE', *, *, #4141, .F. ) ;
#7317 = ORIENTED_EDGE ( 'NONE', *, *, #267, .F. ) ;
#7318 = CARTESIAN_POINT ( 'NONE',  ( -29.99999999999977973, -48.00000000000048317, 24.49999999999912248 ) ) ;
#7319 = ORIENTED_EDGE ( 'NONE', *, *, #2284, .T. ) ;
#7320 = EDGE_CURVE ( 'NONE', #6047, #793, #8883, .T. ) ;
#7321 = CARTESIAN_POINT ( 'NONE',  ( 29.62499999999988276, -26.74999999999996092, 0.000000000000000000 ) ) ;
#7322 = VECTOR ( 'NONE', #4879, 39.37007874015748143 ) ;
#7323 = PRESENTATION_STYLE_ASSIGNMENT (( #4385 ) ) ;
#7324 = DIRECTION ( 'NONE',  ( -1.000000000000000000, -2.999999999999936730E-15, -3.000000000000063342E-15 ) ) ;
#7325 = LINE ( 'NONE', #6640, #9083 ) ;
#7326 = DIRECTION ( 'NONE',  ( 1.387778780781444571E-14, 1.387778780781444571E-14, -1.000000000000000000 ) ) ;
#7327 = EDGE_LOOP ( 'NONE', ( #2777, #4377, #1404, #4282, #9756 ) ) ;
#7328 = DIRECTION ( 'NONE',  ( 2.999999999999999839E-15, 9.999999999999999988E-15, -1.000000000000000000 ) ) ;
#7329 = MECHANICAL_DESIGN_GEOMETRIC_PRESENTATION_REPRESENTATION (  '', ( #5437 ), #9065 ) ;
#7330 = CIRCLE ( 'NONE', #1788, 0.3149606299212598381 ) ;
#7331 = CARTESIAN_POINT ( 'NONE',  ( -26.87499999999975486, 29.49999999999959144, 24.00000000000009237 ) ) ;
#7332 = CARTESIAN_POINT ( 'NONE',  ( 29.74999999999991118, -29.74999999999997868, -0.1203511549773471079 ) ) ;
#7333 = EDGE_CURVE ( 'NONE', #3717, #1275, #5227, .T. ) ;
#7334 = CARTESIAN_POINT ( 'NONE',  ( 47.99999999999972289, -29.87500000000027001, 21.62500000000065015 ) ) ;
#7335 = VECTOR ( 'NONE', #4132, 39.37007874015748143 ) ;
#7336 = VECTOR ( 'NONE', #6947, 39.37007874015748143 ) ;
#7337 = VECTOR ( 'NONE', #2317, 39.37007874015748143 ) ;
#7338 = CYLINDRICAL_SURFACE ( 'NONE', #5438, 0.3149606299212601157 ) ;
#7339 = VERTEX_POINT ( 'NONE', #7415 ) ;
#7340 = ORIENTED_EDGE ( 'NONE', *, *, #5520, .T. ) ;
#7341 = VERTEX_POINT ( 'NONE', #9711 ) ;
#7342 =( GEOMETRIC_REPRESENTATION_CONTEXT ( 3 ) GLOBAL_UNCERTAINTY_ASSIGNED_CONTEXT ( ( #514 ) ) GLOBAL_UNIT_ASSIGNED_CONTEXT ( ( #3969, #8584, #2524 ) ) REPRESENTATION_CONTEXT ( 'NONE', 'WORKASPACE' ) );
#7343 = VECTOR ( 'NONE', #587, 39.37007874015748143 ) ;
#7344 = EDGE_CURVE ( 'NONE', #434, #1045, #448, .T. ) ;
#7345 = CARTESIAN_POINT ( 'NONE',  ( -29.62499999999977263, 26.74999999999961275, 24.00000000000006750 ) ) ;
#7346 = FILL_AREA_STYLE_COLOUR ( '', #3021 ) ;
#7347 = CARTESIAN_POINT ( 'NONE',  ( 47.99999999999991473, 29.75000000000003197, 2.500000000000357492 ) ) ;
#7348 = ADVANCED_FACE ( 'NONE', ( #2943 ), #5973, .T. ) ;
#7349 = EDGE_CURVE ( 'NONE', #2025, #6642, #6527, .T. ) ;
#7350 = CARTESIAN_POINT ( 'NONE',  ( -29.80177669529650686, -29.80177669529705398, 21.49999999999925038 ) ) ;
#7351 = CARTESIAN_POINT ( 'NONE',  ( -29.99999999999986855, -30.00000000000045119, 21.49999999999924682 ) ) ;
#7352 = CARTESIAN_POINT ( 'NONE',  ( 29.62499999999999289, 26.74999999999991829, -2.054349691235526035E-13 ) ) ;
#7353 = DIRECTION ( 'NONE',  ( 0.000000000000000000, 1.000000000000000000, 0.000000000000000000 ) ) ;
#7354 = UNCERTAINTY_MEASURE_WITH_UNIT (LENGTH_MEASURE( 1.000000000000000082E-05 ), #1291, 'distance_accuracy_value', 'NONE');
#7355 = ORIENTED_EDGE ( 'NONE', *, *, #9505, .T. ) ;
#7356 = DIRECTION ( 'NONE',  ( 1.000000000000000000, -8.000000000000082663E-15, 3.817876800422327148E-15 ) ) ;
#7357 = EDGE_LOOP ( 'NONE', ( #1836, #1970, #5181, #1112 ) ) ;
#7358 = ORIENTED_EDGE ( 'NONE', *, *, #4073, .F. ) ;
#7359 = DIRECTION ( 'NONE',  ( 1.000000000000000000, 0.000000000000000000, 0.000000000000000000 ) ) ;
#7360 = CARTESIAN_POINT ( 'NONE',  ( 29.74999999999992539, 29.74999999999999289, 0.06300000000030281377 ) ) ;
#7361 = AXIS2_PLACEMENT_3D ( 'NONE', #339, #4976, #7262 ) ;
#7362 = DIRECTION ( 'NONE',  ( 0.000000000000000000, 0.000000000000000000, -1.000000000000000000 ) ) ;
#7363 = CARTESIAN_POINT ( 'NONE',  ( -30.00000000000016698, -29.99999999999978684, 2.499999999999705125 ) ) ;
#7364 = CARTESIAN_POINT ( 'NONE',  ( 29.74999999999988631, -29.24999999999996092, 24.00000000000000355 ) ) ;
#7365 = CARTESIAN_POINT ( 'NONE',  ( 29.74999999999991473, 29.74999999999998579, 0.06300000000033012526 ) ) ;
#7366 = EDGE_CURVE ( 'NONE', #1285, #7339, #3790, .T. ) ;
#7367 = FACE_OUTER_BOUND ( 'NONE', #6467, .T. ) ;
#7368 = DIRECTION ( 'NONE',  ( -1.000000000000000000, 1.499999999999999919E-14, -2.999999999999999839E-15 ) ) ;
#7369 = ORIENTED_EDGE ( 'NONE', *, *, #9484, .F. ) ;
#7370 = ORIENTED_EDGE ( 'NONE', *, *, #5870, .T. ) ;
#7371 = VECTOR ( 'NONE', #3342, 39.37007874015748143 ) ;
#7372 = EDGE_LOOP ( 'NONE', ( #6728, #6449 ) ) ;
#7373 = DIRECTION ( 'NONE',  ( -7.999999999999707165E-15, 1.000000000000000000, 6.999999999999831333E-15 ) ) ;
#7374 = VERTEX_POINT ( 'NONE', #131 ) ;
#7375 = EDGE_CURVE ( 'NONE', #1876, #4627, #4522, .T. ) ;
#7376 = CARTESIAN_POINT ( 'NONE',  ( -27.00000000000035882, 28.24999999999956302, 22.68503937007844584 ) ) ;
#7377 = CARTESIAN_POINT ( 'NONE',  ( 9.749999999999642952, 29.74999999999968381, 24.00000000000047962 ) ) ;
#7378 = AXIS2_PLACEMENT_3D ( 'NONE', #9751, #4513, #2331 ) ;
#7379 = PLANE ( 'NONE',  #7746 ) ;
#7380 = DIRECTION ( 'NONE',  ( -1.000000000000000000, -8.000000000000084241E-15, -1.700000000000016738E-14 ) ) ;
#7381 = CARTESIAN_POINT ( 'NONE',  ( -29.75000000000015277, -29.74999999999980105, -0.1203511549775146267 ) ) ;
#7382 = EDGE_LOOP ( 'NONE', ( #1315, #6441, #5132, #6369, #4368, #2671, #2082, #9593, #3805 ) ) ;
#7383 = FACE_OUTER_BOUND ( 'NONE', #4767, .T. ) ;
#7384 = FACE_OUTER_BOUND ( 'NONE', #9215, .T. ) ;
#7385 = CARTESIAN_POINT ( 'NONE',  ( 29.49999999999988631, -26.74999999999996092, 24.00000000000000355 ) ) ;
#7386 = CARTESIAN_POINT ( 'NONE',  ( 29.87499999999964473, 47.99999999999979394, 21.50000000000084555 ) ) ;
#7387 = LINE ( 'NONE', #8414, #1795 ) ;
#7388 = LINE ( 'NONE', #5897, #1160 ) ;
#7389 = EDGE_CURVE ( 'NONE', #8623, #2488, #4621, .T. ) ;
#7390 = ORIENTED_EDGE ( 'NONE', *, *, #3227, .F. ) ;
#7391 = EDGE_LOOP ( 'NONE', ( #9705, #8668, #8925, #3245 ) ) ;
#7392 = VERTEX_POINT ( 'NONE', #9125 ) ;
#7393 = DIRECTION ( 'NONE',  ( -1.000000000000000000, 8.489245268106010152E-16, -5.315144581066659542E-17 ) ) ;
#7394 = FACE_OUTER_BOUND ( 'NONE', #3156, .T. ) ;
#7395 = LINE ( 'NONE', #415, #6033 ) ;
#7396 = PLANE ( 'NONE',  #9425 ) ;
#7397 = DIRECTION ( 'NONE',  ( 1.799999999999999903E-14, 7.182123199577615725E-15, -1.000000000000000000 ) ) ;
#7398 = AXIS2_PLACEMENT_3D ( 'NONE', #6620, #7411, #5970 ) ;
#7399 =( BOUNDED_CURVE ( )  B_SPLINE_CURVE ( 3, ( #5834, #681, #8848, #3606 ),
 .UNSPECIFIED., .F., .T. ) 
 B_SPLINE_CURVE_WITH_KNOTS ( ( 4, 4 ),
 ( 1.570796326794895004, 3.141592653589795336 ),
 .UNSPECIFIED. ) 
 CURVE ( )  GEOMETRIC_REPRESENTATION_ITEM ( )  RATIONAL_B_SPLINE_CURVE ( ( 1.000000000000000000, 0.8047378541243649375, 0.8047378541243649375, 1.000000000000000000 ) ) 
 REPRESENTATION_ITEM ( '' )  );
#7400 = DIRECTION ( 'NONE',  ( -0.7071067811865516806, -0.7071067811865433539, -7.713784318335545790E-15 ) ) ;
#7401 = CARTESIAN_POINT ( 'NONE',  ( 29.74999999999972644, 9.749999999999761968, 24.00000000000061817 ) ) ;
#7402 = ADVANCED_FACE ( 'NONE', ( #7665 ), #9177, .F. ) ;
#7403 = VERTEX_POINT ( 'NONE', #5474 ) ;
#7404 = EDGE_CURVE ( 'NONE', #732, #2011, #3740, .T. ) ;
#7405 = DIRECTION ( 'NONE',  ( 1.000000000000000000, -7.884974821319400563E-15, 3.000000000000000233E-15 ) ) ;
#7406 = ORIENTED_EDGE ( 'NONE', *, *, #7661, .F. ) ;
#7407 = ORIENTED_EDGE ( 'NONE', *, *, #8318, .F. ) ;
#7408 = CIRCLE ( 'NONE', #2479, 0.3149606299212600047 ) ;
#7409 = VECTOR ( 'NONE', #8966, 39.37007874015748854 ) ;
#7410 = CARTESIAN_POINT ( 'NONE',  ( -26.75000000000041211, -29.62499999999982947, 23.99999999999963762 ) ) ;
#7411 = DIRECTION ( 'NONE',  ( -2.939999999999999909E-28, -1.000000000000000000, -6.999999999999997783E-15 ) ) ;
#7412 = LINE ( 'NONE', #6817, #5817 ) ;
#7413 = ADVANCED_FACE ( 'NONE', ( #1902 ), #275, .T. ) ;
#7414 = VECTOR ( 'NONE', #8740, 39.37007874015748143 ) ;
#7415 = CARTESIAN_POINT ( 'NONE',  ( -29.74999999999975842, 28.56496062992088270, 22.99999999999974065 ) ) ;
#7416 = ADVANCED_FACE ( 'NONE', ( #8540 ), #4762, .F. ) ;
#7417 = CARTESIAN_POINT ( 'NONE',  ( 26.74999999999988276, -29.74999999999996447, 0.000000000000000000 ) ) ;
#7418 = PLANE ( 'NONE',  #872 ) ;
#7419 = AXIS2_PLACEMENT_3D ( 'NONE', #7695, #5409, #4556 ) ;
#7420 = CARTESIAN_POINT ( 'NONE',  ( 27.05177669529633988, -27.05177669529686213, 24.25000000000029488 ) ) ;
#7421 = CARTESIAN_POINT ( 'NONE',  ( 26.99999999999988987, -26.99999999999996447, -0.5000000000001133538 ) ) ;
#7422 = ORIENTED_EDGE ( 'NONE', *, *, #6263, .F. ) ;
#7423 = VERTEX_POINT ( 'NONE', #1152 ) ;
#7424 = VECTOR ( 'NONE', #6958, 39.37007874015748143 ) ;
#7425 = ORIENTED_EDGE ( 'NONE', *, *, #4060, .F. ) ;
#7426 = LINE ( 'NONE', #9669, #1255 ) ;
#7427 = ORIENTED_EDGE ( 'NONE', *, *, #1098, .F. ) ;
#7428 = VECTOR ( 'NONE', #3940, 39.37007874015748143 ) ;
#7429 = DIRECTION ( 'NONE',  ( -0.7071067811865536790, 0.7071067811865413555, -5.656854249492553027E-15 ) ) ;
#7430 = SURFACE_STYLE_USAGE ( .BOTH. , #7664 ) ;
#7431 = CARTESIAN_POINT ( 'NONE',  ( -27.12499999999977263, -48.00000000000046185, 24.37499999999917222 ) ) ;
#7432 = VECTOR ( 'NONE', #7859, 39.37007874015748143 ) ;
#7433 = CARTESIAN_POINT ( 'NONE',  ( -29.75000000000008882, 29.74999999999980105, 2.375000000000143885 ) ) ;
#7434 = DIRECTION ( 'NONE',  ( 8.115025178680600680E-15, 1.000000000000000000, 7.000000000000000938E-15 ) ) ;
#7435 = ORIENTED_EDGE ( 'NONE', *, *, #6796, .T. ) ;
#7436 = CARTESIAN_POINT ( 'NONE',  ( -28.25000000000033751, 29.99999999999951683, 22.99999999999970868 ) ) ;
#7437 = CARTESIAN_POINT ( 'NONE',  ( -29.75000000000032330, -28.24999999999955591, 0.9999999999996429523 ) ) ;
#7438 = CYLINDRICAL_SURFACE ( 'NONE', #5361, 0.3149606299212601157 ) ;
#7439 = DIRECTION ( 'NONE',  ( -1.387778780781444571E-14, -1.000000000000000000, -9.974659986866631327E-15 ) ) ;
#7440 = FACE_OUTER_BOUND ( 'NONE', #2415, .T. ) ;
#7441 = ADVANCED_FACE ( 'NONE', ( #6317 ), #1007, .F. ) ;
#7442 = CARTESIAN_POINT ( 'NONE',  ( 27.93503937007890414, 29.74999999999992539, 22.99999999999947065 ) ) ;
#7443 = ORIENTED_EDGE ( 'NONE', *, *, #5000, .T. ) ;
#7444 = EDGE_LOOP ( 'NONE', ( #4245, #7634, #157, #9204, #7216, #6320, #444, #3078, #1696 ) ) ;
#7445 = VECTOR ( 'NONE', #3162, 39.37007874015748143 ) ;
#7446 = ORIENTED_EDGE ( 'NONE', *, *, #8121, .T. ) ;
#7447 = DIRECTION ( 'NONE',  ( 0.000000000000000000, 0.000000000000000000, 1.000000000000000000 ) ) ;
#7448 = CARTESIAN_POINT ( 'NONE',  ( -29.87499999999987210, -29.87500000000045119, 21.49999999999925038 ) ) ;
#7449 = EDGE_CURVE ( 'NONE', #4150, #5285, #5663, .T. ) ;
#7450 = CARTESIAN_POINT ( 'NONE',  ( 47.99999999999993605, 27.00000000000005329, -0.4999999999996616595 ) ) ;
#7451 = CARTESIAN_POINT ( 'NONE',  ( -48.00000000000012079, -26.99999999999966249, -0.3750000000003382850 ) ) ;
#7452 = VECTOR ( 'NONE', #7754, 39.37007874015748143 ) ;
#7453 = LINE ( 'NONE', #661, #1723 ) ;
#7454 = DIMENSIONAL_EXPONENTS ( 1.000000000000000000, 0.000000000000000000, 0.000000000000000000, 0.000000000000000000, 0.000000000000000000, 0.000000000000000000, 0.000000000000000000 ) ;
#7455 = DIRECTION ( 'NONE',  ( 2.999999999999943435E-15, 6.881840484703101679E-15, -1.000000000000000000 ) ) ;
#7456 = DIRECTION ( 'NONE',  ( -1.486340760031678554E-14, -1.000000000000000000, -9.999999999999999988E-15 ) ) ;
#7457 = UNCERTAINTY_MEASURE_WITH_UNIT (LENGTH_MEASURE( 1.000000000000000082E-05 ), #271, 'distance_accuracy_value', 'NONE');
#7458 = EDGE_LOOP ( 'NONE', ( #7113, #7692, #7865, #9338 ) ) ;
#7459 = DIRECTION ( 'NONE',  ( -3.999999999999706066E-15, 1.000000000000000000, 6.999999999999913375E-15 ) ) ;
#7460 = EDGE_LOOP ( 'NONE', ( #9051, #5219, #8271, #5692 ) ) ;
#7461 = ORIENTED_EDGE ( 'NONE', *, *, #344, .T. ) ;
#7462 = CARTESIAN_POINT ( 'NONE',  ( 26.75000000000017053, 29.62499999999993250, 23.99999999999981526 ) ) ;
#7463 = DIRECTION ( 'NONE',  ( -1.823631903059379282E-14, -7.236319030593792358E-15, 1.000000000000000000 ) ) ;
#7464 = DIRECTION ( 'NONE',  ( -1.723631903059379392E-14, -6.763680969406205575E-15, 1.000000000000000000 ) ) ;
#7465 =( BOUNDED_CURVE ( )  B_SPLINE_CURVE ( 3, ( #5174, #7468, #2847, #3791 ),
 .UNSPECIFIED., .F., .F. ) 
 B_SPLINE_CURVE_WITH_KNOTS ( ( 4, 4 ),
 ( 1.570796326794895004, 3.141592653589795336 ),
 .UNSPECIFIED. ) 
 CURVE ( )  GEOMETRIC_REPRESENTATION_ITEM ( )  RATIONAL_B_SPLINE_CURVE ( ( 1.000000000000000000, 0.8047378541243649375, 0.8047378541243649375, 1.000000000000000000 ) ) 
 REPRESENTATION_ITEM ( '' )  );
#7466 = CLOSED_SHELL ( 'NONE', ( #4978, #9436, #2614, #5955, #7960, #2966, #7416, #6515, #5051, #4182, #3552, #4635, #8113, #4180, #2006, #2510, #4042, #4751, #9180, #2867, #7862, #7568 ) ) ;
#7467 = CARTESIAN_POINT ( 'NONE',  ( -28.56496062992167140, -29.74999999999979394, 22.99999999999929301 ) ) ;
#7468 = CARTESIAN_POINT ( 'NONE',  ( 29.80177669529647844, -29.80177669529663476, 2.499999999999874767 ) ) ;
#7469 = DIRECTION ( 'NONE',  ( 4.000000000000210148E-15, 1.000000000000000000, 1.100000000000008408E-14 ) ) ;
#7470 = PRESENTATION_STYLE_ASSIGNMENT (( #39 ) ) ;
#7471 = FACE_BOUND ( 'NONE', #3795, .T. ) ;
#7472 = VECTOR ( 'NONE', #9384, 39.37007874015748143 ) ;
#7473 = ORIENTED_EDGE ( 'NONE', *, *, #5102, .T. ) ;
#7474 = EDGE_LOOP ( 'NONE', ( #4549, #74, #8878, #3865 ) ) ;
#7475 = ORIENTED_EDGE ( 'NONE', *, *, #3968, .T. ) ;
#7476 = LINE ( 'NONE', #1265, #7 ) ;
#7477 = ORIENTED_EDGE ( 'NONE', *, *, #8794, .F. ) ;
#7478 = PLANE ( 'NONE',  #8204 ) ;
#7479 = ADVANCED_FACE ( 'NONE', ( #2483 ), #3975, .F. ) ;
#7480 = LINE ( 'NONE', #686, #2997 ) ;
#7481 = CARTESIAN_POINT ( 'NONE',  ( -27.12500000000035172, 27.12499999999950973, 24.24999999999971223 ) ) ;
#7482 = VECTOR ( 'NONE', #9661, 39.37007874015748143 ) ;
#7483 = DIRECTION ( 'NONE',  ( -2.999999999999999839E-15, -6.999999999999997783E-15, 1.000000000000000000 ) ) ;
#7484 = ORIENTED_EDGE ( 'NONE', *, *, #5963, .F. ) ;
#7485 = DIRECTION ( 'NONE',  ( 1.000000000000000000, 0.000000000000000000, 0.000000000000000000 ) ) ;
#7486 = ORIENTED_EDGE ( 'NONE', *, *, #7750, .T. ) ;
#7487 = VECTOR ( 'NONE', #9100, 39.37007874015748143 ) ;
#7488 = CARTESIAN_POINT ( 'NONE',  ( -29.75000000000039080, -28.56496062992103546, 22.99999999999930367 ) ) ;
#7489 = CARTESIAN_POINT ( 'NONE',  ( 26.75000000000000000, 29.74999999999992895, -1.857656635691698878E-13 ) ) ;
#7490 = CARTESIAN_POINT ( 'NONE',  ( -26.74999999999975131, 29.74999999999959144, 24.00000000000009237 ) ) ;
#7491 = EDGE_LOOP ( 'NONE', ( #5932, #8892 ) ) ;
#7492 = VECTOR ( 'NONE', #1891, 39.37007874015748143 ) ;
#7493 = EDGE_LOOP ( 'NONE', ( #7702, #7748, #1793, #1678 ) ) ;
#7494 = ORIENTED_EDGE ( 'NONE', *, *, #9474, .T. ) ;
#7495 = DIRECTION ( 'NONE',  ( 0.000000000000000000, 0.000000000000000000, 1.000000000000000000 ) ) ;
#7496 = CARTESIAN_POINT ( 'NONE',  ( 29.74999999999985079, -29.75000000000003197, 2.374999999999913847 ) ) ;
#7497 = VECTOR ( 'NONE', #2258, 39.37007874015748143 ) ;
#7498 = ADVANCED_FACE ( 'NONE', ( #7202 ), #5523, .T. ) ;
#7499 = LINE ( 'NONE', #2231, #5380 ) ;
#7500 = FACE_OUTER_BOUND ( 'NONE', #8003, .T. ) ;
#7501 = VECTOR ( 'NONE', #6240, 39.37007874015748143 ) ;
#7502 = DIRECTION ( 'NONE',  ( 2.999999999999999839E-15, 9.999999999999999988E-15, -1.000000000000000000 ) ) ;
#7503 = CARTESIAN_POINT ( 'NONE',  ( 27.05177669529649620, -27.05177669529665963, -0.2500000000000764389 ) ) ;
#7504 = CARTESIAN_POINT ( 'NONE',  ( 26.74999999999988276, -27.93503937007870164, 22.99999999999966604 ) ) ;
#7505 = ORIENTED_EDGE ( 'NONE', *, *, #7675, .T. ) ;
#7506 = CYLINDRICAL_SURFACE ( 'NONE', #5667, 0.3149606299212601157 ) ;
#7507 = ORIENTED_EDGE ( 'NONE', *, *, #6864, .F. ) ;
#7508 = AXIS2_PLACEMENT_3D ( 'NONE', #7883, #7224, #1081 ) ;
#7509 = ORIENTED_EDGE ( 'NONE', *, *, #8850, .F. ) ;
#7510 = DIRECTION ( 'NONE',  ( -2.999999999999999839E-15, -6.999999999999997783E-15, 1.000000000000000000 ) ) ;
#7511 = DIRECTION ( 'NONE',  ( -1.000000000000000000, -8.000000000000084241E-15, -1.700000000000016738E-14 ) ) ;
#7512 = CARTESIAN_POINT ( 'NONE',  ( -27.93503937007908178, -29.49999999999958078, 0.9999999999996364020 ) ) ;
#7513 = LINE ( 'NONE', #671, #602 ) ;
#7514 = CARTESIAN_POINT ( 'NONE',  ( -29.74999999999985079, -9.750000000000005329, 24.24999999999936762 ) ) ;
#7515 = MECHANICAL_DESIGN_GEOMETRIC_PRESENTATION_REPRESENTATION (  '', ( #4967 ), #3393 ) ;
#7516 = CARTESIAN_POINT ( 'NONE',  ( -48.00000000000036238, 29.43699999999942918, 24.24999999999934985 ) ) ;
#7517 = PLANE ( 'NONE',  #6255 ) ;
#7518 = CARTESIAN_POINT ( 'NONE',  ( 28.24999999999991829, 29.74999999999998579, 1.000000000000298650 ) ) ;
#7519 = CARTESIAN_POINT ( 'NONE',  ( -48.00000000000036948, 29.99999999999942446, 24.49999999999935696 ) ) ;
#7520 = ORIENTED_EDGE ( 'NONE', *, *, #2746, .F. ) ;
#7521 = EDGE_CURVE ( 'NONE', #9400, #6453, #7951, .T. ) ;
#7522 = ORIENTED_EDGE ( 'NONE', *, *, #8155, .T. ) ;
#7523 = ORIENTED_EDGE ( 'NONE', *, *, #7624, .T. ) ;
#7524 = PRESENTATION_LAYER_ASSIGNMENT (  '', '', ( #1975 ) ) ;
#7525 = CARTESIAN_POINT ( 'NONE',  ( -27.05177669529701134, 27.05177669529620488, 24.24999999999969802 ) ) ;
#7526 = VERTEX_POINT ( 'NONE', #1803 ) ;
#7527 = DIRECTION ( 'NONE',  ( 1.387778780781444571E-14, 1.387778780781444571E-14, -1.000000000000000000 ) ) ;
#7528 = DIRECTION ( 'NONE',  ( 2.999999999999999839E-15, 7.000000000000000938E-15, -1.000000000000000000 ) ) ;
#7529 = EDGE_CURVE ( 'NONE', #24, #2429, #3434, .T. ) ;
#7530 = VECTOR ( 'NONE', #9662, 39.37007874015748143 ) ;
#7531 = PLANE ( 'NONE',  #2398 ) ;
#7532 = EDGE_CURVE ( 'NONE', #6137, #6582, #4814, .T. ) ;
#7533 = EDGE_LOOP ( 'NONE', ( #2367, #9084, #6021, #1385 ) ) ;
#7534 = EDGE_CURVE ( 'NONE', #4770, #5643, #8643, .T. ) ;
#7535 = DIRECTION ( 'NONE',  ( 1.387778780781444571E-14, 1.387778780781444571E-14, -1.000000000000000000 ) ) ;
#7536 = EDGE_CURVE ( 'NONE', #5078, #7993, #8519, .T. ) ;
#7537 = EDGE_CURVE ( 'NONE', #9157, #3770, #1887, .T. ) ;
#7538 = ORIENTED_EDGE ( 'NONE', *, *, #4008, .F. ) ;
#7539 = VECTOR ( 'NONE', #2373, 39.37007874015748143 ) ;
#7540 = FACE_OUTER_BOUND ( 'NONE', #531, .T. ) ;
#7541 = CARTESIAN_POINT ( 'NONE',  ( 26.99999999999968381, -27.00000000000022737, 24.37500000000029488 ) ) ;
#7542 = DIRECTION ( 'NONE',  ( 8.557635542963579159E-17, -1.000000000000000000, -6.999999999999997783E-15 ) ) ;
#7543 = DIRECTION ( 'NONE',  ( 0.000000000000000000, 1.000000000000000000, 0.000000000000000000 ) ) ;
#7544 = ADVANCED_FACE ( 'NONE', ( #2629, #7006, #5618 ), #7759, .F. ) ;
#7545 = FACE_OUTER_BOUND ( 'NONE', #9329, .T. ) ;
#7546 = ORIENTED_EDGE ( 'NONE', *, *, #3309, .F. ) ;
#7547 = ORIENTED_EDGE ( 'NONE', *, *, #4420, .F. ) ;
#7548 = ORIENTED_EDGE ( 'NONE', *, *, #6324, .F. ) ;
#7549 = EDGE_CURVE ( 'NONE', #6010, #1858, #5519, .T. ) ;
#7550 = EDGE_CURVE ( 'NONE', #9313, #9017, #5709, .T. ) ;
#7551 = ADVANCED_FACE ( 'NONE', ( #5758 ), #1997, .T. ) ;
#7552 = DIRECTION ( 'NONE',  ( 1.045395578523683729E-14, -1.000000000000000000, -1.509903313490213211E-14 ) ) ;
#7553 = DIRECTION ( 'NONE',  ( 1.000000000000000000, 0.000000000000000000, 0.000000000000000000 ) ) ;
#7554 = DIRECTION ( 'NONE',  ( 0.000000000000000000, 0.000000000000000000, -1.000000000000000000 ) ) ;
#7555 = DIRECTION ( 'NONE',  ( 4.000000000000039754E-15, 1.099999999999999888E-14, -1.000000000000000000 ) ) ;
#7556 = CARTESIAN_POINT ( 'NONE',  ( 29.99999999999972999, -30.00000000000021672, 21.50000000000032685 ) ) ;
#7557 = PLANE ( 'NONE',  #4827 ) ;
#7558 = AXIS2_PLACEMENT_3D ( 'NONE', #4457, #1394, #8919 ) ;
#7559 = ORIENTED_EDGE ( 'NONE', *, *, #1650, .F. ) ;
#7560 = DIRECTION ( 'NONE',  ( -1.000000000000000000, 8.000000000000082663E-15, -3.763680969406149727E-15 ) ) ;
#7561 = ORIENTED_EDGE ( 'NONE', *, *, #9499, .T. ) ;
#7562 = EDGE_CURVE ( 'NONE', #1045, #3626, #8042, .T. ) ;
#7563 = ORIENTED_EDGE ( 'NONE', *, *, #2924, .T. ) ;
#7564 = LINE ( 'NONE', #765, #228 ) ;
#7565 = CARTESIAN_POINT ( 'NONE',  ( -9.750000000000193623, -29.49999999999980105, -0.2500000000003654299 ) ) ;
#7566 = AXIS2_PLACEMENT_3D ( 'NONE', #7386, #10, #597 ) ;
#7567 = CARTESIAN_POINT ( 'NONE',  ( -29.49999999999977263, 26.87499999999961275, 24.00000000000006750 ) ) ;
#7568 = ADVANCED_FACE ( 'NONE', ( #1293, #464, #8921 ), #9698, .T. ) ;
#7569 = DIRECTION ( 'NONE',  ( -2.148382715945103405E-14, -1.000000000000000000, -1.100000000000038069E-14 ) ) ;
#7570 = PLANE ( 'NONE',  #5307 ) ;
#7571 = EDGE_CURVE ( 'NONE', #7876, #8181, #1395, .T. ) ;
#7572 =( LENGTH_UNIT ( ) NAMED_UNIT ( * ) SI_UNIT ( $, .METRE. ) );
#7573 = DIRECTION ( 'NONE',  ( -1.387778780781444571E-14, -1.000000000000000000, -1.387778780781444571E-14 ) ) ;
#7574 = VERTEX_POINT ( 'NONE', #612 ) ;
#7575 = AXIS2_PLACEMENT_3D ( 'NONE', #5516, #4617, #3971 ) ;
#7576 = EDGE_LOOP ( 'NONE', ( #6288, #1979, #2511, #5268, #6749 ) ) ;
#7577 = VECTOR ( 'NONE', #2340, 39.37007874015748143 ) ;
#7578 = VERTEX_POINT ( 'NONE', #2733 ) ;
#7579 = CARTESIAN_POINT ( 'NONE',  ( 29.87499999999984723, -29.87500000000003553, 2.499999999999913403 ) ) ;
#7580 = ORIENTED_EDGE ( 'NONE', *, *, #5266, .T. ) ;
#7581 = CIRCLE ( 'NONE', #8815, 0.3149606299212598381 ) ;
#7582 = PLANE ( 'NONE',  #8364 ) ;
#7583 = EDGE_CURVE ( 'NONE', #4770, #3264, #7244, .T. ) ;
#7584 = VECTOR ( 'NONE', #9414, 39.37007874015748143 ) ;
#7585 = EDGE_CURVE ( 'NONE', #7808, #7797, #7999, .T. ) ;
#7586 = PLANE ( 'NONE',  #3472 ) ;
#7587 = CARTESIAN_POINT ( 'NONE',  ( 26.87500000000016698, 29.49999999999992895, 23.99999999999981526 ) ) ;
#7588 = AXIS2_PLACEMENT_3D ( 'NONE', #6428, #6383, #5679 ) ;
#7589 = EDGE_LOOP ( 'NONE', ( #2239, #8461, #5369, #1564 ) ) ;
#7590 = CARTESIAN_POINT ( 'NONE',  ( 29.80177669529652107, 29.80177669529661344, 2.500000000000303313 ) ) ;
#7591 = ORIENTED_EDGE ( 'NONE', *, *, #2539, .T. ) ;
#7592 = VECTOR ( 'NONE', #7976, 39.37007874015748143 ) ;
#7593 = EDGE_CURVE ( 'NONE', #4103, #6007, #3491, .T. ) ;
#7594 = DIRECTION ( 'NONE',  ( 1.799999999999999903E-14, 6.763680969406203997E-15, -1.000000000000000000 ) ) ;
#7595 = CARTESIAN_POINT ( 'NONE',  ( -30.00000000000036948, 29.99999999999949907, 24.49999999999968026 ) ) ;
#7596 = DIRECTION ( 'NONE',  ( 1.000000000000000000, -1.387778780781444571E-14, 0.000000000000000000 ) ) ;
#7597 = EDGE_LOOP ( 'NONE', ( #8876, #2905, #3057, #2412 ) ) ;
#7598 = ORIENTED_EDGE ( 'NONE', *, *, #1650, .T. ) ;
#7599 = ORIENTED_EDGE ( 'NONE', *, *, #9260, .T. ) ;
#7600 = VECTOR ( 'NONE', #2517, 39.37007874015748143 ) ;
#7601 = ADVANCED_FACE ( 'NONE', ( #8821 ), #6511, .F. ) ;
#7602 = PLANE ( 'NONE',  #4870 ) ;
#7603 = DIRECTION ( 'NONE',  ( 0.000000000000000000, 0.000000000000000000, -1.000000000000000000 ) ) ;
#7604 = DIRECTION ( 'NONE',  ( 0.000000000000000000, -1.387778780781445044E-14, 1.000000000000000000 ) ) ;
#7605 = EDGE_CURVE ( 'NONE', #4909, #7196, #5034, .T. ) ;
#7606 = DIRECTION ( 'NONE',  ( 1.699999999999999698E-14, 6.999999999999997783E-15, -1.000000000000000000 ) ) ;
#7607 = VECTOR ( 'NONE', #296, 39.37007874015748143 ) ;
#7608 = ORIENTED_EDGE ( 'NONE', *, *, #4876, .F. ) ;
#7609 = CARTESIAN_POINT ( 'NONE',  ( 29.99999999999963407, 28.24999999999978684, 23.31496062992196627 ) ) ;
#7610 = EDGE_LOOP ( 'NONE', ( #3331, #4903, #580, #9501 ) ) ;
#7611 = EDGE_LOOP ( 'NONE', ( #9468, #1036, #5011, #8418 ) ) ;
#7612 = CARTESIAN_POINT ( 'NONE',  ( -29.75000000000015277, -29.74999999999974065, -0.1203511549775256873 ) ) ;
#7613 = FACE_BOUND ( 'NONE', #4821, .T. ) ;
#7614 = AXIS2_PLACEMENT_3D ( 'NONE', #3752, #639, #781 ) ;
#7615 = SURFACE_STYLE_FILL_AREA ( #862 ) ;
#7616 = CARTESIAN_POINT ( 'NONE',  ( 29.49999999999996447, -9.749999999999992895, -0.2499999999999927003 ) ) ;
#7617 = CYLINDRICAL_SURFACE ( 'NONE', #504, 0.3149606299212598381 ) ;
#7618 = CARTESIAN_POINT ( 'NONE',  ( 29.74999999999976197, -29.74999999999988987, 24.00000000000031619 ) ) ;
#7619 = LINE ( 'NONE', #2250, #1782 ) ;
#7620 = CARTESIAN_POINT ( 'NONE',  ( -28.25000000000040856, -29.49999999999979750, 22.99999999999930012 ) ) ;
#7621 = ORIENTED_EDGE ( 'NONE', *, *, #4778, .T. ) ;
#7622 = ADVANCED_FACE ( 'NONE', ( #9554, #8139, #2139 ), #5961, .F. ) ;
#7623 = ORIENTED_EDGE ( 'NONE', *, *, #7562, .T. ) ;
#7624 = EDGE_CURVE ( 'NONE', #7055, #7403, #8969, .T. ) ;
#7625 = CARTESIAN_POINT ( 'NONE',  ( 26.74999999999988276, -29.74999999999996447, 24.00000000000000355 ) ) ;
#7626 = EDGE_CURVE ( 'NONE', #8079, #3029, #2782, .T. ) ;
#7627 = DIRECTION ( 'NONE',  ( -1.000000000000000000, 4.000000000000083930E-15, -3.999999999999916692E-15 ) ) ;
#7628 = AXIS2_PLACEMENT_3D ( 'NONE', #5209, #1390, #4555 ) ;
#7629 = LINE ( 'NONE', #830, #4659 ) ;
#7630 = FACE_BOUND ( 'NONE', #8890, .T. ) ;
#7631 = EDGE_LOOP ( 'NONE', ( #3425, #1058 ) ) ;
#7632 = DIRECTION ( 'NONE',  ( -1.000000000000000000, -8.000000000000084241E-15, -1.700000000000016738E-14 ) ) ;
#7633 = ADVANCED_FACE ( 'NONE', ( #3581, #562, #5162 ), #6608, .F. ) ;
#7634 = ORIENTED_EDGE ( 'NONE', *, *, #8689, .F. ) ;
#7635 = VECTOR ( 'NONE', #6624, 39.37007874015748143 ) ;
#7636 = CARTESIAN_POINT ( 'NONE',  ( 47.99999999999992184, 30.00000000000004974, 3.597160845657418387E-13 ) ) ;
#7637 = DIRECTION ( 'NONE',  ( 1.000000000000000000, -4.000000000000000311E-15, -7.000000000000000938E-15 ) ) ;
#7638 = CARTESIAN_POINT ( 'NONE',  ( 28.99999999999991118, 29.24999999999999289, 2.974146821739779282E-13 ) ) ;
#7639 = CARTESIAN_POINT ( 'NONE',  ( -30.00000000000012079, -29.99999999999973355, -0.5000000000003050893 ) ) ;
#7640 = VERTEX_POINT ( 'NONE', #2885 ) ;
#7641 = VERTEX_POINT ( 'NONE', #1193 ) ;
#7642 = ORIENTED_EDGE ( 'NONE', *, *, #7066, .T. ) ;
#7643 = VECTOR ( 'NONE', #8711, 39.37007874015748143 ) ;
#7644 = ORIENTED_EDGE ( 'NONE', *, *, #4948, .F. ) ;
#7645 = DIRECTION ( 'NONE',  ( 0.000000000000000000, 0.000000000000000000, 1.000000000000000000 ) ) ;
#7646 = DIRECTION ( 'NONE',  ( -2.999999999999999839E-15, -7.182123199577615725E-15, 1.000000000000000000 ) ) ;
#7647 = CARTESIAN_POINT ( 'NONE',  ( 29.24999999999988276, -29.49999999999996447, 24.00000000000000355 ) ) ;
#7648 = DIRECTION ( 'NONE',  ( 1.000000000000000000, 1.748382715945127513E-14, 4.000000000000122584E-15 ) ) ;
#7649 = CYLINDRICAL_SURFACE ( 'NONE', #9226, 0.3149606299212601157 ) ;
#7650 = AXIS2_PLACEMENT_3D ( 'NONE', #4228, #3402, #7314 ) ;
#7651 = DIMENSIONAL_EXPONENTS ( 1.000000000000000000, 0.000000000000000000, 0.000000000000000000, 0.000000000000000000, 0.000000000000000000, 0.000000000000000000, 0.000000000000000000 ) ;
#7652 = CARTESIAN_POINT ( 'NONE',  ( 29.99999999999985434, -28.25000000000002842, 1.314960629921184676 ) ) ;
#7653 = VERTEX_POINT ( 'NONE', #8186 ) ;
#7654 = CARTESIAN_POINT ( 'NONE',  ( 29.74999999999988631, -29.74999999999999645, -0.2500000000001916800 ) ) ;
#7655 = ORIENTED_EDGE ( 'NONE', *, *, #6828, .F. ) ;
#7656 = ORIENTED_EDGE ( 'NONE', *, *, #5185, .F. ) ;
#7657 = AXIS2_PLACEMENT_3D ( 'NONE', #3777, #2932, #6806 ) ;
#7658 = CIRCLE ( 'NONE', #5588, 0.5000000000000017764 ) ;
#7659 = CARTESIAN_POINT ( 'NONE',  ( -29.50000000000036948, -26.87499999999978684, 23.99999999999965539 ) ) ;
#7660 = CARTESIAN_POINT ( 'NONE',  ( -28.25000000000008527, 29.99999999999981171, 1.000000000000130784 ) ) ;
#7661 = EDGE_CURVE ( 'NONE', #6642, #1351, #7453, .T. ) ;
#7662 =( NAMED_UNIT ( * ) SI_UNIT ( $, .STERADIAN. ) SOLID_ANGLE_UNIT ( ) );
#7663 = DIRECTION ( 'NONE',  ( 1.000000000000000000, -4.000000000000063420E-15, 2.999999999999915825E-15 ) ) ;
#7664 = SURFACE_SIDE_STYLE ('',( #2863 ) ) ;
#7665 = FACE_OUTER_BOUND ( 'NONE', #6402, .T. ) ;
#7666 = CARTESIAN_POINT ( 'NONE',  ( 47.99999999999992184, 29.43700000000005446, -0.2499999999996446454 ) ) ;
#7667 = PLANE ( 'NONE',  #2140 ) ;
#7668 = AXIS2_PLACEMENT_3D ( 'NONE', #4531, #3808, #6875 ) ;
#7669 = AXIS2_PLACEMENT_3D ( 'NONE', #5796, #6598, #2030 ) ;
#7670 = ORIENTED_EDGE ( 'NONE', *, *, #5686, .F. ) ;
#7671 = AXIS2_PLACEMENT_3D ( 'NONE', #7519, #2850, #2056 ) ;
#7672 = CARTESIAN_POINT ( 'NONE',  ( -26.87500000000040856, -29.49999999999982947, 23.99999999999963762 ) ) ;
#7673 = ORIENTED_EDGE ( 'NONE', *, *, #1825, .T. ) ;
#7674 = ORIENTED_EDGE ( 'NONE', *, *, #9235, .F. ) ;
#7675 = EDGE_CURVE ( 'NONE', #4345, #4689, #6708, .T. ) ;
#7676 = DIRECTION ( 'NONE',  ( -1.000000000000000000, -4.000000000000083930E-15, -1.700000000000008533E-14 ) ) ;
#7677 = EDGE_CURVE ( 'NONE', #520, #6582, #5398, .T. ) ;
#7678 = CARTESIAN_POINT ( 'NONE',  ( -29.87500000000016698, -29.87499999999978684, 2.499999999999706901 ) ) ;
#7679 = EDGE_LOOP ( 'NONE', ( #6776, #3733 ) ) ;
#7680 = DIRECTION ( 'NONE',  ( -9.106159978880878627E-17, 1.000000000000000000, 0.000000000000000000 ) ) ;
#7681 = ADVANCED_FACE ( 'NONE', ( #4733 ), #8239, .F. ) ;
#7682 = ORIENTED_EDGE ( 'NONE', *, *, #6812, .T. ) ;
#7683 = LINE ( 'NONE', #5446, #5694 ) ;
#7684 = AXIS2_PLACEMENT_3D ( 'NONE', #1462, #8154, #8935 ) ;
#7685 = CARTESIAN_POINT ( 'NONE',  ( -30.00000000000032330, -30.00000000000005684, 24.49999999999924682 ) ) ;
#7686 = CARTESIAN_POINT ( 'NONE',  ( 28.24999999999991829, 29.99999999999998224, 1.000000000000300426 ) ) ;
#7687 = DIRECTION ( 'NONE',  ( 4.000000000000210148E-15, 1.000000000000000000, 1.100000000000008408E-14 ) ) ;
#7688 = EDGE_CURVE ( 'NONE', #2962, #2471, #1235, .T. ) ;
#7689 = LINE ( 'NONE', #7490, #4630 ) ;
#7690 = ORIENTED_EDGE ( 'NONE', *, *, #8985, .T. ) ;
#7691 = ORIENTED_EDGE ( 'NONE', *, *, #9540, .T. ) ;
#7692 = ORIENTED_EDGE ( 'NONE', *, *, #7217, .T. ) ;
#7693 = EDGE_LOOP ( 'NONE', ( #6306, #2637, #4104, #354 ) ) ;
#7694 = CIRCLE ( 'NONE', #2934, 0.3149606299212598381 ) ;
#7695 = CARTESIAN_POINT ( 'NONE',  ( 47.99999999999991473, 30.00000000000003197, 2.500000000000359712 ) ) ;
#7696 = CYLINDRICAL_SURFACE ( 'NONE', #4682, 0.3149606299212598381 ) ;
#7697 = LENGTH_MEASURE_WITH_UNIT ( LENGTH_MEASURE( 0.02539999999999999897 ), #807 );
#7698 = ADVANCED_FACE ( 'NONE', ( #3110 ), #7778, .F. ) ;
#7699 = CARTESIAN_POINT ( 'NONE',  ( 29.75000000000000355, 29.74999999999965894, -0.2499999999996901923 ) ) ;
#7700 = EDGE_LOOP ( 'NONE', ( #1354, #7546, #9547, #6554 ) ) ;
#7701 = CARTESIAN_POINT ( 'NONE',  ( 26.99999999999969802, -28.25000000000021672, 23.00000000000025935 ) ) ;
#7702 = ORIENTED_EDGE ( 'NONE', *, *, #6694, .T. ) ;
#7703 = ORIENTED_EDGE ( 'NONE', *, *, #1952, .T. ) ;
#7704 = DIRECTION ( 'NONE',  ( 1.000000000000000000, -1.387778780781444571E-14, 0.000000000000000000 ) ) ;
#7705 = CARTESIAN_POINT ( 'NONE',  ( -9.749999999999687361, 29.49999999999985079, 3.082890460850121189E-13 ) ) ;
#7706 = CARTESIAN_POINT ( 'NONE',  ( -28.56496062992100704, 29.74999999999961275, 22.99999999999975486 ) ) ;
#7707 = EDGE_CURVE ( 'NONE', #5180, #1647, #308, .T. ) ;
#7708 = EDGE_CURVE ( 'NONE', #8061, #3089, #7729, .T. ) ;
#7709 = EDGE_CURVE ( 'NONE', #4487, #1297, #4460, .T. ) ;
#7710 = CARTESIAN_POINT ( 'NONE',  ( -29.62500000000036948, -26.74999999999978684, 23.99999999999965539 ) ) ;
#7711 = DIRECTION ( 'NONE',  ( 0.000000000000000000, -1.000000000000000000, 0.000000000000000000 ) ) ;
#7712 = VERTEX_POINT ( 'NONE', #4642 ) ;
#7713 = DIRECTION ( 'NONE',  ( -1.000000000000000000, 8.000000000000021132E-15, -3.000000000000000233E-15 ) ) ;
#7714 = ORIENTED_EDGE ( 'NONE', *, *, #8536, .T. ) ;
#7715 = ORIENTED_EDGE ( 'NONE', *, *, #8746, .F. ) ;
#7716 = VECTOR ( 'NONE', #209, 39.37007874015748854 ) ;
#7717 = DIRECTION ( 'NONE',  ( 1.000000000000000000, -4.000000000000000311E-15, -7.000000000000000150E-15 ) ) ;
#7718 = ADVANCED_FACE ( 'NONE', ( #6236 ), #2505, .F. ) ;
#7719 =( NAMED_UNIT ( * ) SI_UNIT ( $, .STERADIAN. ) SOLID_ANGLE_UNIT ( ) );
#7720 = AXIS2_PLACEMENT_3D ( 'NONE', #4664, #9123, #1699 ) ;
#7721 = CARTESIAN_POINT ( 'NONE',  ( 27.93503937007862348, -29.49999999999996092, 22.99999999999966604 ) ) ;
#7722 = SHAPE_REPRESENTATION ( '102049 DET C', ( #3073 ), #4488 ) ;
#7723 = CIRCLE ( 'NONE', #3759, 0.3149606299212601157 ) ;
#7724 = EDGE_CURVE ( 'NONE', #7876, #6400, #7072, .T. ) ;
#7725 = EDGE_LOOP ( 'NONE', ( #9290, #7838, #2790, #3367 ) ) ;
#7726 = CARTESIAN_POINT ( 'NONE',  ( -29.25000000000033396, -29.24999999999955236, -3.671603703484769892E-13 ) ) ;
#7727 = CIRCLE ( 'NONE', #3920, 0.3149606299212597271 ) ;
#7728 = VERTEX_POINT ( 'NONE', #9152 ) ;
#7729 = LINE ( 'NONE', #5492, #776 ) ;
#7730 = VECTOR ( 'NONE', #2642, 39.37007874015748143 ) ;
#7731 = CARTESIAN_POINT ( 'NONE',  ( 28.99999999999991473, 28.99999999999998934, 2.956646821739779609E-13 ) ) ;
#7732 = CARTESIAN_POINT ( 'NONE',  ( 9.750000000000001776, 29.74999999999965183, -0.2499999999997701838 ) ) ;
#7733 = DIRECTION ( 'NONE',  ( 1.387778780781444571E-14, 1.387778780781444571E-14, -1.000000000000000000 ) ) ;
#7734 = EDGE_LOOP ( 'NONE', ( #8433, #3144, #8179, #6068 ) ) ;
#7735 = ORIENTED_EDGE ( 'NONE', *, *, #2061, .F. ) ;
#7736 = ORIENTED_EDGE ( 'NONE', *, *, #6085, .F. ) ;
#7737 = ORIENTED_EDGE ( 'NONE', *, *, #645, .F. ) ;
#7738 = CIRCLE ( 'NONE', #2989, 0.2499999999999986955 ) ;
#7739 = CARTESIAN_POINT ( 'NONE',  ( 10.50000000000018119, -10.50000000000006395, -0.5000000000000367484 ) ) ;
#7740 = EDGE_CURVE ( 'NONE', #6774, #26, #979, .T. ) ;
#7741 =( NAMED_UNIT ( * ) PLANE_ANGLE_UNIT ( ) SI_UNIT ( $, .RADIAN. ) );
#7742 = AXIS2_PLACEMENT_3D ( 'NONE', #2640, #4134, #6621 ) ;
#7743 = DIRECTION ( 'NONE',  ( 0.7071067811865462405, -0.7071067811865487940, -2.764036850029871420E-15 ) ) ;
#7744 = LENGTH_MEASURE_WITH_UNIT ( LENGTH_MEASURE( 0.02539999999999999897 ), #3326 );
#7745 = LINE ( 'NONE', #947, #4984 ) ;
#7746 = AXIS2_PLACEMENT_3D ( 'NONE', #8114, #4387, #4341 ) ;
#7747 = VERTEX_POINT ( 'NONE', #7685 ) ;
#7748 = ORIENTED_EDGE ( 'NONE', *, *, #1043, .F. ) ;
#7749 = EDGE_LOOP ( 'NONE', ( #751, #3149 ) ) ;
#7750 = EDGE_CURVE ( 'NONE', #9388, #5178, #9304, .T. ) ;
#7751 = PRODUCT_RELATED_PRODUCT_CATEGORY ( 'part', '', ( #7016 ) ) ;
#7752 = EDGE_LOOP ( 'NONE', ( #3815, #9739, #6998, #7944 ) ) ;
#7753 = CARTESIAN_POINT ( 'NONE',  ( -9.750000000000193623, -29.49999999999980105, -0.2500000000003654299 ) ) ;
#7754 = DIRECTION ( 'NONE',  ( -1.000000000000000000, -8.000000000000082663E-15, -1.718212319957778453E-14 ) ) ;
#7755 = CYLINDRICAL_SURFACE ( 'NONE', #7891, 0.3149606299212601157 ) ;
#7756 = EDGE_CURVE ( 'NONE', #9108, #8865, #8466, .T. ) ;
#7757 = CARTESIAN_POINT ( 'NONE',  ( -26.75000000000034106, -29.62499999999959144, -3.627894135586141523E-13 ) ) ;
#7758 = VECTOR ( 'NONE', #4728, 39.37007874015748143 ) ;
#7759 = PLANE ( 'NONE',  #6000 ) ;
#7760 = FACE_BOUND ( 'NONE', #1418, .T. ) ;
#7761 = CARTESIAN_POINT ( 'NONE',  ( 29.74999999999985434, -29.75000000000002132, 0.06299999999991351407 ) ) ;
#7762 = VERTEX_POINT ( 'NONE', #1671 ) ;
#7763 = DIRECTION ( 'NONE',  ( 0.000000000000000000, -1.000000000000000000, 0.000000000000000000 ) ) ;
#7764 = EDGE_LOOP ( 'NONE', ( #2332, #2564 ) ) ;
#7765 = EDGE_LOOP ( 'NONE', ( #8633, #9625, #5830, #4079, #4810 ) ) ;
#7766 =( GEOMETRIC_REPRESENTATION_CONTEXT ( 3 ) GLOBAL_UNCERTAINTY_ASSIGNED_CONTEXT ( ( #5060 ) ) GLOBAL_UNIT_ASSIGNED_CONTEXT ( ( #4665, #1508, #7662 ) ) REPRESENTATION_CONTEXT ( 'NONE', 'WORKASPACE' ) );
#7767 = CARTESIAN_POINT ( 'NONE',  ( 29.25000000000017053, 29.49999999999992184, 23.99999999999979750 ) ) ;
#7768 = FACE_OUTER_BOUND ( 'NONE', #426, .T. ) ;
#7769 = VECTOR ( 'NONE', #460, 39.37007874015748143 ) ;
#7770 = FACE_OUTER_BOUND ( 'NONE', #1711, .T. ) ;
#7771 = ORIENTED_EDGE ( 'NONE', *, *, #4904, .T. ) ;
#7772 = DIRECTION ( 'NONE',  ( -4.000000000000000311E-15, -1.000000000000000000, -6.999999999999998572E-15 ) ) ;
#7773 = ORIENTED_EDGE ( 'NONE', *, *, #3405, .T. ) ;
#7774 = ADVANCED_FACE ( 'NONE', ( #4786 ), #3313, .T. ) ;
#7775 = DIRECTION ( 'NONE',  ( 1.000000000000000000, -1.387778780781444571E-14, 0.000000000000000000 ) ) ;
#7776 = CARTESIAN_POINT ( 'NONE',  ( 37.49999999999990052, 37.50000000000002132, -0.4999999999996195821 ) ) ;
#7777 =( BOUNDED_CURVE ( )  B_SPLINE_CURVE ( 3, ( #721, #2193, #2896, #5921 ),
 .UNSPECIFIED., .F., .F. ) 
 B_SPLINE_CURVE_WITH_KNOTS ( ( 4, 4 ),
 ( 1.570796326794895004, 3.141592653589795336 ),
 .UNSPECIFIED. ) 
 CURVE ( )  GEOMETRIC_REPRESENTATION_ITEM ( )  RATIONAL_B_SPLINE_CURVE ( ( 1.000000000000000000, 0.8047378541243649375, 0.8047378541243649375, 1.000000000000000000 ) ) 
 REPRESENTATION_ITEM ( '' )  );
#7778 = PLANE ( 'NONE',  #7105 ) ;
#7779 = CARTESIAN_POINT ( 'NONE',  ( 26.74999999999988276, -29.74999999999996447, 24.00000000000000355 ) ) ;
#7780 = DIRECTION ( 'NONE',  ( 1.000000000000000000, 1.000000000000062989E-15, 1.800000000000002112E-14 ) ) ;
#7781 = CARTESIAN_POINT ( 'NONE',  ( 29.74999999999972289, 9.749999999999761968, 24.25000000000061817 ) ) ;
#7782 = VERTEX_POINT ( 'NONE', #1031 ) ;
#7783 = ORIENTED_EDGE ( 'NONE', *, *, #8409, .F. ) ;
#7784 = VERTEX_POINT ( 'NONE', #3950 ) ;
#7785 = EDGE_LOOP ( 'NONE', ( #93, #3718, #728, #1861 ) ) ;
#7786 = AXIS2_PLACEMENT_3D ( 'NONE', #6080, #864, #1705 ) ;
#7787 = CONTEXT_DEPENDENT_SHAPE_REPRESENTATION ( #5356, #4324 ) ;
#7788 = CARTESIAN_POINT ( 'NONE',  ( -29.62500000000037303, -26.87499999999978684, 23.99999999999965539 ) ) ;
#7789 = FACE_OUTER_BOUND ( 'NONE', #6844, .T. ) ;
#7790 = CARTESIAN_POINT ( 'NONE',  ( 28.25000000000014921, 26.74999999999992184, 22.99999999999947065 ) ) ;
#7791 = VECTOR ( 'NONE', #7029, 39.37007874015748143 ) ;
#7792 = VERTEX_POINT ( 'NONE', #196 ) ;
#7793 = ORIENTED_EDGE ( 'NONE', *, *, #3194, .F. ) ;
#7794 = EDGE_LOOP ( 'NONE', ( #3311, #940, #7990, #8813 ) ) ;
#7795 = EDGE_CURVE ( 'NONE', #6241, #4598, #3347, .T. ) ;
#7796 = CARTESIAN_POINT ( 'NONE',  ( 26.75000000000015632, 28.24999999999992895, 22.99999999999947775 ) ) ;
#7797 = VERTEX_POINT ( 'NONE', #248 ) ;
#7798 = CARTESIAN_POINT ( 'NONE',  ( -29.87500000000016698, -29.87499999999978684, 2.499999999999706901 ) ) ;
#7799 = AXIS2_PLACEMENT_3D ( 'NONE', #5827, #6430, #5632 ) ;
#7800 = DIRECTION ( 'NONE',  ( -1.000000000000000000, -2.999999999999978539E-15, -3.000000000000020743E-15 ) ) ;
#7801 = DIRECTION ( 'NONE',  ( -1.000000000000000000, 1.499999999999999919E-14, -2.999999999999999839E-15 ) ) ;
#7802 = CARTESIAN_POINT ( 'NONE',  ( -48.00000000000013500, -29.87499999999968381, 2.499999999999641620 ) ) ;
#7803 = DIRECTION ( 'NONE',  ( 0.000000000000000000, -0.000000000000000000, 1.000000000000000000 ) ) ;
#7804 = CARTESIAN_POINT ( 'NONE',  ( -9.750000000000438760, 29.49999999999956657, 24.25000000000016342 ) ) ;
#7805 = DIRECTION ( 'NONE',  ( -1.000000000000000000, -8.000000000000063731E-15, -1.800000000000016627E-14 ) ) ;
#7806 = ORIENTED_EDGE ( 'NONE', *, *, #5774, .T. ) ;
#7807 = PLANE ( 'NONE',  #6083 ) ;
#7808 = VERTEX_POINT ( 'NONE', #7829 ) ;
#7809 = VECTOR ( 'NONE', #1687, 39.37007874015748143 ) ;
#7810 = ORIENTED_EDGE ( 'NONE', *, *, #3380, .F. ) ;
#7811 = VECTOR ( 'NONE', #3963, 39.37007874015748143 ) ;
#7812 = LINE ( 'NONE', #7162, #218 ) ;
#7813 = PRODUCT_DEFINITION_SHAPE ( 'NONE', 'NONE',  #3203 ) ;
#7814 = CARTESIAN_POINT ( 'NONE',  ( 29.24999999999988276, -29.49999999999996092, 24.00000000000000355 ) ) ;
#7815 = AXIS2_PLACEMENT_3D ( 'NONE', #1592, #4608, #3870 ) ;
#7816 = CARTESIAN_POINT ( 'NONE',  ( 29.49999999999988987, 29.50000000000000000, -0.2499999999996994349 ) ) ;
#7817 = AXIS2_PLACEMENT_3D ( 'NONE', #577, #773, #3601 ) ;
#7818 = CYLINDRICAL_SURFACE ( 'NONE', #7036, 0.3149606299212601157 ) ;
#7819 = EDGE_CURVE ( 'NONE', #5968, #975, #7738, .T. ) ;
#7820 = DIRECTION ( 'NONE',  ( 1.000000000000000000, 2.999999999999978934E-15, 3.000000000000020743E-15 ) ) ;
#7821 = ORIENTED_EDGE ( 'NONE', *, *, #1207, .F. ) ;
#7822 = CIRCLE ( 'NONE', #9082, 0.3149606299212601157 ) ;
#7823 = VECTOR ( 'NONE', #9396, 39.37007874015748143 ) ;
#7824 = ORIENTED_EDGE ( 'NONE', *, *, #8783, .F. ) ;
#7825 = EDGE_CURVE ( 'NONE', #8451, #6184, #440, .T. ) ;
#7826 = CARTESIAN_POINT ( 'NONE',  ( 29.74999999999988631, -28.56496062992122376, 1.000000000000001332 ) ) ;
#7827 = FACE_OUTER_BOUND ( 'NONE', #3415, .T. ) ;
#7828 = EDGE_CURVE ( 'NONE', #4506, #2560, #3562, .T. ) ;
#7829 = CARTESIAN_POINT ( 'NONE',  ( 9.750000000000001776, 29.49999999999965539, -0.2499999999997719602 ) ) ;
#7831 = EDGE_CURVE ( 'NONE', #8849, #8094, #8758, .T. ) ;
#7830 = CARTESIAN_POINT ( 'NONE',  ( 29.99999999999992184, 29.91666666666666430, 3.050303218906801292E-13 ) ) ;
#7832 = CARTESIAN_POINT ( 'NONE',  ( 28.56496062992114204, -29.49999999999996092, 1.000000000000001332 ) ) ;
#7833 = EDGE_CURVE ( 'NONE', #331, #6703, #7272, .T. ) ;
#7834 = DIRECTION ( 'NONE',  ( -1.000000000000000000, 1.387778780781444571E-14, -3.035766082959409654E-15 ) ) ;
#7835 = ADVANCED_FACE ( 'NONE', ( #2705 ), #8022, .F. ) ;
#7836 = EDGE_LOOP ( 'NONE', ( #4010, #4158, #7985, #8705 ) ) ;
#7837 = ORIENTED_EDGE ( 'NONE', *, *, #9047, .F. ) ;
#7838 = ORIENTED_EDGE ( 'NONE', *, *, #9393, .F. ) ;
#7839 = EDGE_LOOP ( 'NONE', ( #1666, #304, #2191, #8845, #8229, #8092, #901, #4739, #3042 ) ) ;
#7840 =( BOUNDED_CURVE ( )  B_SPLINE_CURVE ( 3, ( #30, #6041, #2263, #8315 ),
 .UNSPECIFIED., .F., .F. ) 
 B_SPLINE_CURVE_WITH_KNOTS ( ( 4, 4 ),
 ( 4.930380657631259740E-32, 1.570796326794895004 ),
 .UNSPECIFIED. ) 
 CURVE ( )  GEOMETRIC_REPRESENTATION_ITEM ( )  RATIONAL_B_SPLINE_CURVE ( ( 1.000000000000000000, 0.8047378541243649375, 0.8047378541243649375, 1.000000000000000000 ) ) 
 REPRESENTATION_ITEM ( '' )  );
#7841 = ITEM_DEFINED_TRANSFORMATION ( 'NONE', 'NONE', #4922,  #3073 ) ;
#7842 = LINE ( 'NONE', #2567, #467 ) ;
#7843 = EDGE_CURVE ( 'NONE', #7792, #3936, #8709, .T. ) ;
#7844 = LINE ( 'NONE', #7230, #6281 ) ;
#7845 = CARTESIAN_POINT ( 'NONE',  ( -29.75000000000043698, 29.74999999999940670, 23.99999999999980460 ) ) ;
#7846 = PLANE ( 'NONE',  #1944 ) ;
#7847 = ORIENTED_EDGE ( 'NONE', *, *, #834, .T. ) ;
#7848 = VECTOR ( 'NONE', #1706, 39.37007874015748143 ) ;
#7849 = VERTEX_POINT ( 'NONE', #2606 ) ;
#7850 = EDGE_CURVE ( 'NONE', #3710, #5079, #487, .T. ) ;
#7851 = ORIENTED_EDGE ( 'NONE', *, *, #3356, .F. ) ;
#7852 = CARTESIAN_POINT ( 'NONE',  ( 29.24999999999988276, -29.74999999999996447, 24.00000000000000355 ) ) ;
#7853 = ORIENTED_EDGE ( 'NONE', *, *, #7221, .T. ) ;
#7854 = DIRECTION ( 'NONE',  ( 0.000000000000000000, -0.000000000000000000, 1.000000000000000000 ) ) ;
#7855 = CARTESIAN_POINT ( 'NONE',  ( 47.99999999999992184, 29.75000000000004974, 3.580086795697016870E-13 ) ) ;
#7856 = AXIS2_PLACEMENT_3D ( 'NONE', #6903, #5459, #2235 ) ;
#7857 = CARTESIAN_POINT ( 'NONE',  ( -26.99999999999970157, 27.00000000000020961, -0.3749999999998835931 ) ) ;
#7858 = LINE ( 'NONE', #2482, #5108 ) ;
#7859 = DIRECTION ( 'NONE',  ( -4.000000000000000311E-15, -6.999999999999997783E-15, 1.000000000000000000 ) ) ;
#7860 = CARTESIAN_POINT ( 'NONE',  ( 26.99999999999992895, 26.99999999999998934, -0.4999999999997244982 ) ) ;
#7861 = LINE ( 'NONE', #7109, #7371 ) ;
#7862 = ADVANCED_FACE ( 'NONE', ( #1922, #3362, #1973 ), #4937, .T. ) ;
#7863 = ORIENTED_EDGE ( 'NONE', *, *, #4589, .F. ) ;
#7864 = FACE_OUTER_BOUND ( 'NONE', #202, .T. ) ;
#7865 = ORIENTED_EDGE ( 'NONE', *, *, #819, .T. ) ;
#7866 = ORIENTED_EDGE ( 'NONE', *, *, #6246, .T. ) ;
#7867 = CARTESIAN_POINT ( 'NONE',  ( 29.99999999999992184, 29.99999999999999645, 3.057620866908726600E-13 ) ) ;
#7868 = AXIS2_PLACEMENT_3D ( 'NONE', #9037, #3738, #8720 ) ;
#7869 = CARTESIAN_POINT ( 'NONE',  ( -27.12500000000011013, -27.12499999999974776, -0.2500000000002766676 ) ) ;
#7870 = EDGE_CURVE ( 'NONE', #3403, #1285, #8833, .T. ) ;
#7871 = CARTESIAN_POINT ( 'NONE',  ( 28.24999999999999645, 26.74999999999992184, 0.9999999999998047118 ) ) ;
#7872 = FACE_BOUND ( 'NONE', #6323, .T. ) ;
#7873 = CARTESIAN_POINT ( 'NONE',  ( 29.74999999999964118, 28.24999999999978684, 23.00000000000070344 ) ) ;
#7874 = ORIENTED_EDGE ( 'NONE', *, *, #7122, .F. ) ;
#7875 = CYLINDRICAL_SURFACE ( 'NONE', #942, 0.1250000000000015266 ) ;
#7876 = VERTEX_POINT ( 'NONE', #1878 ) ;
#7877 = ADVANCED_FACE ( 'NONE', ( #4237 ), #5592, .F. ) ;
#7878 = EDGE_CURVE ( 'NONE', #2962, #8842, #9533, .T. ) ;
#7879 = CARTESIAN_POINT ( 'NONE',  ( -29.75000000000027356, -29.75000000000003908, 21.62499999999925038 ) ) ;
#7880 = MECHANICAL_DESIGN_GEOMETRIC_PRESENTATION_REPRESENTATION (  '', ( #1063 ), #9233 ) ;
#7881 = LINE ( 'NONE', #7126, #4804 ) ;
#7882 = DIRECTION ( 'NONE',  ( -1.000000000000000000, -8.000000000000084241E-15, -1.700000000000016738E-14 ) ) ;
#7883 = CARTESIAN_POINT ( 'NONE',  ( -26.87500000000041211, -29.62499999999982592, 23.99999999999963762 ) ) ;
#7884 = CARTESIAN_POINT ( 'NONE',  ( -26.99999999999977618, -48.00000000000046185, 24.49999999999917222 ) ) ;
#7885 = LINE ( 'NONE', #1083, #2113 ) ;
#7886 = VERTEX_POINT ( 'NONE', #395 ) ;
#7887 = EDGE_LOOP ( 'NONE', ( #960, #3877, #9327, #7048, #7443, #7355, #6937, #9110, #7682 ) ) ;
#7888 = EDGE_LOOP ( 'NONE', ( #9642, #8880, #984, #2860 ) ) ;
#7889 = CIRCLE ( 'NONE', #6923, 0.1250000000000015266 ) ;
#7890 = ORIENTED_EDGE ( 'NONE', *, *, #9710, .T. ) ;
#7891 = AXIS2_PLACEMENT_3D ( 'NONE', #2529, #863, #1702 ) ;
#7892 = EDGE_CURVE ( 'NONE', #7784, #2034, #7929, .T. ) ;
#7893 = CONTEXT_DEPENDENT_SHAPE_REPRESENTATION ( #3830, #1717 ) ;
#7894 = VECTOR ( 'NONE', #9213, 39.37007874015748854 ) ;
#7895 = DIRECTION ( 'NONE',  ( 1.000000000000000000, 8.000000000000082663E-15, 1.718212319957767093E-14 ) ) ;
#7896 = DIRECTION ( 'NONE',  ( 8.000000000000000622E-15, 1.000000000000000000, 9.999999999999998410E-15 ) ) ;
#7897 = FACE_BOUND ( 'NONE', #3332, .T. ) ;
#7898 = CARTESIAN_POINT ( 'NONE',  ( 26.99999999999964473, 28.24999999999978684, 22.68503937007939442 ) ) ;
#7899 = ORIENTED_EDGE ( 'NONE', *, *, #6376, .F. ) ;
#7900 = VECTOR ( 'NONE', #9733, 39.37007874015748143 ) ;
#7901 = EDGE_LOOP ( 'NONE', ( #4921, #9315, #6869, #2389 ) ) ;
#7902 = ORIENTED_EDGE ( 'NONE', *, *, #3011, .T. ) ;
#7903 = ORIENTED_EDGE ( 'NONE', *, *, #1552, .F. ) ;
#7904 = CARTESIAN_POINT ( 'NONE',  ( 9.749999999999642952, 29.49999999999968381, 24.00000000000047251 ) ) ;
#7905 = FILL_AREA_STYLE ('',( #6361 ) ) ;
#7906 = CARTESIAN_POINT ( 'NONE',  ( -27.93503937007914928, -29.49999999999980105, 22.99999999999930367 ) ) ;
#7907 = ADVANCED_FACE ( 'NONE', ( #2760 ), #3411, .F. ) ;
#7908 = VECTOR ( 'NONE', #9604, 39.37007874015748854 ) ;
#7909 = DIRECTION ( 'NONE',  ( 1.000000000000000000, -3.884974821319400252E-15, -7.000000000000000938E-15 ) ) ;
#7910 = DIRECTION ( 'NONE',  ( 0.7071067811865402453, -0.7071067811865545671, -5.212053529945160869E-15 ) ) ;
#7911 = CARTESIAN_POINT ( 'NONE',  ( 29.75000000000000355, 9.749999999999651834, -0.2499999999998302191 ) ) ;
#7912 = EDGE_LOOP ( 'NONE', ( #9755, #3366, #6794, #7644 ) ) ;
#7913 = ORIENTED_EDGE ( 'NONE', *, *, #4073, .T. ) ;
#7914 = ORIENTED_EDGE ( 'NONE', *, *, #7870, .T. ) ;
#7915 = CARTESIAN_POINT ( 'NONE',  ( 47.99999999999993605, 27.00000000000005329, -0.2499999999996616595 ) ) ;
#7916 = CARTESIAN_POINT ( 'NONE',  ( -27.12499999999993960, -27.12500000000044764, 24.24999999999931433 ) ) ;
#7917 = DIMENSIONAL_EXPONENTS ( 1.000000000000000000, 0.000000000000000000, 0.000000000000000000, 0.000000000000000000, 0.000000000000000000, 0.000000000000000000, 0.000000000000000000 ) ;
#7918 = AXIS2_PLACEMENT_3D ( 'NONE', #4062, #3370, #9307 ) ;
#7919 = DIRECTION ( 'NONE',  ( 1.000000000000000000, -3.999999999999916692E-15, 1.699999999999991494E-14 ) ) ;
#7920 = LINE ( 'NONE', #386, #299 ) ;
#7921 = FACE_OUTER_BOUND ( 'NONE', #5248, .T. ) ;
#7922 = EDGE_CURVE ( 'NONE', #4891, #520, #2653, .T. ) ;
#7923 = DIRECTION ( 'NONE',  ( 0.000000000000000000, 1.000000000000000000, 0.000000000000000000 ) ) ;
#7924 = ORIENTED_EDGE ( 'NONE', *, *, #2765, .F. ) ;
#7925 = EDGE_CURVE ( 'NONE', #3896, #7640, #7223, .T. ) ;
#7926 = CARTESIAN_POINT ( 'NONE',  ( -29.75000000000036948, -26.74999999999978684, 23.99999999999965539 ) ) ;
#7927 = VERTEX_POINT ( 'NONE', #6483 ) ;
#7928 = VECTOR ( 'NONE', #2212, 39.37007874015748143 ) ;
#7929 = LINE ( 'NONE', #1126, #1409 ) ;
#7930 = DIRECTION ( 'NONE',  ( 4.000000000000000311E-15, 1.000000000000000000, 0.000000000000000000 ) ) ;
#7931 = DIRECTION ( 'NONE',  ( -1.000000000000000000, 2.799999999999999673E-29, -4.000000000000000311E-15 ) ) ;
#7932 = LINE ( 'NONE', #7781, #387 ) ;
#7933 = ORIENTED_EDGE ( 'NONE', *, *, #6518, .F. ) ;
#7934 = ORIENTED_EDGE ( 'NONE', *, *, #6085, .T. ) ;
#7935 = EDGE_LOOP ( 'NONE', ( #2130, #1724, #7427, #8533 ) ) ;
#7936 = DIRECTION ( 'NONE',  ( -3.000000000000000233E-15, 1.000000000000000000, 7.182123199577615725E-15 ) ) ;
#7937 = CARTESIAN_POINT ( 'NONE',  ( -30.00000000000006750, 29.91666666666648311, 1.250813488406433939E-13 ) ) ;
#7938 = DIRECTION ( 'NONE',  ( -7.000000000000000938E-15, 0.000000000000000000, -1.000000000000000000 ) ) ;
#7939 = PRODUCT_DEFINITION_FORMATION_WITH_SPECIFIED_SOURCE ( 'ANY', '', #3212, .NOT_KNOWN. ) ;
#7940 = FACE_OUTER_BOUND ( 'NONE', #9118, .T. ) ;
#7941 = VERTEX_POINT ( 'NONE', #2021 ) ;
#7942 = ORIENTED_EDGE ( 'NONE', *, *, #6964, .T. ) ;
#7943 = VECTOR ( 'NONE', #6785, 39.37007874015748143 ) ;
#7944 = ORIENTED_EDGE ( 'NONE', *, *, #6263, .T. ) ;
#7945 = VERTEX_POINT ( 'NONE', #5033 ) ;
#7946 = DIRECTION ( 'NONE',  ( 4.000000000000000311E-15, 6.999999999999997783E-15, -1.000000000000000000 ) ) ;
#7947 = CARTESIAN_POINT ( 'NONE',  ( -27.12499999999953459, 48.00000000000022027, -0.2499999999997372657 ) ) ;
#7948 = DIRECTION ( 'NONE',  ( 1.000000000000000000, 0.000000000000000000, 0.000000000000000000 ) ) ;
#7949 = FILL_AREA_STYLE_COLOUR ( '', #7012 ) ;
#7950 = EDGE_CURVE ( 'NONE', #5767, #1735, #8066, .T. ) ;
#7951 = LINE ( 'NONE', #1853, #2978 ) ;
#7952 = DIMENSIONAL_EXPONENTS ( 1.000000000000000000, 0.000000000000000000, 0.000000000000000000, 0.000000000000000000, 0.000000000000000000, 0.000000000000000000, 0.000000000000000000 ) ;
#7953 = LINE ( 'NONE', #6512, #8734 ) ;
#7954 = DIRECTION ( 'NONE',  ( -1.000000000000000000, 7.908938400211192045E-15, -3.000000000000000233E-15 ) ) ;
#7955 = ADVANCED_FACE ( 'NONE', ( #5189 ), #2065, .F. ) ;
#7956 = ORIENTED_EDGE ( 'NONE', *, *, #1318, .F. ) ;
#7957 = DIRECTION ( 'NONE',  ( 4.000000000000000311E-15, 1.000000000000000000, 0.000000000000000000 ) ) ;
#7958 = ORIENTED_EDGE ( 'NONE', *, *, #4948, .T. ) ;
#7959 = ORIENTED_EDGE ( 'NONE', *, *, #8879, .F. ) ;
#7960 = ADVANCED_FACE ( 'NONE', ( #3659 ), #7586, .F. ) ;
#7961 = CARTESIAN_POINT ( 'NONE',  ( -28.56496062992162521, -26.74999999999979039, 22.99999999999932498 ) ) ;
#7962 = PLANE ( 'NONE',  #6138 ) ;
#7963 = LINE ( 'NONE', #8698, #5661 ) ;
#7964 = DIRECTION ( 'NONE',  ( 0.7071067811865511255, 0.7071067811865439090, 1.776122092419185474E-14 ) ) ;
#7965 =( NAMED_UNIT ( * ) SI_UNIT ( $, .STERADIAN. ) SOLID_ANGLE_UNIT ( ) );
#7966 = COLOUR_RGB ( '',0.7921568627450980005, 0.8196078431372548767, 0.9333333333333333481 ) ;
#7967 = CARTESIAN_POINT ( 'NONE',  ( 37.49999999999990052, 37.50000000000002132, -0.4999999999996195821 ) ) ;
#7968 = ORIENTED_EDGE ( 'NONE', *, *, #2979, .T. ) ;
#7969 = EDGE_CURVE ( 'NONE', #2951, #3957, #7480, .T. ) ;
#7970 = CARTESIAN_POINT ( 'NONE',  ( 29.62499999999988276, -26.74999999999996092, 24.00000000000000355 ) ) ;
#7971 = ORIENTED_EDGE ( 'NONE', *, *, #7093, .F. ) ;
#7972 = EDGE_CURVE ( 'NONE', #2131, #1198, #9003, .T. ) ;
#7973 = VECTOR ( 'NONE', #20, 39.37007874015748143 ) ;
#7974 = AXIS2_PLACEMENT_3D ( 'NONE', #7288, #8078, #9688 ) ;
#7975 = CARTESIAN_POINT ( 'NONE',  ( -29.24999999999975131, 29.49999999999960920, 24.00000000000008527 ) ) ;
#7976 = DIRECTION ( 'NONE',  ( 1.799999999999999903E-14, 6.999999999999997783E-15, -1.000000000000000000 ) ) ;
#7977 = PLANE ( 'NONE',  #544 ) ;
#7978 = PRODUCT_DEFINITION_SHAPE ( 'NONE', 'NONE',  #9771 ) ;
#7979 = CARTESIAN_POINT ( 'NONE',  ( -29.43700000000015038, -29.43699999999977024, -0.2500000000002885470 ) ) ;
#7980 = VECTOR ( 'NONE', #2995, 39.37007874015748143 ) ;
#7981 = CIRCLE ( 'NONE', #9383, 0.3149606299212600047 ) ;
#7982 = ADVANCED_FACE ( 'NONE', ( #1324 ), #8852, .T. ) ;
#7983 = ORIENTED_EDGE ( 'NONE', *, *, #9324, .T. ) ;
#7984 = AXIS2_PLACEMENT_3D ( 'NONE', #8207, #2949, #1464 ) ;
#7985 = ORIENTED_EDGE ( 'NONE', *, *, #7831, .F. ) ;
#7986 = ADVANCED_FACE ( 'NONE', ( #5887 ), #7379, .F. ) ;
#7987 = DIRECTION ( 'NONE',  ( -1.000000000000000000, 4.000000000000083930E-15, -3.999999999999916692E-15 ) ) ;
#7988 = CARTESIAN_POINT ( 'NONE',  ( -30.00000000000006750, 29.99999999999981881, 1.256646821739767415E-13 ) ) ;
#7989 = CARTESIAN_POINT ( 'NONE',  ( -29.75000000000003908, -9.749999999999642952, -0.2500000000002279288 ) ) ;
#7990 = ORIENTED_EDGE ( 'NONE', *, *, #2416, .F. ) ;
#7991 = VERTEX_POINT ( 'NONE', #2808 ) ;
#7992 = ORIENTED_EDGE ( 'NONE', *, *, #7375, .T. ) ;
#7993 = VERTEX_POINT ( 'NONE', #6587 ) ;
#7994 = DIRECTION ( 'NONE',  ( 0.000000000000000000, -1.000000000000000000, 0.000000000000000000 ) ) ;
#7995 = LINE ( 'NONE', #5860, #4271 ) ;
#7996 = EDGE_CURVE ( 'NONE', #6175, #8680, #1522, .T. ) ;
#7997 = DIRECTION ( 'NONE',  ( 0.7071067811865417996, 0.7071067811865531239, 1.979898987322332541E-14 ) ) ;
#7998 =( LENGTH_UNIT ( ) NAMED_UNIT ( * ) SI_UNIT ( $, .METRE. ) );
#7999 = LINE ( 'NONE', #4213, #9459 ) ;
#8000 = AXIS2_PLACEMENT_3D ( 'NONE', #1869, #8607, #1069 ) ;
#8001 = FACE_OUTER_BOUND ( 'NONE', #3980, .T. ) ;
#8002 = DIRECTION ( 'NONE',  ( 1.000000000000000000, 3.999999999999916692E-15, 4.000000000000083930E-15 ) ) ;
#8003 = EDGE_LOOP ( 'NONE', ( #5050, #1224, #763, #8257, #9541, #2237, #6985, #5489, #1679 ) ) ;
#8004 = DIRECTION ( 'NONE',  ( -3.000000000000293689E-15, -1.000000000000000000, -7.000000000000061681E-15 ) ) ;
#8005 = ORIENTED_EDGE ( 'NONE', *, *, #8093, .F. ) ;
#8006 = ORIENTED_EDGE ( 'NONE', *, *, #3473, .F. ) ;
#8007 = VECTOR ( 'NONE', #1245, 39.37007874015748143 ) ;
#8008 = CARTESIAN_POINT ( 'NONE',  ( -9.750000000000198952, -29.74999999999980105, -0.2500000000003679279 ) ) ;
#8009 = CARTESIAN_POINT ( 'NONE',  ( -26.74999999999975131, 29.62499999999959144, 24.00000000000009237 ) ) ;
#8010 = EDGE_CURVE ( 'NONE', #7374, #4829, #4534, .T. ) ;
#8011 = FACE_OUTER_BOUND ( 'NONE', #3640, .T. ) ;
#8012 = CARTESIAN_POINT ( 'NONE',  ( 29.74999999999988631, -28.24999999999996092, 1.000000000000001332 ) ) ;
#8013 = LINE ( 'NONE', #2694, #2602 ) ;
#8014 = CARTESIAN_POINT ( 'NONE',  ( 29.43699999999959971, 47.99999999999977973, 24.25000000000083489 ) ) ;
#8015 = ORIENTED_EDGE ( 'NONE', *, *, #6024, .T. ) ;
#8016 = ADVANCED_FACE ( 'NONE', ( #2958, #2117, #8167 ), #5839, .F. ) ;
#8017 = CARTESIAN_POINT ( 'NONE',  ( 29.24999999999988276, -29.24999999999996092, 0.000000000000000000 ) ) ;
#8018 = ORIENTED_EDGE ( 'NONE', *, *, #5336, .T. ) ;
#8019 = DIRECTION ( 'NONE',  ( -1.387778780781444571E-14, -1.000000000000000000, -1.387778780781444571E-14 ) ) ;
#8020 = CARTESIAN_POINT ( 'NONE',  ( 9.750000000000001776, 29.74999999999965183, -0.2499999999997701838 ) ) ;
#8021 = EDGE_CURVE ( 'NONE', #859, #1467, #9725, .T. ) ;
#8022 = CYLINDRICAL_SURFACE ( 'NONE', #150, 0.3149606299212601157 ) ;
#8023 = CARTESIAN_POINT ( 'NONE',  ( -29.75000000000028066, 9.749999999999406697, 24.24999999999960565 ) ) ;
#8024 = AXIS2_PLACEMENT_3D ( 'NONE', #5159, #4360, #711 ) ;
#8025 = CARTESIAN_POINT ( 'NONE',  ( -29.43699999999953576, 48.00000000000024158, -0.2499999999997465361 ) ) ;
#8026 = ORIENTED_EDGE ( 'NONE', *, *, #828, .F. ) ;
#8027 = VERTEX_POINT ( 'NONE', #2914 ) ;
#8028 = VECTOR ( 'NONE', #4683, 39.37007874015748143 ) ;
#8029 = CARTESIAN_POINT ( 'NONE',  ( 9.749999999999884537, -29.74999999999991829, -2.716822829699109606E-13 ) ) ;
#8030 = CARTESIAN_POINT ( 'NONE',  ( -29.00000000000006395, 29.08333333333315096, 1.221969885573456143E-13 ) ) ;
#8031 = CARTESIAN_POINT ( 'NONE',  ( 29.75000000000015987, 26.74999999999991829, 23.99999999999979750 ) ) ;
#8032 = CIRCLE ( 'NONE', #6617, 0.3149606299212601157 ) ;
#8033 = VERTEX_POINT ( 'NONE', #5940 ) ;
#8034 = CIRCLE ( 'NONE', #9134, 0.1250000000000015266 ) ;
#8035 = ORIENTED_EDGE ( 'NONE', *, *, #2855, .T. ) ;
#8036 = ORIENTED_EDGE ( 'NONE', *, *, #9590, .F. ) ;
#8037 = AXIS2_PLACEMENT_3D ( 'NONE', #2635, #8004, #330 ) ;
#8038 = EDGE_CURVE ( 'NONE', #4334, #7111, #6336, .T. ) ;
#8039 = CARTESIAN_POINT ( 'NONE',  ( 29.24999999999988276, -29.49999999999996092, 0.000000000000000000 ) ) ;
#8040 = DIRECTION ( 'NONE',  ( 0.000000000000000000, -1.000000000000000000, 0.000000000000000000 ) ) ;
#8041 = FILL_AREA_STYLE ('',( #5112 ) ) ;
#8042 = LINE ( 'NONE', #8085, #4400 ) ;
#8043 = CARTESIAN_POINT ( 'NONE',  ( 9.750000000000001776, 29.74999999999965183, 2.297996384170457617E-13 ) ) ;
#8044 = CARTESIAN_POINT ( 'NONE',  ( 29.74999999999972289, 9.749999999999761968, 24.25000000000061817 ) ) ;
#8045 = VECTOR ( 'NONE', #5127, 39.37007874015748143 ) ;
#8046 = UNCERTAINTY_MEASURE_WITH_UNIT (LENGTH_MEASURE( 1.000000000000000082E-05 ), #5161, 'distance_accuracy_value', 'NONE');
#8047 = ORIENTED_EDGE ( 'NONE', *, *, #7081, .F. ) ;
#8048 = EDGE_LOOP ( 'NONE', ( #6149, #6355, #8681, #6135 ) ) ;
#8049 = EDGE_CURVE ( 'NONE', #8033, #1401, #9002, .T. ) ;
#8050 = CIRCLE ( 'NONE', #1393, 0.3149606299212601157 ) ;
#8051 = EDGE_LOOP ( 'NONE', ( #2612, #9277, #6359, #4934 ) ) ;
#8052 = LINE ( 'NONE', #522, #2909 ) ;
#8053 = CARTESIAN_POINT ( 'NONE',  ( -27.05177669529658502, -27.05177669529708595, 24.24999999999931788 ) ) ;
#8054 = AXIS2_PLACEMENT_3D ( 'NONE', #2933, #4361, #5864 ) ;
#8055 = PRODUCT ( '102049 DET C', '102049 DET C', '', ( #6990 ) ) ;
#8056 = CARTESIAN_POINT ( 'NONE',  ( 29.24999999999988276, -29.49999999999996092, 24.00000000000000355 ) ) ;
#8057 = CARTESIAN_POINT ( 'NONE',  ( -9.750000000000193623, -29.49999999999980105, -0.2500000000003654299 ) ) ;
#8058 = DIRECTION ( 'NONE',  ( 1.799999999999999903E-14, 6.999999999999997783E-15, -1.000000000000000000 ) ) ;
#8059 = DIRECTION ( 'NONE',  ( 0.000000000000000000, -1.000000000000000000, 0.000000000000000000 ) ) ;
#8060 = ORIENTED_EDGE ( 'NONE', *, *, #8286, .F. ) ;
#8061 = VERTEX_POINT ( 'NONE', #8264 ) ;
#8062 = EDGE_CURVE ( 'NONE', #2824, #4909, #1475, .T. ) ;
#8063 = DIRECTION ( 'NONE',  ( 4.000000000000000311E-15, -1.000000000000000000, -1.099999999999998311E-14 ) ) ;
#8064 = EDGE_LOOP ( 'NONE', ( #2891, #6904, #7691, #9721 ) ) ;
#8065 = DIRECTION ( 'NONE',  ( 8.000000000000000622E-15, 1.000000000000000000, 7.000000000000000150E-15 ) ) ;
#8066 = LINE ( 'NONE', #1372, #7265 ) ;
#8067 = DIRECTION ( 'NONE',  ( -3.000000000000000233E-15, 1.000000000000000000, 7.091061599788807937E-15 ) ) ;
#8068 = VECTOR ( 'NONE', #6583, 39.37007874015748143 ) ;
#8069 = CARTESIAN_POINT ( 'NONE',  ( -29.62035115497737081, -29.62035115497700488, -0.2500000000002913225 ) ) ;
#8070 = EDGE_CURVE ( 'NONE', #4674, #3045, #7840, .T. ) ;
#8071 = ORIENTED_EDGE ( 'NONE', *, *, #6919, .T. ) ;
#8072 = DIRECTION ( 'NONE',  ( 0.7071067811865511255, 0.7071067811865439090, 1.767766952966370076E-14 ) ) ;
#8073 = ADVANCED_FACE ( 'NONE', ( #6781 ), #8441, .T. ) ;
#8074 = ADVANCED_FACE ( 'NONE', ( #5276 ), #3737, .F. ) ;
#8075 = AXIS2_PLACEMENT_3D ( 'NONE', #8918, #5053, #4359 ) ;
#8076 = CYLINDRICAL_SURFACE ( 'NONE', #3155, 0.3149606299212598381 ) ;
#8077 = FILL_AREA_STYLE_COLOUR ( '', #4319 ) ;
#8078 = DIRECTION ( 'NONE',  ( -1.499999999999999919E-14, -1.000000000000000000, -9.999999999999999988E-15 ) ) ;
#8079 = VERTEX_POINT ( 'NONE', #2196 ) ;
#8080 = VERTEX_POINT ( 'NONE', #7512 ) ;
#8081 = ORIENTED_EDGE ( 'NONE', *, *, #2542, .F. ) ;
#8082 = CARTESIAN_POINT ( 'NONE',  ( -9.749999999999927169, -29.75000000000008882, 24.24999999999948486 ) ) ;
#8083 = LINE ( 'NONE', #2627, #6618 ) ;
#8084 = AXIS2_PLACEMENT_3D ( 'NONE', #3630, #9644, #3773 ) ;
#8085 = CARTESIAN_POINT ( 'NONE',  ( 26.75000000000015632, 28.56496062992118823, 22.99999999999947775 ) ) ;
#8086 =( BOUNDED_CURVE ( )  B_SPLINE_CURVE ( 3, ( #9619, #3003, #1361, #9570 ),
 .UNSPECIFIED., .F., .F. ) 
 B_SPLINE_CURVE_WITH_KNOTS ( ( 4, 4 ),
 ( 1.570796326794895004, 3.141592653589795336 ),
 .UNSPECIFIED. ) 
 CURVE ( )  GEOMETRIC_REPRESENTATION_ITEM ( )  RATIONAL_B_SPLINE_CURVE ( ( 1.000000000000000000, 0.8047378541243649375, 0.8047378541243649375, 1.000000000000000000 ) ) 
 REPRESENTATION_ITEM ( '' )  );
#8087 = CARTESIAN_POINT ( 'NONE',  ( -48.00000000000012790, -29.43699999999966366, -0.2500000000003553269 ) ) ;
#8088 = DIRECTION ( 'NONE',  ( 0.000000000000000000, 0.000000000000000000, -1.000000000000000000 ) ) ;
#8089 = AXIS2_PLACEMENT_3D ( 'NONE', #7726, #9145, #4587 ) ;
#8090 = ORIENTED_EDGE ( 'NONE', *, *, #2736, .F. ) ;
#8091 = FACE_OUTER_BOUND ( 'NONE', #8912, .T. ) ;
#8092 = ORIENTED_EDGE ( 'NONE', *, *, #6374, .T. ) ;
#8093 = EDGE_CURVE ( 'NONE', #3480, #7160, #4569, .T. ) ;
#8094 = VERTEX_POINT ( 'NONE', #2998 ) ;
#8095 = LINE ( 'NONE', #8744, #6232 ) ;
#8096 = DIRECTION ( 'NONE',  ( 0.000000000000000000, 0.000000000000000000, -1.000000000000000000 ) ) ;
#8097 = VECTOR ( 'NONE', #9463, 39.37007874015748143 ) ;
#8098 = CARTESIAN_POINT ( 'NONE',  ( -9.750000000000442313, 29.74999999999956657, 24.25000000000016698 ) ) ;
#8100 = MANIFOLD_SOLID_BREP ( 'NONE', #3966 ) ;
#8099 = DIRECTION ( 'NONE',  ( 1.000000000000000000, 0.000000000000000000, 0.000000000000000000 ) ) ;
#8101 = CARTESIAN_POINT ( 'NONE',  ( 28.25000000000001066, 29.74999999999992539, 0.9999999999998047118 ) ) ;
#8102 = PLANE ( 'NONE',  #1981 ) ;
#8103 = DIRECTION ( 'NONE',  ( -3.000000000000293689E-15, -1.000000000000000000, -7.000000000000061681E-15 ) ) ;
#8104 = CARTESIAN_POINT ( 'NONE',  ( -28.56496062992102836, 26.74999999999961275, 22.99999999999972999 ) ) ;
#8105 = ORIENTED_EDGE ( 'NONE', *, *, #2577, .T. ) ;
#8106 = VECTOR ( 'NONE', #6094, 39.37007874015748143 ) ;
#8107 = ORIENTED_EDGE ( 'NONE', *, *, #4446, .F. ) ;
#8108 = ORIENTED_EDGE ( 'NONE', *, *, #2396, .F. ) ;
#8109 = DIRECTION ( 'NONE',  ( -2.999999999999999839E-15, -9.999999999999998410E-15, 1.000000000000000000 ) ) ;
#8110 = ORIENTED_EDGE ( 'NONE', *, *, #696, .T. ) ;
#8111 = DIRECTION ( 'NONE',  ( -1.000000000000000000, 1.499999999999999919E-14, -2.999999999999999839E-15 ) ) ;
#8112 = VECTOR ( 'NONE', #8457, 39.37007874015748143 ) ;
#8113 = ADVANCED_FACE ( 'NONE', ( #4520 ), #6910, .F. ) ;
#8114 = CARTESIAN_POINT ( 'NONE',  ( -29.74999999999993250, -29.75000000000000711, 24.24999999999914735 ) ) ;
#8115 = CARTESIAN_POINT ( 'NONE',  ( -9.749999999999687361, 29.49999999999985079, -0.2499999999996917188 ) ) ;
#8116 = MANIFOLD_SOLID_BREP ( 'NONE', #2700 ) ;
#8117 = VERTEX_POINT ( 'NONE', #7151 ) ;
#8118 = CARTESIAN_POINT ( 'NONE',  ( 29.99999999999985789, -28.25000000000002487, 0.6850393700786649998 ) ) ;
#8119 = CIRCLE ( 'NONE', #9378, 0.3149606299212601157 ) ;
#8120 = EDGE_CURVE ( 'NONE', #4320, #7266, #1603, .T. ) ;
#8121 = EDGE_CURVE ( 'NONE', #4595, #5347, #2436, .T. ) ;
#8122 = ITEM_DEFINED_TRANSFORMATION ( 'NONE', 'NONE', #1920,  #3073 ) ;
#8123 = EDGE_CURVE ( 'NONE', #4701, #8208, #4119, .T. ) ;
#8124 = DIRECTION ( 'NONE',  ( 0.7071067811865480168, -0.7071067811865470176, 7.071067811865487560E-15 ) ) ;
#8125 = CYLINDRICAL_SURFACE ( 'NONE', #3300, 0.3149606299212601157 ) ;
#8126 = DIRECTION ( 'NONE',  ( 1.000000000000000000, 8.557635542960778703E-17, 4.000000000000001100E-15 ) ) ;
#8127 = PLANE ( 'NONE',  #3542 ) ;
#8128 = EDGE_CURVE ( 'NONE', #8938, #8849, #9221, .T. ) ;
#8129 = FACE_BOUND ( 'NONE', #2893, .T. ) ;
#8130 = ORIENTED_EDGE ( 'NONE', *, *, #7969, .T. ) ;
#8131 = VERTEX_POINT ( 'NONE', #6313 ) ;
#8132 = ORIENTED_EDGE ( 'NONE', *, *, #8308, .T. ) ;
#8133 = AXIS2_PLACEMENT_3D ( 'NONE', #8618, #1831, #9435 ) ;
#8134 = MANIFOLD_SOLID_BREP ( 'Convert-Solid1', #7466 ) ;
#8135 = EDGE_CURVE ( 'NONE', #939, #5513, #2527, .T. ) ;
#8136 = DIRECTION ( 'NONE',  ( 6.862566070964248865E-15, -1.098424497522468718E-16, 1.000000000000000000 ) ) ;
#8137 = LINE ( 'NONE', #2180, #9138 ) ;
#8138 = DIRECTION ( 'NONE',  ( 0.7071067811865469066, 0.7071067811865481278, 7.154619206393665211E-15 ) ) ;
#8139 = FACE_BOUND ( 'NONE', #8772, .T. ) ;
#8140 = CARTESIAN_POINT ( 'NONE',  ( 26.99999999999985789, -27.00000000000000711, -0.3750000000000752176 ) ) ;
#8141 = DIRECTION ( 'NONE',  ( -1.000000000000000000, 1.499999999999999919E-14, -2.999999999999999839E-15 ) ) ;
#8142 = UNCERTAINTY_MEASURE_WITH_UNIT (LENGTH_MEASURE( 1.000000000000000082E-05 ), #838, 'distance_accuracy_value', 'NONE');
#8143 = EDGE_LOOP ( 'NONE', ( #5153, #8282, #2402, #8493 ) ) ;
#8144 = LINE ( 'NONE', #618, #3447 ) ;
#8145 = ORIENTED_EDGE ( 'NONE', *, *, #9354, .T. ) ;
#8146 = ORIENTED_EDGE ( 'NONE', *, *, #352, .T. ) ;
#8147 = CARTESIAN_POINT ( 'NONE',  ( -29.74999999999993250, -29.75000000000000711, 24.24999999999914735 ) ) ;
#8148 = CYLINDRICAL_SURFACE ( 'NONE', #600, 0.3149606299212601157 ) ;
#8149 = COLOUR_RGB ( '',0.7921568627450980005, 0.8196078431372548767, 0.9333333333333333481 ) ;
#8150 = CARTESIAN_POINT ( 'NONE',  ( 26.74999999999988276, -29.74999999999996447, 0.000000000000000000 ) ) ;
#8151 =( BOUNDED_CURVE ( )  B_SPLINE_CURVE ( 3, ( #5849, #7332, #8861, #5199 ),
 .UNSPECIFIED., .F., .T. ) 
 B_SPLINE_CURVE_WITH_KNOTS ( ( 4, 4 ),
 ( 4.930380657631259740E-32, 1.570796326794895004 ),
 .UNSPECIFIED. ) 
 CURVE ( )  GEOMETRIC_REPRESENTATION_ITEM ( )  RATIONAL_B_SPLINE_CURVE ( ( 1.000000000000000000, 0.8047378541243649375, 0.8047378541243649375, 1.000000000000000000 ) ) 
 REPRESENTATION_ITEM ( '' )  );
#8152 = DIRECTION ( 'NONE',  ( 0.000000000000000000, -1.000000000000000000, 0.000000000000000000 ) ) ;
#8153 = CARTESIAN_POINT ( 'NONE',  ( -29.75000000000008171, 29.74999999999981881, 0.06300000000012441481 ) ) ;
#8154 = DIRECTION ( 'NONE',  ( 8.000000000000000622E-15, 1.000000000000000000, 7.000000000000000150E-15 ) ) ;
#8155 = EDGE_CURVE ( 'NONE', #8943, #3262, #9319, .T. ) ;
#8156 = SURFACE_STYLE_FILL_AREA ( #726 ) ;
#8157 = FACE_BOUND ( 'NONE', #7094, .T. ) ;
#8158 = ORIENTED_EDGE ( 'NONE', *, *, #973, .T. ) ;
#8159 = ORIENTED_EDGE ( 'NONE', *, *, #8427, .F. ) ;
#8160 = CIRCLE ( 'NONE', #1665, 0.3149606299212601157 ) ;
#8161 = ORIENTED_EDGE ( 'NONE', *, *, #6628, .F. ) ;
#8162 = CARTESIAN_POINT ( 'NONE',  ( -29.75000000000036948, -26.74999999999978684, 23.99999999999965539 ) ) ;
#8163 = VERTEX_POINT ( 'NONE', #3972 ) ;
#8164 = EDGE_CURVE ( 'NONE', #5767, #7024, #5567, .T. ) ;
#8165 = DIRECTION ( 'NONE',  ( -0.7071067811865483499, -0.7071067811865466846, -1.767766952966370707E-14 ) ) ;
#8166 = SURFACE_SIDE_STYLE ('',( #5241 ) ) ;
#8167 = FACE_OUTER_BOUND ( 'NONE', #8580, .T. ) ;
#8168 = CARTESIAN_POINT ( 'NONE',  ( -28.25000000000029132, -27.00000000000005329, 22.99999999999930012 ) ) ;
#8169 = MANIFOLD_SOLID_BREP ( 'NONE', #5245 ) ;
#8170 = ORIENTED_EDGE ( 'NONE', *, *, #9583, .F. ) ;
#8171 = CARTESIAN_POINT ( 'NONE',  ( -29.87499999999972999, -48.00000000000046185, 21.62499999999912603 ) ) ;
#8172 = EDGE_CURVE ( 'NONE', #2080, #1177, #1051, .T. ) ;
#8173 = CARTESIAN_POINT ( 'NONE',  ( -28.25000000000008527, 29.99999999999981171, 1.314960629921390511 ) ) ;
#8174 = CARTESIAN_POINT ( 'NONE',  ( 29.62035115497707949, -29.62035115497725357, -0.2500000000000865974 ) ) ;
#8175 = CARTESIAN_POINT ( 'NONE',  ( 28.24999999999970512, -30.00000000000022027, 23.00000000000029488 ) ) ;
#8176 = DIRECTION ( 'NONE',  ( 0.000000000000000000, 1.000000000000000000, 7.009633929430052290E-15 ) ) ;
#8177 = FACE_OUTER_BOUND ( 'NONE', #1132, .T. ) ;
#8178 = ORIENTED_EDGE ( 'NONE', *, *, #4068, .F. ) ;
#8179 = ORIENTED_EDGE ( 'NONE', *, *, #9006, .F. ) ;
#8180 = AXIS2_PLACEMENT_3D ( 'NONE', #6299, #7648, #3082 ) ;
#8181 = VERTEX_POINT ( 'NONE', #2676 ) ;
#8182 = MANIFOLD_SOLID_BREP ( 'NONE', #8716 ) ;
#8183 = LINE ( 'NONE', #3631, #4082 ) ;
#8184 = SURFACE_STYLE_FILL_AREA ( #4258 ) ;
#8185 = DIRECTION ( 'NONE',  ( 1.000000000000000000, 3.999999999999916692E-15, 4.000000000000083930E-15 ) ) ;
#8186 = CARTESIAN_POINT ( 'NONE',  ( -29.50000000000031974, -27.93503937007830018, 0.9999999999996472821 ) ) ;
#8187 = VECTOR ( 'NONE', #5819, 39.37007874015748143 ) ;
#8188 = DIRECTION ( 'NONE',  ( 1.000000000000000000, -4.000000000000063420E-15, 2.999999999999915825E-15 ) ) ;
#8189 = DIRECTION ( 'NONE',  ( 0.000000000000000000, 1.000000000000000000, 0.000000000000000000 ) ) ;
#8190 = EDGE_LOOP ( 'NONE', ( #7147, #5715 ) ) ;
#8191 = DIRECTION ( 'NONE',  ( -1.000000000000000000, 0.000000000000000000, 0.000000000000000000 ) ) ;
#8192 = VECTOR ( 'NONE', #6019, 39.37007874015748143 ) ;
#8193 = ORIENTED_EDGE ( 'NONE', *, *, #5564, .F. ) ;
#8194 = ORIENTED_EDGE ( 'NONE', *, *, #2242, .T. ) ;
#8195 = AXIS2_PLACEMENT_3D ( 'NONE', #4419, #6075, #5172 ) ;
#8196 = CARTESIAN_POINT ( 'NONE',  ( -28.25000000000008527, 29.99999999999981171, 1.000000000000130784 ) ) ;
#8197 = DIRECTION ( 'NONE',  ( 1.000000000000000000, -4.000000000000063420E-15, 2.999999999999915825E-15 ) ) ;
#8198 = EDGE_CURVE ( 'NONE', #376, #5285, #3958, .T. ) ;
#8199 = DIRECTION ( 'NONE',  ( 1.000000000000000000, 0.000000000000000000, 0.000000000000000000 ) ) ;
#8200 = VECTOR ( 'NONE', #7206, 39.37007874015748143 ) ;
#8201 = FACE_OUTER_BOUND ( 'NONE', #881, .T. ) ;
#8202 = FACE_OUTER_BOUND ( 'NONE', #8279, .T. ) ;
#8203 = CARTESIAN_POINT ( 'NONE',  ( -29.74999999999960920, 9.749999999999770850, -0.2499999999999889255 ) ) ;
#8204 = AXIS2_PLACEMENT_3D ( 'NONE', #46, #6780, #5937 ) ;
#8205 =( REPRESENTATION_RELATIONSHIP ('NONE','NONE', #4286, #5315 ) REPRESENTATION_RELATIONSHIP_WITH_TRANSFORMATION ( #8122 )SHAPE_REPRESENTATION_RELATIONSHIP( ) );
#8206 = CARTESIAN_POINT ( 'NONE',  ( 26.99999999999968381, -27.00000000000022737, 24.37500000000029488 ) ) ;
#8207 = CARTESIAN_POINT ( 'NONE',  ( -48.00000000000013500, -29.74999999999968381, 2.374999999999642508 ) ) ;
#8208 = VERTEX_POINT ( 'NONE', #5755 ) ;
#8209 = DIMENSIONAL_EXPONENTS ( 1.000000000000000000, 0.000000000000000000, 0.000000000000000000, 0.000000000000000000, 0.000000000000000000, 0.000000000000000000, 0.000000000000000000 ) ;
#8210 = ORIENTED_EDGE ( 'NONE', *, *, #1769, .T. ) ;
#8211 = AXIS2_PLACEMENT_3D ( 'NONE', #7871, #8655, #4774 ) ;
#8212 = EDGE_LOOP ( 'NONE', ( #9068, #3253, #3669, #6711 ) ) ;
#8213 = DIRECTION ( 'NONE',  ( -1.000000000000000000, 0.000000000000000000, 0.000000000000000000 ) ) ;
#8214 = ORIENTED_EDGE ( 'NONE', *, *, #1474, .T. ) ;
#8215 = VECTOR ( 'NONE', #6576, 39.37007874015748143 ) ;
#8216 = CYLINDRICAL_SURFACE ( 'NONE', #3304, 0.1250000000000015266 ) ;
#8217 = CARTESIAN_POINT ( 'NONE',  ( -29.49999999999968026, 29.24999999999978328, 8.086270061246219284E-14 ) ) ;
#8218 = DIRECTION ( 'NONE',  ( -1.799999999999997063E-14, -1.137095678986282288E-14, 1.000000000000000000 ) ) ;
#8219 = AXIS2_PLACEMENT_3D ( 'NONE', #6435, #1270, #5786 ) ;
#8220 = CARTESIAN_POINT ( 'NONE',  ( -28.25000000000008527, 29.99999999999981171, 1.314960629921390511 ) ) ;
#8221 = FACE_OUTER_BOUND ( 'NONE', #7382, .T. ) ;
#8222 = EDGE_LOOP ( 'NONE', ( #6759, #171, #9641, #5531 ) ) ;
#8223 = LINE ( 'NONE', #6593, #7943 ) ;
#8224 = VECTOR ( 'NONE', #495, 39.37007874015748143 ) ;
#8225 = CARTESIAN_POINT ( 'NONE',  ( -29.25000000000041211, -29.49999999999979394, 23.99999999999963052 ) ) ;
#8226 = DIRECTION ( 'NONE',  ( -4.000000000000000311E-15, -6.999999999999997783E-15, 1.000000000000000000 ) ) ;
#8227 = CARTESIAN_POINT ( 'NONE',  ( 28.24999999999991829, 29.74999999999998224, 1.314960629921558155 ) ) ;
#8228 = DIRECTION ( 'NONE',  ( -1.000000000000000000, 2.185478394931414913E-15, 0.000000000000000000 ) ) ;
#8229 = ORIENTED_EDGE ( 'NONE', *, *, #9654, .T. ) ;
#8230 = ORIENTED_EDGE ( 'NONE', *, *, #8843, .T. ) ;
#8231 = VECTOR ( 'NONE', #3310, 39.37007874015748143 ) ;
#8232 = ORIENTED_EDGE ( 'NONE', *, *, #5384, .T. ) ;
#8233 = DIRECTION ( 'NONE',  ( -3.491481338843133355E-15, 1.000000000000000000, 0.000000000000000000 ) ) ;
#8234 = DIRECTION ( 'NONE',  ( -1.000000000000000000, -1.348382715945121960E-14, -4.000000000000091819E-15 ) ) ;
#8235 = LINE ( 'NONE', #1497, #3637 ) ;
#8236 = DIRECTION ( 'NONE',  ( 8.000000000000000622E-15, 1.000000000000000000, 7.000000000000000150E-15 ) ) ;
#8237 = CARTESIAN_POINT ( 'NONE',  ( -29.49999999999969447, 28.24999999999977263, 1.000000000000075717 ) ) ;
#8238 = VECTOR ( 'NONE', #7800, 39.37007874015748143 ) ;
#8239 = CYLINDRICAL_SURFACE ( 'NONE', #925, 0.3149606299212601157 ) ;
#8240 = CARTESIAN_POINT ( 'NONE',  ( 29.87499999999972289, -29.87500000000020250, 21.50000000000029843 ) ) ;
#8241 = DIRECTION ( 'NONE',  ( -3.914423644570133469E-15, 1.000000000000000000, 9.999999999999914791E-15 ) ) ;
#8242 = ORIENTED_EDGE ( 'NONE', *, *, #8962, .T. ) ;
#8243 = DIRECTION ( 'NONE',  ( -1.000000000000000000, -2.999999999999936730E-15, -3.000000000000063342E-15 ) ) ;
#8244 = VERTEX_POINT ( 'NONE', #4405 ) ;
#8245 = ORIENTED_EDGE ( 'NONE', *, *, #3157, .T. ) ;
#8246 = DIRECTION ( 'NONE',  ( -0.7071067811865474617, -0.7071067811865474617, -1.697056274847713291E-14 ) ) ;
#8247 = CARTESIAN_POINT ( 'NONE',  ( 28.24999999999991829, 29.99999999999998224, 1.000000000000300426 ) ) ;
#8248 = EDGE_CURVE ( 'NONE', #2561, #63, #2780, .T. ) ;
#8249 = SURFACE_STYLE_USAGE ( .BOTH. , #904 ) ;
#8250 = CARTESIAN_POINT ( 'NONE',  ( -30.00000000000040501, 29.99999999999952749, 24.49999999999966604 ) ) ;
#8251 = EDGE_CURVE ( 'NONE', #1225, #6895, #3803, .T. ) ;
#8252 = DIRECTION ( 'NONE',  ( 1.000000000000000000, -4.000000000000000311E-15, -7.000000000000000150E-15 ) ) ;
#8253 = EDGE_CURVE ( 'NONE', #6748, #4598, #7395, .T. ) ;
#8254 = DIRECTION ( 'NONE',  ( -1.499999999999999919E-14, -1.000000000000000000, -9.999999999999999988E-15 ) ) ;
#8255 = DIRECTION ( 'NONE',  ( 1.000000000000000000, -8.000000000000063731E-15, 2.999999999999831811E-15 ) ) ;
#8256 = LINE ( 'NONE', #7421, #6552 ) ;
#8257 = ORIENTED_EDGE ( 'NONE', *, *, #149, .F. ) ;
#8258 = ORIENTED_EDGE ( 'NONE', *, *, #1615, .T. ) ;
#8259 = EDGE_LOOP ( 'NONE', ( #888, #8036, #8753, #667, #5898, #5693, #2347, #3681, #5206 ) ) ;
#8260 = AXIS2_PLACEMENT_3D ( 'NONE', #6266, #6124, #4670 ) ;
#8261 = CARTESIAN_POINT ( 'NONE',  ( -27.00000000000037659, 26.99999999999955236, 24.37499999999969447 ) ) ;
#8262 = ORIENTED_EDGE ( 'NONE', *, *, #4917, .F. ) ;
#8263 = DIRECTION ( 'NONE',  ( 1.000000000000000000, -1.000000000000064173E-15, 3.182123199577596482E-15 ) ) ;
#8264 = CARTESIAN_POINT ( 'NONE',  ( -27.00000000000007105, 26.99999999999982947, -0.2499999999998866462 ) ) ;
#8265 = DIRECTION ( 'NONE',  ( -0.7071067811865469066, -0.7071067811865481278, -7.135458086581875693E-15 ) ) ;
#8266 = AXIS2_PLACEMENT_3D ( 'NONE', #8087, #7455, #8188 ) ;
#8267 = FACE_OUTER_BOUND ( 'NONE', #3507, .T. ) ;
#8268 = ORIENTED_EDGE ( 'NONE', *, *, #1246, .F. ) ;
#8269 = EDGE_CURVE ( 'NONE', #3089, #9312, #6455, .T. ) ;
#8270 = DIRECTION ( 'NONE',  ( -0.7071067811865453523, -0.7071067811865496822, -1.761327925494731105E-14 ) ) ;
#8271 = ORIENTED_EDGE ( 'NONE', *, *, #4883, .T. ) ;
#8272 = VECTOR ( 'NONE', #1802, 39.37007874015748143 ) ;
#8273 = LINE ( 'NONE', #6887, #6176 ) ;
#8274 = CARTESIAN_POINT ( 'NONE',  ( 26.74999999999988276, -29.74999999999996447, 0.000000000000000000 ) ) ;
#8275 = DIRECTION ( 'NONE',  ( -0.000000000000000000, -0.000000000000000000, 1.000000000000000000 ) ) ;
#8276 = EDGE_CURVE ( 'NONE', #2462, #3910, #608, .T. ) ;
#8277 = CARTESIAN_POINT ( 'NONE',  ( 29.43699999999967432, -29.43700000000022499, 24.25000000000029488 ) ) ;
#8278 = VECTOR ( 'NONE', #4813, 39.37007874015748143 ) ;
#8279 = EDGE_LOOP ( 'NONE', ( #6730, #254, #5501, #3970 ) ) ;
#8280 = CIRCLE ( 'NONE', #5273, 0.3149606299212601157 ) ;
#8281 = ORIENTED_EDGE ( 'NONE', *, *, #258, .F. ) ;
#8282 = ORIENTED_EDGE ( 'NONE', *, *, #7740, .F. ) ;
#8283 = ADVANCED_FACE ( 'NONE', ( #9503 ), #9457, .T. ) ;
#8284 = DIRECTION ( 'NONE',  ( -1.000000000000000000, -6.982962677686266711E-15, 0.000000000000000000 ) ) ;
#8285 = CYLINDRICAL_SURFACE ( 'NONE', #5020, 0.2499999999999986955 ) ;
#8286 = EDGE_CURVE ( 'NONE', #6463, #3089, #7995, .T. ) ;
#8287 = VECTOR ( 'NONE', #4971, 39.37007874015748143 ) ;
#8288 = AXIS2_PLACEMENT_3D ( 'NONE', #5896, #2972, #8176 ) ;
#8289 = DIRECTION ( 'NONE',  ( 2.999999999999999839E-15, 7.000000000000000150E-15, -1.000000000000000000 ) ) ;
#8290 = VECTOR ( 'NONE', #6627, 39.37007874015748143 ) ;
#8291 = DIRECTION ( 'NONE',  ( -1.387778780781444571E-14, -1.000000000000000000, -6.938893903907222856E-15 ) ) ;
#8292 = LINE ( 'NONE', #73, #5314 ) ;
#8293 = ORIENTED_EDGE ( 'NONE', *, *, #6558, .T. ) ;
#8294 = DIRECTION ( 'NONE',  ( 4.000000000000000311E-15, 1.000000000000000000, 0.000000000000000000 ) ) ;
#8295 = ORIENTED_EDGE ( 'NONE', *, *, #3751, .F. ) ;
#8296 = ORIENTED_EDGE ( 'NONE', *, *, #2553, .T. ) ;
#8297 = EDGE_CURVE ( 'NONE', #9056, #4997, #1994, .T. ) ;
#8298 = LINE ( 'NONE', #7659, #701 ) ;
#8299 = CARTESIAN_POINT ( 'NONE',  ( -9.750000000000198952, -29.49999999999980815, -3.654188172525160182E-13 ) ) ;
#8300 = CARTESIAN_POINT ( 'NONE',  ( 29.49999999999988276, -28.24999999999996092, 22.99999999999966604 ) ) ;
#8301 = MANIFOLD_SOLID_BREP ( 'NONE', #2871 ) ;
#8302 = CARTESIAN_POINT ( 'NONE',  ( -29.74999999999968736, 29.75000000000020250, 2.448223304703489145 ) ) ;
#8303 = FACE_OUTER_BOUND ( 'NONE', #1585, .T. ) ;
#8304 =( NAMED_UNIT ( * ) SI_UNIT ( $, .STERADIAN. ) SOLID_ANGLE_UNIT ( ) );
#8305 = CARTESIAN_POINT ( 'NONE',  ( 29.99999999999963762, 28.24999999999978684, 23.00000000000070699 ) ) ;
#8306 = VERTEX_POINT ( 'NONE', #1590 ) ;
#8307 = VERTEX_POINT ( 'NONE', #5211 ) ;
#8309 = VERTEX_POINT ( 'NONE', #3868 ) ;
#8308 = EDGE_CURVE ( 'NONE', #8131, #3710, #5379, .T. ) ;
#8310 = ADVANCED_FACE ( 'NONE', ( #9023 ), #1543, .T. ) ;
#8311 = VECTOR ( 'NONE', #4775, 39.37007874015748143 ) ;
#8312 = FACE_OUTER_BOUND ( 'NONE', #4586, .T. ) ;
#8313 = ORIENTED_EDGE ( 'NONE', *, *, #5278, .F. ) ;
#8314 = DIRECTION ( 'NONE',  ( 0.000000000000000000, -0.000000000000000000, 1.000000000000000000 ) ) ;
#8315 = CARTESIAN_POINT ( 'NONE',  ( -29.43700000000039196, 29.43699999999953576, 24.24999999999967315 ) ) ;
#8316 = AXIS2_PLACEMENT_3D ( 'NONE', #7618, #2343, #1195 ) ;
#8317 = DIRECTION ( 'NONE',  ( -1.000000000000000000, 0.000000000000000000, -3.000232421156831977E-15 ) ) ;
#8318 = EDGE_CURVE ( 'NONE', #5701, #889, #6059, .T. ) ;
#8319 = ORIENTED_EDGE ( 'NONE', *, *, #6051, .F. ) ;
#8320 = CARTESIAN_POINT ( 'NONE',  ( -29.99999999999991118, -28.25000000000046541, 22.99999999999926104 ) ) ;
#8321 = ORIENTED_EDGE ( 'NONE', *, *, #9333, .T. ) ;
#8322 = CIRCLE ( 'NONE', #7856, 0.3149606299212600047 ) ;
#8323 = EDGE_CURVE ( 'NONE', #9274, #2593, #8235, .T. ) ;
#8324 = DIRECTION ( 'NONE',  ( -4.000000000000000311E-15, -6.999999999999997783E-15, 1.000000000000000000 ) ) ;
#8325 = CARTESIAN_POINT ( 'NONE',  ( 29.62499999999988276, -26.74999999999996092, 0.000000000000000000 ) ) ;
#8326 = CARTESIAN_POINT ( 'NONE',  ( -29.79289321881352492, 29.79289321881328334, -0.4999999999998657185 ) ) ;
#8327 = CYLINDRICAL_SURFACE ( 'NONE', #6401, 0.3149606299212601157 ) ;
#8328 = EDGE_LOOP ( 'NONE', ( #7773, #2463, #8581, #1116 ) ) ;
#8329 = EDGE_LOOP ( 'NONE', ( #2079, #6602, #6489, #4006 ) ) ;
#8330 = VERTEX_POINT ( 'NONE', #754 ) ;
#8331 = DIRECTION ( 'NONE',  ( 0.000000000000000000, 1.000000000000000000, 0.000000000000000000 ) ) ;
#8332 = CARTESIAN_POINT ( 'NONE',  ( 29.74999999999991118, 29.74999999999995026, 2.448223304703694758 ) ) ;
#8333 = CARTESIAN_POINT ( 'NONE',  ( 38.71849999999989222, 38.71850000000002012, -0.2499999999996075084 ) ) ;
#8334 = DIRECTION ( 'NONE',  ( -7.000000000000000938E-15, 0.000000000000000000, -1.000000000000000000 ) ) ;
#8335 = ORIENTED_EDGE ( 'NONE', *, *, #8323, .F. ) ;
#8336 = ADVANCED_FACE ( 'NONE', ( #6850 ), #6752, .T. ) ;
#8337 = DIRECTION ( 'NONE',  ( 1.000000000000000000, -1.490893840021118904E-14, 3.000000000000000233E-15 ) ) ;
#8338 = ORIENTED_EDGE ( 'NONE', *, *, #4907, .F. ) ;
#8339 = EDGE_CURVE ( 'NONE', #2108, #3936, #4606, .T. ) ;
#8340 = VERTEX_POINT ( 'NONE', #9073 ) ;
#8341 = FACE_OUTER_BOUND ( 'NONE', #9548, .T. ) ;
#8342 = FACE_OUTER_BOUND ( 'NONE', #3781, .T. ) ;
#8343 = AXIS2_PLACEMENT_3D ( 'NONE', #3869, #3914, #3821 ) ;
#8344 = CARTESIAN_POINT ( 'NONE',  ( -27.00000000000007105, 26.99999999999982947, -0.3749999999998865907 ) ) ;
#8345 = CARTESIAN_POINT ( 'NONE',  ( -29.75000000000010658, -29.74999999999974776, 2.448223304703061487 ) ) ;
#8346 = CARTESIAN_POINT ( 'NONE',  ( 29.74999999999966960, 29.74999999999974776, 21.55177669529739148 ) ) ;
#8347 = EDGE_CURVE ( 'NONE', #9388, #7993, #69, .T. ) ;
#8348 = CARTESIAN_POINT ( 'NONE',  ( 9.750000000000001776, 29.74999999999965183, -0.2499999999997701838 ) ) ;
#8349 = CARTESIAN_POINT ( 'NONE',  ( 29.62500000000015987, 26.74999999999991829, 23.99999999999979750 ) ) ;
#8350 = ORIENTED_EDGE ( 'NONE', *, *, #4817, .T. ) ;
#8351 = AXIS2_PLACEMENT_3D ( 'NONE', #5376, #8388, #4959 ) ;
#8352 = ORIENTED_EDGE ( 'NONE', *, *, #2641, .T. ) ;
#8353 = VECTOR ( 'NONE', #5922, 39.37007874015748143 ) ;
#8354 = DIRECTION ( 'NONE',  ( 1.000000000000000000, -1.387778780781444571E-14, 3.035766082959409654E-15 ) ) ;
#8355 = VECTOR ( 'NONE', #8243, 39.37007874015748143 ) ;
#8356 = DIRECTION ( 'NONE',  ( 1.000000000000000000, 0.000000000000000000, 0.000000000000000000 ) ) ;
#8357 = VECTOR ( 'NONE', #8682, 39.37007874015748143 ) ;
#8358 = LINE ( 'NONE', #3204, #8311 ) ;
#8359 = CARTESIAN_POINT ( 'NONE',  ( 29.99999999999992184, 30.00000000000000000, -0.4999999999996949662 ) ) ;
#8360 = VECTOR ( 'NONE', #4275, 39.37007874015748143 ) ;
#8361 = VERTEX_POINT ( 'NONE', #7647 ) ;
#8362 = EDGE_CURVE ( 'NONE', #8865, #8306, #7499, .T. ) ;
#8363 = FACE_BOUND ( 'NONE', #9523, .T. ) ;
#8364 = AXIS2_PLACEMENT_3D ( 'NONE', #3656, #4580, #7627 ) ;
#8365 = ORIENTED_EDGE ( 'NONE', *, *, #2924, .F. ) ;
#8366 = VECTOR ( 'NONE', #9395, 39.37007874015748143 ) ;
#8367 = CARTESIAN_POINT ( 'NONE',  ( -26.75000000000039435, -28.56496062992107809, 22.99999999999931077 ) ) ;
#8368 = DIRECTION ( 'NONE',  ( -1.499999999999999919E-14, -1.000000000000000000, -9.999999999999999988E-15 ) ) ;
#8369 = CARTESIAN_POINT ( 'NONE',  ( 29.99999999999992184, 29.74999999999998934, 3.038840660039992104E-13 ) ) ;
#8370 = DIRECTION ( 'NONE',  ( 1.776368096940622102E-14, 6.763680969406202419E-15, -1.000000000000000000 ) ) ;
#8371 = ORIENTED_EDGE ( 'NONE', *, *, #2020, .T. ) ;
#8372 = ORIENTED_EDGE ( 'NONE', *, *, #2396, .T. ) ;
#8373 = ORIENTED_EDGE ( 'NONE', *, *, #1169, .T. ) ;
#8374 = EDGE_LOOP ( 'NONE', ( #6018, #5296, #5891, #582 ) ) ;
#8375 = AXIS2_PLACEMENT_3D ( 'NONE', #449, #548, #8765 ) ;
#8376 = DIRECTION ( 'NONE',  ( -2.999999999999999839E-15, -9.999999999999999988E-15, 1.000000000000000000 ) ) ;
#8377 = DIRECTION ( 'NONE',  ( 0.000000000000000000, -1.387778780781445676E-14, 1.000000000000000000 ) ) ;
#8378 = CARTESIAN_POINT ( 'NONE',  ( -29.75000000000036948, -26.74999999999978684, 23.99999999999965539 ) ) ;
#8379 = DIRECTION ( 'NONE',  ( 1.699999999999999698E-14, 9.999999999999998410E-15, -1.000000000000000000 ) ) ;
#8380 = VECTOR ( 'NONE', #4050, 39.37007874015748143 ) ;
#8381 = ORIENTED_EDGE ( 'NONE', *, *, #9098, .T. ) ;
#8382 = CARTESIAN_POINT ( 'NONE',  ( 29.74999999999962341, 29.74999999999978328, 23.93700000000071171 ) ) ;
#8383 = EDGE_LOOP ( 'NONE', ( #3575, #6811, #1694, #6268 ) ) ;
#8384 = ORIENTED_EDGE ( 'NONE', *, *, #3148, .T. ) ;
#8385 = EDGE_CURVE ( 'NONE', #7055, #4840, #3000, .T. ) ;
#8386 =( REPRESENTATION_RELATIONSHIP ('NONE','NONE', #4286, #3611 ) REPRESENTATION_RELATIONSHIP_WITH_TRANSFORMATION ( #7037 )SHAPE_REPRESENTATION_RELATIONSHIP( ) );
#8387 = CARTESIAN_POINT ( 'NONE',  ( -29.99999999999953459, 48.00000000000024869, -0.4999999999997488120 ) ) ;
#8388 = DIRECTION ( 'NONE',  ( 1.000000000000000000, -1.150251786806006007E-16, 0.000000000000000000 ) ) ;
#8389 = AXIS2_PLACEMENT_3D ( 'NONE', #5224, #6026, #816 ) ;
#8390 = DIRECTION ( 'NONE',  ( 0.7071067811865433539, -0.7071067811865516806, -2.121320343559744166E-15 ) ) ;
#8391 = CARTESIAN_POINT ( 'NONE',  ( -29.74999999999987566, -29.75000000000045119, 21.62499999999925038 ) ) ;
#8392 = MANIFOLD_SOLID_BREP ( 'Convert-Solid1', #5080 ) ;
#8393 = LINE ( 'NONE', #2342, #9049 ) ;
#8394 = DIRECTION ( 'NONE',  ( -3.000000000000000233E-15, 1.000000000000000000, 7.182123199577615725E-15 ) ) ;
#8395 = EDGE_CURVE ( 'NONE', #7111, #975, #7842, .T. ) ;
#8396 = ORIENTED_EDGE ( 'NONE', *, *, #7349, .T. ) ;
#8397 = DIRECTION ( 'NONE',  ( 1.000000000000042085E-15, 1.000000000000000000, 7.000000000000001727E-15 ) ) ;
#8398 = VERTEX_POINT ( 'NONE', #851 ) ;
#8399 = ORIENTED_EDGE ( 'NONE', *, *, #8583, .T. ) ;
#8400 = DIRECTION ( 'NONE',  ( -9.106159978880878627E-17, 1.000000000000000000, 0.000000000000000000 ) ) ;
#8401 = DIRECTION ( 'NONE',  ( 1.000000000000000000, -4.000000000000063420E-15, 2.999999999999915825E-15 ) ) ;
#8402 = AXIS2_PLACEMENT_3D ( 'NONE', #656, #2928, #6941 ) ;
#8403 = CARTESIAN_POINT ( 'NONE',  ( -27.00000000000037659, 26.99999999999955236, 24.37499999999969447 ) ) ;
#8404 = LINE ( 'NONE', #8556, #8112 ) ;
#8405 = VECTOR ( 'NONE', #2217, 39.37007874015748143 ) ;
#8406 = ORIENTED_EDGE ( 'NONE', *, *, #3028, .T. ) ;
#8407 = PLANE ( 'NONE',  #6680 ) ;
#8408 = EDGE_LOOP ( 'NONE', ( #8458, #4336, #5549, #7358 ) ) ;
#8409 = EDGE_CURVE ( 'NONE', #9103, #8680, #4247, .T. ) ;
#8410 = AXIS2_PLACEMENT_3D ( 'NONE', #1008, #178, #6214 ) ;
#8411 = CYLINDRICAL_SURFACE ( 'NONE', #4106, 0.3149606299212601157 ) ;
#8412 = CARTESIAN_POINT ( 'NONE',  ( 29.62499999999999289, 26.74999999999991829, -2.054349691235526035E-13 ) ) ;
#8413 = DIRECTION ( 'NONE',  ( 1.000000000000000000, 8.557635542960778703E-17, 4.000000000000001100E-15 ) ) ;
#8414 = CARTESIAN_POINT ( 'NONE',  ( 26.87500000000016698, 29.49999999999992895, 23.99999999999981526 ) ) ;
#8415 = CARTESIAN_POINT ( 'NONE',  ( 27.12499999999986144, -27.12500000000001421, -0.2500000000000758837 ) ) ;
#8416 = LINE ( 'NONE', #3169, #6717 ) ;
#8417 = ORIENTED_EDGE ( 'NONE', *, *, #9499, .F. ) ;
#8418 = ORIENTED_EDGE ( 'NONE', *, *, #6102, .T. ) ;
#8419 = ORIENTED_EDGE ( 'NONE', *, *, #5137, .T. ) ;
#8420 = AXIS2_PLACEMENT_3D ( 'NONE', #2961, #3804, #50 ) ;
#8421 = ORIENTED_EDGE ( 'NONE', *, *, #5611, .F. ) ;
#8422 = ADVANCED_FACE ( 'NONE', ( #5457 ), #2616, .F. ) ;
#8423 = EDGE_CURVE ( 'NONE', #5513, #6114, #6327, .T. ) ;
#8424 = APPLICATION_PROTOCOL_DEFINITION ( 'draft international standard', 'automotive_design', 1998, #5158 ) ;
#8425 = ADVANCED_FACE ( 'NONE', ( #1840 ), #8477, .F. ) ;
#8426 = DIRECTION ( 'NONE',  ( 2.999999999999999839E-15, 7.091061599788807937E-15, -1.000000000000000000 ) ) ;
#8427 = EDGE_CURVE ( 'NONE', #2500, #8557, #893, .T. ) ;
#8428 = CARTESIAN_POINT ( 'NONE',  ( 29.80177669529653883, 29.80177669529657436, 2.500000000000330846 ) ) ;
#8429 = FACE_OUTER_BOUND ( 'NONE', #4848, .T. ) ;
#8430 = CARTESIAN_POINT ( 'NONE',  ( 28.24999999999970868, -27.00000000000022382, 23.31496062992157903 ) ) ;
#8431 = VECTOR ( 'NONE', #1721, 39.37007874015748143 ) ;
#8432 = PLANE ( 'NONE',  #7052 ) ;
#8433 = ORIENTED_EDGE ( 'NONE', *, *, #6163, .T. ) ;
#8434 = CYLINDRICAL_SURFACE ( 'NONE', #1221, 0.3149606299212601157 ) ;
#8435 = VERTEX_POINT ( 'NONE', #3324 ) ;
#8436 = ADVANCED_FACE ( 'NONE', ( #3269 ), #8629, .T. ) ;
#8437 = EDGE_LOOP ( 'NONE', ( #706, #8396, #3889, #5168 ) ) ;
#8438 = AXIS2_PLACEMENT_3D ( 'NONE', #5745, #1987, #9591 ) ;
#8439 = CYLINDRICAL_SURFACE ( 'NONE', #9537, 0.3149606299212601157 ) ;
#8440 = CARTESIAN_POINT ( 'NONE',  ( -48.00000000000012790, -29.99999999999965894, -0.5000000000003592682 ) ) ;
#8441 = PLANE ( 'NONE',  #2853 ) ;
#8442 = FACE_OUTER_BOUND ( 'NONE', #9633, .T. ) ;
#8443 = ADVANCED_FACE ( 'NONE', ( #9355, #3961, #4696 ), #4844, .F. ) ;
#8444 = DIRECTION ( 'NONE',  ( 1.000000000000000000, 9.106159978880878627E-17, 0.000000000000000000 ) ) ;
#8445 = CARTESIAN_POINT ( 'NONE',  ( -29.75000000000019895, -29.74999999999964473, -0.2500000000004278800 ) ) ;
#8446 = AXIS2_PLACEMENT_3D ( 'NONE', #3444, #8929, #8881 ) ;
#8447 = AXIS2_PLACEMENT_3D ( 'NONE', #1139, #8719, #3478 ) ;
#8448 = VERTEX_POINT ( 'NONE', #4802 ) ;
#8449 = CIRCLE ( 'NONE', #2270, 0.3149606299212601157 ) ;
#8450 = CARTESIAN_POINT ( 'NONE',  ( 28.56496062992125573, 26.74999999999992184, 0.9999999999998024913 ) ) ;
#8451 = VERTEX_POINT ( 'NONE', #208 ) ;
#8452 = VERTEX_POINT ( 'NONE', #6251 ) ;
#8453 = CARTESIAN_POINT ( 'NONE',  ( 28.24999999999988631, -26.99999999999998224, 1.314960629921150259 ) ) ;
#8454 = AXIS2_PLACEMENT_3D ( 'NONE', #7776, #978, #3996 ) ;
#8455 = LINE ( 'NONE', #3984, #620 ) ;
#8456 = CARTESIAN_POINT ( 'NONE',  ( 9.749999999999761968, -29.74999999999988987, 23.99999999999997868 ) ) ;
#8457 = DIRECTION ( 'NONE',  ( 1.000000000000042085E-15, 1.000000000000000000, 7.000000000000001727E-15 ) ) ;
#8458 = ORIENTED_EDGE ( 'NONE', *, *, #5761, .F. ) ;
#8459 = DIRECTION ( 'NONE',  ( 1.000000000000042085E-15, 1.000000000000000000, 7.000000000000001727E-15 ) ) ;
#8460 = EDGE_CURVE ( 'NONE', #7574, #5464, #9253, .T. ) ;
#8461 = ORIENTED_EDGE ( 'NONE', *, *, #7922, .F. ) ;
#8462 = DIRECTION ( 'NONE',  ( -1.000000000000000000, -8.000000000000082663E-15, -1.723631903059384757E-14 ) ) ;
#8463 = LINE ( 'NONE', #5397, #8028 ) ;
#8464 = PRESENTATION_LAYER_ASSIGNMENT (  '', '', ( #1179 ) ) ;
#8465 =( BOUNDED_CURVE ( )  B_SPLINE_CURVE ( 3, ( #4929, #1261, #1964, #4977 ),
 .UNSPECIFIED., .F., .F. ) 
 B_SPLINE_CURVE_WITH_KNOTS ( ( 4, 4 ),
 ( 4.930380657631269593E-32, 1.570796326794895004 ),
 .UNSPECIFIED. ) 
 CURVE ( )  GEOMETRIC_REPRESENTATION_ITEM ( )  RATIONAL_B_SPLINE_CURVE ( ( 1.000000000000000000, 0.8047378541243649375, 0.8047378541243649375, 1.000000000000000000 ) ) 
 REPRESENTATION_ITEM ( '' )  );
#8466 = LINE ( 'NONE', #9195, #3937 ) ;
#8467 = FACE_OUTER_BOUND ( 'NONE', #1438, .T. ) ;
#8468 = LINE ( 'NONE', #2608, #7791 ) ;
#8469 = FACE_BOUND ( 'NONE', #1939, .T. ) ;
#8470 = ORIENTED_EDGE ( 'NONE', *, *, #9154, .T. ) ;
#8471 = VERTEX_POINT ( 'NONE', #8523 ) ;
#8472 = PRODUCT_DEFINITION ( 'UNKNOWN', '', #2381, #8893 ) ;
#8473 = EDGE_LOOP ( 'NONE', ( #7851, #7983, #6632, #7899 ) ) ;
#8474 = VERTEX_POINT ( 'NONE', #2467 ) ;
#8475 = ITEM_DEFINED_TRANSFORMATION ( 'NONE', 'NONE', #1601,  #3073 ) ;
#8476 = PLANE ( 'NONE',  #6147 ) ;
#8477 = PLANE ( 'NONE',  #5042 ) ;
#8478 = DIRECTION ( 'NONE',  ( 1.000000000000000000, 0.000000000000000000, 0.000000000000000000 ) ) ;
#8479 = CARTESIAN_POINT ( 'NONE',  ( 26.75000000000017053, 29.74999999999992895, 23.99999999999981526 ) ) ;
#8480 = FACE_OUTER_BOUND ( 'NONE', #9442, .T. ) ;
#8481 = ORIENTED_EDGE ( 'NONE', *, *, #8699, .F. ) ;
#8482 = DIRECTION ( 'NONE',  ( -3.884974821319400252E-15, -1.000000000000000000, -8.051762507642027560E-31 ) ) ;
#8483 = VERTEX_POINT ( 'NONE', #1741 ) ;
#8484 = ORIENTED_EDGE ( 'NONE', *, *, #7996, .F. ) ;
#8485 = EDGE_LOOP ( 'NONE', ( #870, #7422, #7971, #7494 ) ) ;
#8486 = CARTESIAN_POINT ( 'NONE',  ( -29.62500000000036948, -26.74999999999978684, 23.99999999999965539 ) ) ;
#8487 = DIRECTION ( 'NONE',  ( 0.7071067811865481278, -0.7071067811865469066, -2.828427124746182245E-15 ) ) ;
#8488 =( NAMED_UNIT ( * ) SI_UNIT ( $, .STERADIAN. ) SOLID_ANGLE_UNIT ( ) );
#8489 = LINE ( 'NONE', #6960, #2605 ) ;
#8490 = VERTEX_POINT ( 'NONE', #6403 ) ;
#8491 = DIRECTION ( 'NONE',  ( 3.863407600316787446E-15, 1.000000000000000000, 9.561467977824923821E-31 ) ) ;
#8492 = ORIENTED_EDGE ( 'NONE', *, *, #493, .F. ) ;
#8493 = ORIENTED_EDGE ( 'NONE', *, *, #945, .T. ) ;
#8494 = EDGE_CURVE ( 'NONE', #2002, #9033, #9403, .T. ) ;
#8495 = AXIS2_PLACEMENT_3D ( 'NONE', #7450, #5312, #5959 ) ;
#8496 = CARTESIAN_POINT ( 'NONE',  ( -29.74999999999969091, 28.25000000000022737, 0.6850393700788541818 ) ) ;
#8497 = DIRECTION ( 'NONE',  ( 1.790893840021120465E-14, 6.999999999999998572E-15, -1.000000000000000000 ) ) ;
#8498 = DIRECTION ( 'NONE',  ( 1.000000000000000000, -1.748382715945171689E-14, 1.699999999999987392E-14 ) ) ;
#8499 = VECTOR ( 'NONE', #3501, 39.37007874015748143 ) ;
#8500 = DIRECTION ( 'NONE',  ( 1.699999999999999698E-14, 6.999999999999997783E-15, -1.000000000000000000 ) ) ;
#8501 = VECTOR ( 'NONE', #2384, 39.37007874015748143 ) ;
#8502 = EDGE_LOOP ( 'NONE', ( #6677, #343, #6344, #7195 ) ) ;
#8503 = AXIS2_PLACEMENT_3D ( 'NONE', #4412, #5117, #9653 ) ;
#8504 = CARTESIAN_POINT ( 'NONE',  ( -28.25000000000012434, -29.74999999999975486, 1.314960629920961521 ) ) ;
#8505 = ORIENTED_EDGE ( 'NONE', *, *, #3590, .F. ) ;
#8506 = DIRECTION ( 'NONE',  ( 1.000000000000000000, -1.000000000000062989E-15, 2.999999999999978934E-15 ) ) ;
#8507 = CARTESIAN_POINT ( 'NONE',  ( -48.00000000000031974, 29.87499999999944578, 21.62499999999935341 ) ) ;
#8508 = AXIS2_PLACEMENT_3D ( 'NONE', #9519, #8152, #2148 ) ;
#8509 = CARTESIAN_POINT ( 'NONE',  ( 29.99999999999992895, 29.74999999999999645, -0.4999999999996961875 ) ) ;
#8510 = PRODUCT ( '102049 DET A', '102049 DET A', '', ( #4843 ) ) ;
#8511 = CARTESIAN_POINT ( 'NONE',  ( 29.74999999999983302, -48.00000000000002842, 2.374999999999785949 ) ) ;
#8512 = DIRECTION ( 'NONE',  ( -1.387778780781444571E-14, -1.000000000000000000, -1.387778780781444571E-14 ) ) ;
#8513 = ADVANCED_FACE ( 'NONE', ( #2769 ), #6445, .F. ) ;
#8514 = CIRCLE ( 'NONE', #3924, 0.3149606299212601157 ) ;
#8515 = ORIENTED_EDGE ( 'NONE', *, *, #969, .F. ) ;
#8516 = EDGE_LOOP ( 'NONE', ( #4588, #173, #6032, #4679, #1340, #9690, #2512, #832, #4648 ) ) ;
#8517 = ORIENTED_EDGE ( 'NONE', *, *, #5088, .F. ) ;
#8518 = VERTEX_POINT ( 'NONE', #5094 ) ;
#8519 = CIRCLE ( 'NONE', #8993, 0.3149606299212598381 ) ;
#8520 =( BOUNDED_CURVE ( )  B_SPLINE_CURVE ( 3, ( #2935, #9605, #6610, #5962 ),
 .UNSPECIFIED., .F., .T. ) 
 B_SPLINE_CURVE_WITH_KNOTS ( ( 4, 4 ),
 ( 1.570796326794895004, 3.141592653589795336 ),
 .UNSPECIFIED. ) 
 CURVE ( )  GEOMETRIC_REPRESENTATION_ITEM ( )  RATIONAL_B_SPLINE_CURVE ( ( 1.000000000000000000, 0.8047378541243649375, 0.8047378541243649375, 1.000000000000000000 ) ) 
 REPRESENTATION_ITEM ( '' )  );
#8521 = ITEM_DEFINED_TRANSFORMATION ( 'NONE', 'NONE', #9186,  #3073 ) ;
#8522 = DIRECTION ( 'NONE',  ( -7.999999999999707165E-15, 1.000000000000000000, 6.999999999999831333E-15 ) ) ;
#8523 = CARTESIAN_POINT ( 'NONE',  ( 29.99999999999991473, 29.74999999999998224, 2.500000000000303313 ) ) ;
#8524 = VECTOR ( 'NONE', #2793, 39.37007874015748143 ) ;
#8525 = DIRECTION ( 'NONE',  ( -1.000000000000000000, 2.799999999999999112E-29, -4.000000000000000311E-15 ) ) ;
#8526 = FACE_BOUND ( 'NONE', #4884, .T. ) ;
#8527 = VECTOR ( 'NONE', #6733, 39.37007874015748143 ) ;
#8528 = ORIENTED_EDGE ( 'NONE', *, *, #8123, .F. ) ;
#8529 = ORIENTED_EDGE ( 'NONE', *, *, #6590, .T. ) ;
#8530 = AXIS2_PLACEMENT_3D ( 'NONE', #7039, #8574, #7083 ) ;
#8531 = ORIENTED_EDGE ( 'NONE', *, *, #1061, .F. ) ;
#8532 = CARTESIAN_POINT ( 'NONE',  ( 0.000000000000000000, 0.000000000000000000, 0.000000000000000000 ) ) ;
#8533 = ORIENTED_EDGE ( 'NONE', *, *, #6287, .T. ) ;
#8534 = CYLINDRICAL_SURFACE ( 'NONE', #8970, 0.3149606299212598381 ) ;
#8535 =( NAMED_UNIT ( * ) SI_UNIT ( $, .STERADIAN. ) SOLID_ANGLE_UNIT ( ) );
#8536 = EDGE_CURVE ( 'NONE', #1159, #1478, #2672, .T. ) ;
#8537 = CARTESIAN_POINT ( 'NONE',  ( 29.99999999999992184, 30.00000000000000000, -0.4999999999996949662 ) ) ;
#8538 = DIRECTION ( 'NONE',  ( 7.914423644570607885E-15, -1.000000000000000000, -9.999999999999832750E-15 ) ) ;
#8539 = AXIS2_PLACEMENT_3D ( 'NONE', #4781, #5684, #9339 ) ;
#8540 = FACE_OUTER_BOUND ( 'NONE', #2674, .T. ) ;
#8541 = DIRECTION ( 'NONE',  ( -7.999999999999707165E-15, 1.000000000000000000, 6.999999999999831333E-15 ) ) ;
#8542 = FACE_OUTER_BOUND ( 'NONE', #3173, .T. ) ;
#8543 = ORIENTED_EDGE ( 'NONE', *, *, #5631, .F. ) ;
#8544 = DIRECTION ( 'NONE',  ( 1.000000000000000000, 0.000000000000000000, 2.999999999999991950E-15 ) ) ;
#8545 = ORIENTED_EDGE ( 'NONE', *, *, #9569, .T. ) ;
#8546 = ORIENTED_EDGE ( 'NONE', *, *, #3573, .F. ) ;
#8547 = PRESENTATION_LAYER_ASSIGNMENT (  '', '', ( #2220 ) ) ;
#8548 = FACE_BOUND ( 'NONE', #170, .T. ) ;
#8549 = EDGE_CURVE ( 'NONE', #1250, #3886, #5043, .T. ) ;
#8550 = EDGE_CURVE ( 'NONE', #7290, #8163, #5533, .T. ) ;
#8551 = DIRECTION ( 'NONE',  ( -2.999999999999999839E-15, 1.000000000000000000, 6.999999999999998572E-15 ) ) ;
#8552 = EDGE_CURVE ( 'NONE', #3696, #8330, #1247, .T. ) ;
#8553 = DIRECTION ( 'NONE',  ( -1.000000000000000000, -2.148382715945122022E-14, -4.000000000000276412E-15 ) ) ;
#8554 = LINE ( 'NONE', #923, #5771 ) ;
#8555 = MECHANICAL_DESIGN_GEOMETRIC_PRESENTATION_REPRESENTATION (  '', ( #7289 ), #6168 ) ;
#8556 = CARTESIAN_POINT ( 'NONE',  ( 29.99999999999982947, -48.00000000000002842, 2.499999999999786393 ) ) ;
#8557 = VERTEX_POINT ( 'NONE', #4153 ) ;
#8558 = ADVANCED_FACE ( 'NONE', ( #8807 ), #3521, .F. ) ;
#8559 = CARTESIAN_POINT ( 'NONE',  ( 47.99999999999968736, -27.12500000000028777, 24.37500000000067146 ) ) ;
#8560 = ORIENTED_EDGE ( 'NONE', *, *, #8123, .T. ) ;
#8561 =( LENGTH_UNIT ( ) NAMED_UNIT ( * ) SI_UNIT ( $, .METRE. ) );
#8562 = DIRECTION ( 'NONE',  ( 0.000000000000000000, 1.000000000000000000, 0.000000000000000000 ) ) ;
#8563 = DIRECTION ( 'NONE',  ( 1.000000000000000000, 1.748382715945127513E-14, 4.000000000000122584E-15 ) ) ;
#8564 = VECTOR ( 'NONE', #7328, 39.37007874015748143 ) ;
#8565 = EDGE_CURVE ( 'NONE', #2789, #8896, #7189, .T. ) ;
#8566 = LINE ( 'NONE', #350, #359 ) ;
#8567 = CARTESIAN_POINT ( 'NONE',  ( -28.56496062992166785, -29.49999999999979394, 22.99999999999930012 ) ) ;
#8568 = ORIENTED_EDGE ( 'NONE', *, *, #2861, .F. ) ;
#8569 = ORIENTED_EDGE ( 'NONE', *, *, #5556, .F. ) ;
#8570 = ORIENTED_EDGE ( 'NONE', *, *, #2692, .F. ) ;
#8571 = ORIENTED_EDGE ( 'NONE', *, *, #85, .F. ) ;
#8572 = VECTOR ( 'NONE', #2783, 39.37007874015748143 ) ;
#8573 = EDGE_CURVE ( 'NONE', #4689, #4613, #1888, .T. ) ;
#8574 = DIRECTION ( 'NONE',  ( 1.000000000000000000, -4.000000000000000311E-15, -7.000000000000000150E-15 ) ) ;
#8575 = PLANE ( 'NONE',  #8180 ) ;
#8576 = ADVANCED_FACE ( 'NONE', ( #404 ), #8076, .F. ) ;
#8577 = CARTESIAN_POINT ( 'NONE',  ( -29.49999999999985079, -9.750000000000010658, 24.24999999999937117 ) ) ;
#8578 = CARTESIAN_POINT ( 'NONE',  ( -26.74999999999967670, 29.74999999999975842, 9.397557098205065314E-14 ) ) ;
#8579 = CIRCLE ( 'NONE', #1292, 0.3149606299212601157 ) ;
#8580 = EDGE_LOOP ( 'NONE', ( #9596, #6772, #7735, #1365 ) ) ;
#8581 = ORIENTED_EDGE ( 'NONE', *, *, #8913, .F. ) ;
#8582 = ORIENTED_EDGE ( 'NONE', *, *, #499, .T. ) ;
#8583 = EDGE_CURVE ( 'NONE', #8079, #3429, #4993, .T. ) ;
#8584 =( NAMED_UNIT ( * ) PLANE_ANGLE_UNIT ( ) SI_UNIT ( $, .RADIAN. ) );
#8585 = ORIENTED_EDGE ( 'NONE', *, *, #4550, .F. ) ;
#8586 = FACE_BOUND ( 'NONE', #4005, .T. ) ;
#8587 = VECTOR ( 'NONE', #1309, 39.37007874015748143 ) ;
#8588 = CARTESIAN_POINT ( 'NONE',  ( -30.00000000000015277, -29.99999999999976552, -0.5000000000002948752 ) ) ;
#8589 = DIRECTION ( 'NONE',  ( 2.999999999999999839E-15, 7.000000000000000938E-15, -1.000000000000000000 ) ) ;
#8590 = DIRECTION ( 'NONE',  ( -8.000000000000000622E-15, -1.000000000000000000, -6.999999999999998572E-15 ) ) ;
#8591 = CARTESIAN_POINT ( 'NONE',  ( 26.99999999999985434, -28.25000000000002487, 0.9999999999999156231 ) ) ;
#8592 = CARTESIAN_POINT ( 'NONE',  ( 26.74999999999988276, -29.74999999999996447, 24.00000000000000355 ) ) ;
#8593 = ORIENTED_EDGE ( 'NONE', *, *, #4975, .F. ) ;
#8594 = DIRECTION ( 'NONE',  ( 1.000000000000000000, 0.000000000000000000, 0.000000000000000000 ) ) ;
#8595 = ORIENTED_EDGE ( 'NONE', *, *, #8596, .F. ) ;
#8596 = EDGE_CURVE ( 'NONE', #1250, #5515, #8697, .T. ) ;
#8597 = ADVANCED_FACE ( 'NONE', ( #7284 ), #4201, .F. ) ;
#8598 = EDGE_LOOP ( 'NONE', ( #4866, #3745, #5341, #4218 ) ) ;
#8599 = AXIS2_PLACEMENT_3D ( 'NONE', #1282, #8810, #652 ) ;
#8600 = CARTESIAN_POINT ( 'NONE',  ( 26.99999999999968381, -27.00000000000022737, 24.37500000000029488 ) ) ;
#8601 = PRODUCT_DEFINITION_SHAPE ( 'NONE', 'NONE',  #9764 ) ;
#8602 = DIRECTION ( 'NONE',  ( 1.000000000000000000, -1.000000000000062989E-15, 2.999999999999978934E-15 ) ) ;
#8603 = AXIS2_PLACEMENT_3D ( 'NONE', #45, #6131, #3799 ) ;
#8604 = AXIS2_PLACEMENT_3D ( 'NONE', #3372, #9544, #5651 ) ;
#8605 = LINE ( 'NONE', #338, #1080 ) ;
#8606 = VECTOR ( 'NONE', #8491, 39.37007874015748143 ) ;
#8607 = DIRECTION ( 'NONE',  ( -2.999999999999999839E-15, 1.000000000000000000, 6.999999999999998572E-15 ) ) ;
#8608 = CARTESIAN_POINT ( 'NONE',  ( 26.99999999999967315, -27.00000000000022737, 24.37500000000027001 ) ) ;
#8609 = VERTEX_POINT ( 'NONE', #7331 ) ;
#8610 = ADVANCED_FACE ( 'NONE', ( #5695 ), #7229, .F. ) ;
#8611 = CIRCLE ( 'NONE', #543, 0.3149606299212598381 ) ;
#8612 = VECTOR ( 'NONE', #4436, 39.37007874015748143 ) ;
#8613 = LINE ( 'NONE', #393, #9477 ) ;
#8614 = VERTEX_POINT ( 'NONE', #3568 ) ;
#8615 = FACE_OUTER_BOUND ( 'NONE', #4650, .T. ) ;
#8616 = CARTESIAN_POINT ( 'NONE',  ( 29.49999999999988631, -27.93503937007870164, 1.000000000000001332 ) ) ;
#8617 = DIRECTION ( 'NONE',  ( 0.000000000000000000, 0.000000000000000000, -1.000000000000000000 ) ) ;
#8618 = CARTESIAN_POINT ( 'NONE',  ( -29.43699999999953576, 48.00000000000024158, -0.2499999999997465361 ) ) ;
#8619 = EDGE_CURVE ( 'NONE', #7302, #2737, #6594, .T. ) ;
#8620 = FACE_BOUND ( 'NONE', #6164, .T. ) ;
#8621 = CARTESIAN_POINT ( 'NONE',  ( 29.24999999999988276, -29.24999999999996092, 24.00000000000000355 ) ) ;
#8622 = ORIENTED_EDGE ( 'NONE', *, *, #9481, .T. ) ;
#8623 = VERTEX_POINT ( 'NONE', #2818 ) ;
#8624 = EDGE_LOOP ( 'NONE', ( #6277, #4795, #6652, #3471, #3842, #9608, #3217, #8193, #9032 ) ) ;
#8625 = EDGE_LOOP ( 'NONE', ( #6961, #764, #3784, #4982 ) ) ;
#8626 = ADVANCED_FACE ( 'NONE', ( #2074, #4350, #7384 ), #595, .F. ) ;
#8627 = AXIS2_PLACEMENT_3D ( 'NONE', #2752, #5775, #4044 ) ;
#8628 = ITEM_DEFINED_TRANSFORMATION ( 'NONE', 'NONE', #814,  #3073 ) ;
#8629 = CYLINDRICAL_SURFACE ( 'NONE', #935, 0.1250000000000015266 ) ;
#8630 = CARTESIAN_POINT ( 'NONE',  ( -30.00000000000006750, 29.99999999999981881, 1.256646821739767415E-13 ) ) ;
#8631 = FACE_OUTER_BOUND ( 'NONE', #3427, .T. ) ;
#8632 = DIRECTION ( 'NONE',  ( -1.000000000000000000, 0.000000000000000000, 1.387778780781444571E-14 ) ) ;
#8633 = ORIENTED_EDGE ( 'NONE', *, *, #5435, .F. ) ;
#8634 = CIRCLE ( 'NONE', #3881, 0.3149606299212598381 ) ;
#8635 = ORIENTED_EDGE ( 'NONE', *, *, #4194, .F. ) ;
#8636 = ORIENTED_EDGE ( 'NONE', *, *, #5073, .F. ) ;
#8637 = CARTESIAN_POINT ( 'NONE',  ( -28.25000000000040856, -29.49999999999979750, 22.99999999999930012 ) ) ;
#8638 = EDGE_LOOP ( 'NONE', ( #7821, #5256, #8296, #6067 ) ) ;
#8639 = PLANE ( 'NONE',  #128 ) ;
#8640 = EDGE_CURVE ( 'NONE', #1285, #3403, #9007, .T. ) ;
#8641 = DIRECTION ( 'NONE',  ( 0.000000000000000000, -1.387778780781446149E-14, 1.000000000000000000 ) ) ;
#8642 = DIRECTION ( 'NONE',  ( -1.387778780781444571E-14, -1.000000000000000000, -9.974659986866631327E-15 ) ) ;
#8643 = LINE ( 'NONE', #4075, #6949 ) ;
#8644 = CYLINDRICAL_SURFACE ( 'NONE', #2707, 0.3149606299212598381 ) ;
#8645 = DIRECTION ( 'NONE',  ( -8.000000000000243591E-15, 1.000000000000000000, 9.999999999999831172E-15 ) ) ;
#8646 = ADVANCED_FACE ( 'NONE', ( #2918 ), #6741, .F. ) ;
#8647 = VERTEX_POINT ( 'NONE', #6048 ) ;
#8648 = DIRECTION ( 'NONE',  ( 0.000000000000000000, 1.000000000000000000, 0.000000000000000000 ) ) ;
#8649 = ORIENTED_EDGE ( 'NONE', *, *, #1968, .F. ) ;
#8650 = VERTEX_POINT ( 'NONE', #7488 ) ;
#8651 = CARTESIAN_POINT ( 'NONE',  ( -29.49999999999960920, 9.749999999999770850, 1.205427927204356079E-14 ) ) ;
#8652 = DIRECTION ( 'NONE',  ( 5.605193857299268284E-45, 1.000000000000000000, 6.999999999999997783E-15 ) ) ;
#8653 = LINE ( 'NONE', #4226, #7261 ) ;
#8654 = EDGE_CURVE ( 'NONE', #189, #8435, #3714, .T. ) ;
#8655 = DIRECTION ( 'NONE',  ( 4.000000000000000311E-15, 1.000000000000000000, 0.000000000000000000 ) ) ;
#8656 = CARTESIAN_POINT ( 'NONE',  ( 26.74999999999988276, -28.24999999999996092, 22.99999999999966604 ) ) ;
#8657 = AXIS2_PLACEMENT_3D ( 'NONE', #6201, #8478, #4017 ) ;
#8658 = ORIENTED_EDGE ( 'NONE', *, *, #7521, .F. ) ;
#8659 = ORIENTED_EDGE ( 'NONE', *, *, #7066, .F. ) ;
#8660 = CIRCLE ( 'NONE', #6448, 0.3149606299212598381 ) ;
#8661 = PLANE ( 'NONE',  #6091 ) ;
#8662 = DIRECTION ( 'NONE',  ( -1.000000000000000000, 8.000000000000000622E-15, -2.999999999999999839E-15 ) ) ;
#8663 = CARTESIAN_POINT ( 'NONE',  ( 28.24999999999992895, 26.99999999999998579, 0.6850393700790192719 ) ) ;
#8664 = LINE ( 'NONE', #7732, #5724 ) ;
#8665 = CARTESIAN_POINT ( 'NONE',  ( 28.24999999999991829, 29.99999999999998224, 1.000000000000300426 ) ) ;
#8666 = ORIENTED_EDGE ( 'NONE', *, *, #9030, .T. ) ;
#8667 = ORIENTED_EDGE ( 'NONE', *, *, #4551, .F. ) ;
#8668 = ORIENTED_EDGE ( 'NONE', *, *, #9030, .F. ) ;
#8669 = CONTEXT_DEPENDENT_SHAPE_REPRESENTATION ( #5672, #7096 ) ;
#8670 = VECTOR ( 'NONE', #3023, 39.37007874015748143 ) ;
#8671 = DIRECTION ( 'NONE',  ( 1.387778780781444571E-14, 1.387778780781444571E-14, -1.000000000000000000 ) ) ;
#8672 = CARTESIAN_POINT ( 'NONE',  ( -29.00000000000007105, 28.99999999999980815, 1.000000000000121236 ) ) ;
#8673 = DIRECTION ( 'NONE',  ( -2.999999999999999839E-15, 1.000000000000000000, 6.999999999999998572E-15 ) ) ;
#8674 = CIRCLE ( 'NONE', #2174, 0.3149606299212598381 ) ;
#8675 = ADVANCED_FACE ( 'NONE', ( #7540 ), #5147, .F. ) ;
#8676 = CARTESIAN_POINT ( 'NONE',  ( 47.99999999999992184, 30.00000000000005329, -0.4999999999996408984 ) ) ;
#8677 = ORIENTED_EDGE ( 'NONE', *, *, #383, .F. ) ;
#8678 = VECTOR ( 'NONE', #4669, 39.37007874015748143 ) ;
#8679 = ORIENTED_EDGE ( 'NONE', *, *, #7571, .F. ) ;
#8680 = VERTEX_POINT ( 'NONE', #8173 ) ;
#8681 = ORIENTED_EDGE ( 'NONE', *, *, #2115, .T. ) ;
#8682 = DIRECTION ( 'NONE',  ( -0.7071067811865453523, 0.7071067811865496822, -2.623060616391646441E-16 ) ) ;
#8683 = CARTESIAN_POINT ( 'NONE',  ( -30.00000000000031264, 29.99999999999952038, 21.49999999999967670 ) ) ;
#8684 = AXIS2_PLACEMENT_3D ( 'NONE', #298, #6187, #933 ) ;
#8685 =( NAMED_UNIT ( * ) SI_UNIT ( $, .STERADIAN. ) SOLID_ANGLE_UNIT ( ) );
#8686 = DIRECTION ( 'NONE',  ( -7.999999999999707165E-15, 1.000000000000000000, 6.999999999999831333E-15 ) ) ;
#8687 = CARTESIAN_POINT ( 'NONE',  ( -9.281500000000100670, 9.281500000000178829, -0.2499999999999682476 ) ) ;
#8688 = PLANE ( 'NONE',  #9251 ) ;
#8689 = EDGE_CURVE ( 'NONE', #9639, #2216, #7071, .T. ) ;
#8690 = ORIENTED_EDGE ( 'NONE', *, *, #1435, .T. ) ;
#8691 = CARTESIAN_POINT ( 'NONE',  ( -29.50000000000033751, -29.24999999999954525, -3.671603703484769892E-13 ) ) ;
#8692 = EDGE_LOOP ( 'NONE', ( #6480, #6914, #4497, #3816 ) ) ;
#8693 = EDGE_CURVE ( 'NONE', #2321, #2400, #741, .T. ) ;
#8694 = ORIENTED_EDGE ( 'NONE', *, *, #4468, .F. ) ;
#8695 = LINE ( 'NONE', #3247, #7335 ) ;
#8696 = CARTESIAN_POINT ( 'NONE',  ( 28.56496062992114204, -29.74999999999996447, 22.99999999999966604 ) ) ;
#8697 = CIRCLE ( 'NONE', #1422, 0.3149606299212598381 ) ;
#8698 = CARTESIAN_POINT ( 'NONE',  ( 29.49999999999975842, -9.749999999999888090, 24.25000000000045475 ) ) ;
#8699 = EDGE_CURVE ( 'NONE', #6054, #8474, #9104, .T. ) ;
#8700 = CARTESIAN_POINT ( 'NONE',  ( 29.79289321881335795, 29.64644660940671272, -0.2499999999997030153 ) ) ;
#8701 = CARTESIAN_POINT ( 'NONE',  ( 29.74999999999988631, -26.74999999999996092, 24.00000000000000355 ) ) ;
#8702 = FACE_OUTER_BOUND ( 'NONE', #3807, .T. ) ;
#8703 = ORIENTED_EDGE ( 'NONE', *, *, #499, .F. ) ;
#8704 = CARTESIAN_POINT ( 'NONE',  ( -29.25000000000041211, -29.49999999999979394, 23.99999999999963052 ) ) ;
#8705 = ORIENTED_EDGE ( 'NONE', *, *, #8128, .F. ) ;
#8706 =( REPRESENTATION_RELATIONSHIP ('NONE','NONE', #4286, #3611 ) REPRESENTATION_RELATIONSHIP_WITH_TRANSFORMATION ( #7841 )SHAPE_REPRESENTATION_RELATIONSHIP( ) );
#8707 = CARTESIAN_POINT ( 'NONE',  ( -9.750000000000438760, 29.49999999999956657, 24.25000000000016342 ) ) ;
#8708 = COLOUR_RGB ( '',0.7921568627450980005, 0.8196078431372548767, 0.9333333333333333481 ) ;
#8709 = LINE ( 'NONE', #1079, #8366 ) ;
#8710 = CYLINDRICAL_SURFACE ( 'NONE', #7508, 0.1250000000000015266 ) ;
#8711 = DIRECTION ( 'NONE',  ( -2.999999999999999839E-15, -9.999999999999998410E-15, 1.000000000000000000 ) ) ;
#8712 = ORIENTED_EDGE ( 'NONE', *, *, #5095, .T. ) ;
#8713 = ORIENTED_EDGE ( 'NONE', *, *, #5470, .F. ) ;
#8714 = EDGE_CURVE ( 'NONE', #1680, #2923, #1380, .T. ) ;
#8715 = CONTEXT_DEPENDENT_SHAPE_REPRESENTATION ( #2122, #9295 ) ;
#8716 = CLOSED_SHELL ( 'NONE', ( #1259, #6874, #2014, #47, #4865, #5160, #4494, #1857, #3154, #1200, #5065, #116, #5857, #5494, #6496, #2246, #6545, #485, #738 ) ) ;
#8717 = CARTESIAN_POINT ( 'NONE',  ( -29.75000000000014566, -28.24999999999977973, 0.9999999999997187805 ) ) ;
#8718 = CARTESIAN_POINT ( 'NONE',  ( -30.00000000000007105, 29.74999999999981526, 1.239146821739767490E-13 ) ) ;
#8719 = DIRECTION ( 'NONE',  ( 2.999999999999999839E-15, 9.999999999999999988E-15, -1.000000000000000000 ) ) ;
#8720 = DIRECTION ( 'NONE',  ( 1.000000000000000000, 0.000000000000000000, 2.999999999999991950E-15 ) ) ;
#8721 = CARTESIAN_POINT ( 'NONE',  ( 26.74999999999988276, -29.62499999999996092, 24.00000000000000355 ) ) ;
#8722 = ORIENTED_EDGE ( 'NONE', *, *, #8251, .F. ) ;
#8723 = ORIENTED_EDGE ( 'NONE', *, *, #8253, .T. ) ;
#8724 = EDGE_CURVE ( 'NONE', #9422, #1549, #103, .T. ) ;
#8725 = VECTOR ( 'NONE', #3106, 39.37007874015748143 ) ;
#8726 = VERTEX_POINT ( 'NONE', #3022 ) ;
#8727 = EDGE_CURVE ( 'NONE', #7159, #8650, #6790, .T. ) ;
#8728 =( CONVERSION_BASED_UNIT ( 'INCH', #1896 ) LENGTH_UNIT ( ) NAMED_UNIT ( #5792 ) );
#8729 = ORIENTED_EDGE ( 'NONE', *, *, #6140, .F. ) ;
#8730 = DIRECTION ( 'NONE',  ( -1.000000000000000000, 0.000000000000000000, 0.000000000000000000 ) ) ;
#8731 = CARTESIAN_POINT ( 'NONE',  ( 47.99999999999991473, 29.87500000000003553, 2.375000000000358380 ) ) ;
#8732 = PLANE ( 'NONE',  #3587 ) ;
#8733 = CARTESIAN_POINT ( 'NONE',  ( 47.99999999999991473, 29.75000000000003197, 2.375000000000357492 ) ) ;
#8734 = VECTOR ( 'NONE', #4171, 39.37007874015748143 ) ;
#8735 = CARTESIAN_POINT ( 'NONE',  ( 28.24999999999971578, -27.00000000000021672, 22.68503937007905691 ) ) ;
#8736 = DIRECTION ( 'NONE',  ( 1.000000000000000000, -1.000000000000062989E-15, 2.999999999999978934E-15 ) ) ;
#8737 = LINE ( 'NONE', #1949, #5785 ) ;
#8738 = EDGE_CURVE ( 'NONE', #8849, #1549, #788, .T. ) ;
#8739 = ORIENTED_EDGE ( 'NONE', *, *, #9505, .F. ) ;
#8740 = DIRECTION ( 'NONE',  ( -1.150251786806006007E-16, -1.000000000000000000, 0.000000000000000000 ) ) ;
#8741 = EDGE_LOOP ( 'NONE', ( #99, #5832, #2804, #1907 ) ) ;
#8742 = ORIENTED_EDGE ( 'NONE', *, *, #2328, .F. ) ;
#8743 = VECTOR ( 'NONE', #5538, 39.37007874015748143 ) ;
#8744 = CARTESIAN_POINT ( 'NONE',  ( -10.50000000000034284, -10.50000000000042633, 24.49999999999974420 ) ) ;
#8745 = CARTESIAN_POINT ( 'NONE',  ( 29.99999999999991473, 29.99999999999997868, 2.500000000000305089 ) ) ;
#8746 = EDGE_CURVE ( 'NONE', #2346, #5748, #6001, .T. ) ;
#8747 = CARTESIAN_POINT ( 'NONE',  ( -29.74999999999992895, -29.75000000000000711, 23.99999999999914380 ) ) ;
#8748 = DIRECTION ( 'NONE',  ( 0.000000000000000000, -1.387778780781446149E-14, 1.000000000000000000 ) ) ;
#8749 = MECHANICAL_DESIGN_GEOMETRIC_PRESENTATION_REPRESENTATION (  '', ( #6220 ), #6705 ) ;
#8750 = DIRECTION ( 'NONE',  ( 0.7071067811865417996, 0.7071067811865531239, 1.979898987322332541E-14 ) ) ;
#8751 = AXIS2_PLACEMENT_3D ( 'NONE', #7232, #2173, #5798 ) ;
#8752 = VERTEX_POINT ( 'NONE', #4591 ) ;
#8753 = ORIENTED_EDGE ( 'NONE', *, *, #4347, .F. ) ;
#8754 = VECTOR ( 'NONE', #3200, 39.37007874015748143 ) ;
#8755 = AXIS2_PLACEMENT_3D ( 'NONE', #3649, #8990, #6821 ) ;
#8756 = DIRECTION ( 'NONE',  ( -1.000000000000000000, -8.000000000000082663E-15, -1.718212319957778453E-14 ) ) ;
#8757 = DIRECTION ( 'NONE',  ( -7.999999999999707165E-15, 1.000000000000000000, 6.999999999999831333E-15 ) ) ;
#8758 = LINE ( 'NONE', #7127, #4238 ) ;
#8759 = DIRECTION ( 'NONE',  ( -1.000000000000000000, 8.000000000000000622E-15, -2.999999999999999839E-15 ) ) ;
#8760 = DIRECTION ( 'NONE',  ( 1.000000000000000000, 0.000000000000000000, 0.000000000000000000 ) ) ;
#8761 = EDGE_CURVE ( 'NONE', #760, #6422, #647, .T. ) ;
#8762 = CIRCLE ( 'NONE', #68, 0.3149606299212600047 ) ;
#8763 = ORIENTED_EDGE ( 'NONE', *, *, #4033, .F. ) ;
#8764 = EDGE_LOOP ( 'NONE', ( #8470, #6009, #777, #9158, #6503, #2754, #7608, #1634, #7959 ) ) ;
#8765 = DIRECTION ( 'NONE',  ( 1.000000000000000000, 0.000000000000000000, 0.000000000000000000 ) ) ;
#8766 = CARTESIAN_POINT ( 'NONE',  ( -48.00000000000012079, -26.99999999999966249, -0.5000000000003385070 ) ) ;
#8767 = CARTESIAN_POINT ( 'NONE',  ( 28.24999999999965894, 29.74999999999974065, 23.31496062992198404 ) ) ;
#8768 = CYLINDRICAL_SURFACE ( 'NONE', #8751, 0.3130000000000007221 ) ;
#8769 = ORIENTED_EDGE ( 'NONE', *, *, #2061, .T. ) ;
#8770 = EDGE_CURVE ( 'NONE', #5528, #9350, #6099, .T. ) ;
#8771 = EDGE_LOOP ( 'NONE', ( #3519, #5235, #7390, #8194 ) ) ;
#8772 = EDGE_LOOP ( 'NONE', ( #7234, #8108 ) ) ;
#8773 = MECHANICAL_DESIGN_GEOMETRIC_PRESENTATION_REPRESENTATION (  '', ( #1975 ), #556 ) ;
#8774 = PLANE ( 'NONE',  #4856 ) ;
#8775 = DIRECTION ( 'NONE',  ( -1.776368096940620525E-14, -6.763680969406202419E-15, 1.000000000000000000 ) ) ;
#8776 = LINE ( 'NONE', #1105, #1872 ) ;
#8777 = FILL_AREA_STYLE_COLOUR ( '', #5587 ) ;
#8778 = DIRECTION ( 'NONE',  ( -3.182123199577603582E-15, -6.999999999999997783E-15, 1.000000000000000000 ) ) ;
#8779 =( BOUNDED_CURVE ( )  B_SPLINE_CURVE ( 3, ( #3787, #5171, #1408, #7360 ),
 .UNSPECIFIED., .F., .T. ) 
 B_SPLINE_CURVE_WITH_KNOTS ( ( 4, 4 ),
 ( 1.570796326794895004, 3.141592653589795336 ),
 .UNSPECIFIED. ) 
 CURVE ( )  GEOMETRIC_REPRESENTATION_ITEM ( )  RATIONAL_B_SPLINE_CURVE ( ( 1.000000000000000000, 0.8047378541243649375, 0.8047378541243649375, 1.000000000000000000 ) ) 
 REPRESENTATION_ITEM ( '' )  );
#8780 = DIRECTION ( 'NONE',  ( -9.106159978880878627E-17, 1.000000000000000000, 0.000000000000000000 ) ) ;
#8781 = CARTESIAN_POINT ( 'NONE',  ( -29.50000000000028422, 9.749999999999406697, 24.24999999999961275 ) ) ;
#8782 = VERTEX_POINT ( 'NONE', #8225 ) ;
#8783 = EDGE_CURVE ( 'NONE', #7782, #2108, #8273, .T. ) ;
#8784 = CARTESIAN_POINT ( 'NONE',  ( 27.12499999999993250, 27.12499999999998934, -0.2499999999997233324 ) ) ;
#8785 = EDGE_LOOP ( 'NONE', ( #7714, #2534 ) ) ;
#8786 = ORIENTED_EDGE ( 'NONE', *, *, #9309, .F. ) ;
#8787 = AXIS2_PLACEMENT_3D ( 'NONE', #3917, #9026, #7606 ) ;
#8788 = CARTESIAN_POINT ( 'NONE',  ( 9.749999999999761968, -29.49999999999988987, 24.24999999999997868 ) ) ;
#8789 = DIRECTION ( 'NONE',  ( 1.000000000000000000, -2.799999999999999673E-29, 4.000000000000000311E-15 ) ) ;
#8790 = DIRECTION ( 'NONE',  ( 1.000000000000000000, -4.000000000000063420E-15, 2.999999999999915825E-15 ) ) ;
#8791 = LINE ( 'NONE', #4421, #5024 ) ;
#8792 = EDGE_CURVE ( 'NONE', #2429, #2165, #2678, .T. ) ;
#8793 = DIRECTION ( 'NONE',  ( 1.387778780781444571E-14, 1.387778780781444571E-14, -1.000000000000000000 ) ) ;
#8794 = EDGE_CURVE ( 'NONE', #6809, #7064, #4499, .T. ) ;
#8795 = ORIENTED_EDGE ( 'NONE', *, *, #1835, .T. ) ;
#8796 = ORIENTED_EDGE ( 'NONE', *, *, #1384, .F. ) ;
#8797 = CARTESIAN_POINT ( 'NONE',  ( 29.99999999999966960, -30.00000000000022382, 24.50000000000030198 ) ) ;
#8798 = ORIENTED_EDGE ( 'NONE', *, *, #7549, .F. ) ;
#8799 = CARTESIAN_POINT ( 'NONE',  ( -30.00000000000035172, 29.99999999999955236, 21.49999999999966604 ) ) ;
#8800 = CARTESIAN_POINT ( 'NONE',  ( 28.24999999999988276, -29.49999999999996447, 22.99999999999966604 ) ) ;
#8801 = DIRECTION ( 'NONE',  ( -3.000000000000000233E-15, 1.000000000000000000, 7.182123199577615725E-15 ) ) ;
#8802 = DIRECTION ( 'NONE',  ( -7.000000000000000938E-15, 0.000000000000000000, -1.000000000000000000 ) ) ;
#8803 = DIRECTION ( 'NONE',  ( -1.000000000000000000, 7.914423644570428025E-15, -2.999999999999832206E-15 ) ) ;
#8804 = ORIENTED_EDGE ( 'NONE', *, *, #6245, .F. ) ;
#8805 = CARTESIAN_POINT ( 'NONE',  ( 29.49999999999988631, -28.24999999999996092, 1.000000000000001332 ) ) ;
#8806 = VECTOR ( 'NONE', #6697, 39.37007874015748143 ) ;
#8807 = FACE_OUTER_BOUND ( 'NONE', #6665, .T. ) ;
#8808 = CARTESIAN_POINT ( 'NONE',  ( -27.00000000000037659, 26.99999999999954881, 24.49999999999969802 ) ) ;
#8809 = ADVANCED_FACE ( 'NONE', ( #1625 ), #2503, .F. ) ;
#8810 = DIRECTION ( 'NONE',  ( 8.557635542963579159E-17, -1.000000000000000000, -6.999999999999997783E-15 ) ) ;
#8811 = CIRCLE ( 'NONE', #3443, 0.3149606299212600047 ) ;
#8812 = ORIENTED_EDGE ( 'NONE', *, *, #7090, .T. ) ;
#8813 = ORIENTED_EDGE ( 'NONE', *, *, #6568, .T. ) ;
#8814 = ORIENTED_EDGE ( 'NONE', *, *, #8362, .T. ) ;
#8815 = AXIS2_PLACEMENT_3D ( 'NONE', #665, #8926, #3639 ) ;
#8816 = DIRECTION ( 'NONE',  ( 2.999999999999999839E-15, 7.000000000000000938E-15, -1.000000000000000000 ) ) ;
#8817 = CARTESIAN_POINT ( 'NONE',  ( 10.50000000000018119, -10.50000000000006395, -0.5000000000000367484 ) ) ;
#8818 = VECTOR ( 'NONE', #1684, 39.37007874015748143 ) ;
#8819 = CARTESIAN_POINT ( 'NONE',  ( 29.99999999999991118, 29.99999999999996803, 2.500000000000333067 ) ) ;
#8820 = SURFACE_STYLE_USAGE ( .BOTH. , #4260 ) ;
#8821 = FACE_OUTER_BOUND ( 'NONE', #7935, .T. ) ;
#8822 = DIRECTION ( 'NONE',  ( -2.999999999999986428E-15, -6.999999999999997783E-15, 1.000000000000000000 ) ) ;
#8823 = CARTESIAN_POINT ( 'NONE',  ( 28.24999999999991829, 29.74999999999998224, 1.314960629921558377 ) ) ;
#8824 = VECTOR ( 'NONE', #1912, 39.37007874015748143 ) ;
#8825 = UNCERTAINTY_MEASURE_WITH_UNIT (LENGTH_MEASURE( 1.000000000000000082E-05 ), #9367, 'distance_accuracy_value', 'NONE');
#8826 = ORIENTED_EDGE ( 'NONE', *, *, #3309, .T. ) ;
#8827 = CARTESIAN_POINT ( 'NONE',  ( 29.62499999999988276, -26.87499999999996447, 0.000000000000000000 ) ) ;
#8828 = VERTEX_POINT ( 'NONE', #6929 ) ;
#8829 = ORIENTED_EDGE ( 'NONE', *, *, #5791, .T. ) ;
#8830 = EDGE_CURVE ( 'NONE', #6290, #3484, #6141, .T. ) ;
#8831 = DIRECTION ( 'NONE',  ( 1.718547839493141450E-14, 1.000000000000000000, 1.000000000000000630E-14 ) ) ;
#8832 = CARTESIAN_POINT ( 'NONE',  ( 29.99999999999969091, 29.99999999999976197, 21.50000000000075673 ) ) ;
#8833 = CIRCLE ( 'NONE', #5682, 0.3149606299212601157 ) ;
#8834 = LINE ( 'NONE', #8098, #2019 ) ;
#8835 = DIRECTION ( 'NONE',  ( -4.085576355429845853E-15, -1.000000000000000000, -1.100000000000008566E-14 ) ) ;
#8836 = CARTESIAN_POINT ( 'NONE',  ( -29.75000000000028777, 29.74999999999951683, 21.55177669529631501 ) ) ;
#8837 = DIRECTION ( 'NONE',  ( 1.000000000000000000, 0.000000000000000000, 0.000000000000000000 ) ) ;
#8838 = LINE ( 'NONE', #1121, #8587 ) ;
#8839 = CARTESIAN_POINT ( 'NONE',  ( 29.74999999999972999, -29.75000000000021672, 21.62500000000032330 ) ) ;
#8840 = ORIENTED_EDGE ( 'NONE', *, *, #8164, .T. ) ;
#8841 = EDGE_CURVE ( 'NONE', #926, #3638, #1428, .T. ) ;
#8842 = VERTEX_POINT ( 'NONE', #7826 ) ;
#8843 = EDGE_CURVE ( 'NONE', #988, #9259, #1028, .T. ) ;
#8845 = ORIENTED_EDGE ( 'NONE', *, *, #3255, .T. ) ;
#8844 = ADVANCED_FACE ( 'NONE', ( #3899 ), #2555, .F. ) ;
#8846 = PRESENTATION_LAYER_ASSIGNMENT (  '', '', ( #9314 ) ) ;
#8847 = ADVANCED_FACE ( 'NONE', ( #8615 ), #8411, .F. ) ;
#8848 = CARTESIAN_POINT ( 'NONE',  ( -29.75000000000006395, 29.74999999999980105, 2.448223304703488701 ) ) ;
#8849 = VERTEX_POINT ( 'NONE', #5591 ) ;
#8850 = EDGE_CURVE ( 'NONE', #4958, #2789, #6977, .T. ) ;
#8851 = LINE ( 'NONE', #7975, #4558 ) ;
#8852 = CYLINDRICAL_SURFACE ( 'NONE', #6008, 0.1250000000000015266 ) ;
#8853 = PLANE ( 'NONE',  #3074 ) ;
#8854 = CARTESIAN_POINT ( 'NONE',  ( 29.43699999999983419, -48.00000000000001421, 0.06299999999978499188 ) ) ;
#8855 = EDGE_CURVE ( 'NONE', #3910, #1199, #7683, .T. ) ;
#8856 = ORIENTED_EDGE ( 'NONE', *, *, #7626, .T. ) ;
#8857 = CARTESIAN_POINT ( 'NONE',  ( -29.62500000000036948, -26.74999999999978684, 23.99999999999965539 ) ) ;
#8858 = MECHANICAL_DESIGN_GEOMETRIC_PRESENTATION_REPRESENTATION (  '', ( #2220 ), #4112 ) ;
#8859 = CARTESIAN_POINT ( 'NONE',  ( -28.25000000000041211, -29.74999999999979750, 22.99999999999929301 ) ) ;
#8860 = DIRECTION ( 'NONE',  ( 1.799999999999999903E-14, 6.999999999999997783E-15, -1.000000000000000000 ) ) ;
#8861 = CARTESIAN_POINT ( 'NONE',  ( 29.62035115497711857, -29.62035115497720028, -0.2500000000001244560 ) ) ;
#8862 = DIRECTION ( 'NONE',  ( 7.863407600316786968E-15, 1.000000000000000000, 6.999999999999999361E-15 ) ) ;
#8863 = FACE_OUTER_BOUND ( 'NONE', #8638, .T. ) ;
#8864 = ORIENTED_EDGE ( 'NONE', *, *, #8308, .F. ) ;
#8865 = VERTEX_POINT ( 'NONE', #882 ) ;
#8866 = EDGE_LOOP ( 'NONE', ( #1492, #6972, #7319, #6907, #9092 ) ) ;
#8867 = ADVANCED_FACE ( 'NONE', ( #9193, #7025, #2405 ), #3995, .F. ) ;
#8868 = DIRECTION ( 'NONE',  ( 0.000000000000000000, 0.000000000000000000, 1.000000000000000000 ) ) ;
#8869 = FACE_OUTER_BOUND ( 'NONE', #7794, .T. ) ;
#8870 = LENGTH_MEASURE_WITH_UNIT ( LENGTH_MEASURE( 0.02539999999999999897 ), #2085 );
#8871 =( NAMED_UNIT ( * ) SI_UNIT ( $, .STERADIAN. ) SOLID_ANGLE_UNIT ( ) );
#8872 = CARTESIAN_POINT ( 'NONE',  ( 29.99999999999984013, -48.00000000000001421, -0.5000000000002136069 ) ) ;
#8873 = CARTESIAN_POINT ( 'NONE',  ( 10.50000000000016875, 10.50000000000004974, -0.4999999999998493427 ) ) ;
#8874 = PLANE ( 'NONE',  #1517 ) ;
#8875 = CLOSED_SHELL ( 'NONE', ( #7277, #1210, #3312, #5321, #4089, #5649, #3528 ) ) ;
#8876 = ORIENTED_EDGE ( 'NONE', *, *, #2852, .T. ) ;
#8877 = DIRECTION ( 'NONE',  ( 1.799999999999999903E-14, 7.091061599788816615E-15, -1.000000000000000000 ) ) ;
#8878 = ORIENTED_EDGE ( 'NONE', *, *, #4302, .F. ) ;
#8879 = EDGE_CURVE ( 'NONE', #6952, #7270, #4780, .T. ) ;
#8880 = ORIENTED_EDGE ( 'NONE', *, *, #7067, .T. ) ;
#8881 = DIRECTION ( 'NONE',  ( 0.000000000000000000, -1.387778780781445044E-14, 1.000000000000000000 ) ) ;
#8882 = FACE_OUTER_BOUND ( 'NONE', #2537, .T. ) ;
#8883 = LINE ( 'NONE', #6721, #8045 ) ;
#8884 = CARTESIAN_POINT ( 'NONE',  ( 26.99999999999964473, 26.99999999999972999, 24.50000000000068567 ) ) ;
#8885 = CARTESIAN_POINT ( 'NONE',  ( 29.25000000000000000, 29.49999999999992184, -2.032494907286211850E-13 ) ) ;
#8886 = EDGE_CURVE ( 'NONE', #8782, #5306, #6337, .T. ) ;
#8887 = APPLICATION_CONTEXT ( 'automotive_design' ) ;
#8888 =( NAMED_UNIT ( * ) PLANE_ANGLE_UNIT ( ) SI_UNIT ( $, .RADIAN. ) );
#8889 = DIRECTION ( 'NONE',  ( -2.999999999999999839E-15, -6.999999999999997783E-15, 1.000000000000000000 ) ) ;
#8890 = EDGE_LOOP ( 'NONE', ( #7914, #9200 ) ) ;
#8891 = VECTOR ( 'NONE', #8803, 39.37007874015748143 ) ;
#8892 = ORIENTED_EDGE ( 'NONE', *, *, #8552, .T. ) ;
#8893 = PRODUCT_DEFINITION_CONTEXT ( 'detailed design', #8887, 'design' ) ;
#8894 = EDGE_LOOP ( 'NONE', ( #2634, #8107, #5077, #5982, #3697, #5994, #6292, #2334, #6845 ) ) ;
#8895 = CARTESIAN_POINT ( 'NONE',  ( 29.43699999999991590, 29.43699999999998695, -0.2499999999996732059 ) ) ;
#8896 = VERTEX_POINT ( 'NONE', #7123 ) ;
#8897 = PLANE ( 'NONE',  #2182 ) ;
#8898 = AXIS2_PLACEMENT_3D ( 'NONE', #9571, #8103, #8793 ) ;
#8899 = LINE ( 'NONE', #5187, #1336 ) ;
#8900 = CARTESIAN_POINT ( 'NONE',  ( 29.49999999999988631, -29.24999999999996092, 24.00000000000000355 ) ) ;
#8901 = CARTESIAN_POINT ( 'NONE',  ( -28.25000000000008527, 29.99999999999981171, 1.000000000000130784 ) ) ;
#8902 = CARTESIAN_POINT ( 'NONE',  ( -9.750000000000198952, -29.74999999999980105, -0.2500000000003679279 ) ) ;
#8903 = ORIENTED_EDGE ( 'NONE', *, *, #8460, .T. ) ;
#8904 = AXIS2_PLACEMENT_3D ( 'NONE', #6793, #886, #3113 ) ;
#8905 = LINE ( 'NONE', #4351, #6462 ) ;
#8906 = DIRECTION ( 'NONE',  ( -9.106159978880878627E-17, 1.000000000000000000, 0.000000000000000000 ) ) ;
#8907 = CARTESIAN_POINT ( 'NONE',  ( -30.00000000000008171, 29.99999999999981881, 1.257333039083977204E-13 ) ) ;
#8908 = AXIS2_PLACEMENT_3D ( 'NONE', #4872, #3983, #378 ) ;
#8909 = VECTOR ( 'NONE', #2077, 39.37007874015748143 ) ;
#8910 = AXIS2_PLACEMENT_3D ( 'NONE', #5450, #9347, #7130 ) ;
#8911 = CARTESIAN_POINT ( 'NONE',  ( 27.93503937007890414, 29.49999999999992539, 22.99999999999947065 ) ) ;
#8912 = EDGE_LOOP ( 'NONE', ( #113, #9377, #6778, #7847 ) ) ;
#8913 = EDGE_CURVE ( 'NONE', #9191, #4902, #1917, .T. ) ;
#8914 = ORIENTED_EDGE ( 'NONE', *, *, #9260, .F. ) ;
#8915 = ORIENTED_EDGE ( 'NONE', *, *, #4600, .T. ) ;
#8916 =( NAMED_UNIT ( * ) SI_UNIT ( $, .STERADIAN. ) SOLID_ANGLE_UNIT ( ) );
#8917 = DIRECTION ( 'NONE',  ( -3.999999999999706066E-15, 1.000000000000000000, 6.999999999999913375E-15 ) ) ;
#8918 = CARTESIAN_POINT ( 'NONE',  ( 28.25000000000001066, 29.74999999999992539, 0.9999999999998047118 ) ) ;
#8919 = DIRECTION ( 'NONE',  ( 0.000000000000000000, 1.000000000000000000, 0.000000000000000000 ) ) ;
#8920 = FACE_OUTER_BOUND ( 'NONE', #9408, .T. ) ;
#8921 = FACE_OUTER_BOUND ( 'NONE', #9497, .T. ) ;
#8922 = LINE ( 'NONE', #3583, #9192 ) ;
#8923 = DIRECTION ( 'NONE',  ( 0.000000000000000000, -1.387778780781445676E-14, 1.000000000000000000 ) ) ;
#8924 = UNCERTAINTY_MEASURE_WITH_UNIT (LENGTH_MEASURE( 1.000000000000000082E-05 ), #1653, 'distance_accuracy_value', 'NONE');
#8925 = ORIENTED_EDGE ( 'NONE', *, *, #5820, .F. ) ;
#8926 = DIRECTION ( 'NONE',  ( -1.000000000000000000, 8.000000000000084241E-15, -3.999999999999832283E-15 ) ) ;
#8927 = ORIENTED_EDGE ( 'NONE', *, *, #9089, .T. ) ;
#8928 = VERTEX_POINT ( 'NONE', #4933 ) ;
#8929 = DIRECTION ( 'NONE',  ( -4.000000000000000311E-15, -1.000000000000000000, -6.999999999999998572E-15 ) ) ;
#8930 = CARTESIAN_POINT ( 'NONE',  ( 26.99999999999988987, -26.99999999999996447, -0.3750000000001131872 ) ) ;
#8931 = CARTESIAN_POINT ( 'NONE',  ( 29.62500000000015987, 26.87499999999991829, 23.99999999999979750 ) ) ;
#8932 = EDGE_CURVE ( 'NONE', #4699, #6884, #3948, .T. ) ;
#8933 = DIRECTION ( 'NONE',  ( 0.000000000000000000, 1.000000000000000000, 0.000000000000000000 ) ) ;
#8934 = PLANE ( 'NONE',  #3041 ) ;
#8935 = DIRECTION ( 'NONE',  ( -1.000000000000000000, 1.387778780781444571E-14, 0.000000000000000000 ) ) ;
#8936 = CARTESIAN_POINT ( 'NONE',  ( -29.74999999999960920, 9.749999999999770850, 1.104691032437986482E-14 ) ) ;
#8937 = FACE_OUTER_BOUND ( 'NONE', #5576, .T. ) ;
#8938 = VERTEX_POINT ( 'NONE', #5542 ) ;
#8939 = ORIENTED_EDGE ( 'NONE', *, *, #8062, .T. ) ;
#8940 = AXIS2_PLACEMENT_3D ( 'NONE', #2142, #5811, #8923 ) ;
#8941 = ORIENTED_EDGE ( 'NONE', *, *, #2404, .T. ) ;
#8942 = CARTESIAN_POINT ( 'NONE',  ( 27.93503937007862348, -29.74999999999996447, 22.99999999999966604 ) ) ;
#8943 = VERTEX_POINT ( 'NONE', #9390 ) ;
#8944 = ADVANCED_FACE ( 'NONE', ( #7171 ), #9289, .F. ) ;
#8945 = DIRECTION ( 'NONE',  ( 8.000000000000000622E-15, 1.000000000000000000, 7.000000000000000150E-15 ) ) ;
#8946 =( LENGTH_UNIT ( ) NAMED_UNIT ( * ) SI_UNIT ( $, .METRE. ) );
#8947 = DIRECTION ( 'NONE',  ( 0.000000000000000000, 0.000000000000000000, -1.000000000000000000 ) ) ;
#8948 = CARTESIAN_POINT ( 'NONE',  ( -29.75000000000032685, -28.56496062992081519, 0.9999999999996385114 ) ) ;
#8949 = CARTESIAN_POINT ( 'NONE',  ( 26.99999999999991118, 28.24999999999998579, 0.6850393700790515794 ) ) ;
#8950 = EDGE_LOOP ( 'NONE', ( #6270, #3964, #8419, #8795, #545 ) ) ;
#8951 = PLANE ( 'NONE',  #5407 ) ;
#8952 = DIRECTION ( 'NONE',  ( -1.000000000000000000, -2.999999999999978539E-15, -3.000000000000020743E-15 ) ) ;
#8953 = CARTESIAN_POINT ( 'NONE',  ( 26.75000000000017053, 29.62499999999993250, 23.99999999999981526 ) ) ;
#8954 = DIRECTION ( 'NONE',  ( -1.000000000000000000, -9.106159978880878627E-17, 0.000000000000000000 ) ) ;
#8955 = DIRECTION ( 'NONE',  ( -1.000000000000000000, 8.000000000000000622E-15, -2.999999999999999839E-15 ) ) ;
#8956 = LINE ( 'NONE', #8031, #9217 ) ;
#8957 = VERTEX_POINT ( 'NONE', #3455 ) ;
#8958 = VERTEX_POINT ( 'NONE', #8504 ) ;
#8959 = EDGE_CURVE ( 'NONE', #1401, #2992, #8613, .T. ) ;
#8960 = AXIS2_PLACEMENT_3D ( 'NONE', #2285, #8236, #2931 ) ;
#8961 = ORIENTED_EDGE ( 'NONE', *, *, #9529, .T. ) ;
#8962 = EDGE_CURVE ( 'NONE', #5402, #2311, #7023, .T. ) ;
#8963 = DIRECTION ( 'NONE',  ( 0.000000000000000000, 0.000000000000000000, 1.000000000000000000 ) ) ;
#8964 = CARTESIAN_POINT ( 'NONE',  ( 29.74999999999969091, -28.25000000000021672, 23.31496062992156837 ) ) ;
#8965 =( LENGTH_UNIT ( ) NAMED_UNIT ( * ) SI_UNIT ( $, .METRE. ) );
#8966 = DIRECTION ( 'NONE',  ( -0.7071067811865516806, -0.7071067811865431318, -6.987516417337255479E-15 ) ) ;
#8967 = ADVANCED_FACE ( 'NONE', ( #1026 ), #4139, .F. ) ;
#8968 = CARTESIAN_POINT ( 'NONE',  ( -29.99999999999954170, 48.00000000000022027, 2.500000000000251354 ) ) ;
#8969 = LINE ( 'NONE', #9507, #6476 ) ;
#8970 = AXIS2_PLACEMENT_3D ( 'NONE', #7660, #9266, #3925 ) ;
#8971 = VECTOR ( 'NONE', #1510, 39.37007874015748143 ) ;
#8972 = DIRECTION ( 'NONE',  ( 8.000000000000000622E-15, 1.000000000000000000, 7.000000000000000150E-15 ) ) ;
#8973 = CARTESIAN_POINT ( 'NONE',  ( -29.49999999999969802, 27.93503937007851334, 1.000000000000073497 ) ) ;
#8974 = VERTEX_POINT ( 'NONE', #6279 ) ;
#8975 = PLANE ( 'NONE',  #7082 ) ;
#8976 = VECTOR ( 'NONE', #3087, 39.37007874015748143 ) ;
#8977 = ORIENTED_EDGE ( 'NONE', *, *, #5466, .F. ) ;
#8978 = ORIENTED_EDGE ( 'NONE', *, *, #6921, .F. ) ;
#8979 = VECTOR ( 'NONE', #4210, 39.37007874015748143 ) ;
#8980 = CARTESIAN_POINT ( 'NONE',  ( -26.87500000000041211, -29.62499999999982592, 23.99999999999963762 ) ) ;
#8981 = CARTESIAN_POINT ( 'NONE',  ( 29.74999999999988631, -28.24999999999996092, 1.000000000000001332 ) ) ;
#8982 = FACE_OUTER_BOUND ( 'NONE', #3208, .T. ) ;
#8983 = VECTOR ( 'NONE', #5824, 39.37007874015748143 ) ;
#8984 = CARTESIAN_POINT ( 'NONE',  ( 29.99999999999963407, 29.99999999999974065, 24.50000000000076028 ) ) ;
#8985 = EDGE_CURVE ( 'NONE', #676, #8650, #6485, .T. ) ;
#8986 = DIRECTION ( 'NONE',  ( 1.000000000000000000, 4.000000000000063420E-15, 1.800000000000008423E-14 ) ) ;
#8987 = CARTESIAN_POINT ( 'NONE',  ( -28.25000000000034817, -29.74999999999957723, 0.9999999999996319611 ) ) ;
#8988 = VECTOR ( 'NONE', #6132, 39.37007874015748143 ) ;
#8989 = SURFACE_SIDE_STYLE ('',( #8156 ) ) ;
#8990 = DIRECTION ( 'NONE',  ( 1.000000000000000000, 0.000000000000000000, 0.000000000000000000 ) ) ;
#8991 = ORIENTED_EDGE ( 'NONE', *, *, #4003, .T. ) ;
#8992 = ORIENTED_EDGE ( 'NONE', *, *, #7593, .T. ) ;
#8993 = AXIS2_PLACEMENT_3D ( 'NONE', #7154, #7107, #326 ) ;
#8994 = UNCERTAINTY_MEASURE_WITH_UNIT (LENGTH_MEASURE( 1.000000000000000082E-05 ), #6505, 'distance_accuracy_value', 'NONE');
#8995 = ORIENTED_EDGE ( 'NONE', *, *, #9540, .F. ) ;
#8996 = CARTESIAN_POINT ( 'NONE',  ( 26.75000000000000355, 28.24999999999992895, 0.9999999999998155920 ) ) ;
#8997 = ORIENTED_EDGE ( 'NONE', *, *, #6293, .T. ) ;
#8998 = EDGE_CURVE ( 'NONE', #8943, #9172, #9631, .T. ) ;
#8999 = VECTOR ( 'NONE', #3248, 39.37007874015748143 ) ;
#9000 = CARTESIAN_POINT ( 'NONE',  ( -28.24999999999968381, 29.49999999999976197, 1.000000000000088818 ) ) ;
#9001 = CARTESIAN_POINT ( 'NONE',  ( -29.62500000000029843, -26.87499999999954881, -3.453055863991628550E-13 ) ) ;
#9002 = LINE ( 'NONE', #9580, #7928 ) ;
#9003 = CIRCLE ( 'NONE', #2195, 0.3149606299212601157 ) ;
#9004 = DIRECTION ( 'NONE',  ( 1.000000000000000000, -1.000000000000062989E-15, 2.999999999999978934E-15 ) ) ;
#9005 = DIRECTION ( 'NONE',  ( 1.000000000000042085E-15, 1.000000000000000000, 7.000000000000001727E-15 ) ) ;
#9006 = EDGE_CURVE ( 'NONE', #9130, #4345, #1823, .T. ) ;
#9007 = CIRCLE ( 'NONE', #160, 0.3149606299212601157 ) ;
#9008 = ORIENTED_EDGE ( 'NONE', *, *, #2547, .F. ) ;
#9009 = LINE ( 'NONE', #1431, #8405 ) ;
#9010 = ORIENTED_EDGE ( 'NONE', *, *, #3050, .F. ) ;
#9011 = DIRECTION ( 'NONE',  ( -3.908938400211079716E-15, -7.000000000000000150E-15, 1.000000000000000000 ) ) ;
#9012 = PLANE ( 'NONE',  #4230 ) ;
#9013 = CARTESIAN_POINT ( 'NONE',  ( -29.74999999999968026, 29.75000000000023448, 0.06300000000012455359 ) ) ;
#9014 = CARTESIAN_POINT ( 'NONE',  ( 29.74999999999988631, -28.24999999999996092, 22.99999999999966604 ) ) ;
#9015 = CARTESIAN_POINT ( 'NONE',  ( -27.00000000000036238, 28.24999999999956302, 22.99999999999970512 ) ) ;
#9016 = ADVANCED_FACE ( 'NONE', ( #4831 ), #7875, .T. ) ;
#9017 = VERTEX_POINT ( 'NONE', #1075 ) ;
#9018 = VERTEX_POINT ( 'NONE', #6479 ) ;
#9019 = VECTOR ( 'NONE', #5615, 39.37007874015748143 ) ;
#9020 = ORIENTED_EDGE ( 'NONE', *, *, #9337, .T. ) ;
#9021 = DIRECTION ( 'NONE',  ( 0.000000000000000000, 0.000000000000000000, 1.000000000000000000 ) ) ;
#9022 = FACE_OUTER_BOUND ( 'NONE', #6716, .T. ) ;
#9023 = FACE_OUTER_BOUND ( 'NONE', #4481, .T. ) ;
#9024 = CARTESIAN_POINT ( 'NONE',  ( -29.49999999999969091, 28.56496062992103546, 1.000000000000077938 ) ) ;
#9025 = CARTESIAN_POINT ( 'NONE',  ( -28.25000000000012790, -29.99999999999975131, 1.314960629920959967 ) ) ;
#9026 = DIRECTION ( 'NONE',  ( -1.000000000000000000, 4.129999999999999391E-28, -1.699999999999999698E-14 ) ) ;
#9027 = EDGE_CURVE ( 'NONE', #1553, #2444, #4095, .T. ) ;
#9028 = EDGE_CURVE ( 'NONE', #2400, #740, #9432, .T. ) ;
#9029 = ORIENTED_EDGE ( 'NONE', *, *, #3280, .T. ) ;
#9030 = EDGE_CURVE ( 'NONE', #7849, #183, #481, .T. ) ;
#9031 = DIRECTION ( 'NONE',  ( 8.000000000000000622E-15, 1.000000000000000000, 7.000000000000000150E-15 ) ) ;
#9032 = ORIENTED_EDGE ( 'NONE', *, *, #257, .F. ) ;
#9033 = VERTEX_POINT ( 'NONE', #8797 ) ;
#9034 = FACE_OUTER_BOUND ( 'NONE', #7611, .T. ) ;
#9035 = DIRECTION ( 'NONE',  ( -2.999999999999999839E-15, 1.000000000000000000, 6.999999999999998572E-15 ) ) ;
#9036 = CARTESIAN_POINT ( 'NONE',  ( -30.00000000000015277, -29.99999999999976552, -0.5000000000002948752 ) ) ;
#9037 = CARTESIAN_POINT ( 'NONE',  ( -26.87499999999968026, 29.62499999999976197, 9.179009258711924730E-14 ) ) ;
#9038 = CLOSED_SHELL ( 'NONE', ( #4597, #9723, #7018, #8073, #7498, #2277, #245, #6971, #5795, #2252, #6747, #8646, #5412, #5746, #4061 ) ) ;
#9039 = CARTESIAN_POINT ( 'NONE',  ( -26.74999999999975486, 28.56496062992086138, 22.99999999999974776 ) ) ;
#9040 = EDGE_CURVE ( 'NONE', #3378, #4105, #7399, .T. ) ;
#9041 = CARTESIAN_POINT ( 'NONE',  ( -29.43700000000007932, 29.43699999999981998, -0.2499999999998768485 ) ) ;
#9042 = DIRECTION ( 'NONE',  ( 2.999999999999999839E-15, 6.999999999999977273E-15, -1.000000000000000000 ) ) ;
#9043 = CARTESIAN_POINT ( 'NONE',  ( -30.00000000000008171, 29.99999999999981881, 1.257333039083977204E-13 ) ) ;
#9044 = CARTESIAN_POINT ( 'NONE',  ( 29.75000000000015632, 28.24999999999991829, 22.99999999999945999 ) ) ;
#9045 = ORIENTED_EDGE ( 'NONE', *, *, #3476, .F. ) ;
#9046 = EDGE_LOOP ( 'NONE', ( #7292, #7523, #8915, #6289 ) ) ;
#9047 = EDGE_CURVE ( 'NONE', #101, #3957, #3509, .T. ) ;
#9048 = VERTEX_POINT ( 'NONE', #5781 ) ;
#9049 = VECTOR ( 'NONE', #9271, 39.37007874015748143 ) ;
#9050 = DIRECTION ( 'NONE',  ( -1.499999999999999919E-14, -1.000000000000000000, -9.999999999999999988E-15 ) ) ;
#9051 = ORIENTED_EDGE ( 'NONE', *, *, #3058, .F. ) ;
#9052 = CARTESIAN_POINT ( 'NONE',  ( -29.50000000000038725, -28.24999999999977973, 22.99999999999930722 ) ) ;
#9053 = DIRECTION ( 'NONE',  ( -8.000000000000000622E-15, -1.000000000000000000, -6.999999999999997783E-15 ) ) ;
#9054 = VECTOR ( 'NONE', #936, 39.37007874015748143 ) ;
#9055 = DIRECTION ( 'NONE',  ( -7.000000000000000938E-15, 0.000000000000000000, -1.000000000000000000 ) ) ;
#9056 = VERTEX_POINT ( 'NONE', #3654 ) ;
#9057 = FACE_OUTER_BOUND ( 'NONE', #3298, .T. ) ;
#9058 = VERTEX_POINT ( 'NONE', #5029 ) ;
#9059 = VECTOR ( 'NONE', #8750, 39.37007874015748854 ) ;
#9060 = CARTESIAN_POINT ( 'NONE',  ( 26.87500000000016698, 29.62499999999992539, 23.99999999999981526 ) ) ;
#9061 = DIRECTION ( 'NONE',  ( -1.499999999999999919E-14, -1.000000000000000000, -9.999999999999999988E-15 ) ) ;
#9062 = FACE_OUTER_BOUND ( 'NONE', #519, .T. ) ;
#9063 = EDGE_CURVE ( 'NONE', #7392, #7302, #636, .T. ) ;
#9064 = CARTESIAN_POINT ( 'NONE',  ( 28.24999999999988276, -29.74999999999996447, 1.000000000000001332 ) ) ;
#9065 =( GEOMETRIC_REPRESENTATION_CONTEXT ( 3 ) GLOBAL_UNCERTAINTY_ASSIGNED_CONTEXT ( ( #7354 ) ) GLOBAL_UNIT_ASSIGNED_CONTEXT ( ( #1291, #463, #8871 ) ) REPRESENTATION_CONTEXT ( 'NONE', 'WORKASPACE' ) );
#9066 = ORIENTED_EDGE ( 'NONE', *, *, #6381, .F. ) ;
#9067 = VECTOR ( 'NONE', #7193, 39.37007874015748143 ) ;
#9068 = ORIENTED_EDGE ( 'NONE', *, *, #4582, .T. ) ;
#9069 = ORIENTED_EDGE ( 'NONE', *, *, #2736, .T. ) ;
#9070 = DIRECTION ( 'NONE',  ( -3.491481338843133355E-15, 1.000000000000000000, 0.000000000000000000 ) ) ;
#9071 = FACE_BOUND ( 'NONE', #3376, .T. ) ;
#9072 = AXIS2_PLACEMENT_3D ( 'NONE', #2595, #1814, #1761 ) ;
#9073 = CARTESIAN_POINT ( 'NONE',  ( 28.24999999999987566, -29.99999999999997868, 1.314960629921129165 ) ) ;
#9074 = DIRECTION ( 'NONE',  ( -1.799999999999999903E-14, -9.999999999999974745E-15, 1.000000000000000000 ) ) ;
#9075 = AXIS2_PLACEMENT_3D ( 'NONE', #8349, #4576, #1609 ) ;
#9076 = LINE ( 'NONE', #9116, #4949 ) ;
#9077 = EDGE_CURVE ( 'NONE', #7728, #6884, #4337, .T. ) ;
#9078 = CARTESIAN_POINT ( 'NONE',  ( 29.74999999999988631, -28.56496062992122376, 22.99999999999966604 ) ) ;
#9079 = ORIENTED_EDGE ( 'NONE', *, *, #8494, .T. ) ;
#9080 = CARTESIAN_POINT ( 'NONE',  ( 29.50000000000017053, 29.24999999999991829, 23.99999999999979750 ) ) ;
#9081 = EDGE_LOOP ( 'NONE', ( #9575, #1698, #3396, #4059 ) ) ;
#9082 = AXIS2_PLACEMENT_3D ( 'NONE', #8637, #5467, #7704 ) ;
#9083 = VECTOR ( 'NONE', #541, 39.37007874015748143 ) ;
#9084 = ORIENTED_EDGE ( 'NONE', *, *, #1771, .T. ) ;
#9085 = CARTESIAN_POINT ( 'NONE',  ( 29.43699999999968142, -29.43700000000023209, 24.25000000000031974 ) ) ;
#9086 = DIRECTION ( 'NONE',  ( 0.000000000000000000, -1.387778780781445044E-14, 1.000000000000000000 ) ) ;
#9087 = LINE ( 'NONE', #817, #5013 ) ;
#9088 = DIRECTION ( 'NONE',  ( 0.000000000000000000, -1.387778780781445044E-14, 1.000000000000000000 ) ) ;
#9089 = EDGE_CURVE ( 'NONE', #9172, #2225, #7476, .T. ) ;
#9090 = DIRECTION ( 'NONE',  ( 0.000000000000000000, 1.000000000000000000, 0.000000000000000000 ) ) ;
#9091 = DIRECTION ( 'NONE',  ( 1.387778780781444571E-14, 1.387778780781444571E-14, -1.000000000000000000 ) ) ;
#9092 = ORIENTED_EDGE ( 'NONE', *, *, #7140, .T. ) ;
#9093 = ORIENTED_EDGE ( 'NONE', *, *, #9027, .F. ) ;
#9094 = CIRCLE ( 'NONE', #1660, 0.1250000000000015266 ) ;
#9095 = CARTESIAN_POINT ( 'NONE',  ( 26.99999999999964118, 28.24999999999978684, 23.00000000000065370 ) ) ;
#9096 = CARTESIAN_POINT ( 'NONE',  ( -48.00000000000012079, -27.12499999999966604, -0.3750000000003391176 ) ) ;
#9097 = EDGE_CURVE ( 'NONE', #5079, #5388, #3467, .T. ) ;
#9098 = EDGE_CURVE ( 'NONE', #4958, #7149, #1969, .T. ) ;
#9099 = LINE ( 'NONE', #4583, #2762 ) ;
#9100 = DIRECTION ( 'NONE',  ( 1.000000000000189010E-15, -1.000000000000000000, -6.999999999999980428E-15 ) ) ;
#9101 = ORIENTED_EDGE ( 'NONE', *, *, #6374, .F. ) ;
#9102 = CARTESIAN_POINT ( 'NONE',  ( -30.00000000000031264, 29.99999999999952038, 21.49999999999967670 ) ) ;
#9103 = VERTEX_POINT ( 'NONE', #2062 ) ;
#9104 = LINE ( 'NONE', #2168, #6017 ) ;
#9105 = FACE_OUTER_BOUND ( 'NONE', #9300, .T. ) ;
#9106 = DIRECTION ( 'NONE',  ( 1.000000000000000000, 9.106159978880878627E-17, 0.000000000000000000 ) ) ;
#9107 = EDGE_CURVE ( 'NONE', #8452, #7641, #4981, .T. ) ;
#9108 = VERTEX_POINT ( 'NONE', #4431 ) ;
#9109 = ORIENTED_EDGE ( 'NONE', *, *, #5353, .T. ) ;
#9110 = ORIENTED_EDGE ( 'NONE', *, *, #3624, .T. ) ;
#9111 = CARTESIAN_POINT ( 'NONE',  ( -4.370956789862864695E-14, 9.616104937698299299E-14, 24.25000000000003553 ) ) ;
#9112 = FACE_OUTER_BOUND ( 'NONE', #1893, .T. ) ;
#9113 = EDGE_CURVE ( 'NONE', #4829, #9018, #3483, .T. ) ;
#9114 = CARTESIAN_POINT ( 'NONE',  ( 29.74999999999990763, 29.74999999999997158, 2.375000000000330402 ) ) ;
#9115 = CARTESIAN_POINT ( 'NONE',  ( -9.750000000000438760, 29.49999999999956657, 24.25000000000016342 ) ) ;
#9116 = CARTESIAN_POINT ( 'NONE',  ( -28.25000000000011369, -26.99999999999975486, 1.314960629920980839 ) ) ;
#9117 = FACE_OUTER_BOUND ( 'NONE', #1439, .T. ) ;
#9118 = EDGE_LOOP ( 'NONE', ( #3840, #1514, #6953, #637 ) ) ;
#9119 = DIRECTION ( 'NONE',  ( 0.000000000000000000, -1.000000000000000000, 0.000000000000000000 ) ) ;
#9120 = ORIENTED_EDGE ( 'NONE', *, *, #8689, .T. ) ;
#9121 = ORIENTED_EDGE ( 'NONE', *, *, #8959, .T. ) ;
#9122 = DIRECTION ( 'NONE',  ( 4.000000000000000311E-15, 6.999999999999997783E-15, -1.000000000000000000 ) ) ;
#9123 = DIRECTION ( 'NONE',  ( 7.000000000000000150E-15, 0.000000000000000000, 1.000000000000000000 ) ) ;
#9124 = CARTESIAN_POINT ( 'NONE',  ( -27.05177669529633988, 27.05177669529685858, -0.2499999999998843148 ) ) ;
#9125 = CARTESIAN_POINT ( 'NONE',  ( -9.749999999999687361, 29.74999999999985434, -0.2499999999996889710 ) ) ;
#9126 = DIRECTION ( 'NONE',  ( -1.000000000000000000, -2.999999999999936730E-15, -3.000000000000063342E-15 ) ) ;
#9127 = CARTESIAN_POINT ( 'NONE',  ( 9.281500000000155737, 9.281500000000058037, -0.2499999999998626654 ) ) ;
#9128 = VERTEX_POINT ( 'NONE', #2701 ) ;
#9129 = LINE ( 'NONE', #8450, #8606 ) ;
#9130 = VERTEX_POINT ( 'NONE', #8162 ) ;
#9131 = AXIS2_PLACEMENT_3D ( 'NONE', #3385, #6563, #4910 ) ;
#9132 = ADVANCED_FACE ( 'NONE', ( #3557 ), #1367, .F. ) ;
#9133 = ORIENTED_EDGE ( 'NONE', *, *, #5926, .F. ) ;
#9134 = AXIS2_PLACEMENT_3D ( 'NONE', #4912, #368, #7948 ) ;
#9135 = ADVANCED_BREP_SHAPE_REPRESENTATION ( '', ( #4830, #3073 ), #5126 ) ;
#9136 = CYLINDRICAL_SURFACE ( 'NONE', #5915, 0.3149606299212601157 ) ;
#9137 = LINE ( 'NONE', #5391, #2822 ) ;
#9138 = VECTOR ( 'NONE', #3577, 39.37007874015748143 ) ;
#9139 = FILL_AREA_STYLE ('',( #5439 ) ) ;
#9140 = ADVANCED_FACE ( 'NONE', ( #9525 ), #4232, .F. ) ;
#9141 = DIRECTION ( 'NONE',  ( -1.000000000000000000, 1.387778780781444571E-14, 0.000000000000000000 ) ) ;
#9142 = VECTOR ( 'NONE', #3690, 39.37007874015748143 ) ;
#9143 = EDGE_CURVE ( 'NONE', #3855, #9312, #7426, .T. ) ;
#9144 = ORIENTED_EDGE ( 'NONE', *, *, #1214, .F. ) ;
#9145 = DIRECTION ( 'NONE',  ( 2.999999999999999839E-15, 9.999999999999999988E-15, -1.000000000000000000 ) ) ;
#9146 = EDGE_CURVE ( 'NONE', #5453, #9539, #7269, .T. ) ;
#9147 = VECTOR ( 'NONE', #6920, 39.37007874015748143 ) ;
#9148 = ORIENTED_EDGE ( 'NONE', *, *, #391, .T. ) ;
#9149 = VECTOR ( 'NONE', #7324, 39.37007874015748143 ) ;
#9150 = DIRECTION ( 'NONE',  ( 0.000000000000000000, 1.000000000000000000, 1.396471817847543537E-14 ) ) ;
#9151 =( BOUNDED_CURVE ( )  B_SPLINE_CURVE ( 3, ( #6519, #3439, #373, #4819 ),
 .UNSPECIFIED., .F., .T. ) 
 B_SPLINE_CURVE_WITH_KNOTS ( ( 4, 4 ),
 ( 1.570796326794895004, 3.141592653589795336 ),
 .UNSPECIFIED. ) 
 CURVE ( )  GEOMETRIC_REPRESENTATION_ITEM ( )  RATIONAL_B_SPLINE_CURVE ( ( 1.000000000000000000, 0.8047378541243649375, 0.8047378541243649375, 1.000000000000000000 ) ) 
 REPRESENTATION_ITEM ( '' )  );
#9152 = CARTESIAN_POINT ( 'NONE',  ( 27.93503937007862348, -29.49999999999996447, 22.99999999999966604 ) ) ;
#9153 = DIRECTION ( 'NONE',  ( 0.000000000000000000, -1.387778780781445044E-14, 1.000000000000000000 ) ) ;
#9154 = EDGE_CURVE ( 'NONE', #6952, #1501, #5935, .T. ) ;
#9155 = CARTESIAN_POINT ( 'NONE',  ( -29.75000000000019895, -29.74999999999964828, -4.279098401075860062E-13 ) ) ;
#9156 = CARTESIAN_POINT ( 'NONE',  ( 29.62035115497689475, -29.62035115497745963, 24.25000000000029843 ) ) ;
#9157 = VERTEX_POINT ( 'NONE', #9576 ) ;
#9158 = ORIENTED_EDGE ( 'NONE', *, *, #5278, .T. ) ;
#9159 = EDGE_LOOP ( 'NONE', ( #6311, #4380, #3377, #2502 ) ) ;
#9160 = ORIENTED_EDGE ( 'NONE', *, *, #2123, .F. ) ;
#9161 = VECTOR ( 'NONE', #5847, 39.37007874015748143 ) ;
#9162 = APPLICATION_PROTOCOL_DEFINITION ( 'draft international standard', 'automotive_design', 1998, #8887 ) ;
#9163 = CARTESIAN_POINT ( 'NONE',  ( -29.87499999999972289, -48.00000000000046185, 21.49999999999912248 ) ) ;
#9164 = FILL_AREA_STYLE_COLOUR ( '', #6645 ) ;
#9165 = CARTESIAN_POINT ( 'NONE',  ( -26.99999999999970157, 27.00000000000020961, -0.3749999999998835931 ) ) ;
#9166 =( CONVERSION_BASED_UNIT ( 'INCH', #7697 ) LENGTH_UNIT ( ) NAMED_UNIT ( #4656 ) );
#9167 = LINE ( 'NONE', #1642, #7539 ) ;
#9168 = AXIS2_PLACEMENT_3D ( 'NONE', #8017, #5135, #8213 ) ;
#9169 = EDGE_LOOP ( 'NONE', ( #8546, #3469, #9738, #964, #6965, #4651, #5428, #3518, #8703 ) ) ;
#9170 = FACE_OUTER_BOUND ( 'NONE', #6399, .T. ) ;
#9171 = ORIENTED_EDGE ( 'NONE', *, *, #5986, .F. ) ;
#9172 = VERTEX_POINT ( 'NONE', #3059 ) ;
#9173 = CARTESIAN_POINT ( 'NONE',  ( -48.00000000000013500, -29.87499999999968026, 2.374999999999641620 ) ) ;
#9174 = LINE ( 'NONE', #3283, #7079 ) ;
#9175 = CARTESIAN_POINT ( 'NONE',  ( 9.281500000000175277, -9.281500000000065143, -0.2500000000000317524 ) ) ;
#9176 = DIRECTION ( 'NONE',  ( 1.000000000000000000, -4.000000000000063420E-15, 2.999999999999915825E-15 ) ) ;
#9177 = CYLINDRICAL_SURFACE ( 'NONE', #4393, 0.3149606299212600047 ) ;
#9178 = CARTESIAN_POINT ( 'NONE',  ( 29.74999999999988631, -28.56496062992122376, 22.99999999999966604 ) ) ;
#9179 = CARTESIAN_POINT ( 'NONE',  ( -48.00000000000035527, 27.12499999999942801, 24.37499999999933209 ) ) ;
#9180 = ADVANCED_FACE ( 'NONE', ( #4579, #827, #917 ), #5983, .F. ) ;
#9181 = CARTESIAN_POINT ( 'NONE',  ( 29.99999999999991829, 29.99999999999998934, -0.4999999999996675437 ) ) ;
#9182 = ORIENTED_EDGE ( 'NONE', *, *, #4147, .F. ) ;
#9183 = VERTEX_POINT ( 'NONE', #778 ) ;
#9184 = DIRECTION ( 'NONE',  ( 0.7071067811865433539, 0.7071067811865516806, 1.697056274847715500E-14 ) ) ;
#9185 = CARTESIAN_POINT ( 'NONE',  ( -26.99999999999969802, 28.25000000000020250, 1.314960629921384960 ) ) ;
#9186 = AXIS2_PLACEMENT_3D ( 'NONE', #6012, #9021, #3866 ) ;
#9187 = CARTESIAN_POINT ( 'NONE',  ( -29.99999999999992184, -30.00000000000047251, 24.49999999999924682 ) ) ;
#9188 = VECTOR ( 'NONE', #2312, 39.37007874015748143 ) ;
#9189 = ORIENTED_EDGE ( 'NONE', *, *, #8198, .F. ) ;
#9190 = DIRECTION ( 'NONE',  ( -8.000000000000000622E-15, -1.000000000000000000, -6.999999999999998572E-15 ) ) ;
#9191 = VERTEX_POINT ( 'NONE', #9720 ) ;
#9192 = VECTOR ( 'NONE', #5163, 39.37007874015748143 ) ;
#9193 = FACE_BOUND ( 'NONE', #4688, .T. ) ;
#9194 = FILL_AREA_STYLE ('',( #932 ) ) ;
#9195 = CARTESIAN_POINT ( 'NONE',  ( 29.74999999999996447, -9.749999999999998224, 8.315062330715601208E-15 ) ) ;
#9196 = CARTESIAN_POINT ( 'NONE',  ( 29.49999999999988631, -29.74999999999996447, 24.00000000000000355 ) ) ;
#9197 = DIRECTION ( 'NONE',  ( 1.781787680042239766E-14, 6.999999999999997783E-15, -1.000000000000000000 ) ) ;
#9198 = DIRECTION ( 'NONE',  ( -1.000000000000000000, 4.000000000000083930E-15, -3.999999999999916692E-15 ) ) ;
#9199 =( REPRESENTATION_RELATIONSHIP ('NONE','NONE', #4286, #5315 ) REPRESENTATION_RELATIONSHIP_WITH_TRANSFORMATION ( #5408 )SHAPE_REPRESENTATION_RELATIONSHIP( ) );
#9200 = ORIENTED_EDGE ( 'NONE', *, *, #8640, .T. ) ;
#9201 = ORIENTED_EDGE ( 'NONE', *, *, #5678, .T. ) ;
#9202 = ORIENTED_EDGE ( 'NONE', *, *, #969, .T. ) ;
#9203 = VECTOR ( 'NONE', #3537, 39.37007874015748143 ) ;
#9204 = ORIENTED_EDGE ( 'NONE', *, *, #1593, .F. ) ;
#9205 = APPLICATION_PROTOCOL_DEFINITION ( 'draft international standard', 'automotive_design', 1998, #1232 ) ;
#9206 = DIRECTION ( 'NONE',  ( -7.000000000000000150E-15, 0.000000000000000000, -1.000000000000000000 ) ) ;
#9207 = CARTESIAN_POINT ( 'NONE',  ( 28.25000000000001066, 29.49999999999992539, 0.9999999999998047118 ) ) ;
#9208 =( NAMED_UNIT ( * ) SI_UNIT ( $, .STERADIAN. ) SOLID_ANGLE_UNIT ( ) );
#9209 = AXIS2_PLACEMENT_3D ( 'NONE', #3238, #2385, #4074 ) ;
#9210 = ADVANCED_FACE ( 'NONE', ( #1614 ), #5288, .T. ) ;
#9211 = FACE_OUTER_BOUND ( 'NONE', #792, .T. ) ;
#9212 = ORIENTED_EDGE ( 'NONE', *, *, #7925, .T. ) ;
#9213 = DIRECTION ( 'NONE',  ( 0.7071067811865402453, 0.7071067811865545671, 1.703495302319348160E-14 ) ) ;
#9214 = VERTEX_POINT ( 'NONE', #3938 ) ;
#9215 = EDGE_LOOP ( 'NONE', ( #1236, #5066, #2851, #4442 ) ) ;
#9216 = VECTOR ( 'NONE', #5862, 39.37007874015748143 ) ;
#9217 = VECTOR ( 'NONE', #4354, 39.37007874015748143 ) ;
#9218 = LENGTH_MEASURE_WITH_UNIT ( LENGTH_MEASURE( 0.02539999999999999897 ), #1798 );
#9219 = EDGE_LOOP ( 'NONE', ( #1734, #5166 ) ) ;
#9220 = LINE ( 'NONE', #2477, #5500 ) ;
#9221 = LINE ( 'NONE', #7855, #8238 ) ;
#9222 = FACE_OUTER_BOUND ( 'NONE', #5454, .T. ) ;
#9223 = CARTESIAN_POINT ( 'NONE',  ( -9.750000000000435207, 29.74999999999957012, 24.00000000000016698 ) ) ;
#9224 = DIRECTION ( 'NONE',  ( 1.000000000000000000, 0.000000000000000000, 0.000000000000000000 ) ) ;
#9225 = AXIS2_PLACEMENT_3D ( 'NONE', #3090, #6165, #1455 ) ;
#9226 = AXIS2_PLACEMENT_3D ( 'NONE', #9357, #2519, #4018 ) ;
#9227 = ORIENTED_EDGE ( 'NONE', *, *, #2976, .F. ) ;
#9228 = CIRCLE ( 'NONE', #3544, 0.3149606299212601157 ) ;
#9229 = LINE ( 'NONE', #2345, #4321 ) ;
#9230 = ORIENTED_EDGE ( 'NONE', *, *, #3882, .T. ) ;
#9231 = EDGE_LOOP ( 'NONE', ( #4990, #4890 ) ) ;
#9232 = DIRECTION ( 'NONE',  ( -1.000000000000000000, -2.999999999999979328E-15, -3.000000000000020743E-15 ) ) ;
#9233 =( GEOMETRIC_REPRESENTATION_CONTEXT ( 3 ) GLOBAL_UNCERTAINTY_ASSIGNED_CONTEXT ( ( #8142 ) ) GLOBAL_UNIT_ASSIGNED_CONTEXT ( ( #838, #789, #5350 ) ) REPRESENTATION_CONTEXT ( 'NONE', 'WORKASPACE' ) );
#9234 = CARTESIAN_POINT ( 'NONE',  ( 28.24999999999966604, 29.99999999999974420, 23.00000000000072831 ) ) ;
#9235 = EDGE_CURVE ( 'NONE', #1198, #2131, #2111, .T. ) ;
#9236 = CARTESIAN_POINT ( 'NONE',  ( 29.79289321881336505, 29.79289321881343966, -0.4999999999997031264 ) ) ;
#9237 = CARTESIAN_POINT ( 'NONE',  ( -28.24999999999976907, 26.74999999999961275, 22.99999999999972999 ) ) ;
#9238 = ORIENTED_EDGE ( 'NONE', *, *, #3121, .T. ) ;
#9239 = ORIENTED_EDGE ( 'NONE', *, *, #95, .F. ) ;
#9240 = FACE_BOUND ( 'NONE', #2364, .T. ) ;
#9241 = CIRCLE ( 'NONE', #3874, 0.3149606299212598381 ) ;
#9242 = CARTESIAN_POINT ( 'NONE',  ( 26.74999999999988276, -28.24999999999996092, 1.000000000000001332 ) ) ;
#9243 = CARTESIAN_POINT ( 'NONE',  ( 29.74999999999969091, 29.74999999999975842, 21.62500000000074962 ) ) ;
#9244 = DIRECTION ( 'NONE',  ( 1.000000000000000000, 1.365923996832131856E-16, 0.000000000000000000 ) ) ;
#9245 = CARTESIAN_POINT ( 'NONE',  ( -28.24999999999968381, 29.74999999999976197, 1.000000000000091038 ) ) ;
#9246 = ORIENTED_EDGE ( 'NONE', *, *, #4815, .F. ) ;
#9247 = ORIENTED_EDGE ( 'NONE', *, *, #6678, .T. ) ;
#9248 = VERTEX_POINT ( 'NONE', #7579 ) ;
#9249 = ORIENTED_EDGE ( 'NONE', *, *, #9450, .T. ) ;
#9250 = ADVANCED_FACE ( 'NONE', ( #6036 ), #3748, .T. ) ;
#9251 = AXIS2_PLACEMENT_3D ( 'NONE', #2485, #1154, #4172 ) ;
#9252 = DIRECTION ( 'NONE',  ( 3.000000000000000233E-15, -1.000000000000000000, -7.182123199577606259E-15 ) ) ;
#9253 = LINE ( 'NONE', #5505, #7600 ) ;
#9254 = CARTESIAN_POINT ( 'NONE',  ( -10.50000000000009592, 10.50000000000019007, -0.4999999999999633626 ) ) ;
#9255 = SURFACE_SIDE_STYLE ('',( #7042 ) ) ;
#9256 = FACE_OUTER_BOUND ( 'NONE', #5287, .T. ) ;
#9257 = ADVANCED_FACE ( 'NONE', ( #4677 ), #9136, .F. ) ;
#9258 = ORIENTED_EDGE ( 'NONE', *, *, #8654, .F. ) ;
#9259 = VERTEX_POINT ( 'NONE', #94 ) ;
#9260 = EDGE_CURVE ( 'NONE', #2786, #6054, #5333, .T. ) ;
#9261 = ORIENTED_EDGE ( 'NONE', *, *, #1787, .T. ) ;
#9262 = ADVANCED_FACE ( 'NONE', ( #3843 ), #1661, .F. ) ;
#9263 = ADVANCED_FACE ( 'NONE', ( #3009 ), #2394, .F. ) ;
#9264 = CYLINDRICAL_SURFACE ( 'NONE', #5751, 0.3149606299212598381 ) ;
#9265 = ORIENTED_EDGE ( 'NONE', *, *, #7534, .T. ) ;
#9266 = DIRECTION ( 'NONE',  ( 3.000000000000000233E-15, -1.000000000000000000, -7.182123199577615725E-15 ) ) ;
#9267 = EDGE_CURVE ( 'NONE', #2011, #4953, #4464, .T. ) ;
#9268 = PLANE ( 'NONE',  #2646 ) ;
#9269 = CARTESIAN_POINT ( 'NONE',  ( 29.50000000000000000, 29.24999999999991829, -2.054349691235526035E-13 ) ) ;
#9270 = CARTESIAN_POINT ( 'NONE',  ( -29.74999999999968736, 29.74999999999977263, 2.310460440641550563E-13 ) ) ;
#9271 = DIRECTION ( 'NONE',  ( -1.000000000000000000, 3.908938400211191734E-15, 7.000000000000000938E-15 ) ) ;
#9272 = CARTESIAN_POINT ( 'NONE',  ( 29.74999999999988631, -28.24999999999996092, 22.99999999999966604 ) ) ;
#9273 = EDGE_CURVE ( 'NONE', #7578, #5402, #3215, .T. ) ;
#9274 = VERTEX_POINT ( 'NONE', #733 ) ;
#9275 = CYLINDRICAL_SURFACE ( 'NONE', #2579, 0.3149606299212601157 ) ;
#9276 = ORIENTED_EDGE ( 'NONE', *, *, #3481, .T. ) ;
#9277 = ORIENTED_EDGE ( 'NONE', *, *, #4371, .T. ) ;
#9278 = VECTOR ( 'NONE', #3570, 39.37007874015748143 ) ;
#9279 = CARTESIAN_POINT ( 'NONE',  ( -27.00000000000011013, -26.99999999999974420, -0.3750000000002754463 ) ) ;
#9280 = CARTESIAN_POINT ( 'NONE',  ( 27.12499999999967315, -27.12500000000022382, 24.25000000000026645 ) ) ;
#9281 = EDGE_CURVE ( 'NONE', #2636, #4613, #5434, .T. ) ;
#9282 = LINE ( 'NONE', #1020, #7472 ) ;
#9283 = VECTOR ( 'NONE', #9424, 39.37007874015748143 ) ;
#9284 = DIRECTION ( 'NONE',  ( 8.000000000000000622E-15, 1.000000000000000000, 7.000000000000000150E-15 ) ) ;
#9285 = VECTOR ( 'NONE', #6212, 39.37007874015748143 ) ;
#9286 = VERTEX_POINT ( 'NONE', #1567 ) ;
#9287 = AXIS2_PLACEMENT_3D ( 'NONE', #5416, #7560, #4660 ) ;
#9288 = ADVANCED_FACE ( 'NONE', ( #8312 ), #1519, .F. ) ;
#9289 = CYLINDRICAL_SURFACE ( 'NONE', #6331, 0.3149606299212598381 ) ;
#9290 = ORIENTED_EDGE ( 'NONE', *, *, #3451, .F. ) ;
#9291 = SURFACE_SIDE_STYLE ('',( #5544 ) ) ;
#9292 = CARTESIAN_POINT ( 'NONE',  ( 29.75000000000000355, 29.74999999999965894, -0.2499999999996901923 ) ) ;
#9293 = CIRCLE ( 'NONE', #6304, 0.1250000000000015266 ) ;
#9294 = DIRECTION ( 'NONE',  ( -9.106159978880878627E-17, 1.000000000000000000, 0.000000000000000000 ) ) ;
#9295 = PRODUCT_DEFINITION_SHAPE ( 'NONE', 'NONE',  #9773 ) ;
#9296 = LINE ( 'NONE', #2558, #9054 ) ;
#9297 = DIRECTION ( 'NONE',  ( -4.000000000000000311E-15, -6.999999999999997783E-15, 1.000000000000000000 ) ) ;
#9298 = EDGE_CURVE ( 'NONE', #1172, #8340, #3150, .T. ) ;
#9299 = VECTOR ( 'NONE', #5987, 39.37007874015748143 ) ;
#9300 = EDGE_LOOP ( 'NONE', ( #9511, #8047, #413, #3172 ) ) ;
#9301 = ORIENTED_EDGE ( 'NONE', *, *, #4676, .T. ) ;
#9302 = ORIENTED_EDGE ( 'NONE', *, *, #8323, .T. ) ;
#9303 = EDGE_LOOP ( 'NONE', ( #1860, #8798, #4969, #9247 ) ) ;
#9304 = CIRCLE ( 'NONE', #8684, 0.3149606299212597271 ) ;
#9305 = CONTEXT_DEPENDENT_SHAPE_REPRESENTATION ( #4456, #4789 ) ;
#9306 = DIRECTION ( 'NONE',  ( -7.000000000000000150E-15, 0.000000000000000000, -1.000000000000000000 ) ) ;
#9307 = DIRECTION ( 'NONE',  ( 0.000000000000000000, -1.387778780781445676E-14, 1.000000000000000000 ) ) ;
#9308 = DIRECTION ( 'NONE',  ( 1.000000000000000000, 1.000000000000062989E-15, 1.800000000000002112E-14 ) ) ;
#9309 = EDGE_CURVE ( 'NONE', #8938, #8471, #8695, .T. ) ;
#9310 = EDGE_CURVE ( 'NONE', #6221, #7290, #9379, .T. ) ;
#9311 = CARTESIAN_POINT ( 'NONE',  ( -29.50000000000028422, 9.749999999999406697, 24.24999999999961275 ) ) ;
#9312 = VERTEX_POINT ( 'NONE', #1117 ) ;
#9313 = VERTEX_POINT ( 'NONE', #283 ) ;
#9314 = STYLED_ITEM ( 'NONE', ( #3176 ), #8392 ) ;
#9315 = ORIENTED_EDGE ( 'NONE', *, *, #2005, .F. ) ;
#9316 = CARTESIAN_POINT ( 'NONE',  ( 29.99999999999991118, 28.24999999999997868, 1.000000000000320632 ) ) ;
#9317 = VERTEX_POINT ( 'NONE', #7767 ) ;
#9318 = CARTESIAN_POINT ( 'NONE',  ( 26.99999999999961631, 26.99999999999977263, 24.37500000000064304 ) ) ;
#9319 = LINE ( 'NONE', #4855, #7452 ) ;
#9320 = CYLINDRICAL_SURFACE ( 'NONE', #4386, 0.3149606299212601157 ) ;
#9321 = ADVANCED_FACE ( 'NONE', ( #6223 ), #1909, .T. ) ;
#9322 =( LENGTH_UNIT ( ) NAMED_UNIT ( * ) SI_UNIT ( $, .METRE. ) );
#9323 = CARTESIAN_POINT ( 'NONE',  ( 27.93503937007873716, 26.74999999999992539, 0.9999999999998068212 ) ) ;
#9324 = EDGE_CURVE ( 'NONE', #8726, #7945, #5674, .T. ) ;
#9325 = LINE ( 'NONE', #9371, #5249 ) ;
#9326 = PLANE ( 'NONE',  #3567 ) ;
#9327 = ORIENTED_EDGE ( 'NONE', *, *, #2416, .T. ) ;
#9328 = CARTESIAN_POINT ( 'NONE',  ( 47.99999999999992184, 29.50000000000004619, 3.561646821739783090E-13 ) ) ;
#9329 = EDGE_LOOP ( 'NONE', ( #4231, #6243, #5477, #3234 ) ) ;
#9330 = ORIENTED_EDGE ( 'NONE', *, *, #4995, .F. ) ;
#9331 = VECTOR ( 'NONE', #1752, 39.37007874015748143 ) ;
#9332 = CARTESIAN_POINT ( 'NONE',  ( 26.99999999999992895, 26.99999999999998934, -0.3749999999997243316 ) ) ;
#9333 = EDGE_CURVE ( 'NONE', #2824, #8398, #9382, .T. ) ;
#9334 = CARTESIAN_POINT ( 'NONE',  ( 29.75000000000000355, 29.74999999999965183, 3.097915624815274565E-13 ) ) ;
#9335 = CARTESIAN_POINT ( 'NONE',  ( 29.74999999999972289, 9.749999999999761968, 24.25000000000061817 ) ) ;
#9336 = CARTESIAN_POINT ( 'NONE',  ( -30.00000000000008882, 29.99999999999980105, 2.500000000000125677 ) ) ;
#9337 = EDGE_CURVE ( 'NONE', #8435, #8061, #5627, .T. ) ;
#9338 = ORIENTED_EDGE ( 'NONE', *, *, #7174, .T. ) ;
#9339 = DIRECTION ( 'NONE',  ( 1.387778780781444571E-14, 1.387778780781444571E-14, -1.000000000000000000 ) ) ;
#9340 = VERTEX_POINT ( 'NONE', #9332 ) ;
#9341 = AXIS2_PLACEMENT_3D ( 'NONE', #65, #7447, #6898 ) ;
#9342 = CARTESIAN_POINT ( 'NONE',  ( -29.87500000000027001, -29.87500000000003553, 21.49999999999925038 ) ) ;
#9343 = SURFACE_STYLE_USAGE ( .BOTH. , #9291 ) ;
#9344 = DIRECTION ( 'NONE',  ( 3.236319030593781003E-15, 7.236319030593793935E-15, -1.000000000000000000 ) ) ;
#9345 = CARTESIAN_POINT ( 'NONE',  ( 28.25000000000001066, 29.49999999999992539, 0.9999999999998047118 ) ) ;
#9346 = DIRECTION ( 'NONE',  ( -1.000000000000000000, -8.000000000000084241E-15, -1.709106159978897753E-14 ) ) ;
#9347 = DIRECTION ( 'NONE',  ( 1.799999999999999903E-14, 6.908938400211176584E-15, -1.000000000000000000 ) ) ;
#9348 = VERTEX_POINT ( 'NONE', #236 ) ;
#9349 = VERTEX_POINT ( 'NONE', #7114 ) ;
#9350 = VERTEX_POINT ( 'NONE', #4823 ) ;
#9351 = ORIENTED_EDGE ( 'NONE', *, *, #8070, .T. ) ;
#9352 = VECTOR ( 'NONE', #2734, 39.37007874015748143 ) ;
#9353 = CONTEXT_DEPENDENT_SHAPE_REPRESENTATION ( #8706, #216 ) ;
#9354 = EDGE_CURVE ( 'NONE', #2737, #740, #2446, .T. ) ;
#9355 = FACE_BOUND ( 'NONE', #7679, .T. ) ;
#9356 = CARTESIAN_POINT ( 'NONE',  ( -29.00000000000006395, 29.16666666666648311, 1.227905272806718251E-13 ) ) ;
#9357 = CARTESIAN_POINT ( 'NONE',  ( 28.24999999999967315, 26.99999999999974065, 23.00000000000070699 ) ) ;
#9358 = CARTESIAN_POINT ( 'NONE',  ( -30.00000000000012079, -29.99999999999973355, -0.5000000000003050893 ) ) ;
#9359 = VECTOR ( 'NONE', #4389, 39.37007874015748143 ) ;
#9360 = ORIENTED_EDGE ( 'NONE', *, *, #3617, .T. ) ;
#9361 = VERTEX_POINT ( 'NONE', #6377 ) ;
#9362 = EDGE_LOOP ( 'NONE', ( #5023, #9045, #5298, #1576 ) ) ;
#9363 = FACE_OUTER_BOUND ( 'NONE', #4842, .T. ) ;
#9364 = ORIENTED_EDGE ( 'NONE', *, *, #3912, .T. ) ;
#9365 = DIRECTION ( 'NONE',  ( -3.999999999999706066E-15, 1.000000000000000000, 6.999999999999913375E-15 ) ) ;
#9366 = AXIS2_PLACEMENT_3D ( 'NONE', #6529, #5723, #5776 ) ;
#9367 =( CONVERSION_BASED_UNIT ( 'INCH', #322 ) LENGTH_UNIT ( ) NAMED_UNIT ( #2680 ) );
#9368 = CARTESIAN_POINT ( 'NONE',  ( -29.75000000000041211, -29.74999999999978328, 23.99999999999963052 ) ) ;
#9369 = CYLINDRICAL_SURFACE ( 'NONE', #2901, 0.3149606299212601157 ) ;
#9370 = DIRECTION ( 'NONE',  ( 1.387778780781444571E-14, 1.387778780781444571E-14, -1.000000000000000000 ) ) ;
#9371 = CARTESIAN_POINT ( 'NONE',  ( -29.99999999999968736, 30.00000000000021672, 2.500000000000125677 ) ) ;
#9372 = CARTESIAN_POINT ( 'NONE',  ( -28.25000000000033751, 29.74999999999951683, 22.99999999999970868 ) ) ;
#9373 = EDGE_LOOP ( 'NONE', ( #76, #2203, #6534, #3115 ) ) ;
#9374 = CARTESIAN_POINT ( 'NONE',  ( -29.75000000000016342, -29.74999999999978684, 2.374999999999727773 ) ) ;
#9375 = VERTEX_POINT ( 'NONE', #4772 ) ;
#9376 = PRESENTATION_LAYER_ASSIGNMENT (  '', '', ( #3530 ) ) ;
#9377 = ORIENTED_EDGE ( 'NONE', *, *, #5261, .T. ) ;
#9378 = AXIS2_PLACEMENT_3D ( 'NONE', #4593, #1536, #7596 ) ;
#9379 = LINE ( 'NONE', #7961, #5281 ) ;
#9380 = LINE ( 'NONE', #4133, #3118 ) ;
#9381 = DIRECTION ( 'NONE',  ( 3.000000000000000233E-15, -1.000000000000000000, -7.182123199577615725E-15 ) ) ;
#9382 = CIRCLE ( 'NONE', #1480, 0.2499999999999986955 ) ;
#9383 = AXIS2_PLACEMENT_3D ( 'NONE', #7686, #3071, #9153 ) ;
#9384 = DIRECTION ( 'NONE',  ( 1.000000000000000000, -4.000000000000000311E-15, -7.000000000000000938E-15 ) ) ;
#9385 = AXIS2_PLACEMENT_3D ( 'NONE', #9245, #5548, #7834 ) ;
#9386 = SURFACE_SIDE_STYLE ('',( #6384 ) ) ;
#9387 = DIRECTION ( 'NONE',  ( -9.106159978880878627E-17, 1.000000000000000000, 0.000000000000000000 ) ) ;
#9388 = VERTEX_POINT ( 'NONE', #8496 ) ;
#9389 = VECTOR ( 'NONE', #3462, 39.37007874015748143 ) ;
#9390 = CARTESIAN_POINT ( 'NONE',  ( -29.74999999999991473, -28.25000000000046541, 23.31496062992052387 ) ) ;
#9391 = ORIENTED_EDGE ( 'NONE', *, *, #230, .F. ) ;
#9392 = APPLICATION_CONTEXT ( 'automotive_design' ) ;
#9393 = EDGE_CURVE ( 'NONE', #3650, #1287, #3397, .T. ) ;
#9394 = FILL_AREA_STYLE ('',( #3361 ) ) ;
#9395 = DIRECTION ( 'NONE',  ( 9.106159978880878627E-17, -1.000000000000000000, -0.000000000000000000 ) ) ;
#9396 = DIRECTION ( 'NONE',  ( 4.000000000000000311E-15, -1.000000000000000000, -1.099999999999999888E-14 ) ) ;
#9397 = CARTESIAN_POINT ( 'NONE',  ( -9.749999999999927169, -29.75000000000008527, 23.99999999999948486 ) ) ;
#9398 = CARTESIAN_POINT ( 'NONE',  ( -28.25000000000029843, -29.75000000000004974, 22.99999999999928235 ) ) ;
#9399 = ORIENTED_EDGE ( 'NONE', *, *, #1098, .T. ) ;
#9400 = VERTEX_POINT ( 'NONE', #8600 ) ;
#9401 = ORIENTED_EDGE ( 'NONE', *, *, #3722, .F. ) ;
#9402 = ITEM_DEFINED_TRANSFORMATION ( 'NONE', 'NONE', #9341,  #3073 ) ;
#9403 = LINE ( 'NONE', #6548, #3315 ) ;
#9404 = EDGE_CURVE ( 'NONE', #666, #2226, #7812, .T. ) ;
#9405 = CARTESIAN_POINT ( 'NONE',  ( -29.00000000000006040, 29.24999999999981881, 1.233840660039980610E-13 ) ) ;
#9406 = ADVANCED_FACE ( 'NONE', ( #1161, #2638, #2541 ), #6272, .F. ) ;
#9407 = FACE_OUTER_BOUND ( 'NONE', #9303, .T. ) ;
#9408 = EDGE_LOOP ( 'NONE', ( #6086, #5445, #2757, #2288 ) ) ;
#9409 = AXIS2_PLACEMENT_3D ( 'NONE', #6611, #5911, #563 ) ;
#9410 = VERTEX_POINT ( 'NONE', #9279 ) ;
#9411 = VERTEX_POINT ( 'NONE', #1863 ) ;
#9412 = ADVANCED_FACE ( 'NONE', ( #6425 ), #4923, .F. ) ;
#9413 = EDGE_LOOP ( 'NONE', ( #2155, #5782, #5953, #3261 ) ) ;
#9414 = DIRECTION ( 'NONE',  ( 1.699999999999999698E-14, 1.099999999999999888E-14, -1.000000000000000000 ) ) ;
#9415 = DIRECTION ( 'NONE',  ( 1.000000000000000000, -3.999999999999916692E-15, 1.699999999999991494E-14 ) ) ;
#9416 = CARTESIAN_POINT ( 'NONE',  ( -27.12499999999953459, 48.00000000000022027, -0.3749999999997371547 ) ) ;
#9417 = CARTESIAN_POINT ( 'NONE',  ( 29.87499999999991118, 29.87499999999997868, 2.500000000000303757 ) ) ;
#9418 = DIRECTION ( 'NONE',  ( -7.999999999999707165E-15, 1.000000000000000000, 6.999999999999831333E-15 ) ) ;
#9419 = ORIENTED_EDGE ( 'NONE', *, *, #9113, .T. ) ;
#9420 = LINE ( 'NONE', #8691, #8200 ) ;
#9421 = VERTEX_POINT ( 'NONE', #184 ) ;
#9422 = VERTEX_POINT ( 'NONE', #7867 ) ;
#9423 = CARTESIAN_POINT ( 'NONE',  ( 29.99999999999961275, 29.99999999999977973, 24.50000000000072120 ) ) ;
#9424 = DIRECTION ( 'NONE',  ( -4.000000000000000311E-15, -6.999999999999997783E-15, 1.000000000000000000 ) ) ;
#9425 = AXIS2_PLACEMENT_3D ( 'NONE', #9746, #611, #2832 ) ;
#9426 = DIRECTION ( 'NONE',  ( 1.000000000000000000, 0.000000000000000000, 0.000000000000000000 ) ) ;
#9427 = CARTESIAN_POINT ( 'NONE',  ( 9.749999999999884537, -29.49999999999991473, -0.2500000000002691736 ) ) ;
#9428 = DIRECTION ( 'NONE',  ( 0.000000000000000000, -1.000000000000000000, 0.000000000000000000 ) ) ;
#9429 = ADVANCED_FACE ( 'NONE', ( #2492, #8548, #1017 ), #1064, .F. ) ;
#9430 = CARTESIAN_POINT ( 'NONE',  ( 29.87499999999969091, 29.87499999999975842, 21.50000000000075318 ) ) ;
#9431 = ORIENTED_EDGE ( 'NONE', *, *, #691, .T. ) ;
#9432 = LINE ( 'NONE', #2859, #5855 ) ;
#9433 = ORIENTED_EDGE ( 'NONE', *, *, #7375, .F. ) ;
#9434 = CARTESIAN_POINT ( 'NONE',  ( 26.74999999999988276, -28.56496062992122376, 1.000000000000001332 ) ) ;
#9436 = ADVANCED_FACE ( 'NONE', ( #1201 ), #4224, .F. ) ;
#9435 = DIRECTION ( 'NONE',  ( -8.000000000000000622E-15, -1.000000000000000000, -6.999999999999997783E-15 ) ) ;
#9437 = EDGE_CURVE ( 'NONE', #9375, #3989, #5743, .T. ) ;
#9438 = FACE_OUTER_BOUND ( 'NONE', #4729, .T. ) ;
#9439 = DIRECTION ( 'NONE',  ( -3.999999999999706066E-15, 1.000000000000000000, 6.999999999999913375E-15 ) ) ;
#9440 = AXIS2_PLACEMENT_3D ( 'NONE', #3054, #5529, #8544 ) ;
#9441 = ORIENTED_EDGE ( 'NONE', *, *, #5322, .T. ) ;
#9442 = EDGE_LOOP ( 'NONE', ( #1146, #6450, #1768, #8161 ) ) ;
#9443 = VECTOR ( 'NONE', #8835, 39.37007874015748143 ) ;
#9444 = DIRECTION ( 'NONE',  ( -1.000000000000000000, 4.000000000000397108E-15, -1.699999999999991494E-14 ) ) ;
#9445 = ADVANCED_FACE ( 'NONE', ( #7256 ), #5121, .F. ) ;
#9446 = DIRECTION ( 'NONE',  ( 1.699999999999999698E-14, 6.999999999999997783E-15, -1.000000000000000000 ) ) ;
#9447 = VECTOR ( 'NONE', #2209, 39.37007874015748143 ) ;
#9448 = CARTESIAN_POINT ( 'NONE',  ( 47.99999999999991473, 29.87500000000003553, 2.500000000000358380 ) ) ;
#9449 = EDGE_LOOP ( 'NONE', ( #9360, #4113, #7132, #5134 ) ) ;
#9450 = EDGE_CURVE ( 'NONE', #4495, #4699, #5170, .T. ) ;
#9451 = CIRCLE ( 'NONE', #5831, 0.3149606299212601157 ) ;
#9452 = ORIENTED_EDGE ( 'NONE', *, *, #5763, .F. ) ;
#9453 = ORIENTED_EDGE ( 'NONE', *, *, #4769, .T. ) ;
#9454 = PRODUCT_DEFINITION_SHAPE ( 'NONE', 'NONE',  #5264 ) ;
#9455 = EDGE_LOOP ( 'NONE', ( #5479, #9182, #4753, #7591 ) ) ;
#9456 = CARTESIAN_POINT ( 'NONE',  ( 29.74999999999988631, -27.93503937007870164, 22.99999999999966604 ) ) ;
#9457 = CYLINDRICAL_SURFACE ( 'NONE', #484, 0.1250000000000015266 ) ;
#9458 = FACE_BOUND ( 'NONE', #7080, .T. ) ;
#9459 = VECTOR ( 'NONE', #6565, 39.37007874015748143 ) ;
#9460 = CARTESIAN_POINT ( 'NONE',  ( -29.50000000000030198, -26.87499999999954881, -3.431201080042314366E-13 ) ) ;
#9461 = DIRECTION ( 'NONE',  ( 1.000000000000000000, 1.000000000000062989E-15, 1.800000000000002112E-14 ) ) ;
#9462 =( BOUNDED_SURFACE ( )  B_SPLINE_SURFACE ( 3, 3, ( 
 ( #7638, #6101, #2457, #6144 ),
 ( #5493, #6933, #1580, #2360 ),
 ( #8509, #3998, #1627, #1776 ),
 ( #8369, #1729, #7830, #6841 ),
 ( #105, #3258, #4734, #6284 ),
 ( #2316, #1032, #4643, #197 ),
 ( #5399, #3903, #3166, #7731 ) ),
 .UNSPECIFIED., .T., .F., .F. ) 
 B_SPLINE_SURFACE_WITH_KNOTS ( ( 4, 3, 4 ),
 ( 4, 4 ),
 ( 0.000000000000000000, 0.5000000000000000000, 1.000000000000000000 ),
 ( 0.000000000000000000, 1.000000000000000000 ),
 .UNSPECIFIED. ) 
 GEOMETRIC_REPRESENTATION_ITEM ( )  RATIONAL_B_SPLINE_SURFACE ( (
 ( 1.000000000000000000, 1.000000000000000000, 1.000000000000000000, 1.000000000000000000),
 ( 0.3333333333333333703, 0.3333333333333333148, 0.3333333333333333148, 0.3333333333333333703),
 ( 0.3333333333333333703, 0.3333333333333333148, 0.3333333333333333148, 0.3333333333333333703),
 ( 1.000000000000000000, 1.000000000000000000, 1.000000000000000000, 1.000000000000000000),
 ( 0.3333333333333333703, 0.3333333333333333148, 0.3333333333333333148, 0.3333333333333333703),
 ( 0.3333333333333333703, 0.3333333333333333148, 0.3333333333333333148, 0.3333333333333333703),
 ( 1.000000000000000000, 1.000000000000000000, 1.000000000000000000, 1.000000000000000000) ) ) 
 REPRESENTATION_ITEM ( '' )  SURFACE ( )  );
#9463 = DIRECTION ( 'NONE',  ( 1.000000000000000000, 2.999999999999978539E-15, 3.000000000000020743E-15 ) ) ;
#9464 = CARTESIAN_POINT ( 'NONE',  ( -27.00000000000008527, -26.99999999999975131, -0.3017766952969136440 ) ) ;
#9465 = AXIS2_PLACEMENT_3D ( 'NONE', #9060, #56, #2315 ) ;
#9466 = EDGE_LOOP ( 'NONE', ( #2377, #7563, #7690, #111 ) ) ;
#9467 = FACE_BOUND ( 'NONE', #5119, .T. ) ;
#9468 = ORIENTED_EDGE ( 'NONE', *, *, #2491, .F. ) ;
#9469 = VERTEX_POINT ( 'NONE', #5067 ) ;
#9470 = CARTESIAN_POINT ( 'NONE',  ( 29.49999999999988631, -28.24999999999996092, 22.99999999999966604 ) ) ;
#9471 = LINE ( 'NONE', #4924, #1546 ) ;
#9472 = VECTOR ( 'NONE', #6695, 39.37007874015748143 ) ;
#9473 = CARTESIAN_POINT ( 'NONE',  ( 27.12499999999959854, 47.99999999999977973, 24.25000000000079581 ) ) ;
#9474 = EDGE_CURVE ( 'NONE', #2110, #5854, #2895, .T. ) ;
#9475 = LINE ( 'NONE', #4087, #3771 ) ;
#9476 = DIRECTION ( 'NONE',  ( 0.000000000000000000, 0.000000000000000000, -1.000000000000000000 ) ) ;
#9477 = VECTOR ( 'NONE', #3990, 39.37007874015748143 ) ;
#9478 = ORIENTED_EDGE ( 'NONE', *, *, #4426, .T. ) ;
#9479 = DIRECTION ( 'NONE',  ( -4.085576355429636016E-15, 1.000000000000000000, 1.099999999999999888E-14 ) ) ;
#9480 = ORIENTED_EDGE ( 'NONE', *, *, #8619, .T. ) ;
#9481 = EDGE_CURVE ( 'NONE', #6760, #7341, #4636, .T. ) ;
#9482 = CARTESIAN_POINT ( 'NONE',  ( 29.49999999999996447, -9.749999999999998224, 7.307693383051903666E-15 ) ) ;
#9483 = LINE ( 'NONE', #2704, #392 ) ;
#9484 = EDGE_CURVE ( 'NONE', #779, #9056, #5487, .T. ) ;
#9485 = DIRECTION ( 'NONE',  ( 1.387778780781444571E-14, 1.387778780781444571E-14, -1.000000000000000000 ) ) ;
#9486 = FACE_OUTER_BOUND ( 'NONE', #3384, .T. ) ;
#9487 = LINE ( 'NONE', #9536, #6055 ) ;
#9488 = ORIENTED_EDGE ( 'NONE', *, *, #2388, .T. ) ;
#9489 = ORIENTED_EDGE ( 'NONE', *, *, #4060, .T. ) ;
#9490 = FILL_AREA_STYLE_COLOUR ( '', #3651 ) ;
#9491 = ORIENTED_EDGE ( 'NONE', *, *, #4468, .T. ) ;
#9492 = ITEM_DEFINED_TRANSFORMATION ( 'NONE', 'NONE', #5404,  #3073 ) ;
#9493 = DIRECTION ( 'NONE',  ( -1.699999999999999698E-14, -6.999999999999997783E-15, 1.000000000000000000 ) ) ;
#9494 = DIRECTION ( 'NONE',  ( -2.999999999999999839E-15, -6.999999999999997783E-15, 1.000000000000000000 ) ) ;
#9495 = DIRECTION ( 'NONE',  ( 1.387778780781444571E-14, 1.387778780781444571E-14, -1.000000000000000000 ) ) ;
#9496 = VERTEX_POINT ( 'NONE', #5014 ) ;
#9497 = EDGE_LOOP ( 'NONE', ( #9401, #3426, #4466, #5061 ) ) ;
#9498 = AXIS2_PLACEMENT_3D ( 'NONE', #5426, #3240, #5525 ) ;
#9499 = EDGE_CURVE ( 'NONE', #3484, #9183, #5920, .T. ) ;
#9500 = DIRECTION ( 'NONE',  ( 1.000000000000000000, 0.000000000000000000, 0.000000000000000000 ) ) ;
#9501 = ORIENTED_EDGE ( 'NONE', *, *, #718, .T. ) ;
#9502 = CARTESIAN_POINT ( 'NONE',  ( 29.62500000000015987, 26.87499999999991829, 23.99999999999979750 ) ) ;
#9503 = FACE_OUTER_BOUND ( 'NONE', #3321, .T. ) ;
#9504 = CARTESIAN_POINT ( 'NONE',  ( 47.99999999999991473, 29.75000000000003197, 2.375000000000357492 ) ) ;
#9505 = EDGE_CURVE ( 'NONE', #9670, #4334, #6668, .T. ) ;
#9506 = VECTOR ( 'NONE', #5089, 39.37007874015748143 ) ;
#9507 = CARTESIAN_POINT ( 'NONE',  ( 29.74999999999988631, -28.56496062992122376, 1.000000000000001332 ) ) ;
#9508 = LINE ( 'NONE', #420, #9352 ) ;
#9509 = LINE ( 'NONE', #4410, #6261 ) ;
#9510 = UNCERTAINTY_MEASURE_WITH_UNIT (LENGTH_MEASURE( 1.000000000000000082E-05 ), #4192, 'distance_accuracy_value', 'NONE');
#9511 = ORIENTED_EDGE ( 'NONE', *, *, #3580, .F. ) ;
#9512 = FACE_OUTER_BOUND ( 'NONE', #5385, .T. ) ;
#9513 = ORIENTED_EDGE ( 'NONE', *, *, #3015, .F. ) ;
#9514 = EDGE_LOOP ( 'NONE', ( #6151, #9665, #9478, #7548 ) ) ;
#9515 = STYLED_ITEM ( 'NONE', ( #4525 ), #1581 ) ;
#9516 = DIRECTION ( 'NONE',  ( -1.000000000000000000, -9.483827159451272932E-15, -3.000000000000006544E-15 ) ) ;
#9517 = CARTESIAN_POINT ( 'NONE',  ( -29.99999999999967670, 30.00000000000023803, -0.4999999999998747113 ) ) ;
#9518 = CARTESIAN_POINT ( 'NONE',  ( 26.74999999999988276, -28.24999999999996092, 22.99999999999966604 ) ) ;
#9519 = CARTESIAN_POINT ( 'NONE',  ( 28.24999999999988276, -29.74999999999996447, 1.000000000000001332 ) ) ;
#9520 =( LENGTH_UNIT ( ) NAMED_UNIT ( * ) SI_UNIT ( $, .METRE. ) );
#9521 = EDGE_CURVE ( 'NONE', #1351, #4506, #8095, .T. ) ;
#9522 = LINE ( 'NONE', #4277, #2254 ) ;
#9523 = EDGE_LOOP ( 'NONE', ( #2208, #3876 ) ) ;
#9524 = ORIENTED_EDGE ( 'NONE', *, *, #2540, .F. ) ;
#9525 = FACE_OUTER_BOUND ( 'NONE', #1013, .T. ) ;
#9526 = VERTEX_POINT ( 'NONE', #3500 ) ;
#9527 = VECTOR ( 'NONE', #9232, 39.37007874015748143 ) ;
#9528 = PRESENTATION_LAYER_ASSIGNMENT (  '', '', ( #3067 ) ) ;
#9529 = EDGE_CURVE ( 'NONE', #4291, #8163, #8052, .T. ) ;
#9530 = VECTOR ( 'NONE', #5878, 39.37007874015748143 ) ;
#9531 = CARTESIAN_POINT ( 'NONE',  ( -29.87500000000008882, 29.87499999999979750, 2.500000000000124789 ) ) ;
#9532 = CARTESIAN_POINT ( 'NONE',  ( 29.62499999999988276, -26.74999999999996092, 24.00000000000000355 ) ) ;
#9533 = LINE ( 'NONE', #9434, #9614 ) ;
#9534 = CARTESIAN_POINT ( 'NONE',  ( 29.74999999999985079, -29.75000000000003197, 2.374999999999913847 ) ) ;
#9535 = PRODUCT_DEFINITION_SHAPE ( 'NONE', 'NONE',  #9776 ) ;
#9536 = CARTESIAN_POINT ( 'NONE',  ( -48.00000000000035527, 26.99999999999942801, 24.37499999999933209 ) ) ;
#9537 = AXIS2_PLACEMENT_3D ( 'NONE', #7796, #2580, #1002 ) ;
#9538 = VECTOR ( 'NONE', #5841, 39.37007874015748143 ) ;
#9539 = VERTEX_POINT ( 'NONE', #4369 ) ;
#9540 = EDGE_CURVE ( 'NONE', #8557, #8340, #5596, .T. ) ;
#9541 = ORIENTED_EDGE ( 'NONE', *, *, #981, .F. ) ;
#9542 = DIRECTION ( 'NONE',  ( -1.000000000000000000, 8.000000000000084241E-15, -3.999999999999832283E-15 ) ) ;
#9543 = CARTESIAN_POINT ( 'NONE',  ( -9.749999999999927169, -29.50000000000008527, 24.24999999999948841 ) ) ;
#9544 = DIRECTION ( 'NONE',  ( -0.7071067811865483499, 0.7071067811865466846, 2.828427124746190528E-15 ) ) ;
#9545 = DIRECTION ( 'NONE',  ( 8.115025178680600680E-15, 1.000000000000000000, 7.000000000000000938E-15 ) ) ;
#9546 = ADVANCED_FACE ( 'NONE', ( #427 ), #2003, .F. ) ;
#9547 = ORIENTED_EDGE ( 'NONE', *, *, #690, .T. ) ;
#9548 = EDGE_LOOP ( 'NONE', ( #7009, #9741, #8338, #2301 ) ) ;
#9549 = VERTEX_POINT ( 'NONE', #4272 ) ;
#9550 = VECTOR ( 'NONE', #4374, 39.37007874015748143 ) ;
#9551 = CARTESIAN_POINT ( 'NONE',  ( 0.000000000000000000, 0.000000000000000000, 0.000000000000000000 ) ) ;
#9552 = DIRECTION ( 'NONE',  ( -1.000000000000000000, 0.000000000000000000, 0.000000000000000000 ) ) ;
#9553 = DIRECTION ( 'NONE',  ( 2.999999999999999839E-15, 9.999999999999999988E-15, -1.000000000000000000 ) ) ;
#9554 = FACE_BOUND ( 'NONE', #2095, .T. ) ;
#9555 = LINE ( 'NONE', #8873, #5257 ) ;
#9556 = CARTESIAN_POINT ( 'NONE',  ( 29.75000000000015632, 28.24999999999991829, 22.99999999999945999 ) ) ;
#9557 = ADVANCED_FACE ( 'NONE', ( #3545 ), #6573, .T. ) ;
#9558 = EDGE_LOOP ( 'NONE', ( #3242, #4149, #4727, #2227 ) ) ;
#9559 = EDGE_CURVE ( 'NONE', #2462, #3096, #2791, .T. ) ;
#9560 = LINE ( 'NONE', #2991, #8192 ) ;
#9561 = EDGE_CURVE ( 'NONE', #7640, #4942, #1961, .T. ) ;
#9562 = EDGE_LOOP ( 'NONE', ( #8245, #5668 ) ) ;
#9563 = ADVANCED_FACE ( 'NONE', ( #9034 ), #860, .F. ) ;
#9564 = ORIENTED_EDGE ( 'NONE', *, *, #9750, .F. ) ;
#9565 = CARTESIAN_POINT ( 'NONE',  ( -30.00000000000012079, -29.99999999999973355, -0.5000000000003050893 ) ) ;
#9566 = CARTESIAN_POINT ( 'NONE',  ( -29.74999999999968736, 29.74999999999977263, 2.310460440641550563E-13 ) ) ;
#9567 = DIRECTION ( 'NONE',  ( -1.699999999999995912E-14, -1.099999999999999888E-14, 1.000000000000000000 ) ) ;
#9568 = CARTESIAN_POINT ( 'NONE',  ( 29.74999999999998934, 26.74999999999991829, -2.076204475184839967E-13 ) ) ;
#9569 = EDGE_CURVE ( 'NONE', #183, #2661, #5375, .T. ) ;
#9570 = CARTESIAN_POINT ( 'NONE',  ( 26.99999999999964828, 26.99999999999972999, 24.37500000000068567 ) ) ;
#9571 = CARTESIAN_POINT ( 'NONE',  ( 28.24999999999970512, -30.00000000000022027, 23.00000000000029488 ) ) ;
#9572 = EDGE_LOOP ( 'NONE', ( #4355, #1387, #9133, #7703 ) ) ;
#9573 = DIMENSIONAL_EXPONENTS ( 1.000000000000000000, 0.000000000000000000, 0.000000000000000000, 0.000000000000000000, 0.000000000000000000, 0.000000000000000000, 0.000000000000000000 ) ;
#9574 = ORIENTED_EDGE ( 'NONE', *, *, #4486, .F. ) ;
#9575 = ORIENTED_EDGE ( 'NONE', *, *, #3202, .F. ) ;
#9576 = CARTESIAN_POINT ( 'NONE',  ( 29.74999999999963407, 28.24999999999978684, 23.31496062992196272 ) ) ;
#9577 = VERTEX_POINT ( 'NONE', #5323 ) ;
#9578 = CARTESIAN_POINT ( 'NONE',  ( -30.00000000000036948, 29.99999999999949907, 24.49999999999968026 ) ) ;
#9579 = DIRECTION ( 'NONE',  ( 0.000000000000000000, 1.000000000000000000, 9.999999999999809084E-15 ) ) ;
#9580 = CARTESIAN_POINT ( 'NONE',  ( 9.749999999999642952, 29.74999999999968026, 24.25000000000047606 ) ) ;
#9581 = CARTESIAN_POINT ( 'NONE',  ( 9.749999999999884537, -29.49999999999991473, -0.2500000000002691736 ) ) ;
#9582 = CARTESIAN_POINT ( 'NONE',  ( -29.75000000000015632, -29.74999999999977263, 0.06299999999970794240 ) ) ;
#9583 = EDGE_CURVE ( 'NONE', #5736, #9183, #4616, .T. ) ;
#9584 = EDGE_LOOP ( 'NONE', ( #7933, #9728, #5882, #4382 ) ) ;
#9585 = DIRECTION ( 'NONE',  ( 4.000000000000000311E-15, 1.000000000000000000, 0.000000000000000000 ) ) ;
#9586 = AXIS2_PLACEMENT_3D ( 'NONE', #4641, #8368, #3901 ) ;
#9587 = CARTESIAN_POINT ( 'NONE',  ( -9.749999999999687361, 29.74999999999985079, 3.110379681286367511E-13 ) ) ;
#9588 = PLANE ( 'NONE',  #1874 ) ;
#9589 = CARTESIAN_POINT ( 'NONE',  ( -29.50000000000028066, 9.749999999999406697, 23.99999999999961275 ) ) ;
#9590 = EDGE_CURVE ( 'NONE', #890, #4770, #6504, .T. ) ;
#9591 = DIRECTION ( 'NONE',  ( 1.000000000000000000, 0.000000000000000000, 0.000000000000000000 ) ) ;
#9592 = CIRCLE ( 'NONE', #9131, 0.3149606299212601157 ) ;
#9593 = ORIENTED_EDGE ( 'NONE', *, *, #5838, .F. ) ;
#9594 = AXIS2_PLACEMENT_3D ( 'NONE', #9504, #7200, #2584 ) ;
#9595 = EDGE_LOOP ( 'NONE', ( #3020, #5735, #3946, #737, #1937, #2742, #3506, #4205, #332 ) ) ;
#9596 = ORIENTED_EDGE ( 'NONE', *, *, #4869, .T. ) ;
#9597 = VECTOR ( 'NONE', #2592, 39.37007874015748143 ) ;
#9598 =( LENGTH_UNIT ( ) NAMED_UNIT ( * ) SI_UNIT ( $, .METRE. ) );
#9599 = CARTESIAN_POINT ( 'NONE',  ( 9.750000000000001776, 29.74999999999965183, -0.2499999999997701838 ) ) ;
#9600 = EDGE_CURVE ( 'NONE', #7653, #2165, #5419, .T. ) ;
#9601 = DIRECTION ( 'NONE',  ( 1.387778780781444571E-14, 1.387778780781444571E-14, -1.000000000000000000 ) ) ;
#9602 = EDGE_CURVE ( 'NONE', #2610, #9348, #813, .T. ) ;
#9603 = DIRECTION ( 'NONE',  ( 0.000000000000000000, 0.000000000000000000, -1.000000000000000000 ) ) ;
#9604 = DIRECTION ( 'NONE',  ( 0.7071067811865402453, 0.7071067811865545671, 2.006129593486250741E-14 ) ) ;
#9605 = CARTESIAN_POINT ( 'NONE',  ( -29.62035115497759463, 29.62035115497672066, 24.24999999999968736 ) ) ;
#9606 = DIRECTION ( 'NONE',  ( 0.000000000000000000, -1.387778780781445676E-14, 1.000000000000000000 ) ) ;
#9607 = UNCERTAINTY_MEASURE_WITH_UNIT (LENGTH_MEASURE( 1.000000000000000082E-05 ), #3305, 'distance_accuracy_value', 'NONE');
#9608 = ORIENTED_EDGE ( 'NONE', *, *, #668, .F. ) ;
#9609 = CARTESIAN_POINT ( 'NONE',  ( 29.49999999999988631, -27.93503937007870164, 22.99999999999966604 ) ) ;
#9610 = VECTOR ( 'NONE', #7676, 39.37007874015748143 ) ;
#9611 = ORIENTED_EDGE ( 'NONE', *, *, #2821, .T. ) ;
#9612 = CARTESIAN_POINT ( 'NONE',  ( 29.74999999999972289, -29.75000000000019185, 21.55177669529693318 ) ) ;
#9613 = CARTESIAN_POINT ( 'NONE',  ( -48.00000000000013500, -29.99999999999968381, 2.499999999999641176 ) ) ;
#9614 = VECTOR ( 'NONE', #4885, 39.37007874015748143 ) ;
#9615 = ADVANCED_FACE ( 'NONE', ( #8341 ), #6908, .F. ) ;
#9616 = LINE ( 'NONE', #5677, #4712 ) ;
#9617 = CARTESIAN_POINT ( 'NONE',  ( -29.75000000000027356, -29.75000000000003908, 21.62499999999925038 ) ) ;
#9618 = CARTESIAN_POINT ( 'NONE',  ( -9.750000000000442313, 29.74999999999956657, 24.25000000000016698 ) ) ;
#9619 = CARTESIAN_POINT ( 'NONE',  ( 27.12499999999965183, 27.12499999999972999, 24.25000000000068567 ) ) ;
#9620 = LINE ( 'NONE', #8104, #853 ) ;
#9621 = VERTEX_POINT ( 'NONE', #29 ) ;
#9622 = VERTEX_POINT ( 'NONE', #7462 ) ;
#9623 = VERTEX_POINT ( 'NONE', #5274 ) ;
#9624 = DIRECTION ( 'NONE',  ( -1.000000000000000000, -2.999999999999936730E-15, -3.000000000000063342E-15 ) ) ;
#9625 = ORIENTED_EDGE ( 'NONE', *, *, #4003, .F. ) ;
#9626 = CARTESIAN_POINT ( 'NONE',  ( -29.50000000000038725, -28.24999999999977973, 22.99999999999930722 ) ) ;
#9627 = DIRECTION ( 'NONE',  ( 3.999999999999769175E-15, -1.000000000000000000, -9.999999999999913213E-15 ) ) ;
#9628 = EDGE_CURVE ( 'NONE', #9701, #4320, #80, .T. ) ;
#9629 = CARTESIAN_POINT ( 'NONE',  ( 26.74999999999988276, -29.74999999999996447, 24.00000000000000355 ) ) ;
#9630 = CARTESIAN_POINT ( 'NONE',  ( -27.05177669529699358, 27.05177669529614448, 24.24999999999971223 ) ) ;
#9631 = CIRCLE ( 'NONE', #8539, 0.3149606299212601157 ) ;
#9632 = LINE ( 'NONE', #1925, #3360 ) ;
#9633 = EDGE_LOOP ( 'NONE', ( #1339, #4024, #619, #8484 ) ) ;
#9634 = CYLINDRICAL_SURFACE ( 'NONE', #2073, 0.3149606299212601157 ) ;
#9635 = DIRECTION ( 'NONE',  ( 1.000000000000000000, -1.387778780781444571E-14, 0.000000000000000000 ) ) ;
#9636 = DIRECTION ( 'NONE',  ( 0.7071067811865502373, -0.7071067811865446862, 4.949747468305954415E-15 ) ) ;
#9637 = CARTESIAN_POINT ( 'NONE',  ( 47.99999999999968026, -27.00000000000028777, 24.50000000000067146 ) ) ;
#9638 = EDGE_CURVE ( 'NONE', #3527, #1681, #8298, .T. ) ;
#9639 = VERTEX_POINT ( 'NONE', #9085 ) ;
#9640 = CARTESIAN_POINT ( 'NONE',  ( 26.99999999999986855, -26.99999999999996092, -0.3017766952967517180 ) ) ;
#9641 = ORIENTED_EDGE ( 'NONE', *, *, #7333, .T. ) ;
#9642 = ORIENTED_EDGE ( 'NONE', *, *, #2125, .T. ) ;
#9643 = ADVANCED_FACE ( 'NONE', ( #126 ), #669, .T. ) ;
#9644 = DIRECTION ( 'NONE',  ( -6.862566070964249654E-15, 1.098424497521989485E-16, 1.000000000000000000 ) ) ;
#9645 = CARTESIAN_POINT ( 'NONE',  ( -29.50000000000032330, -28.24999999999955946, 0.9999999999996429523 ) ) ;
#9646 = CARTESIAN_POINT ( 'NONE',  ( 26.99999999999985434, -28.25000000000001776, 0.6850393700786560069 ) ) ;
#9647 = PRODUCT_DEFINITION_FORMATION_WITH_SPECIFIED_SOURCE ( 'ANY', '', #8055, .NOT_KNOWN. ) ;
#9648 = DIRECTION ( 'NONE',  ( -1.000000000000000000, 1.000000000000064173E-15, -3.182123199577596482E-15 ) ) ;
#9649 = CARTESIAN_POINT ( 'NONE',  ( -48.00000000000031974, 29.99999999999944578, 21.49999999999935341 ) ) ;
#9650 = DIRECTION ( 'NONE',  ( 1.799999999999999903E-14, 6.999999999999997783E-15, -1.000000000000000000 ) ) ;
#9651 = AXIS2_PLACEMENT_3D ( 'NONE', #8171, #1276, #2813 ) ;
#9652 = ORIENTED_EDGE ( 'NONE', *, *, #8198, .T. ) ;
#9653 = DIRECTION ( 'NONE',  ( -1.000000000000000000, 0.000000000000000000, 0.000000000000000000 ) ) ;
#9654 = EDGE_CURVE ( 'NONE', #2977, #3862, #5601, .T. ) ;
#9655 = VERTEX_POINT ( 'NONE', #2380 ) ;
#9656 = DIRECTION ( 'NONE',  ( -0.7071067811865432429, 0.7071067811865517916, 2.828427124746231943E-15 ) ) ;
#9657 = CARTESIAN_POINT ( 'NONE',  ( 29.74999999999988631, -26.74999999999996092, 0.000000000000000000 ) ) ;
#9658 = AXIS2_PLACEMENT_3D ( 'NONE', #2532, #8736, #1903 ) ;
#9659 = CARTESIAN_POINT ( 'NONE',  ( -26.74999999999967670, 29.62499999999976197, 9.179009258711924730E-14 ) ) ;
#9660 = CARTESIAN_POINT ( 'NONE',  ( -29.43700000000007932, 29.43699999999981998, -0.2499999999998768485 ) ) ;
#9661 = DIRECTION ( 'NONE',  ( 1.000000000000000000, 0.000000000000000000, 0.000000000000000000 ) ) ;
#9662 = DIRECTION ( 'NONE',  ( 8.000000000000000622E-15, 1.000000000000000000, 7.000000000000000938E-15 ) ) ;
#9663 = FILL_AREA_STYLE ('',( #3793 ) ) ;
#9664 = LINE ( 'NONE', #5977, #7184 ) ;
#9665 = ORIENTED_EDGE ( 'NONE', *, *, #5552, .T. ) ;
#9666 = AXIS2_PLACEMENT_3D ( 'NONE', #2119, #1429, #5992 ) ;
#9667 = ORIENTED_EDGE ( 'NONE', *, *, #841, .T. ) ;
#9668 = ORIENTED_EDGE ( 'NONE', *, *, #2798, .F. ) ;
#9669 = CARTESIAN_POINT ( 'NONE',  ( -29.50000000000009948, 29.49999999999981526, -0.4999999999998731015 ) ) ;
#9670 = VERTEX_POINT ( 'NONE', #2192 ) ;
#9671 = DIRECTION ( 'NONE',  ( -1.000000000000000000, -3.914423644569963075E-15, -1.700000000000008533E-14 ) ) ;
#9672 = VECTOR ( 'NONE', #1168, 39.37007874015748143 ) ;
#9673 = CARTESIAN_POINT ( 'NONE',  ( -29.74999999999985079, -9.750000000000005329, 24.24999999999936762 ) ) ;
#9674 = DIRECTION ( 'NONE',  ( -0.7071067811865516806, 0.7071067811865433539, -7.135458086582038198E-15 ) ) ;
#9675 = PLANE ( 'NONE',  #8420 ) ;
#9676 = EDGE_CURVE ( 'NONE', #4970, #7339, #1011, .T. ) ;
#9677 = ORIENTED_EDGE ( 'NONE', *, *, #1505, .F. ) ;
#9678 = DIRECTION ( 'NONE',  ( -0.7071067811865439090, 0.7071067811865511255, -7.778174593051896057E-15 ) ) ;
#9679 =( GEOMETRIC_REPRESENTATION_CONTEXT ( 3 ) GLOBAL_UNCERTAINTY_ASSIGNED_CONTEXT ( ( #1296 ) ) GLOBAL_UNIT_ASSIGNED_CONTEXT ( ( #5662, #3535, #8685 ) ) REPRESENTATION_CONTEXT ( 'NONE', 'WORKASPACE' ) );
#9680 = VECTOR ( 'NONE', #5697, 39.37007874015748143 ) ;
#9681 = EDGE_CURVE ( 'NONE', #8448, #9214, #4470, .T. ) ;
#9682 = DIRECTION ( 'NONE',  ( -1.387778780781444571E-14, -1.000000000000000000, -1.387778780781444571E-14 ) ) ;
#9683 = LINE ( 'NONE', #2970, #1208 ) ;
#9684 = CARTESIAN_POINT ( 'NONE',  ( 26.99999999999966604, -27.00000000000022737, 24.50000000000026645 ) ) ;
#9685 = AXIS2_PLACEMENT_3D ( 'NONE', #9565, #9656, #6468 ) ;
#9686 = AXIS2_PLACEMENT_3D ( 'NONE', #650, #744, #3766 ) ;
#9687 = CIRCLE ( 'NONE', #5919, 0.3149606299212600047 ) ;
#9688 = DIRECTION ( 'NONE',  ( 1.000000000000000000, -1.387778780781444571E-14, 3.035766082959409654E-15 ) ) ;
#9689 = ORIENTED_EDGE ( 'NONE', *, *, #1754, .T. ) ;
#9690 = ORIENTED_EDGE ( 'NONE', *, *, #8714, .F. ) ;
#9691 = EDGE_LOOP ( 'NONE', ( #5451, #6679, #3160, #4633 ) ) ;
#9692 = CARTESIAN_POINT ( 'NONE',  ( -1.081811805491065771E-13, 2.501868876767473911E-13, 23.99999999999896971 ) ) ;
#9693 = DIRECTION ( 'NONE',  ( -3.000000000000000233E-15, 1.000000000000000000, 7.182123199577615725E-15 ) ) ;
#9694 = EDGE_CURVE ( 'NONE', #1353, #734, #7564, .T. ) ;
#9695 =( REPRESENTATION_RELATIONSHIP ('NONE','NONE', #4286, #7722 ) REPRESENTATION_RELATIONSHIP_WITH_TRANSFORMATION ( #4693 )SHAPE_REPRESENTATION_RELATIONSHIP( ) );
#9696 = CARTESIAN_POINT ( 'NONE',  ( -28.25000000000011369, -26.99999999999975131, 0.9999999999997206679 ) ) ;
#9697 = CARTESIAN_POINT ( 'NONE',  ( 29.74999999999966960, 29.74999999999974065, 24.12035115497797833 ) ) ;
#9698 = PLANE ( 'NONE',  #454 ) ;
#9699 = CARTESIAN_POINT ( 'NONE',  ( 47.99999999999968026, -29.43700000000028894, 24.25000000000065725 ) ) ;
#9700 = CARTESIAN_POINT ( 'NONE',  ( -29.74999999999991473, -29.75000000000046896, 23.93699999999925154 ) ) ;
#9701 = VERTEX_POINT ( 'NONE', #6814 ) ;
#9702 = CARTESIAN_POINT ( 'NONE',  ( 26.99999999999985789, -27.00000000000000711, -0.3750000000000752176 ) ) ;
#9703 = ORIENTED_EDGE ( 'NONE', *, *, #6490, .F. ) ;
#9704 = ADVANCED_FACE ( 'NONE', ( #3046 ), #6861, .T. ) ;
#9705 = ORIENTED_EDGE ( 'NONE', *, *, #1552, .T. ) ;
#9706 = DIRECTION ( 'NONE',  ( 0.7071067811865417996, -0.7071067811865531239, -4.949747468305949682E-15 ) ) ;
#9707 = CARTESIAN_POINT ( 'NONE',  ( -26.75000000000041567, -29.74999999999982947, 23.99999999999963762 ) ) ;
#9708 = STYLED_ITEM ( 'NONE', ( #4725 ), #5027 ) ;
#9709 = DIRECTION ( 'NONE',  ( -1.000000000000000000, 7.914423644570428025E-15, -2.999999999999832206E-15 ) ) ;
#9710 = EDGE_CURVE ( 'NONE', #779, #4691, #4663, .T. ) ;
#9711 = CARTESIAN_POINT ( 'NONE',  ( 29.49999999999988631, -28.56496062992122376, 22.99999999999966604 ) ) ;
#9712 = FACE_BOUND ( 'NONE', #9562, .T. ) ;
#9713 = LINE ( 'NONE', #2900, #9550 ) ;
#9714 = LINE ( 'NONE', #6626, #521 ) ;
#9715 = FACE_OUTER_BOUND ( 'NONE', #7700, .T. ) ;
#9716 = VERTEX_POINT ( 'NONE', #7852 ) ;
#9717 = EDGE_LOOP ( 'NONE', ( #8694, #8636 ) ) ;
#9718 = VECTOR ( 'NONE', #4363, 39.37007874015748143 ) ;
#9719 = ORIENTED_EDGE ( 'NONE', *, *, #9273, .F. ) ;
#9720 = CARTESIAN_POINT ( 'NONE',  ( 29.74999999999988631, -26.74999999999996092, 24.00000000000000355 ) ) ;
#9721 = ORIENTED_EDGE ( 'NONE', *, *, #9298, .F. ) ;
#9722 = DIRECTION ( 'NONE',  ( 0.000000000000000000, -1.000000000000000000, -6.999999999999997783E-15 ) ) ;
#9723 = ADVANCED_FACE ( 'NONE', ( #6954 ), #9264, .F. ) ;
#9724 = CARTESIAN_POINT ( 'NONE',  ( 29.75000000000000355, 9.749999999999651834, -0.2499999999998302191 ) ) ;
#9725 = LINE ( 'NONE', #3013, #795 ) ;
#9726 = LINE ( 'NONE', #4492, #6877 ) ;
#9727 = CARTESIAN_POINT ( 'NONE',  ( -9.749999999999927169, -29.75000000000008527, 23.99999999999948486 ) ) ;
#9728 = ORIENTED_EDGE ( 'NONE', *, *, #2260, .F. ) ;
#9729 = FACE_OUTER_BOUND ( 'NONE', #8764, .T. ) ;
#9730 = ORIENTED_EDGE ( 'NONE', *, *, #9561, .T. ) ;
#9731 = ADVANCED_FACE ( 'NONE', ( #9363 ), #8439, .F. ) ;
#9732 = CARTESIAN_POINT ( 'NONE',  ( -29.49999999999960565, 9.749999999999774403, -0.2499999999999879541 ) ) ;
#9733 = DIRECTION ( 'NONE',  ( -4.000000000000000311E-15, -1.099999999999999888E-14, 1.000000000000000000 ) ) ;
#9734 = DIRECTION ( 'NONE',  ( -1.000000000000000000, 1.499999999999999919E-14, -2.999999999999999839E-15 ) ) ;
#9735 = ADVANCED_FACE ( 'NONE', ( #3281 ), #1697, .F. ) ;
#9736 = PLANE ( 'NONE',  #5118 ) ;
#9737 = CARTESIAN_POINT ( 'NONE',  ( 29.74999999999968026, -29.75000000000022027, 23.93700000000029604 ) ) ;
#9738 = ORIENTED_EDGE ( 'NONE', *, *, #3011, .F. ) ;
#9739 = ORIENTED_EDGE ( 'NONE', *, *, #919, .F. ) ;
#9740 = CIRCLE ( 'NONE', #4535, 0.3149606299212601157 ) ;
#9741 = ORIENTED_EDGE ( 'NONE', *, *, #2771, .F. ) ;
#9742 = ADVANCED_FACE ( 'NONE', ( #172 ), #6259, .F. ) ;
#9743 = DIRECTION ( 'NONE',  ( 0.000000000000000000, 0.000000000000000000, 1.000000000000000000 ) ) ;
#9744 = CARTESIAN_POINT ( 'NONE',  ( 29.87499999999984723, -29.87500000000003553, 2.499999999999913403 ) ) ;
#9745 = CARTESIAN_POINT ( 'NONE',  ( 26.74999999999988276, -29.74999999999996447, 24.00000000000000355 ) ) ;
#9746 = CARTESIAN_POINT ( 'NONE',  ( -26.87500000000033751, -29.62499999999958433, -3.627894135586141523E-13 ) ) ;
#9747 = LINE ( 'NONE', #8479, #7809 ) ;
#9748 = AXIS2_PLACEMENT_3D ( 'NONE', #2596, #5628, #571 ) ;
#9749 = AXIS2_PLACEMENT_3D ( 'NONE', #1801, #4812, #4707 ) ;
#9750 = EDGE_CURVE ( 'NONE', #9623, #3099, #8611, .T. ) ;
#9751 = CARTESIAN_POINT ( 'NONE',  ( -29.49999999999960565, 9.749999999999774403, -0.2499999999999879541 ) ) ;
#9752 = ORIENTED_EDGE ( 'NONE', *, *, #3947, .F. ) ;
#9753 = DIRECTION ( 'NONE',  ( -1.000000000000000000, 1.387778780781444571E-14, -3.035766082959409654E-15 ) ) ;
#9754 = VECTOR ( 'NONE', #6905, 39.37007874015748143 ) ;
#9755 = ORIENTED_EDGE ( 'NONE', *, *, #2577, .F. ) ;
#9756 = ORIENTED_EDGE ( 'NONE', *, *, #7093, .T. ) ;
#9757 = DIRECTION ( 'NONE',  ( -1.000000000000000000, 0.000000000000000000, -1.396471817847543537E-14 ) ) ;
#9758 =( BOUNDED_CURVE ( )  B_SPLINE_CURVE ( 3, ( #9582, #7381, #8069, #7979 ),
 .UNSPECIFIED., .F., .T. ) 
 B_SPLINE_CURVE_WITH_KNOTS ( ( 4, 4 ),
 ( 4.930380657631259740E-32, 1.570796326794895004 ),
 .UNSPECIFIED. ) 
 CURVE ( )  GEOMETRIC_REPRESENTATION_ITEM ( )  RATIONAL_B_SPLINE_CURVE ( ( 1.000000000000000000, 0.8047378541243649375, 0.8047378541243649375, 1.000000000000000000 ) ) 
 REPRESENTATION_ITEM ( '' )  );
#9759 = NEXT_ASSEMBLY_USAGE_OCCURRENCE ( 'NAUO1', ' ', ' ', #6121, #8472, $ ) ;
#9760 = NEXT_ASSEMBLY_USAGE_OCCURRENCE ( 'NAUO2', ' ', ' ', #6121, #4220, $ ) ;
#9761 = NEXT_ASSEMBLY_USAGE_OCCURRENCE ( 'NAUO3', ' ', ' ', #6121, #3203, $ ) ;
#9762 = NEXT_ASSEMBLY_USAGE_OCCURRENCE ( 'NAUO4', ' ', ' ', #6121, #5264, $ ) ;
#9763 = NEXT_ASSEMBLY_USAGE_OCCURRENCE ( 'NAUO5', ' ', ' ', #6121, #5264, $ ) ;
#9764 = NEXT_ASSEMBLY_USAGE_OCCURRENCE ( 'NAUO6', ' ', ' ', #6121, #5264, $ ) ;
#9765 = NEXT_ASSEMBLY_USAGE_OCCURRENCE ( 'NAUO7', ' ', ' ', #6121, #5264, $ ) ;
#9766 = NEXT_ASSEMBLY_USAGE_OCCURRENCE ( 'NAUO8', ' ', ' ', #6121, #3203, $ ) ;
#9767 = NEXT_ASSEMBLY_USAGE_OCCURRENCE ( 'NAUO9', ' ', ' ', #6121, #3203, $ ) ;
#9768 = NEXT_ASSEMBLY_USAGE_OCCURRENCE ( 'NAUO10', ' ', ' ', #6121, #3203, $ ) ;
#9769 = NEXT_ASSEMBLY_USAGE_OCCURRENCE ( 'NAUO11', ' ', ' ', #6121, #4220, $ ) ;
#9770 = NEXT_ASSEMBLY_USAGE_OCCURRENCE ( 'NAUO12', ' ', ' ', #6121, #4220, $ ) ;
#9771 = NEXT_ASSEMBLY_USAGE_OCCURRENCE ( 'NAUO13', ' ', ' ', #6121, #4220, $ ) ;
#9772 = NEXT_ASSEMBLY_USAGE_OCCURRENCE ( 'NAUO14', ' ', ' ', #6121, #4220, $ ) ;
#9773 = NEXT_ASSEMBLY_USAGE_OCCURRENCE ( 'NAUO15', ' ', ' ', #6121, #3203, $ ) ;
#9774 = NEXT_ASSEMBLY_USAGE_OCCURRENCE ( 'NAUO16', ' ', ' ', #6121, #3203, $ ) ;
#9775 = NEXT_ASSEMBLY_USAGE_OCCURRENCE ( 'NAUO17', ' ', ' ', #6121, #3203, $ ) ;
#9776 = NEXT_ASSEMBLY_USAGE_OCCURRENCE ( 'NAUO18', ' ', ' ', #6121, #3203, $ ) ;
#9777 = NEXT_ASSEMBLY_USAGE_OCCURRENCE ( 'NAUO19', ' ', ' ', #6121, #4220, $ ) ;
#9778 = NEXT_ASSEMBLY_USAGE_OCCURRENCE ( 'NAUO20', ' ', ' ', #6121, #4220, $ ) ;
#9779 = NEXT_ASSEMBLY_USAGE_OCCURRENCE ( 'NAUO21', ' ', ' ', #6121, #4220, $ ) ;
ENDSEC;
END-ISO-10303-21;
