ISO-10303-21;
HEADER;
FILE_DESCRIPTION (( 'STEP AP214' ),
    '1' );
FILE_NAME ('090765D.STEP',
    '2026-02-26T01:17:11',
    ( '' ),
    ( '' ),
    'SwSTEP 2.0',
    'SolidWorks 2025',
    '' );
FILE_SCHEMA (( 'AUTOMOTIVE_DESIGN' ));
ENDSEC;

DATA;
#1 = VECTOR ( 'NONE', #3156, 39.37007874015748143 ) ;
#2 = LINE ( 'NONE', #1124, #593 ) ;
#3 = ORIENTED_EDGE ( 'NONE', *, *, #434, .F. ) ;
#4 = ORIENTED_EDGE ( 'NONE', *, *, #2435, .T. ) ;
#5 = EDGE_CURVE ( 'NONE', #2438, #1189, #1813, .T. ) ;
#6 = DIRECTION ( 'NONE',  ( 0.000000000000000000, 1.000000000000000000, 0.000000000000000000 ) ) ;
#7 = DIRECTION ( 'NONE',  ( 0.000000000000000000, 1.000000000000000000, 0.000000000000000000 ) ) ;
#8 = LINE ( 'NONE', #946, #3328 ) ;
#9 = VERTEX_POINT ( 'NONE', #567 ) ;
#10 = ADVANCED_FACE ( 'NONE', ( #3286, #1890, #1615, #2733, #3608, #797, #1338, #1096, #547, #1670, #2788, #2458 ), #1081, .F. ) ;
#11 = DIRECTION ( 'NONE',  ( 0.000000000000000000, 1.000000000000000000, 0.000000000000000000 ) ) ;
#12 = CARTESIAN_POINT ( 'NONE',  ( 1.773229646800767556, 0.2500000000000000000, 12.27693192512834841 ) ) ;
#13 = CARTESIAN_POINT ( 'NONE',  ( 1.828517024690913484, 0.2500000000000000000, 12.24867479322919372 ) ) ;
#14 = VERTEX_POINT ( 'NONE', #1630 ) ;
#15 = VERTEX_POINT ( 'NONE', #2750 ) ;
#16 = CARTESIAN_POINT ( 'NONE',  ( -6.942673012021043810, -0.1249999999999984318, -13.60828200000000088 ) ) ;
#17 = ORIENTED_EDGE ( 'NONE', *, *, #1688, .F. ) ;
#18 = CARTESIAN_POINT ( 'NONE',  ( 2.019619653481299348, 0.2500000000000000000, 12.19021177665391775 ) ) ;
#19 = VECTOR ( 'NONE', #1307, 39.37007874015748143 ) ;
#20 = DIRECTION ( 'NONE',  ( 0.000000000000000000, 0.000000000000000000, 1.000000000000000000 ) ) ;
#21 = EDGE_CURVE ( 'NONE', #2572, #1736, #235, .T. ) ;
#22 = ORIENTED_EDGE ( 'NONE', *, *, #1761, .T. ) ;
#23 = ORIENTED_EDGE ( 'NONE', *, *, #1560, .F. ) ;
#24 = CARTESIAN_POINT ( 'NONE',  ( 8.843271017152499525, 0.2500000000000000000, -8.629987509932462331 ) ) ;
#25 = FACE_OUTER_BOUND ( 'NONE', #3112, .T. ) ;
#26 = DIRECTION ( 'NONE',  ( 1.325174869592158030E-15, 1.000000000000000000, 0.000000000000000000 ) ) ;
#27 = VERTEX_POINT ( 'NONE', #3139 ) ;
#28 = CARTESIAN_POINT ( 'NONE',  ( 4.036333620450724524, 0.2500000000000000000, -11.08973547957385897 ) ) ;
#29 = CARTESIAN_POINT ( 'NONE',  ( 1.958122249573083007, 0.2500000000000000000, 12.20040039091647621 ) ) ;
#30 = CARTESIAN_POINT ( 'NONE',  ( 1.635935387459767743, 0.2500000000000000000, 12.37577016504117999 ) ) ;
#31 = CARTESIAN_POINT ( 'NONE',  ( 6.286000000000000476, -0.5550000000000009370, -13.35828199999999910 ) ) ;
#32 = ORIENTED_EDGE ( 'NONE', *, *, #2129, .F. ) ;
#33 = DIRECTION ( 'NONE',  ( 0.000000000000000000, 1.000000000000000000, 0.000000000000000000 ) ) ;
#34 = EDGE_LOOP ( 'NONE', ( #1835, #550 ) ) ;
#35 = CARTESIAN_POINT ( 'NONE',  ( -6.817673012021043810, -1.868200000000000749, -13.35828200000000621 ) ) ;
#36 = VECTOR ( 'NONE', #2774, 39.37007874015748143 ) ;
#37 = LINE ( 'NONE', #2010, #2633 ) ;
#38 = CARTESIAN_POINT ( 'NONE',  ( -6.692673012021043810, -2.493199999999999861, -13.60828200000000088 ) ) ;
#39 = CIRCLE ( 'NONE', #691, 0.1720000000000002360 ) ;
#40 = ORIENTED_EDGE ( 'NONE', *, *, #626, .F. ) ;
#41 = ORIENTED_EDGE ( 'NONE', *, *, #1710, .T. ) ;
#42 = EDGE_CURVE ( 'NONE', #3367, #2617, #71, .T. ) ;
#43 = AXIS2_PLACEMENT_3D ( 'NONE', #230, #2486, #1350 ) ;
#44 = FACE_OUTER_BOUND ( 'NONE', #2095, .T. ) ;
#45 = CARTESIAN_POINT ( 'NONE',  ( -6.286000000000000476, -2.226999999999999869, -13.60828200000000088 ) ) ;
#46 = DIRECTION ( 'NONE',  ( -0.000000000000000000, -0.000000000000000000, 1.000000000000000000 ) ) ;
#47 = EDGE_LOOP ( 'NONE', ( #2406, #2857, #362, #968 ) ) ;
#48 = AXIS2_PLACEMENT_3D ( 'NONE', #2431, #739, #1269 ) ;
#49 = CARTESIAN_POINT ( 'NONE',  ( -2.036000000000000032, -2.227000000000000757, -13.35828199999999910 ) ) ;
#50 = CARTESIAN_POINT ( 'NONE',  ( 1.513882903071017694, 0.2500000000000000000, 12.51560041729580597 ) ) ;
#51 = CARTESIAN_POINT ( 'NONE',  ( 6.942673012021043810, -0.1249999999999994726, -13.35828199999999910 ) ) ;
#52 = EDGE_LOOP ( 'NONE', ( #3429, #2858, #3613, #441 ) ) ;
#53 = FACE_OUTER_BOUND ( 'NONE', #1665, .T. ) ;
#54 = ORIENTED_EDGE ( 'NONE', *, *, #1666, .T. ) ;
#55 = CARTESIAN_POINT ( 'NONE',  ( 1.592016401908740164, 0.000000000000000000, 12.41928862566254033 ) ) ;
#56 = VECTOR ( 'NONE', #6, 39.37007874015748143 ) ;
#57 = CARTESIAN_POINT ( 'NONE',  ( -2.036000000000000032, -0.3830000000000000071, -13.60828200000000088 ) ) ;
#58 = DIRECTION ( 'NONE',  ( 0.000000000000000000, 1.000000000000000000, 0.000000000000000000 ) ) ;
#59 = AXIS2_PLACEMENT_3D ( 'NONE', #405, #952, #349 ) ;
#60 = CIRCLE ( 'NONE', #2118, 0.7500000000000004441 ) ;
#61 = EDGE_LOOP ( 'NONE', ( #1441, #1895, #2656, #1106 ) ) ;
#62 = ORIENTED_EDGE ( 'NONE', *, *, #3269, .T. ) ;
#63 = CIRCLE ( 'NONE', #1642, 0.1719999999999999585 ) ;
#64 = CIRCLE ( 'NONE', #2645, 12.35637999999999970 ) ;
#65 = LINE ( 'NONE', #3207, #3463 ) ;
#66 = ADVANCED_FACE ( 'NONE', ( #331 ), #1450, .F. ) ;
#67 = ORIENTED_EDGE ( 'NONE', *, *, #3172, .T. ) ;
#68 = FACE_BOUND ( 'NONE', #3162, .T. ) ;
#69 = CARTESIAN_POINT ( 'NONE',  ( 1.269152200419122467, 0.2500000000000002220, 13.04645805794947222 ) ) ;
#70 = DIRECTION ( 'NONE',  ( -1.000000000000000000, -0.000000000000000000, -0.000000000000000000 ) ) ;
#71 = LINE ( 'NONE', #2567, #2742 ) ;
#72 = EDGE_CURVE ( 'NONE', #1739, #2992, #587, .T. ) ;
#73 = EDGE_CURVE ( 'NONE', #1491, #1917, #624, .T. ) ;
#74 = ORIENTED_EDGE ( 'NONE', *, *, #187, .T. ) ;
#75 = DIRECTION ( 'NONE',  ( -1.000000000000000000, 1.325174869592158030E-15, 3.496765431890260075E-15 ) ) ;
#76 = EDGE_LOOP ( 'NONE', ( #537, #2156 ) ) ;
#77 = DIRECTION ( 'NONE',  ( 2.185478394930810252E-15, 1.000000000000000000, 3.506302574893970122E-15 ) ) ;
#78 = EDGE_CURVE ( 'NONE', #2992, #3593, #3377, .T. ) ;
#79 = CARTESIAN_POINT ( 'NONE',  ( 6.286000000000000476, -2.055000000000000160, -13.60828200000000088 ) ) ;
#80 = DIRECTION ( 'NONE',  ( 1.000000000000000000, 0.000000000000000000, 0.000000000000000000 ) ) ;
#81 = CIRCLE ( 'NONE', #1953, 0.1720000000000000417 ) ;
#82 = VERTEX_POINT ( 'NONE', #3122 ) ;
#83 = ORIENTED_EDGE ( 'NONE', *, *, #1827, .F. ) ;
#84 = LINE ( 'NONE', #1049, #3229 ) ;
#85 = EDGE_LOOP ( 'NONE', ( #1110, #1117, #1121, #2771 ) ) ;
#86 = ADVANCED_FACE ( 'NONE', ( #2591 ), #861, .F. ) ;
#87 = CARTESIAN_POINT ( 'NONE',  ( -6.442673012021043810, -0.2190000000000098535, -13.60828200000000088 ) ) ;
#88 = CARTESIAN_POINT ( 'NONE',  ( -7.192673012021035817, -0.09300000000000435696, -12.10828200000006127 ) ) ;
#89 = CARTESIAN_POINT ( 'NONE',  ( -7.358179529846889722, 0.000000000000000000, -13.48328200000000088 ) ) ;
#90 = CARTESIAN_POINT ( 'NONE',  ( -1.513843565588419482, 0.2500000000000000000, 12.51568822829980121 ) ) ;
#91 = EDGE_LOOP ( 'NONE', ( #3126, #1972 ) ) ;
#92 = EDGE_CURVE ( 'NONE', #568, #1460, #1495, .T. ) ;
#93 = DIRECTION ( 'NONE',  ( 0.000000000000000000, 0.000000000000000000, 1.000000000000000000 ) ) ;
#94 = VERTEX_POINT ( 'NONE', #2891 ) ;
#95 = CARTESIAN_POINT ( 'NONE',  ( 0.6250000000000432987, 0.2500000000000000000, 12.78875089234379914 ) ) ;
#96 = PRODUCT_RELATED_PRODUCT_CATEGORY ( 'part', '', ( #3457 ) ) ;
#97 = DIRECTION ( 'NONE',  ( 0.000000000000000000, 3.506302574893970122E-15, -1.000000000000000000 ) ) ;
#98 = LINE ( 'NONE', #1504, #471 ) ;
#99 = ORIENTED_EDGE ( 'NONE', *, *, #2441, .F. ) ;
#100 = CARTESIAN_POINT ( 'NONE',  ( -2.036000000000000032, -0.5550000000000000488, -13.60828200000000088 ) ) ;
#101 = AXIS2_PLACEMENT_3D ( 'NONE', #3106, #3614, #2831 ) ;
#102 = ORIENTED_EDGE ( 'NONE', *, *, #113, .F. ) ;
#103 = AXIS2_PLACEMENT_3D ( 'NONE', #1541, #2378, #1130 ) ;
#104 = LINE ( 'NONE', #126, #164 ) ;
#105 = LINE ( 'NONE', #2904, #2754 ) ;
#106 = CARTESIAN_POINT ( 'NONE',  ( 1.899158825767224279, 0.2500000000000000000, 12.21791864133179217 ) ) ;
#107 = DIRECTION ( 'NONE',  ( 0.000000000000000000, 3.506302574893970122E-15, -1.000000000000000000 ) ) ;
#108 = EDGE_LOOP ( 'NONE', ( #2973, #132, #1824, #1995 ) ) ;
#109 = PLANE ( 'NONE',  #2081 ) ;
#110 = VECTOR ( 'NONE', #3440, 39.37007874015748143 ) ;
#111 = ORIENTED_EDGE ( 'NONE', *, *, #659, .T. ) ;
#112 = CARTESIAN_POINT ( 'NONE',  ( -2.731847993664263711E-16, 0.000000000000000000, 2.731847993664263711E-16 ) ) ;
#113 = EDGE_CURVE ( 'NONE', #1326, #82, #2906, .T. ) ;
#114 = DIRECTION ( 'NONE',  ( -0.4067366430757979323, 0.000000000000000000, -0.9135454576426018658 ) ) ;
#115 = CYLINDRICAL_SURFACE ( 'NONE', #1184, 0.1720000000000000417 ) ;
#116 = DIRECTION ( 'NONE',  ( 1.000000000000000000, 1.325174869592158030E-15, 0.000000000000000000 ) ) ;
#117 = ORIENTED_EDGE ( 'NONE', *, *, #3021, .T. ) ;
#118 = EDGE_CURVE ( 'NONE', #1273, #2992, #2548, .T. ) ;
#119 = EDGE_CURVE ( 'NONE', #2967, #726, #1513, .T. ) ;
#120 = VECTOR ( 'NONE', #1619, 39.37007874015748143 ) ;
#121 = FACE_OUTER_BOUND ( 'NONE', #702, .T. ) ;
#122 = EDGE_CURVE ( 'NONE', #2381, #3473, #3508, .T. ) ;
#123 = EDGE_LOOP ( 'NONE', ( #1063, #3321, #2801, #3452 ) ) ;
#124 = AXIS2_PLACEMENT_3D ( 'NONE', #3385, #597, #555 ) ;
#125 = VECTOR ( 'NONE', #2168, 39.37007874015748143 ) ;
#126 = CARTESIAN_POINT ( 'NONE',  ( 6.942673012021043810, 0.2500000000000000000, -13.23328200000000088 ) ) ;
#127 = CARTESIAN_POINT ( 'NONE',  ( -1.814050343894822781, 0.2500000000000000000, 12.25498596056187139 ) ) ;
#128 = VECTOR ( 'NONE', #7, 39.37007874015748143 ) ;
#129 = PLANE ( 'NONE',  #1413 ) ;
#130 = CARTESIAN_POINT ( 'NONE',  ( 7.192673012021044698, -1.868200000000000083, -12.35828200000005950 ) ) ;
#131 = DIMENSIONAL_EXPONENTS ( 1.000000000000000000, 0.000000000000000000, 0.000000000000000000, 0.000000000000000000, 0.000000000000000000, 0.000000000000000000, 0.000000000000000000 ) ;
#132 = ORIENTED_EDGE ( 'NONE', *, *, #923, .F. ) ;
#133 = EDGE_CURVE ( 'NONE', #2641, #1143, #2330, .T. ) ;
#134 = CYLINDRICAL_SURFACE ( 'NONE', #1893, 0.1405000000000000415 ) ;
#135 = VERTEX_POINT ( 'NONE', #645 ) ;
#136 = EDGE_CURVE ( 'NONE', #1259, #2379, #1154, .T. ) ;
#137 = CARTESIAN_POINT ( 'NONE',  ( -6.817673012021043810, 4.771104890747052213E-14, -13.35828199999999910 ) ) ;
#138 = FACE_OUTER_BOUND ( 'NONE', #3311, .T. ) ;
#139 = CARTESIAN_POINT ( 'NONE',  ( 1.310510525686539474, 0.2500000000000000000, 12.95356573849177195 ) ) ;
#140 = VECTOR ( 'NONE', #153, 39.37007874015748143 ) ;
#141 = VERTEX_POINT ( 'NONE', #1214 ) ;
#142 = CYLINDRICAL_SURFACE ( 'NONE', #1701, 0.2500000000000008882 ) ;
#143 = EDGE_CURVE ( 'NONE', #2097, #2279, #2310, .T. ) ;
#144 = ORIENTED_EDGE ( 'NONE', *, *, #73, .T. ) ;
#145 = AXIS2_PLACEMENT_3D ( 'NONE', #1025, #2165, #2456 ) ;
#146 = PLANE ( 'NONE',  #1807 ) ;
#147 = CARTESIAN_POINT ( 'NONE',  ( -1.635730722627387834, 0.000000000000000000, 12.37595163552153643 ) ) ;
#148 = DIRECTION ( 'NONE',  ( -1.000000000000000000, 0.000000000000000000, 0.000000000000000000 ) ) ;
#149 = CARTESIAN_POINT ( 'NONE',  ( -2.019619653481279364, 0.2500000000000000000, 12.19021177665393729 ) ) ;
#150 = ORIENTED_EDGE ( 'NONE', *, *, #1118, .F. ) ;
#151 = FACE_OUTER_BOUND ( 'NONE', #1567, .T. ) ;
#152 = VERTEX_POINT ( 'NONE', #2607 ) ;
#153 = DIRECTION ( 'NONE',  ( 0.000000000000000000, 1.000000000000000000, 0.000000000000000000 ) ) ;
#154 = EDGE_LOOP ( 'NONE', ( #1247, #2304, #2794, #436 ) ) ;
#155 = DIRECTION ( 'NONE',  ( 0.000000000000000000, 0.000000000000000000, 1.000000000000000000 ) ) ;
#156 = EDGE_LOOP ( 'NONE', ( #1856, #1727, #3276, #787 ) ) ;
#157 = EDGE_CURVE ( 'NONE', #993, #1880, #714, .T. ) ;
#158 = CIRCLE ( 'NONE', #3612, 0.7500000000000004441 ) ;
#159 = DIRECTION ( 'NONE',  ( -1.000000000000000000, 0.000000000000000000, 0.000000000000000000 ) ) ;
#160 = LINE ( 'NONE', #2707, #2229 ) ;
#161 = DIRECTION ( 'NONE',  ( -0.000000000000000000, 0.000000000000000000, -1.000000000000000000 ) ) ;
#162 = CARTESIAN_POINT ( 'NONE',  ( -1.958122303537193076, 0.2500000000000000000, 12.20040038197594434 ) ) ;
#163 = ADVANCED_FACE ( 'NONE', ( #2939 ), #2349, .F. ) ;
#164 = VECTOR ( 'NONE', #622, 39.37007874015748143 ) ;
#165 = ORIENTED_EDGE ( 'NONE', *, *, #682, .T. ) ;
#166 = FACE_OUTER_BOUND ( 'NONE', #108, .T. ) ;
#167 = AXIS2_PLACEMENT_3D ( 'NONE', #1811, #2651, #1994 ) ;
#168 = ORIENTED_EDGE ( 'NONE', *, *, #1080, .F. ) ;
#169 = VECTOR ( 'NONE', #651, 39.37007874015748143 ) ;
#170 = DIRECTION ( 'NONE',  ( 0.000000000000000000, 1.000000000000000000, 3.506302574893970122E-15 ) ) ;
#171 = ORIENTED_EDGE ( 'NONE', *, *, #1928, .T. ) ;
#172 = CARTESIAN_POINT ( 'NONE',  ( -1.571329657983844719, 0.000000000000000000, 12.44322594371732293 ) ) ;
#173 = EDGE_LOOP ( 'NONE', ( #808, #738, #1119, #2387 ) ) ;
#174 = CIRCLE ( 'NONE', #2694, 0.1720000000000002360 ) ;
#175 = DIRECTION ( 'NONE',  ( 0.000000000000000000, 1.000000000000000000, 0.000000000000000000 ) ) ;
#176 = EDGE_CURVE ( 'NONE', #1498, #1676, #2642, .T. ) ;
#177 = DIRECTION ( 'NONE',  ( 0.000000000000000000, 4.188833590285200841E-15, -1.000000000000000000 ) ) ;
#178 = DIRECTION ( 'NONE',  ( -0.000000000000000000, -1.000000000000000000, -3.506302574893970122E-15 ) ) ;
#179 = AXIS2_PLACEMENT_3D ( 'NONE', #1851, #2177, #500 ) ;
#180 = DIRECTION ( 'NONE',  ( 0.000000000000000000, 3.506302574893970122E-15, -1.000000000000000000 ) ) ;
#181 = AXIS2_PLACEMENT_3D ( 'NONE', #2100, #704, #3285 ) ;
#182 = ORIENTED_EDGE ( 'NONE', *, *, #1028, .T. ) ;
#183 = VECTOR ( 'NONE', #3300, 39.37007874015748143 ) ;
#184 = VECTOR ( 'NONE', #3125, 39.37007874015748143 ) ;
#185 = LINE ( 'NONE', #3319, #2374 ) ;
#186 = ADVANCED_FACE ( 'NONE', ( #1867 ), #1821, .F. ) ;
#187 = EDGE_CURVE ( 'NONE', #1557, #2068, #2972, .T. ) ;
#188 = ORIENTED_EDGE ( 'NONE', *, *, #880, .F. ) ;
#189 = VERTEX_POINT ( 'NONE', #452 ) ;
#190 = DIRECTION ( 'NONE',  ( 0.000000000000000000, 1.000000000000000000, 0.000000000000000000 ) ) ;
#191 = ORIENTED_EDGE ( 'NONE', *, *, #2312, .F. ) ;
#192 = ORIENTED_EDGE ( 'NONE', *, *, #2425, .F. ) ;
#193 = CARTESIAN_POINT ( 'NONE',  ( -7.358179529846889722, 0.000000000000000000, -13.10828200000000088 ) ) ;
#194 = DIRECTION ( 'NONE',  ( 0.000000000000000000, 1.000000000000000000, 0.000000000000000000 ) ) ;
#195 = EDGE_CURVE ( 'NONE', #1460, #479, #1923, .T. ) ;
#196 = CYLINDRICAL_SURFACE ( 'NONE', #2648, 0.1719999999999999585 ) ;
#197 = AXIS2_PLACEMENT_3D ( 'NONE', #2712, #2989, #1598 ) ;
#198 = EDGE_LOOP ( 'NONE', ( #3550, #975, #74, #2366 ) ) ;
#199 = EDGE_CURVE ( 'NONE', #2389, #2555, #954, .T. ) ;
#200 = FACE_OUTER_BOUND ( 'NONE', #2192, .T. ) ;
#201 = CARTESIAN_POINT ( 'NONE',  ( 7.192673012021044698, -0.2190000000000141833, -13.23328200000003996 ) ) ;
#202 = ORIENTED_EDGE ( 'NONE', *, *, #1013, .T. ) ;
#203 = EDGE_CURVE ( 'NONE', #1126, #2174, #2371, .T. ) ;
#204 = LINE ( 'NONE', #3379, #2172 ) ;
#205 = EDGE_LOOP ( 'NONE', ( #2151, #3084, #1310, #515 ) ) ;
#206 = EDGE_CURVE ( 'NONE', #965, #2021, #2660, .T. ) ;
#207 = CARTESIAN_POINT ( 'NONE',  ( -7.067673012021043810, 0.2500000000000000000, -13.10828200000000088 ) ) ;
#208 = B_SPLINE_CURVE_WITH_KNOTS ( 'NONE', 3,
 ( #1847, #2963, #2428, #2682, #172, #750, #1878, #1141, #1987, #1949, #2245, #3327, #2205, #260, #2498 ),
 .UNSPECIFIED., .F., .F.,
 ( 4, 2, 2, 2, 1, 2, 2, 4 ),
 ( 0.000000000000000000, 0.2499999999999975020, 0.3125000000000000000, 0.3750000000000000000, 0.5000000000000000000, 0.6250000000000000000, 0.7500000000000000000, 1.000000000000000000 ),
 .UNSPECIFIED. ) ;
#209 = ORIENTED_EDGE ( 'NONE', *, *, #2404, .F. ) ;
#210 = ORIENTED_EDGE ( 'NONE', *, *, #1509, .F. ) ;
#211 = PLANE ( 'NONE',  #1573 ) ;
#212 = FACE_OUTER_BOUND ( 'NONE', #245, .T. ) ;
#213 = LINE ( 'NONE', #468, #2700 ) ;
#214 = DIRECTION ( 'NONE',  ( -1.000000000000000000, 0.000000000000000000, 1.009736416826692002E-15 ) ) ;
#215 = ORIENTED_EDGE ( 'NONE', *, *, #2759, .F. ) ;
#216 = FACE_OUTER_BOUND ( 'NONE', #3581, .T. ) ;
#217 = PLANE ( 'NONE',  #2408 ) ;
#218 = EDGE_LOOP ( 'NONE', ( #3059, #3596, #3521, #2207 ) ) ;
#219 = VECTOR ( 'NONE', #3097, 39.37007874015748143 ) ;
#220 = VECTOR ( 'NONE', #1431, 39.37007874015748143 ) ;
#221 = CARTESIAN_POINT ( 'NONE',  ( -6.942673012021043810, 0.000000000000000000, -12.73328200000000088 ) ) ;
#222 = ORIENTED_EDGE ( 'NONE', *, *, #393, .F. ) ;
#223 = PLANE ( 'NONE',  #3339 ) ;
#224 = EDGE_CURVE ( 'NONE', #287, #3597, #1255, .T. ) ;
#225 = EDGE_LOOP ( 'NONE', ( #3312, #273, #1671, #950 ) ) ;
#226 = ORIENTED_EDGE ( 'NONE', *, *, #2833, .T. ) ;
#227 = CARTESIAN_POINT ( 'NONE',  ( -6.692673012021043810, -2.243199999999999861, -13.60828200000000088 ) ) ;
#228 = CARTESIAN_POINT ( 'NONE',  ( 11.62215945678592632, 0.2500000000000000000, 2.049300286327437437 ) ) ;
#229 = DIRECTION ( 'NONE',  ( 0.000000000000000000, 1.000000000000000000, 3.506302574893970122E-15 ) ) ;
#230 = CARTESIAN_POINT ( 'NONE',  ( 10.22035550149188943, 0.2500000000000000000, -5.900724999999976461 ) ) ;
#231 = ORIENTED_EDGE ( 'NONE', *, *, #1657, .T. ) ;
#232 = DIRECTION ( 'NONE',  ( 0.000000000000000000, 3.506302574893970122E-15, -1.000000000000000000 ) ) ;
#233 = VECTOR ( 'NONE', #3583, 39.37007874015748143 ) ;
#234 = CARTESIAN_POINT ( 'NONE',  ( 2.036000000000000032, -0.5550000000000009370, -13.35828199999999910 ) ) ;
#235 = LINE ( 'NONE', #3100, #1336 ) ;
#236 = AXIS2_PLACEMENT_3D ( 'NONE', #2282, #631, #3404 ) ;
#237 = VECTOR ( 'NONE', #3307, 39.37007874015748143 ) ;
#238 = FACE_OUTER_BOUND ( 'NONE', #1797, .T. ) ;
#239 = EDGE_LOOP ( 'NONE', ( #1780, #527, #628, #2481 ) ) ;
#240 = EDGE_CURVE ( 'NONE', #152, #2617, #800, .T. ) ;
#241 = CIRCLE ( 'NONE', #301, 0.1719999999999999585 ) ;
#242 = FACE_OUTER_BOUND ( 'NONE', #3292, .T. ) ;
#243 = EDGE_CURVE ( 'NONE', #2276, #1749, #3488, .T. ) ;
#244 = DIRECTION ( 'NONE',  ( 0.000000000000000000, 1.000000000000000000, 0.000000000000000000 ) ) ;
#245 = EDGE_LOOP ( 'NONE', ( #3361, #1508, #570, #3220, #1601, #749, #2908, #1660, #2257, #2958, #2285, #2042, #1845, #209, #3557, #3064, #3466, #2910 ) ) ;
#246 = VERTEX_POINT ( 'NONE', #2418 ) ;
#247 = ADVANCED_FACE ( 'NONE', ( #3472 ), #1839, .F. ) ;
#248 = ADVANCED_FACE ( 'NONE', ( #3198 ), #408, .F. ) ;
#249 = PLANE ( 'NONE',  #3278 ) ;
#250 = DIRECTION ( 'NONE',  ( -1.000000000000000000, 0.000000000000000000, 0.000000000000000000 ) ) ;
#251 = FACE_OUTER_BOUND ( 'NONE', #807, .T. ) ;
#252 = ORIENTED_EDGE ( 'NONE', *, *, #3461, .T. ) ;
#253 = CARTESIAN_POINT ( 'NONE',  ( 6.534143305164724715E-15, -1.993199999999999861, -13.60828200000000088 ) ) ;
#254 = CYLINDRICAL_SURFACE ( 'NONE', #2424, 0.1720000000000000417 ) ;
#255 = DIRECTION ( 'NONE',  ( 0.000000000000000000, 0.000000000000000000, -1.000000000000000000 ) ) ;
#256 = ORIENTED_EDGE ( 'NONE', *, *, #804, .T. ) ;
#257 = LINE ( 'NONE', #2459, #2889 ) ;
#258 = VERTEX_POINT ( 'NONE', #440 ) ;
#259 = CARTESIAN_POINT ( 'NONE',  ( -7.585825836335157391, 0.2500000000000000000, 9.180935193246515524 ) ) ;
#260 = CARTESIAN_POINT ( 'NONE',  ( -1.958122303537193076, 0.000000000000000000, 12.20040038197594434 ) ) ;
#261 = EDGE_LOOP ( 'NONE', ( #2577, #2795, #3028, #1340, #1035, #292 ) ) ;
#262 = EDGE_LOOP ( 'NONE', ( #62, #4, #2372, #1607, #765, #2608, #99 ) ) ;
#263 = DIRECTION ( 'NONE',  ( 0.000000000000000000, 1.000000000000000000, 0.000000000000000000 ) ) ;
#264 = DIRECTION ( 'NONE',  ( 0.000000000000000000, 0.000000000000000000, 1.000000000000000000 ) ) ;
#265 = DIRECTION ( 'NONE',  ( 0.000000000000000000, 0.000000000000000000, 1.000000000000000000 ) ) ;
#266 = EDGE_CURVE ( 'NONE', #977, #2722, #1532, .T. ) ;
#267 = VERTEX_POINT ( 'NONE', #2093 ) ;
#268 = DIRECTION ( 'NONE',  ( 0.9848077530122076872, -0.000000000000000000, 0.1736481776669329125 ) ) ;
#269 = CARTESIAN_POINT ( 'NONE',  ( 1.899158825767224279, 0.2500000000000000000, 12.21791864133179217 ) ) ;
#270 = LENGTH_MEASURE_WITH_UNIT ( LENGTH_MEASURE( 0.02539999999999999897 ), #2866 );
#271 = EDGE_LOOP ( 'NONE', ( #1050, #2449, #2163, #2532 ) ) ;
#272 = EDGE_CURVE ( 'NONE', #3401, #141, #697, .T. ) ;
#273 = ORIENTED_EDGE ( 'NONE', *, *, #3102, .F. ) ;
#274 = CARTESIAN_POINT ( 'NONE',  ( -10.22035550149188943, 0.2500000000000000000, -6.041224999999980305 ) ) ;
#275 = AXIS2_PLACEMENT_3D ( 'NONE', #317, #2792, #784 ) ;
#276 = EDGE_LOOP ( 'NONE', ( #2661, #2932 ) ) ;
#277 = DIRECTION ( 'NONE',  ( 0.000000000000000000, 1.000000000000000000, 0.000000000000000000 ) ) ;
#278 = AXIS2_PLACEMENT_3D ( 'NONE', #3117, #2631, #116 ) ;
#279 = LINE ( 'NONE', #2537, #945 ) ;
#280 = VERTEX_POINT ( 'NONE', #3251 ) ;
#281 = ADVANCED_FACE ( 'NONE', ( #1885 ), #3033, .T. ) ;
#282 = ORIENTED_EDGE ( 'NONE', *, *, #2528, .F. ) ;
#283 = CARTESIAN_POINT ( 'NONE',  ( 10.22035550149188943, 0.2500000000000000000, -5.760224999999976170 ) ) ;
#284 = VECTOR ( 'NONE', #1714, 39.37007874015748143 ) ;
#285 = DIRECTION ( 'NONE',  ( 1.000000000000000000, 0.000000000000000000, 0.000000000000000000 ) ) ;
#286 = CARTESIAN_POINT ( 'NONE',  ( 6.942673012021043810, -0.1249999999999992090, -13.35828199999999910 ) ) ;
#287 = VERTEX_POINT ( 'NONE', #487 ) ;
#288 = DIRECTION ( 'NONE',  ( -1.325174869592158030E-15, 1.000000000000000000, -4.633825675199541312E-30 ) ) ;
#289 = CYLINDRICAL_SURFACE ( 'NONE', #1590, 0.1405000000000003191 ) ;
#290 = CARTESIAN_POINT ( 'NONE',  ( 1.773229646800767556, 0.2500000000000000000, 12.27693192512834841 ) ) ;
#291 = ORIENTED_EDGE ( 'NONE', *, *, #1075, .F. ) ;
#292 = ORIENTED_EDGE ( 'NONE', *, *, #1827, .T. ) ;
#293 = VECTOR ( 'NONE', #1002, 39.37007874015748143 ) ;
#294 = EDGE_CURVE ( 'NONE', #3066, #792, #2519, .T. ) ;
#295 = DIRECTION ( 'NONE',  ( 1.325174869592170061E-15, 1.000000000000000000, 3.975524608776515704E-15 ) ) ;
#296 = ORIENTED_EDGE ( 'NONE', *, *, #3563, .T. ) ;
#297 = DIRECTION ( 'NONE',  ( -0.000000000000000000, -1.000000000000000000, -3.506302574893970122E-15 ) ) ;
#298 = AXIS2_PLACEMENT_3D ( 'NONE', #840, #1961, #679 ) ;
#299 = VECTOR ( 'NONE', #3441, 39.37007874015748143 ) ;
#300 = VECTOR ( 'NONE', #1891, 39.37007874015748143 ) ;
#301 = AXIS2_PLACEMENT_3D ( 'NONE', #234, #2547, #2846 ) ;
#302 = DIRECTION ( 'NONE',  ( 0.000000000000000000, 1.000000000000000000, 0.000000000000000000 ) ) ;
#303 = ORIENTED_EDGE ( 'NONE', *, *, #187, .F. ) ;
#304 = ORIENTED_EDGE ( 'NONE', *, *, #829, .T. ) ;
#305 = CARTESIAN_POINT ( 'NONE',  ( 2.036000000000000032, -2.055000000000001048, -13.35828199999999910 ) ) ;
#306 = DIRECTION ( 'NONE',  ( 0.000000000000000000, 1.000000000000000000, 0.000000000000000000 ) ) ;
#307 = LINE ( 'NONE', #139, #3447 ) ;
#308 = CARTESIAN_POINT ( 'NONE',  ( -7.192673012021044698, -0.2190000000000129898, -13.23328200000003996 ) ) ;
#309 = EDGE_CURVE ( 'NONE', #3426, #1286, #1576, .T. ) ;
#310 = DIRECTION ( 'NONE',  ( 0.000000000000000000, 0.000000000000000000, -1.000000000000000000 ) ) ;
#311 = CARTESIAN_POINT ( 'NONE',  ( 1.456673423708088722, 0.000000000000000000, 12.62527849455494078 ) ) ;
#312 = DIRECTION ( 'NONE',  ( -1.000000000000000000, -0.000000000000000000, -0.000000000000000000 ) ) ;
#313 = EDGE_CURVE ( 'NONE', #1887, #2263, #3316, .T. ) ;
#314 = ORIENTED_EDGE ( 'NONE', *, *, #3072, .T. ) ;
#315 = CARTESIAN_POINT ( 'NONE',  ( 0.6250000000000432987, 0.2500000000000000000, 12.70825089234380201 ) ) ;
#316 = ORIENTED_EDGE ( 'NONE', *, *, #2317, .T. ) ;
#317 = CARTESIAN_POINT ( 'NONE',  ( -7.192673012021044698, -1.618200000000017624, -12.35828200000005950 ) ) ;
#318 = EDGE_CURVE ( 'NONE', #1887, #445, #1899, .T. ) ;
#319 = DIRECTION ( 'NONE',  ( 1.000000000000000000, 0.000000000000000000, 0.000000000000000000 ) ) ;
#320 = DIRECTION ( 'NONE',  ( 1.000000000000000000, 0.000000000000000000, 0.000000000000000000 ) ) ;
#321 = PRODUCT_DEFINITION ( 'UNKNOWN', '', #3527, #1542 ) ;
#322 = VERTEX_POINT ( 'NONE', #1332 ) ;
#323 = ORIENTED_EDGE ( 'NONE', *, *, #1419, .T. ) ;
#324 = CARTESIAN_POINT ( 'NONE',  ( 6.442673012021043810, -0.1249999999999984318, -13.60828200000000088 ) ) ;
#325 = CARTESIAN_POINT ( 'NONE',  ( 2.036000000000000032, -0.3830000000000000071, -13.60828200000000088 ) ) ;
#326 = CYLINDRICAL_SURFACE ( 'NONE', #103, 0.1719999999999999585 ) ;
#327 = ORIENTED_EDGE ( 'NONE', *, *, #932, .F. ) ;
#328 = FACE_OUTER_BOUND ( 'NONE', #218, .T. ) ;
#329 = CARTESIAN_POINT ( 'NONE',  ( 1.682233298445452663, 0.2500000000000000000, 12.33525290168352306 ) ) ;
#330 = FACE_OUTER_BOUND ( 'NONE', #409, .T. ) ;
#331 = FACE_OUTER_BOUND ( 'NONE', #1322, .T. ) ;
#332 = ORIENTED_EDGE ( 'NONE', *, *, #318, .F. ) ;
#333 = ADVANCED_FACE ( 'NONE', ( #1368 ), #1611, .F. ) ;
#334 = DIRECTION ( 'NONE',  ( 0.000000000000000000, 0.000000000000000000, -1.000000000000000000 ) ) ;
#335 = ORIENTED_EDGE ( 'NONE', *, *, #3566, .F. ) ;
#336 = LINE ( 'NONE', #95, #3323 ) ;
#337 = CARTESIAN_POINT ( 'NONE',  ( -4.036333620450724524, 0.000000000000000000, -10.94923547957385956 ) ) ;
#338 = FACE_OUTER_BOUND ( 'NONE', #123, .T. ) ;
#339 = ORIENTED_EDGE ( 'NONE', *, *, #1638, .T. ) ;
#340 = ORIENTED_EDGE ( 'NONE', *, *, #2364, .F. ) ;
#341 = AXIS2_PLACEMENT_3D ( 'NONE', #3265, #742, #1580 ) ;
#342 = EDGE_CURVE ( 'NONE', #152, #685, #3018, .T. ) ;
#343 = CARTESIAN_POINT ( 'NONE',  ( -6.942673012021041146, -9.099673005078770977E-15, -12.10828200000005772 ) ) ;
#344 = EDGE_CURVE ( 'NONE', #3000, #846, #2162, .T. ) ;
#345 = LINE ( 'NONE', #3333, #762 ) ;
#346 = ORIENTED_EDGE ( 'NONE', *, *, #3346, .T. ) ;
#347 = AXIS2_PLACEMENT_3D ( 'NONE', #79, #1458, #1732 ) ;
#348 = CARTESIAN_POINT ( 'NONE',  ( 6.692673012021043810, -2.243200000000000749, -13.35828199999999910 ) ) ;
#349 = DIRECTION ( 'NONE',  ( 0.000000000000000000, 1.000000000000000000, 0.000000000000000000 ) ) ;
#350 = FACE_OUTER_BOUND ( 'NONE', #2239, .T. ) ;
#351 = DIRECTION ( 'NONE',  ( -1.000000000000000000, 0.000000000000000000, 0.000000000000000000 ) ) ;
#352 = CIRCLE ( 'NONE', #2686, 0.1405000000000003191 ) ;
#353 = EDGE_LOOP ( 'NONE', ( #303, #1640, #2901, #1369 ) ) ;
#354 = LINE ( 'NONE', #2298, #1299 ) ;
#355 = ORIENTED_EDGE ( 'NONE', *, *, #122, .F. ) ;
#356 = PLANE ( 'NONE',  #1860 ) ;
#357 = AXIS2_PLACEMENT_3D ( 'NONE', #1737, #1191, #2363 ) ;
#358 = CARTESIAN_POINT ( 'NONE',  ( -6.286000000000000476, -1.883000000000000007, -13.60828200000000088 ) ) ;
#359 = LINE ( 'NONE', #2614, #1409 ) ;
#360 = VECTOR ( 'NONE', #1301, 39.37007874015748143 ) ;
#361 = VECTOR ( 'NONE', #2598, 39.37007874015748143 ) ;
#362 = ORIENTED_EDGE ( 'NONE', *, *, #724, .F. ) ;
#363 = ORIENTED_EDGE ( 'NONE', *, *, #3535, .T. ) ;
#364 =( GEOMETRIC_REPRESENTATION_CONTEXT ( 3 ) GLOBAL_UNCERTAINTY_ASSIGNED_CONTEXT ( ( #1831 ) ) GLOBAL_UNIT_ASSIGNED_CONTEXT ( ( #3062, #2511, #3121 ) ) REPRESENTATION_CONTEXT ( 'NONE', 'WORKASPACE' ) );
#365 = VECTOR ( 'NONE', #3544, 39.37007874015748143 ) ;
#366 = CARTESIAN_POINT ( 'NONE',  ( 12.35638000000009207, -0.09299999999997846101, -13.10828199999993338 ) ) ;
#367 = ORIENTED_EDGE ( 'NONE', *, *, #1099, .F. ) ;
#368 = EDGE_CURVE ( 'NONE', #732, #2321, #3301, .T. ) ;
#369 = LINE ( 'NONE', #2920, #2271 ) ;
#370 = DIRECTION ( 'NONE',  ( -1.000000000000000000, 0.000000000000000000, 0.000000000000000000 ) ) ;
#371 = FACE_OUTER_BOUND ( 'NONE', #2789, .T. ) ;
#372 = DIRECTION ( 'NONE',  ( 0.000000000000000000, 1.000000000000000000, 0.000000000000000000 ) ) ;
#373 = EDGE_CURVE ( 'NONE', #2107, #1065, #837, .T. ) ;
#374 = ORIENTED_EDGE ( 'NONE', *, *, #1875, .T. ) ;
#375 = DIRECTION ( 'NONE',  ( 0.000000000000000000, 1.000000000000000000, 0.000000000000000000 ) ) ;
#376 = ORIENTED_EDGE ( 'NONE', *, *, #3095, .T. ) ;
#377 = CARTESIAN_POINT ( 'NONE',  ( 1.082202423578895178, 0.000000000000000000, 13.10183075358899529 ) ) ;
#378 = CARTESIAN_POINT ( 'NONE',  ( 10.22035550149188943, 0.2500000000000000000, -6.041224999999980305 ) ) ;
#379 = LINE ( 'NONE', #506, #3237 ) ;
#380 = CIRCLE ( 'NONE', #2715, 0.1404999999999992366 ) ;
#381 = EDGE_LOOP ( 'NONE', ( #1440, #588, #1570, #698 ) ) ;
#382 = B_SPLINE_SURFACE_WITH_KNOTS ( 'NONE', 3, 1, ( 
 ( #311, #1962 ),
 ( #3627, #3376 ),
 ( #841, #1195 ),
 ( #2274, #1706 ),
 ( #2309, #1686 ),
 ( #3432, #30 ),
 ( #913, #2805 ),
 ( #1669, #3080 ),
 ( #1153, #290 ),
 ( #1116, #606 ),
 ( #1410, #1724 ),
 ( #2530, #13 ),
 ( #2255, #106 ),
 ( #717, #2638 ),
 ( #3517, #953 ) ),
 .UNSPECIFIED., .F., .F., .F.,
 ( 4, 2, 2, 1, 2, 2, 2, 4 ),
 ( 2, 2 ),
 ( 0.000000000000000000, 0.2500000000000000000, 0.3750000000000000000, 0.5000000000000000000, 0.6250000000000000000, 0.6874999999999964473, 0.7499999999999950040, 1.000000000000000000 ),
 ( 0.000000000000000000, 1.000000000000000000 ),
 .UNSPECIFIED. ) ;
#383 = FACE_OUTER_BOUND ( 'NONE', #2116, .T. ) ;
#384 =( NAMED_UNIT ( * ) PLANE_ANGLE_UNIT ( ) SI_UNIT ( $, .RADIAN. ) );
#385 = VERTEX_POINT ( 'NONE', #2472 ) ;
#386 = CARTESIAN_POINT ( 'NONE',  ( -10.22035550149188943, 0.2500000000000000000, -5.760224999999976170 ) ) ;
#387 = CARTESIAN_POINT ( 'NONE',  ( -2.036000000000000032, -0.3830000000000009508, -13.35828199999999910 ) ) ;
#388 = CARTESIAN_POINT ( 'NONE',  ( 6.942673012021083778, -0.09299999999998562195, -2.427557797009101670E-14 ) ) ;
#389 = ADVANCED_FACE ( 'NONE', ( #2747 ), #1384, .F. ) ;
#390 = CARTESIAN_POINT ( 'NONE',  ( 6.692673012021043810, -1.868200000000000083, -13.60828200000000088 ) ) ;
#391 = ORIENTED_EDGE ( 'NONE', *, *, #1618, .F. ) ;
#392 = CYLINDRICAL_SURFACE ( 'NONE', #3540, 0.1404999999999992366 ) ;
#393 = EDGE_CURVE ( 'NONE', #3140, #557, #2102, .T. ) ;
#394 = ORIENTED_EDGE ( 'NONE', *, *, #1904, .T. ) ;
#395 = DIRECTION ( 'NONE',  ( 0.000000000000000000, 0.000000000000000000, 1.000000000000000000 ) ) ;
#396 = LINE ( 'NONE', #3492, #2589 ) ;
#397 = DIRECTION ( 'NONE',  ( -4.370956789862805372E-15, 0.000000000000000000, -1.000000000000000000 ) ) ;
#398 = FACE_OUTER_BOUND ( 'NONE', #1926, .T. ) ;
#399 = ORIENTED_EDGE ( 'NONE', *, *, #2345, .T. ) ;
#400 = DIRECTION ( 'NONE',  ( 0.000000000000000000, 0.000000000000000000, 1.000000000000000000 ) ) ;
#401 = CIRCLE ( 'NONE', #2976, 0.1720000000000000417 ) ;
#402 = ORIENTED_EDGE ( 'NONE', *, *, #1490, .T. ) ;
#403 = AXIS2_PLACEMENT_3D ( 'NONE', #3382, #592, #554 ) ;
#404 = CARTESIAN_POINT ( 'NONE',  ( -6.286000000000000476, -0.7270000000000000906, -13.60828200000000088 ) ) ;
#405 = CARTESIAN_POINT ( 'NONE',  ( 6.286000000000000476, -2.055000000000000160, -13.60828200000000088 ) ) ;
#406 = ADVANCED_FACE ( 'NONE', ( #1646 ), #3602, .F. ) ;
#407 = LINE ( 'NONE', #2605, #2467 ) ;
#408 = CYLINDRICAL_SURFACE ( 'NONE', #1334, 0.1404999999999992366 ) ;
#409 = EDGE_LOOP ( 'NONE', ( #1357, #1712, #1965, #3208 ) ) ;
#410 = FACE_OUTER_BOUND ( 'NONE', #3498, .T. ) ;
#411 = ORIENTED_EDGE ( 'NONE', *, *, #659, .F. ) ;
#412 = ADVANCED_FACE ( 'NONE', ( #1680 ), #2085, .F. ) ;
#413 = CARTESIAN_POINT ( 'NONE',  ( 7.585825836335157391, 0.2500000000000000000, 9.180935193246515524 ) ) ;
#414 = LINE ( 'NONE', #1829, #2817 ) ;
#415 = DIRECTION ( 'NONE',  ( 0.000000000000000000, 0.000000000000000000, 1.000000000000000000 ) ) ;
#416 = ORIENTED_EDGE ( 'NONE', *, *, #880, .T. ) ;
#417 = AXIS2_PLACEMENT_3D ( 'NONE', #708, #2951, #155 ) ;
#418 = FACE_OUTER_BOUND ( 'NONE', #1894, .T. ) ;
#419 = ORIENTED_EDGE ( 'NONE', *, *, #1634, .T. ) ;
#420 = CIRCLE ( 'NONE', #1351, 0.1720000000000002360 ) ;
#421 = AXIS2_PLACEMENT_3D ( 'NONE', #1309, #3271, #2477 ) ;
#422 = LINE ( 'NONE', #951, #1328 ) ;
#423 = CARTESIAN_POINT ( 'NONE',  ( -1.814050343894822781, 0.000000000000000000, 12.25498596056187139 ) ) ;
#424 = VECTOR ( 'NONE', #696, 39.37007874015748143 ) ;
#425 = CARTESIAN_POINT ( 'NONE',  ( 12.35638000000009207, -0.09299999999997846101, -13.10828199999993338 ) ) ;
#426 = DIRECTION ( 'NONE',  ( 0.000000000000000000, 0.000000000000000000, -1.000000000000000000 ) ) ;
#427 = VERTEX_POINT ( 'NONE', #602 ) ;
#428 = DIRECTION ( 'NONE',  ( 0.000000000000000000, 0.000000000000000000, 1.000000000000000000 ) ) ;
#429 = VERTEX_POINT ( 'NONE', #705 ) ;
#430 = EDGE_CURVE ( 'NONE', #1887, #258, #8, .T. ) ;
#431 = CARTESIAN_POINT ( 'NONE',  ( 7.192673012021044698, 4.317827152340259763E-14, -13.23328200000003996 ) ) ;
#432 = EDGE_CURVE ( 'NONE', #1466, #2185, #3559, .T. ) ;
#433 = ORIENTED_EDGE ( 'NONE', *, *, #3524, .F. ) ;
#434 = EDGE_CURVE ( 'NONE', #141, #2722, #963, .T. ) ;
#435 = FACE_OUTER_BOUND ( 'NONE', #507, .T. ) ;
#436 = ORIENTED_EDGE ( 'NONE', *, *, #2224, .T. ) ;
#437 = LINE ( 'NONE', #2670, #2745 ) ;
#438 = LINE ( 'NONE', #740, #233 ) ;
#439 = CARTESIAN_POINT ( 'NONE',  ( -1.269152200419100263, 1.912999174831106482E-16, 13.04645805794949176 ) ) ;
#440 = CARTESIAN_POINT ( 'NONE',  ( 7.067673012021044698, 0.000000000000000000, -13.10828200000000088 ) ) ;
#441 = ORIENTED_EDGE ( 'NONE', *, *, #1306, .F. ) ;
#442 = PLANE ( 'NONE',  #2839 ) ;
#443 = ORIENTED_EDGE ( 'NONE', *, *, #1809, .F. ) ;
#444 = LINE ( 'NONE', #2678, #769 ) ;
#445 = VERTEX_POINT ( 'NONE', #688 ) ;
#446 = CARTESIAN_POINT ( 'NONE',  ( -6.817673012021043810, -0.2190000000000106861, -13.23328200000003996 ) ) ;
#447 = ORIENTED_EDGE ( 'NONE', *, *, #42, .F. ) ;
#448 = EDGE_CURVE ( 'NONE', #3111, #1903, #2252, .T. ) ;
#449 = CARTESIAN_POINT ( 'NONE',  ( 6.942673012021043810, -0.1250000000000000000, -13.23328200000000088 ) ) ;
#450 = LINE ( 'NONE', #1578, #2117 ) ;
#451 = DIRECTION ( 'NONE',  ( 0.000000000000000000, 3.506302574893970122E-15, -1.000000000000000000 ) ) ;
#452 = CARTESIAN_POINT ( 'NONE',  ( -6.692673012021043810, -1.993200000000000749, -13.35828200000000621 ) ) ;
#453 = CIRCLE ( 'NONE', #3214, 0.1249999999999993477 ) ;
#454 = ORIENTED_EDGE ( 'NONE', *, *, #2716, .F. ) ;
#455 = AXIS2_PLACEMENT_3D ( 'NONE', #2867, #2037, #1725 ) ;
#456 = DIRECTION ( 'NONE',  ( 0.000000000000000000, 1.000000000000000000, 0.000000000000000000 ) ) ;
#457 = VECTOR ( 'NONE', #1552, 39.37007874015748143 ) ;
#458 = ORIENTED_EDGE ( 'NONE', *, *, #1123, .T. ) ;
#459 = LINE ( 'NONE', #3022, #658 ) ;
#460 = ORIENTED_EDGE ( 'NONE', *, *, #2345, .F. ) ;
#461 = DIRECTION ( 'NONE',  ( 1.000000000000000000, 2.191439109308729995E-15, 7.683848591692547759E-30 ) ) ;
#462 = ADVANCED_FACE ( 'NONE', ( #1404 ), #326, .F. ) ;
#463 = ORIENTED_EDGE ( 'NONE', *, *, #2317, .F. ) ;
#464 = ORIENTED_EDGE ( 'NONE', *, *, #2855, .F. ) ;
#465 = VECTOR ( 'NONE', #600, 39.37007874015748143 ) ;
#466 = CARTESIAN_POINT ( 'NONE',  ( -4.036333620450724524, 0.2500000000000000000, -11.08973547957385897 ) ) ;
#467 = DIRECTION ( 'NONE',  ( 0.000000000000000000, 1.000000000000000000, 0.000000000000000000 ) ) ;
#468 = CARTESIAN_POINT ( 'NONE',  ( -6.692673012021043810, 4.858762455119401792E-14, -13.60828200000000088 ) ) ;
#469 = VECTOR ( 'NONE', #1651, 39.37007874015748143 ) ;
#470 = DIRECTION ( 'NONE',  ( 0.000000000000000000, 3.506302574893970122E-15, -1.000000000000000000 ) ) ;
#471 = VECTOR ( 'NONE', #80, 39.37007874015748143 ) ;
#472 = EDGE_CURVE ( 'NONE', #3593, #1911, #3479, .T. ) ;
#473 = EDGE_LOOP ( 'NONE', ( #492, #231 ) ) ;
#474 = VECTOR ( 'NONE', #2287, 39.37007874015748143 ) ;
#475 = CARTESIAN_POINT ( 'NONE',  ( 6.286000000000000476, -0.5550000000000000488, -13.60828200000000088 ) ) ;
#476 = FILL_AREA_STYLE_COLOUR ( '', #2060 ) ;
#477 = EDGE_LOOP ( 'NONE', ( #2899, #636, #2500, #625 ) ) ;
#478 = LINE ( 'NONE', #1375, #365 ) ;
#479 = VERTEX_POINT ( 'NONE', #1171 ) ;
#480 = DIRECTION ( 'NONE',  ( 0.000000000000000000, 1.000000000000000000, 0.000000000000000000 ) ) ;
#481 = EDGE_CURVE ( 'NONE', #2454, #1273, #1720, .T. ) ;
#482 = ORIENTED_EDGE ( 'NONE', *, *, #2643, .F. ) ;
#483 = EDGE_LOOP ( 'NONE', ( #463, #3509, #667, #3096 ) ) ;
#484 = CARTESIAN_POINT ( 'NONE',  ( -7.358179529846889722, 0.2500000000000000000, -12.73328200000000088 ) ) ;
#485 = DIRECTION ( 'NONE',  ( -3.496765431890255342E-15, -3.715313271383400344E-15, 1.000000000000000000 ) ) ;
#486 = DIRECTION ( 'NONE',  ( 1.000000000000000000, 0.000000000000000000, 0.000000000000000000 ) ) ;
#487 = CARTESIAN_POINT ( 'NONE',  ( 6.942673012021037593, -1.868199999999999417, -12.35828200000005772 ) ) ;
#488 = CIRCLE ( 'NONE', #964, 0.1404999999999992366 ) ;
#489 = ORIENTED_EDGE ( 'NONE', *, *, #633, .T. ) ;
#490 = CARTESIAN_POINT ( 'NONE',  ( -1.456673423708076953, 0.2500000000000000000, 12.62527849455494078 ) ) ;
#491 = CYLINDRICAL_SURFACE ( 'NONE', #2353, 0.7500000000000004441 ) ;
#492 = ORIENTED_EDGE ( 'NONE', *, *, #1950, .T. ) ;
#493 = EDGE_CURVE ( 'NONE', #27, #1277, #1098, .T. ) ;
#494 = ADVANCED_FACE ( 'NONE', ( #2337 ), #3094, .T. ) ;
#495 = CARTESIAN_POINT ( 'NONE',  ( -11.62215945678592632, 0.2500000000000000000, 2.189800286327441281 ) ) ;
#496 = DIRECTION ( 'NONE',  ( -3.496765431890255342E-15, -3.715313271383400344E-15, 1.000000000000000000 ) ) ;
#497 = ORIENTED_EDGE ( 'NONE', *, *, #3537, .F. ) ;
#498 = VERTEX_POINT ( 'NONE', #1794 ) ;
#499 = CARTESIAN_POINT ( 'NONE',  ( 6.286000000000000476, -0.3830000000000009508, -13.35828199999999910 ) ) ;
#500 = DIRECTION ( 'NONE',  ( 0.000000000000000000, 1.000000000000000000, 0.000000000000000000 ) ) ;
#501 = FACE_BOUND ( 'NONE', #2704, .T. ) ;
#502 = DIRECTION ( 'NONE',  ( -0.000000000000000000, -1.000000000000000000, -0.000000000000000000 ) ) ;
#503 = ORIENTED_EDGE ( 'NONE', *, *, #2926, .T. ) ;
#504 = VECTOR ( 'NONE', #277, 39.37007874015748143 ) ;
#505 = CARTESIAN_POINT ( 'NONE',  ( 6.817673012021043810, -0.2190000000000107416, -13.35828199999999910 ) ) ;
#506 = CARTESIAN_POINT ( 'NONE',  ( 6.442673012021043810, -0.2190000000000098535, -13.60828200000000088 ) ) ;
#507 = EDGE_LOOP ( 'NONE', ( #2719, #2303, #1945, #1427 ) ) ;
#508 = CIRCLE ( 'NONE', #2208, 0.1249999999999993477 ) ;
#509 = VECTOR ( 'NONE', #1232, 39.37007874015748143 ) ;
#510 = DIRECTION ( 'NONE',  ( 0.000000000000000000, 1.000000000000000000, 0.000000000000000000 ) ) ;
#511 = ORIENTED_EDGE ( 'NONE', *, *, #2200, .T. ) ;
#512 = CARTESIAN_POINT ( 'NONE',  ( 0.6250000000000432987, 0.000000000000000000, 12.62775089234380133 ) ) ;
#513 = ADVANCED_FACE ( 'NONE', ( #581 ), #2525, .T. ) ;
#514 = CYLINDRICAL_SURFACE ( 'NONE', #3288, 0.1719999999999999585 ) ;
#515 = ORIENTED_EDGE ( 'NONE', *, *, #2885, .F. ) ;
#516 = VERTEX_POINT ( 'NONE', #2821 ) ;
#517 = DIRECTION ( 'NONE',  ( 0.1736481776669328847, 0.000000000000000000, -0.9848077530122074652 ) ) ;
#518 = LINE ( 'NONE', #558, #2290 ) ;
#519 = DIRECTION ( 'NONE',  ( -1.000000000000000000, 0.000000000000000000, 0.000000000000000000 ) ) ;
#520 = CARTESIAN_POINT ( 'NONE',  ( 1.082202423578895845, 0.2500000000000000000, 13.10183075358899885 ) ) ;
#521 = ORIENTED_EDGE ( 'NONE', *, *, #1681, .T. ) ;
#522 = CARTESIAN_POINT ( 'NONE',  ( -6.286000000000000476, -0.7270000000000000906, -13.60828200000000088 ) ) ;
#523 = CARTESIAN_POINT ( 'NONE',  ( -2.036000000000000032, -2.055000000000000160, -13.60828200000000088 ) ) ;
#524 = AXIS2_PLACEMENT_3D ( 'NONE', #2688, #194, #1330 ) ;
#525 = CIRCLE ( 'NONE', #3113, 0.2500000000000008882 ) ;
#526 = FACE_OUTER_BOUND ( 'NONE', #225, .T. ) ;
#527 = ORIENTED_EDGE ( 'NONE', *, *, #1234, .F. ) ;
#528 = AXIS2_PLACEMENT_3D ( 'NONE', #585, #70, #860 ) ;
#529 = CIRCLE ( 'NONE', #2249, 0.1405000000000003191 ) ;
#530 = CARTESIAN_POINT ( 'NONE',  ( 6.942673012021082002, -1.868199999999999417, -2.427557797009101670E-14 ) ) ;
#531 = VERTEX_POINT ( 'NONE', #3189 ) ;
#532 = CIRCLE ( 'NONE', #528, 0.1249999999999993477 ) ;
#533 = CARTESIAN_POINT ( 'NONE',  ( -6.692673012021043810, -1.868200000000000083, -13.60828200000000088 ) ) ;
#534 = DIRECTION ( 'NONE',  ( 0.000000000000000000, 1.000000000000000000, 0.000000000000000000 ) ) ;
#535 = EDGE_CURVE ( 'NONE', #3066, #94, #307, .T. ) ;
#536 = ORIENTED_EDGE ( 'NONE', *, *, #3483, .F. ) ;
#537 = ORIENTED_EDGE ( 'NONE', *, *, #1342, .F. ) ;
#538 = EDGE_CURVE ( 'NONE', #3427, #1653, #674, .T. ) ;
#539 = EDGE_CURVE ( 'NONE', #3111, #2174, #1148, .T. ) ;
#540 = CARTESIAN_POINT ( 'NONE',  ( -8.843271017152499525, 0.2500000000000000000, -8.629987509932481871 ) ) ;
#541 = DIRECTION ( 'NONE',  ( 0.000000000000000000, 0.000000000000000000, 1.000000000000000000 ) ) ;
#542 = CARTESIAN_POINT ( 'NONE',  ( 8.096785344606043822, 0.2500000000000000000, -12.86351813325019755 ) ) ;
#543 = VERTEX_POINT ( 'NONE', #2914 ) ;
#544 = DIRECTION ( 'NONE',  ( 0.000000000000000000, 1.000000000000000000, 0.000000000000000000 ) ) ;
#545 = CARTESIAN_POINT ( 'NONE',  ( 1.082202423578895845, 0.000000000000000000, 13.10183075358899885 ) ) ;
#546 = CYLINDRICAL_SURFACE ( 'NONE', #2410, 0.7500000000000004441 ) ;
#547 = FACE_BOUND ( 'NONE', #2103, .T. ) ;
#548 = CIRCLE ( 'NONE', #2902, 0.1719999999999999585 ) ;
#549 = ADVANCED_FACE ( 'NONE', ( #398 ), #1524, .F. ) ;
#550 = ORIENTED_EDGE ( 'NONE', *, *, #2264, .F. ) ;
#551 = CARTESIAN_POINT ( 'NONE',  ( -4.036333620450724524, 0.000000000000000000, -11.08973547957385897 ) ) ;
#552 = EDGE_LOOP ( 'NONE', ( #536, #1967, #1472, #2495 ) ) ;
#553 = ADVANCED_FACE ( 'NONE', ( #1245 ), #2361, .T. ) ;
#554 = DIRECTION ( 'NONE',  ( 0.000000000000000000, 0.000000000000000000, -1.000000000000000000 ) ) ;
#555 = DIRECTION ( 'NONE',  ( 1.000000000000000000, 0.000000000000000000, 0.000000000000000000 ) ) ;
#556 = ORIENTED_EDGE ( 'NONE', *, *, #2340, .T. ) ;
#557 = VERTEX_POINT ( 'NONE', #3634 ) ;
#558 = CARTESIAN_POINT ( 'NONE',  ( 1.456673423708088722, 0.000000000000000000, 12.62527849455494078 ) ) ;
#559 = DIRECTION ( 'NONE',  ( 0.000000000000000000, 1.000000000000000000, 0.000000000000000000 ) ) ;
#560 = DIRECTION ( 'NONE',  ( 1.000000000000000000, 0.000000000000000000, 0.000000000000000000 ) ) ;
#561 = EDGE_CURVE ( 'NONE', #2555, #1280, #1981, .T. ) ;
#562 = EDGE_LOOP ( 'NONE', ( #1149, #3480, #182, #188 ) ) ;
#563 = EDGE_CURVE ( 'NONE', #726, #1526, #2445, .T. ) ;
#564 = CARTESIAN_POINT ( 'NONE',  ( -2.731847993664263711E-16, 0.2500000000000000000, 2.731847993664263711E-16 ) ) ;
#565 = CARTESIAN_POINT ( 'NONE',  ( 1.592016401908740164, 0.2500000000000000000, 12.41928862566254033 ) ) ;
#566 = DIRECTION ( 'NONE',  ( 0.000000000000000000, 0.000000000000000000, 1.000000000000000000 ) ) ;
#567 = CARTESIAN_POINT ( 'NONE',  ( 2.036000000000000032, -1.883000000000000895, -13.35828199999999910 ) ) ;
#568 = VERTEX_POINT ( 'NONE', #1102 ) ;
#569 = DIRECTION ( 'NONE',  ( 0.000000000000000000, 4.188833590285200841E-15, -1.000000000000000000 ) ) ;
#570 = ORIENTED_EDGE ( 'NONE', *, *, #2856, .T. ) ;
#571 = DIRECTION ( 'NONE',  ( 0.1736481776669350219, 0.000000000000000000, 0.9848077530122071321 ) ) ;
#572 = AXIS2_PLACEMENT_3D ( 'NONE', #1074, #791, #265 ) ;
#573 = CARTESIAN_POINT ( 'NONE',  ( -6.942673012021083778, -0.2190000000000126290, -2.427557797009101670E-14 ) ) ;
#574 = VECTOR ( 'NONE', #1470, 39.37007874015748143 ) ;
#575 = ORIENTED_EDGE ( 'NONE', *, *, #432, .T. ) ;
#576 = ORIENTED_EDGE ( 'NONE', *, *, #309, .F. ) ;
#577 = EDGE_CURVE ( 'NONE', #2692, #1126, #793, .T. ) ;
#578 = DIRECTION ( 'NONE',  ( -1.000000000000000000, 0.000000000000000000, 0.000000000000000000 ) ) ;
#579 = VECTOR ( 'NONE', #1864, 39.37007874015748143 ) ;
#580 = CYLINDRICAL_SURFACE ( 'NONE', #1483, 0.1404999999999992366 ) ;
#581 = FACE_OUTER_BOUND ( 'NONE', #1015, .T. ) ;
#582 = ORIENTED_EDGE ( 'NONE', *, *, #1370, .T. ) ;
#583 = CARTESIAN_POINT ( 'NONE',  ( 6.286000000000000476, -0.5550000000000000488, -13.60828200000000088 ) ) ;
#584 = CARTESIAN_POINT ( 'NONE',  ( 0.6250000000000432987, 0.2500000000000000000, 12.78875089234379914 ) ) ;
#585 = CARTESIAN_POINT ( 'NONE',  ( -6.942673012021043810, -0.1250000000000000000, -13.23328200000000088 ) ) ;
#586 = ADVANCED_FACE ( 'NONE', ( #242 ), #1084, .F. ) ;
#587 = LINE ( 'NONE', #51, #1165 ) ;
#588 = ORIENTED_EDGE ( 'NONE', *, *, #2135, .T. ) ;
#589 = AXIS2_PLACEMENT_3D ( 'NONE', #2504, #3074, #1718 ) ;
#590 = CARTESIAN_POINT ( 'NONE',  ( 0.000000000000000000, -1.993200000000000749, -13.35828200000000621 ) ) ;
#591 = EDGE_LOOP ( 'NONE', ( #3247, #2740 ) ) ;
#592 = DIRECTION ( 'NONE',  ( 0.000000000000000000, 1.000000000000000000, 0.000000000000000000 ) ) ;
#593 = VECTOR ( 'NONE', #849, 39.37007874015748143 ) ;
#594 = VECTOR ( 'NONE', #569, 39.37007874015748143 ) ;
#595 = CARTESIAN_POINT ( 'NONE',  ( -2.036000000000000032, -2.055000000000001048, -13.35828199999999910 ) ) ;
#596 = AXIS2_PLACEMENT_3D ( 'NONE', #1610, #3584, #2485 ) ;
#597 = DIRECTION ( 'NONE',  ( -0.000000000000000000, 1.000000000000000000, 6.283250385427800472E-15 ) ) ;
#598 = VERTEX_POINT ( 'NONE', #18 ) ;
#599 = VERTEX_POINT ( 'NONE', #828 ) ;
#600 = DIRECTION ( 'NONE',  ( -3.496765431890255342E-15, 3.578720871700185901E-15, -1.000000000000000000 ) ) ;
#601 = DIRECTION ( 'NONE',  ( 2.191439109308729995E-15, -1.000000000000000000, -3.506302574893970122E-15 ) ) ;
#602 = CARTESIAN_POINT ( 'NONE',  ( 11.62215945678592632, 0.2500000000000000000, 2.189800286327437284 ) ) ;
#603 = ORIENTED_EDGE ( 'NONE', *, *, #2988, .F. ) ;
#604 = DIRECTION ( 'NONE',  ( 0.000000000000000000, 1.000000000000000000, 0.000000000000000000 ) ) ;
#605 = LINE ( 'NONE', #1429, #2352 ) ;
#606 = CARTESIAN_POINT ( 'NONE',  ( 1.786915018308866010, 0.2500000000000000000, 12.26939355717875912 ) ) ;
#607 = DIRECTION ( 'NONE',  ( 1.000000000000000000, -0.000000000000000000, -0.000000000000000000 ) ) ;
#608 = ORIENTED_EDGE ( 'NONE', *, *, #2468, .F. ) ;
#609 = LINE ( 'NONE', #16, #594 ) ;
#610 = VERTEX_POINT ( 'NONE', #1417 ) ;
#611 = CARTESIAN_POINT ( 'NONE',  ( 1.814544006861622316, 0.000000000000000000, 12.25527535751116126 ) ) ;
#612 = AXIS2_PLACEMENT_3D ( 'NONE', #1554, #938, #3239 ) ;
#613 = EDGE_CURVE ( 'NONE', #1189, #2438, #2390, .T. ) ;
#614 = EDGE_CURVE ( 'NONE', #2107, #1505, #1436, .T. ) ;
#615 = CARTESIAN_POINT ( 'NONE',  ( 10.22035550149188943, 0.000000000000000000, -5.900724999999976461 ) ) ;
#616 = LINE ( 'NONE', #1733, #361 ) ;
#617 = ORIENTED_EDGE ( 'NONE', *, *, #1080, .T. ) ;
#618 = EDGE_LOOP ( 'NONE', ( #3334, #222 ) ) ;
#619 = FACE_OUTER_BOUND ( 'NONE', #2141, .T. ) ;
#620 = CYLINDRICAL_SURFACE ( 'NONE', #2822, 0.1404999999999992366 ) ;
#621 = ORIENTED_EDGE ( 'NONE', *, *, #42, .T. ) ;
#622 = DIRECTION ( 'NONE',  ( 0.000000000000000000, 1.000000000000000000, 0.000000000000000000 ) ) ;
#623 = FACE_OUTER_BOUND ( 'NONE', #3378, .T. ) ;
#624 = LINE ( 'NONE', #390, #3221 ) ;
#625 = ORIENTED_EDGE ( 'NONE', *, *, #2557, .T. ) ;
#626 = EDGE_CURVE ( 'NONE', #1143, #3103, #2552, .T. ) ;
#627 = LINE ( 'NONE', #1728, #184 ) ;
#628 = ORIENTED_EDGE ( 'NONE', *, *, #2223, .T. ) ;
#629 = CARTESIAN_POINT ( 'NONE',  ( 1.571176344531425295, 0.000000000000000000, 12.44267212986309268 ) ) ;
#630 = LINE ( 'NONE', #1753, #110 ) ;
#631 = DIRECTION ( 'NONE',  ( 0.000000000000000000, 1.000000000000000000, 0.000000000000000000 ) ) ;
#632 = EDGE_CURVE ( 'NONE', #2823, #1101, #2189, .T. ) ;
#633 = EDGE_CURVE ( 'NONE', #1518, #1126, #2204, .T. ) ;
#634 = VECTOR ( 'NONE', #1577, 39.37007874015748143 ) ;
#635 = VERTEX_POINT ( 'NONE', #512 ) ;
#636 = ORIENTED_EDGE ( 'NONE', *, *, #203, .F. ) ;
#637 = VECTOR ( 'NONE', #2800, 39.37007874015748143 ) ;
#638 = EDGE_CURVE ( 'NONE', #732, #3071, #1692, .T. ) ;
#639 = LINE ( 'NONE', #343, #707 ) ;
#640 = DIRECTION ( 'NONE',  ( 1.000000000000000000, 0.000000000000000000, 0.000000000000000000 ) ) ;
#641 = ORIENTED_EDGE ( 'NONE', *, *, #1418, .F. ) ;
#642 = CARTESIAN_POINT ( 'NONE',  ( 0.000000000000000000, -1.868200000000000083, -13.60828200000000088 ) ) ;
#643 = CARTESIAN_POINT ( 'NONE',  ( -1.456673423708076953, 0.000000000000000000, 12.62527849455494078 ) ) ;
#644 = CARTESIAN_POINT ( 'NONE',  ( -1.183885726451862075, 0.2500000000000001665, 13.10183075358899707 ) ) ;
#645 = CARTESIAN_POINT ( 'NONE',  ( 7.585825836335157391, 0.000000000000000000, 9.180935193246515524 ) ) ;
#646 = VERTEX_POINT ( 'NONE', #803 ) ;
#647 = CARTESIAN_POINT ( 'NONE',  ( 7.192673012021083778, -9.430966722476811914E-15, -2.514976932806358408E-14 ) ) ;
#648 = ORIENTED_EDGE ( 'NONE', *, *, #2850, .F. ) ;
#649 = CARTESIAN_POINT ( 'NONE',  ( 1.456673423708088944, 0.000000000000000000, 12.62527849455493900 ) ) ;
#650 = VECTOR ( 'NONE', #3092, 39.37007874015748143 ) ;
#651 = DIRECTION ( 'NONE',  ( -1.325174869592170061E-15, 1.000000000000000000, 3.975524608776515704E-15 ) ) ;
#652 = DIRECTION ( 'NONE',  ( -3.278217592396450458E-15, 1.000000000000000000, 3.506302574893970122E-15 ) ) ;
#653 = AXIS2_PLACEMENT_3D ( 'NONE', #3568, #3411, #250 ) ;
#654 = STYLED_ITEM ( 'NONE', ( #779 ), #3166 ) ;
#655 = VERTEX_POINT ( 'NONE', #848 ) ;
#656 = ORIENTED_EDGE ( 'NONE', *, *, #3607, .T. ) ;
#657 = ADVANCED_FACE ( 'NONE', ( #1948 ), #1397, .T. ) ;
#658 = VECTOR ( 'NONE', #510, 39.37007874015748143 ) ;
#659 = EDGE_CURVE ( 'NONE', #14, #1984, #3044, .T. ) ;
#660 = DIRECTION ( 'NONE',  ( 0.000000000000000000, 1.000000000000000000, 0.000000000000000000 ) ) ;
#661 = VERTEX_POINT ( 'NONE', #3362 ) ;
#662 = EDGE_CURVE ( 'NONE', #1466, #3475, #1656, .T. ) ;
#663 = DIRECTION ( 'NONE',  ( 0.000000000000000000, -1.000000000000000000, -0.000000000000000000 ) ) ;
#664 = CARTESIAN_POINT ( 'NONE',  ( 0.000000000000000000, -2.493200000000001193, -13.35828200000000798 ) ) ;
#665 = CARTESIAN_POINT ( 'NONE',  ( 7.192673012021044698, -0.02000000000000437192, -13.10828200000000088 ) ) ;
#666 = CARTESIAN_POINT ( 'NONE',  ( -1.591959587326557068, 0.2500000000000000000, 12.42004958619269672 ) ) ;
#667 = ORIENTED_EDGE ( 'NONE', *, *, #780, .T. ) ;
#668 = DIRECTION ( 'NONE',  ( -1.000000000000000000, 0.000000000000000000, 0.000000000000000000 ) ) ;
#669 = EDGE_CURVE ( 'NONE', #267, #1880, #3067, .T. ) ;
#670 = ORIENTED_EDGE ( 'NONE', *, *, #563, .F. ) ;
#671 = DIRECTION ( 'NONE',  ( 0.000000000000000000, 3.506302574893970122E-15, -1.000000000000000000 ) ) ;
#672 = CARTESIAN_POINT ( 'NONE',  ( 7.192673012021044698, -1.618200000000017624, -12.10828200000006127 ) ) ;
#673 = CARTESIAN_POINT ( 'NONE',  ( 0.6250000000000432987, 0.000000000000000000, 12.70825089234380201 ) ) ;
#674 = LINE ( 'NONE', #2543, #1043 ) ;
#675 = ORIENTED_EDGE ( 'NONE', *, *, #1249, .F. ) ;
#676 = CARTESIAN_POINT ( 'NONE',  ( -6.817673012021043810, -0.2190000000000106306, -13.60828200000000088 ) ) ;
#677 = ORIENTED_EDGE ( 'NONE', *, *, #240, .T. ) ;
#678 = DIRECTION ( 'NONE',  ( 0.000000000000000000, 0.000000000000000000, 1.000000000000000000 ) ) ;
#679 = DIRECTION ( 'NONE',  ( 1.000000000000000000, 0.000000000000000000, 0.000000000000000000 ) ) ;
#680 = LINE ( 'NONE', #388, #2234 ) ;
#681 = CARTESIAN_POINT ( 'NONE',  ( -1.310510525686517491, 0.2500000000000000000, 12.95356573849177195 ) ) ;
#682 = EDGE_CURVE ( 'NONE', #1461, #1557, #1685, .T. ) ;
#683 = ORIENTED_EDGE ( 'NONE', *, *, #3021, .F. ) ;
#684 = DIRECTION ( 'NONE',  ( 0.000000000000000000, -1.000000000000000000, 0.000000000000000000 ) ) ;
#685 = VERTEX_POINT ( 'NONE', #1161 ) ;
#686 = DIRECTION ( 'NONE',  ( 0.000000000000000000, 0.000000000000000000, -1.000000000000000000 ) ) ;
#687 = CARTESIAN_POINT ( 'NONE',  ( 7.192673012021044698, -0.2190000000000165425, -12.10828200000004173 ) ) ;
#688 = CARTESIAN_POINT ( 'NONE',  ( 7.067673012021043810, 0.2500000000000000000, -13.48328200000000088 ) ) ;
#689 = ORIENTED_EDGE ( 'NONE', *, *, #2219, .F. ) ;
#690 = CARTESIAN_POINT ( 'NONE',  ( 6.942673012021043810, -0.1250000000000000000, -13.23328200000000088 ) ) ;
#691 = AXIS2_PLACEMENT_3D ( 'NONE', #2034, #1782, #897 ) ;
#692 = ORIENTED_EDGE ( 'NONE', *, *, #3345, .F. ) ;
#693 = VECTOR ( 'NONE', #2111, 39.37007874015748143 ) ;
#694 = FACE_BOUND ( 'NONE', #2945, .T. ) ;
#695 = CYLINDRICAL_SURFACE ( 'NONE', #59, 0.1719999999999999585 ) ;
#696 = DIRECTION ( 'NONE',  ( 0.000000000000000000, 0.000000000000000000, 1.000000000000000000 ) ) ;
#697 = LINE ( 'NONE', #3503, #693 ) ;
#698 = ORIENTED_EDGE ( 'NONE', *, *, #1414, .F. ) ;
#699 = AXIS2_PLACEMENT_3D ( 'NONE', #2575, #2597, #889 ) ;
#700 = ADVANCED_FACE ( 'NONE', ( #1750 ), #356, .T. ) ;
#701 = DIRECTION ( 'NONE',  ( 0.000000000000000000, -1.000000000000000000, -3.506302574893970122E-15 ) ) ;
#702 = EDGE_LOOP ( 'NONE', ( #2170, #2647, #323, #482 ) ) ;
#703 = CARTESIAN_POINT ( 'NONE',  ( 7.585825836335157391, 0.000000000000000000, 9.040435193246516121 ) ) ;
#704 = DIRECTION ( 'NONE',  ( 0.9135454576426018658, 0.000000000000000000, -0.4067366430757979323 ) ) ;
#705 = CARTESIAN_POINT ( 'NONE',  ( -6.442673012021043810, -0.2190000000000107416, -13.35828199999999910 ) ) ;
#706 = ORIENTED_EDGE ( 'NONE', *, *, #1268, .T. ) ;
#707 = VECTOR ( 'NONE', #2900, 39.37007874015748143 ) ;
#708 = CARTESIAN_POINT ( 'NONE',  ( 7.949677661563011941E-14, 0.000000000000000000, 11.80144999999999911 ) ) ;
#709 = APPLICATION_PROTOCOL_DEFINITION ( 'draft international standard', 'automotive_design', 1998, #1442 ) ;
#710 = EDGE_CURVE ( 'NONE', #2814, #2071, #336, .T. ) ;
#711 = VERTEX_POINT ( 'NONE', #2280 ) ;
#712 = VECTOR ( 'NONE', #244, 39.37007874015748143 ) ;
#713 = CIRCLE ( 'NONE', #2354, 0.1719999999999999585 ) ;
#714 = B_SPLINE_CURVE_WITH_KNOTS ( 'NONE', 3,
 ( #2275, #3398, #90, #3451, #2847, #666, #1785, #936, #2056, #3180, #3539, #1853, #991, #162, #149 ),
 .UNSPECIFIED., .F., .F.,
 ( 4, 2, 2, 2, 1, 2, 2, 4 ),
 ( 0.000000000000000000, 0.2499999999999975020, 0.3125000000000000000, 0.3750000000000000000, 0.5000000000000000000, 0.6250000000000000000, 0.7500000000000000000, 1.000000000000000000 ),
 .UNSPECIFIED. ) ;
#715 = DIRECTION ( 'NONE',  ( -1.000000000000000000, -1.325174869592158030E-15, -4.370956789862805372E-15 ) ) ;
#716 = CARTESIAN_POINT ( 'NONE',  ( -1.561418697377834786, 0.000000000000000000, 12.45508322136267765 ) ) ;
#717 = CARTESIAN_POINT ( 'NONE',  ( 1.958122249573083007, 0.000000000000000000, 12.20040039091647621 ) ) ;
#718 = CARTESIAN_POINT ( 'NONE',  ( -7.192673012021044698, -1.868200000000000083, -12.10828200000006127 ) ) ;
#719 = ORIENTED_EDGE ( 'NONE', *, *, #959, .F. ) ;
#720 = DIRECTION ( 'NONE',  ( -1.000000000000000000, -2.185478394931405053E-15, -7.662948523523119330E-30 ) ) ;
#721 = ORIENTED_EDGE ( 'NONE', *, *, #3172, .F. ) ;
#722 = DIRECTION ( 'NONE',  ( 0.000000000000000000, 1.000000000000000000, 0.000000000000000000 ) ) ;
#723 = ORIENTED_EDGE ( 'NONE', *, *, #3588, .F. ) ;
#724 = EDGE_CURVE ( 'NONE', #1455, #3387, #2266, .T. ) ;
#725 = DIRECTION ( 'NONE',  ( 0.000000000000000000, 0.000000000000000000, 1.000000000000000000 ) ) ;
#726 = VERTEX_POINT ( 'NONE', #1218 ) ;
#727 = DIRECTION ( 'NONE',  ( 1.000000000000000000, 0.000000000000000000, 0.000000000000000000 ) ) ;
#728 = LINE ( 'NONE', #3263, #944 ) ;
#729 = CARTESIAN_POINT ( 'NONE',  ( 0.000000000000000000, -0.2190000000000098535, -13.60828200000000088 ) ) ;
#730 = CARTESIAN_POINT ( 'NONE',  ( -7.358179529846889722, 0.2500000000000000000, -13.48328200000000088 ) ) ;
#731 = ORIENTED_EDGE ( 'NONE', *, *, #195, .F. ) ;
#732 = VERTEX_POINT ( 'NONE', #2852 ) ;
#733 = DIRECTION ( 'NONE',  ( 0.000000000000000000, 0.000000000000000000, 1.000000000000000000 ) ) ;
#734 = EDGE_LOOP ( 'NONE', ( #3182, #1317, #1034, #346 ) ) ;
#735 = CARTESIAN_POINT ( 'NONE',  ( 7.585825836335157391, 0.000000000000000000, 9.040435193246516121 ) ) ;
#736 = EDGE_CURVE ( 'NONE', #2760, #1859, #3143, .T. ) ;
#737 = EDGE_LOOP ( 'NONE', ( #3090, #1172, #1256, #1376 ) ) ;
#738 = ORIENTED_EDGE ( 'NONE', *, *, #3218, .F. ) ;
#739 = DIRECTION ( 'NONE',  ( 1.000000000000000000, -0.000000000000000000, 0.000000000000000000 ) ) ;
#740 = CARTESIAN_POINT ( 'NONE',  ( -1.310510525686517491, 0.2500000000000000000, 12.95356573849177195 ) ) ;
#741 = CARTESIAN_POINT ( 'NONE',  ( -10.22035550149188943, 0.2500000000000000000, -5.900724999999984455 ) ) ;
#742 = DIRECTION ( 'NONE',  ( -1.000000000000000000, 8.765756437234920375E-16, 3.073539436677019664E-30 ) ) ;
#743 = ORIENTED_EDGE ( 'NONE', *, *, #1954, .F. ) ;
#744 = VECTOR ( 'NONE', #2506, 39.37007874015748143 ) ;
#745 = FACE_OUTER_BOUND ( 'NONE', #562, .T. ) ;
#746 = VECTOR ( 'NONE', #3157, 39.37007874015748143 ) ;
#747 = ORIENTED_EDGE ( 'NONE', *, *, #434, .T. ) ;
#748 = CARTESIAN_POINT ( 'NONE',  ( -6.286000000000000476, -0.3830000000000000071, -13.60828200000000088 ) ) ;
#749 = ORIENTED_EDGE ( 'NONE', *, *, #1196, .F. ) ;
#750 = CARTESIAN_POINT ( 'NONE',  ( -1.591959587326557068, 0.000000000000000000, 12.42004958619269672 ) ) ;
#751 = EDGE_LOOP ( 'NONE', ( #3081, #1275, #915, #191 ) ) ;
#752 = ORIENTED_EDGE ( 'NONE', *, *, #2094, .F. ) ;
#753 = EDGE_CURVE ( 'NONE', #2702, #1359, #1571, .T. ) ;
#754 = CIRCLE ( 'NONE', #3171, 0.1405000000000003191 ) ;
#755 = FACE_BOUND ( 'NONE', #2013, .T. ) ;
#756 = FACE_BOUND ( 'NONE', #76, .T. ) ;
#757 = LINE ( 'NONE', #1884, #3047 ) ;
#758 = CIRCLE ( 'NONE', #2818, 0.1404999999999992366 ) ;
#759 = VERTEX_POINT ( 'NONE', #2316 ) ;
#760 = EDGE_CURVE ( 'NONE', #610, #3513, #401, .T. ) ;
#761 = ADVANCED_FACE ( 'NONE', ( #3456 ), #1478, .F. ) ;
#762 = VECTOR ( 'NONE', #601, 39.37007874015748143 ) ;
#763 = DIRECTION ( 'NONE',  ( 0.000000000000000000, 0.000000000000000000, 1.000000000000000000 ) ) ;
#764 = SURFACE_STYLE_FILL_AREA ( #1599 ) ;
#765 = ORIENTED_EDGE ( 'NONE', *, *, #3041, .F. ) ;
#766 = CARTESIAN_POINT ( 'NONE',  ( -6.942673012021043810, -0.1249999999999984318, -13.60828200000000088 ) ) ;
#767 = EDGE_CURVE ( 'NONE', #2389, #429, #885, .T. ) ;
#768 = DIRECTION ( 'NONE',  ( -0.000000000000000000, 1.000000000000000000, -0.000000000000000000 ) ) ;
#769 = VECTOR ( 'NONE', #3222, 39.37007874015748143 ) ;
#770 = ORIENTED_EDGE ( 'NONE', *, *, #804, .F. ) ;
#771 = VERTEX_POINT ( 'NONE', #3163 ) ;
#772 = DIRECTION ( 'NONE',  ( 0.000000000000000000, 0.000000000000000000, 1.000000000000000000 ) ) ;
#773 = CARTESIAN_POINT ( 'NONE',  ( -10.22035550149188943, 0.2500000000000000000, -5.900724999999984455 ) ) ;
#774 = LINE ( 'NONE', #3004, #1187 ) ;
#775 = CARTESIAN_POINT ( 'NONE',  ( 6.942673012021044698, -0.2190000000000121849, -13.23328200000004173 ) ) ;
#776 = VECTOR ( 'NONE', #778, 39.37007874015748143 ) ;
#777 = ORIENTED_EDGE ( 'NONE', *, *, #926, .F. ) ;
#778 = DIRECTION ( 'NONE',  ( 0.000000000000000000, 1.000000000000000000, 0.000000000000000000 ) ) ;
#779 = PRESENTATION_STYLE_ASSIGNMENT (( #3304 ) ) ;
#780 = EDGE_CURVE ( 'NONE', #792, #2217, #2596, .T. ) ;
#781 = DIRECTION ( 'NONE',  ( -0.000000000000000000, 1.000000000000000000, 0.000000000000000000 ) ) ;
#782 = CARTESIAN_POINT ( 'NONE',  ( -1.082202423578874528, 0.000000000000000000, 13.10183075358899529 ) ) ;
#783 = ORIENTED_EDGE ( 'NONE', *, *, #767, .T. ) ;
#784 = DIRECTION ( 'NONE',  ( 4.370956789862805372E-15, 0.000000000000000000, -1.000000000000000000 ) ) ;
#785 = FACE_OUTER_BOUND ( 'NONE', #2538, .T. ) ;
#786 = ORIENTED_EDGE ( 'NONE', *, *, #224, .F. ) ;
#787 = ORIENTED_EDGE ( 'NONE', *, *, #1731, .T. ) ;
#788 = CARTESIAN_POINT ( 'NONE',  ( -11.62215945678592632, 0.2500000000000000000, 1.908800286327440920 ) ) ;
#789 = FACE_OUTER_BOUND ( 'NONE', #2356, .T. ) ;
#790 = FACE_OUTER_BOUND ( 'NONE', #2592, .T. ) ;
#791 = DIRECTION ( 'NONE',  ( 0.000000000000000000, 1.000000000000000000, 0.000000000000000000 ) ) ;
#792 = VERTEX_POINT ( 'NONE', #377 ) ;
#793 = CIRCLE ( 'NONE', #275, 0.2500000000000008882 ) ;
#794 = DIRECTION ( 'NONE',  ( 0.000000000000000000, 0.000000000000000000, 1.000000000000000000 ) ) ;
#795 = LINE ( 'NONE', #2403, #19 ) ;
#796 = DIRECTION ( 'NONE',  ( -1.000000000000000000, 0.000000000000000000, 0.000000000000000000 ) ) ;
#797 = FACE_BOUND ( 'NONE', #1059, .T. ) ;
#798 = AXIS2_PLACEMENT_3D ( 'NONE', #449, #1281, #2176 ) ;
#799 = EDGE_CURVE ( 'NONE', #1505, #1461, #3499, .T. ) ;
#800 = CIRCLE ( 'NONE', #2508, 0.2500000000000000555 ) ;
#801 = CARTESIAN_POINT ( 'NONE',  ( 8.843271017152501301, 0.000000000000000000, -8.629987509932472989 ) ) ;
#802 = VERTEX_POINT ( 'NONE', #35 ) ;
#803 = CARTESIAN_POINT ( 'NONE',  ( -6.942673012021043810, -2.243199999999999861, -13.60828200000000088 ) ) ;
#804 = EDGE_CURVE ( 'NONE', #846, #965, #158, .T. ) ;
#805 = AXIS2_PLACEMENT_3D ( 'NONE', #227, #867, #3424 ) ;
#806 = CARTESIAN_POINT ( 'NONE',  ( 6.817673012021043810, -1.868200000000000083, -13.60828200000003996 ) ) ;
#807 = EDGE_LOOP ( 'NONE', ( #447, #1535, #3511, #1362 ) ) ;
#808 = ORIENTED_EDGE ( 'NONE', *, *, #1661, .F. ) ;
#809 = CARTESIAN_POINT ( 'NONE',  ( -7.358179529846889722, 0.000000000000000000, 13.10183075358899529 ) ) ;
#810 = CARTESIAN_POINT ( 'NONE',  ( -2.036000000000000032, -1.883000000000000007, -13.60828200000000088 ) ) ;
#811 = DIRECTION ( 'NONE',  ( -3.496765431890260075E-15, 0.000000000000000000, 1.000000000000000000 ) ) ;
#812 = ORIENTED_EDGE ( 'NONE', *, *, #368, .T. ) ;
#813 = CIRCLE ( 'NONE', #2879, 0.1249999999999993477 ) ;
#814 = EDGE_CURVE ( 'NONE', #2556, #1280, #1998, .T. ) ;
#815 = CYLINDRICAL_SURFACE ( 'NONE', #1097, 0.1720000000000000417 ) ;
#816 = CARTESIAN_POINT ( 'NONE',  ( 7.192673012021044698, -0.2190000000000220659, -13.10828200000000088 ) ) ;
#817 = VECTOR ( 'NONE', #3516, 39.37007874015748143 ) ;
#818 = CIRCLE ( 'NONE', #1295, 0.1720000000000000417 ) ;
#819 = CYLINDRICAL_SURFACE ( 'NONE', #2230, 0.1405000000000000415 ) ;
#820 = ORIENTED_EDGE ( 'NONE', *, *, #176, .T. ) ;
#821 = EDGE_LOOP ( 'NONE', ( #3341, #3455, #2735, #3 ) ) ;
#822 = CIRCLE ( 'NONE', #1593, 0.2499999999999998057 ) ;
#823 = AXIS2_PLACEMENT_3D ( 'NONE', #1587, #2187, #1082 ) ;
#824 = FACE_OUTER_BOUND ( 'NONE', #2460, .T. ) ;
#825 = EDGE_CURVE ( 'NONE', #1286, #3426, #1977, .T. ) ;
#826 = ORIENTED_EDGE ( 'NONE', *, *, #1575, .T. ) ;
#827 = ADVANCED_FACE ( 'NONE', ( #839 ), #1722, .F. ) ;
#828 = CARTESIAN_POINT ( 'NONE',  ( 6.442673012021043810, -0.1249999999999984318, -13.60828200000000088 ) ) ;
#829 = EDGE_CURVE ( 'NONE', #1880, #3324, #920, .T. ) ;
#830 = LINE ( 'NONE', #3616, #2584 ) ;
#831 = EDGE_CURVE ( 'NONE', #891, #2653, #3356, .T. ) ;
#832 = ADVANCED_FACE ( 'NONE', ( #1447 ), #3318, .T. ) ;
#833 = ORIENTED_EDGE ( 'NONE', *, *, #3102, .T. ) ;
#834 = ORIENTED_EDGE ( 'NONE', *, *, #2492, .F. ) ;
#835 = DIRECTION ( 'NONE',  ( 0.000000000000000000, 0.000000000000000000, -1.000000000000000000 ) ) ;
#836 = CARTESIAN_POINT ( 'NONE',  ( 2.036000000000000032, -0.3830000000000000071, -13.60828200000000088 ) ) ;
#837 = LINE ( 'NONE', #542, #2503 ) ;
#838 = ORIENTED_EDGE ( 'NONE', *, *, #3293, .F. ) ;
#839 = FACE_OUTER_BOUND ( 'NONE', #52, .T. ) ;
#840 = CARTESIAN_POINT ( 'NONE',  ( -6.286000000000000476, -2.055000000000001048, -13.35828199999999910 ) ) ;
#841 = CARTESIAN_POINT ( 'NONE',  ( 1.513882903071017694, 0.000000000000000000, 12.51560041729580597 ) ) ;
#842 = VERTEX_POINT ( 'NONE', #2844 ) ;
#843 = AXIS2_PLACEMENT_3D ( 'NONE', #1319, #1011, #3555 ) ;
#844 = VERTEX_POINT ( 'NONE', #3035 ) ;
#845 = CYLINDRICAL_SURFACE ( 'NONE', #1018, 12.35637999999999970 ) ;
#846 = VERTEX_POINT ( 'NONE', #3335 ) ;
#847 = EDGE_CURVE ( 'NONE', #568, #1903, #1387, .T. ) ;
#848 = CARTESIAN_POINT ( 'NONE',  ( -1.456673423708076953, 0.000000000000000000, 12.62527849455493900 ) ) ;
#849 = DIRECTION ( 'NONE',  ( 0.000000000000000000, 1.000000000000000000, 3.506302574893970122E-15 ) ) ;
#850 = ORIENTED_EDGE ( 'NONE', *, *, #1381, .T. ) ;
#851 = EDGE_LOOP ( 'NONE', ( #1988, #2188, #54, #1068 ) ) ;
#852 = EDGE_CURVE ( 'NONE', #3103, #947, #1036, .T. ) ;
#853 = CARTESIAN_POINT ( 'NONE',  ( 2.036000000000000032, -2.055000000000000160, -13.60828200000000088 ) ) ;
#854 = CYLINDRICAL_SURFACE ( 'NONE', #2526, 0.08050000000000041844 ) ;
#855 = DIRECTION ( 'NONE',  ( 0.000000000000000000, 0.000000000000000000, 1.000000000000000000 ) ) ;
#856 = EDGE_LOOP ( 'NONE', ( #3272, #2146, #1932, #2112 ) ) ;
#857 = ADVANCED_FACE ( 'NONE', ( #328 ), #2545, .F. ) ;
#858 = LINE ( 'NONE', #522, #1279 ) ;
#859 = CYLINDRICAL_SURFACE ( 'NONE', #1242, 0.3750000000000002220 ) ;
#860 = DIRECTION ( 'NONE',  ( 0.000000000000000000, -1.871315875660030215E-14, -1.000000000000000000 ) ) ;
#861 = CYLINDRICAL_SURFACE ( 'NONE', #2802, 0.1405000000000003191 ) ;
#862 = AXIS2_PLACEMENT_3D ( 'NONE', #564, #1702, #1683 ) ;
#863 = ORIENTED_EDGE ( 'NONE', *, *, #1285, .F. ) ;
#864 = VERTEX_POINT ( 'NONE', #2564 ) ;
#865 = CARTESIAN_POINT ( 'NONE',  ( 7.585825836335157391, 0.2500000000000000000, 9.040435193246516121 ) ) ;
#866 = AXIS2_PLACEMENT_3D ( 'NONE', #865, #1713, #1985 ) ;
#867 = DIRECTION ( 'NONE',  ( 0.000000000000000000, 3.506302574893970122E-15, -1.000000000000000000 ) ) ;
#868 = CARTESIAN_POINT ( 'NONE',  ( -6.286000000000000476, -0.3830000000000009508, -13.35828199999999910 ) ) ;
#869 = AXIS2_PLACEMENT_3D ( 'NONE', #3063, #2493, #3010 ) ;
#870 = EDGE_LOOP ( 'NONE', ( #3266, #1817 ) ) ;
#871 = EDGE_LOOP ( 'NONE', ( #3482, #2228, #41, #683 ) ) ;
#872 = CARTESIAN_POINT ( 'NONE',  ( 11.62215945678592632, 0.2500000000000000000, 1.908800286327437146 ) ) ;
#873 = CARTESIAN_POINT ( 'NONE',  ( -6.286000000000000476, -0.5550000000000000488, -13.60828200000000088 ) ) ;
#874 = DIRECTION ( 'NONE',  ( 0.000000000000000000, 1.000000000000000000, 0.000000000000000000 ) ) ;
#875 = VERTEX_POINT ( 'NONE', #49 ) ;
#876 = DIRECTION ( 'NONE',  ( 0.000000000000000000, -1.000000000000000000, 0.000000000000000000 ) ) ;
#877 = CARTESIAN_POINT ( 'NONE',  ( 1.456673423708088722, 0.2500000000000000000, 12.62527849455494078 ) ) ;
#878 = CARTESIAN_POINT ( 'NONE',  ( 8.096785344606043822, 0.2500000000000000000, -12.86351813325019755 ) ) ;
#879 = DIRECTION ( 'NONE',  ( 0.000000000000000000, 0.000000000000000000, -1.000000000000000000 ) ) ;
#880 = EDGE_CURVE ( 'NONE', #2279, #2048, #1919, .T. ) ;
#881 = EDGE_CURVE ( 'NONE', #3014, #999, #858, .T. ) ;
#882 = ORIENTED_EDGE ( 'NONE', *, *, #2283, .T. ) ;
#883 = DIRECTION ( 'NONE',  ( 0.000000000000000000, -1.000000000000000000, 0.000000000000000000 ) ) ;
#884 = ORIENTED_EDGE ( 'NONE', *, *, #1666, .F. ) ;
#885 = LINE ( 'NONE', #3438, #1325 ) ;
#886 = EDGE_CURVE ( 'NONE', #1233, #3580, #3386, .T. ) ;
#887 = VECTOR ( 'NONE', #2066, 39.37007874015748143 ) ;
#888 = VECTOR ( 'NONE', #3560, 39.37007874015748143 ) ;
#889 = DIRECTION ( 'NONE',  ( 0.000000000000000000, 0.000000000000000000, 1.000000000000000000 ) ) ;
#890 = FACE_OUTER_BOUND ( 'NONE', #1951, .T. ) ;
#891 = VERTEX_POINT ( 'NONE', #2272 ) ;
#892 = EDGE_LOOP ( 'NONE', ( #1433, #1687, #1708, #304 ) ) ;
#893 = CARTESIAN_POINT ( 'NONE',  ( 6.942673012021043810, -0.1250000000000000000, -13.23328200000000088 ) ) ;
#894 = CARTESIAN_POINT ( 'NONE',  ( 11.62215945678592632, 0.000000000000000000, 2.049300286327437437 ) ) ;
#895 = EDGE_CURVE ( 'NONE', #1802, #2157, #2768, .T. ) ;
#896 = VERTEX_POINT ( 'NONE', #1150 ) ;
#897 = DIRECTION ( 'NONE',  ( -1.000000000000000000, 0.000000000000000000, 0.000000000000000000 ) ) ;
#898 = DIRECTION ( 'NONE',  ( 0.000000000000000000, 0.000000000000000000, 1.000000000000000000 ) ) ;
#899 = DIRECTION ( 'NONE',  ( 0.000000000000000000, 1.000000000000000000, 0.000000000000000000 ) ) ;
#900 = ORIENTED_EDGE ( 'NONE', *, *, #472, .T. ) ;
#901 = ADVANCED_FACE ( 'NONE', ( #1371 ), #815, .F. ) ;
#902 = CARTESIAN_POINT ( 'NONE',  ( -4.036333620450724524, 0.2500000000000000000, -11.08973547957385897 ) ) ;
#903 = ORIENTED_EDGE ( 'NONE', *, *, #959, .T. ) ;
#904 = DIRECTION ( 'NONE',  ( 1.000000000000000000, -0.000000000000000000, -0.000000000000000000 ) ) ;
#905 = FACE_OUTER_BOUND ( 'NONE', #1849, .T. ) ;
#906 = LINE ( 'NONE', #1188, #2293 ) ;
#907 = ORIENTED_EDGE ( 'NONE', *, *, #2246, .F. ) ;
#908 = ORIENTED_EDGE ( 'NONE', *, *, #1099, .T. ) ;
#909 = CARTESIAN_POINT ( 'NONE',  ( -6.817673012021043810, -1.868200000000000083, -13.60828200000005950 ) ) ;
#910 = ORIENTED_EDGE ( 'NONE', *, *, #1439, .T. ) ;
#911 = CARTESIAN_POINT ( 'NONE',  ( -7.358179529846889722, 0.2500000000000000000, -13.48328200000000088 ) ) ;
#912 = CARTESIAN_POINT ( 'NONE',  ( -1.786167434572657475, 0.000000000000000000, 12.26925503780974402 ) ) ;
#913 = CARTESIAN_POINT ( 'NONE',  ( 1.682233298445452663, 0.000000000000000000, 12.33525290168352306 ) ) ;
#914 = CARTESIAN_POINT ( 'NONE',  ( 10.22035550149188943, 0.2500000000000000000, -5.900724999999976461 ) ) ;
#915 = ORIENTED_EDGE ( 'NONE', *, *, #3587, .T. ) ;
#916 = LINE ( 'NONE', #976, #3132 ) ;
#917 = ORIENTED_EDGE ( 'NONE', *, *, #1509, .T. ) ;
#918 = CARTESIAN_POINT ( 'NONE',  ( 1.082202423578895845, 0.2500000000000000000, 13.10183075358899885 ) ) ;
#919 = ADVANCED_FACE ( 'NONE', ( #3604 ), #1940, .F. ) ;
#920 = CIRCLE ( 'NONE', #862, 12.35637999999999970 ) ;
#921 = DIRECTION ( 'NONE',  ( -3.496765431890260075E-15, 0.000000000000000000, 1.000000000000000000 ) ) ;
#922 = PLANE ( 'NONE',  #1474 ) ;
#923 = EDGE_CURVE ( 'NONE', #2397, #2569, #985, .T. ) ;
#924 = AXIS2_PLACEMENT_3D ( 'NONE', #3460, #2067, #980 ) ;
#925 = ORIENTED_EDGE ( 'NONE', *, *, #1583, .F. ) ;
#926 = EDGE_CURVE ( 'NONE', #445, #1854, #422, .T. ) ;
#927 = VERTEX_POINT ( 'NONE', #2936 ) ;
#928 =( BOUNDED_SURFACE ( )  B_SPLINE_SURFACE ( 3, 1, ( 
 ( #1564, #3502 ),
 ( #439, #2672 ),
 ( #1283, #644 ),
 ( #2400, #2036 ) ),
 .UNSPECIFIED., .F., .F., .T. ) 
 B_SPLINE_SURFACE_WITH_KNOTS ( ( 4, 4 ),
 ( 2, 2 ),
 ( 0.000000000000000000, 1.000000000000000000 ),
 ( 0.000000000000000000, 1.000000000000000000 ),
 .UNSPECIFIED. ) 
 GEOMETRIC_REPRESENTATION_ITEM ( )  RATIONAL_B_SPLINE_SURFACE ( (
 ( 1.000000000000000000, 1.000000000000000000),
 ( 0.8925278267257520382, 0.8925278267257520382),
 ( 0.8925278267257520382, 0.8925278267257520382),
 ( 1.000000000000000000, 1.000000000000000000) ) ) 
 REPRESENTATION_ITEM ( '' )  SURFACE ( )  );
#929 = FACE_OUTER_BOUND ( 'NONE', #1770, .T. ) ;
#930 =( NAMED_UNIT ( * ) SI_UNIT ( $, .STERADIAN. ) SOLID_ANGLE_UNIT ( ) );
#931 = ORIENTED_EDGE ( 'NONE', *, *, #1805, .F. ) ;
#932 = EDGE_CURVE ( 'NONE', #2611, #2321, #508, .T. ) ;
#933 = DIRECTION ( 'NONE',  ( 0.000000000000000000, 0.000000000000000000, 1.000000000000000000 ) ) ;
#934 = CARTESIAN_POINT ( 'NONE',  ( -1.513843565588419482, 0.2500000000000000000, 12.51568822829980121 ) ) ;
#935 = DIRECTION ( 'NONE',  ( 3.496765431890254947E-15, 3.975524608776520437E-15, -1.000000000000000000 ) ) ;
#936 = CARTESIAN_POINT ( 'NONE',  ( -1.635730722627387834, 0.2500000000000000000, 12.37595163552153643 ) ) ;
#937 = ORIENTED_EDGE ( 'NONE', *, *, #926, .T. ) ;
#938 = DIRECTION ( 'NONE',  ( 1.000000000000000000, 0.000000000000000000, 0.000000000000000000 ) ) ;
#939 = ORIENTED_EDGE ( 'NONE', *, *, #825, .F. ) ;
#940 = CARTESIAN_POINT ( 'NONE',  ( -4.356095536776188898E-15, -1.993199999999999861, -13.60828200000000088 ) ) ;
#941 = CIRCLE ( 'NONE', #3631, 0.1404999999999992366 ) ;
#942 = CARTESIAN_POINT ( 'NONE',  ( 2.019619653481299348, 0.000000000000000000, 12.19021177665391598 ) ) ;
#943 = CARTESIAN_POINT ( 'NONE',  ( -6.442673012021043810, -0.2190000000000098535, -13.60828200000000088 ) ) ;
#944 = VECTOR ( 'NONE', #485, 39.37007874015748143 ) ;
#945 = VECTOR ( 'NONE', #1399, 39.37007874015748143 ) ;
#946 = CARTESIAN_POINT ( 'NONE',  ( 7.067673012021044698, 0.000000000000000000, -12.73328200000000088 ) ) ;
#947 = VERTEX_POINT ( 'NONE', #2291 ) ;
#948 = AXIS2_PLACEMENT_3D ( 'NONE', #1512, #2110, #972 ) ;
#949 = DIRECTION ( 'NONE',  ( -1.000000000000000000, 0.000000000000000000, -0.000000000000000000 ) ) ;
#950 = ORIENTED_EDGE ( 'NONE', *, *, #1990, .T. ) ;
#951 = CARTESIAN_POINT ( 'NONE',  ( 7.067673012021043810, 0.2500000000000000000, -12.73328200000000088 ) ) ;
#952 = DIRECTION ( 'NONE',  ( 0.000000000000000000, 3.506302574893970122E-15, -1.000000000000000000 ) ) ;
#953 = CARTESIAN_POINT ( 'NONE',  ( 2.019619653481299348, 0.2500000000000000000, 12.19021177665391775 ) ) ;
#954 = LINE ( 'NONE', #3213, #2928 ) ;
#955 = ORIENTED_EDGE ( 'NONE', *, *, #561, .T. ) ;
#956 = LINE ( 'NONE', #2096, #1500 ) ;
#957 = ORIENTED_EDGE ( 'NONE', *, *, #2557, .F. ) ;
#958 = CARTESIAN_POINT ( 'NONE',  ( -1.310510525686517491, 0.2500000000000000000, 12.95356573849177195 ) ) ;
#959 = EDGE_CURVE ( 'NONE', #891, #3029, #369, .T. ) ;
#960 = EDGE_CURVE ( 'NONE', #927, #1802, #2864, .T. ) ;
#961 = PLANE ( 'NONE',  #3409 ) ;
#962 = VECTOR ( 'NONE', #2099, 39.37007874015748143 ) ;
#963 = LINE ( 'NONE', #2561, #2213 ) ;
#964 = AXIS2_PLACEMENT_3D ( 'NONE', #3525, #2693, #2436 ) ;
#965 = VERTEX_POINT ( 'NONE', #911 ) ;
#966 = DIRECTION ( 'NONE',  ( 0.000000000000000000, 0.000000000000000000, 1.000000000000000000 ) ) ;
#967 =( LENGTH_UNIT ( ) NAMED_UNIT ( * ) SI_UNIT ( $, .METRE. ) );
#968 = ORIENTED_EDGE ( 'NONE', *, *, #1070, .F. ) ;
#969 = ADVANCED_FACE ( 'NONE', ( #2053 ), #2074, .F. ) ;
#970 = CARTESIAN_POINT ( 'NONE',  ( 6.817673012021043810, -1.868200000000000083, -13.23328200000003996 ) ) ;
#971 = DIRECTION ( 'NONE',  ( 0.000000000000000000, 1.000000000000000000, 0.000000000000000000 ) ) ;
#972 = DIRECTION ( 'NONE',  ( 0.000000000000000000, -1.000000000000000000, -3.506302574893970122E-15 ) ) ;
#973 = CARTESIAN_POINT ( 'NONE',  ( -4.036333620450724524, 0.2500000000000000000, -11.08973547957385897 ) ) ;
#974 = EDGE_CURVE ( 'NONE', #429, #2975, #3415, .T. ) ;
#975 = ORIENTED_EDGE ( 'NONE', *, *, #2420, .F. ) ;
#976 = CARTESIAN_POINT ( 'NONE',  ( 6.442673012021043810, 4.859132986020668934E-14, -13.60828200000000088 ) ) ;
#977 = VERTEX_POINT ( 'NONE', #1492 ) ;
#978 = LINE ( 'NONE', #672, #3523 ) ;
#979 = FACE_OUTER_BOUND ( 'NONE', #239, .T. ) ;
#980 = DIRECTION ( 'NONE',  ( 0.000000000000000000, 1.000000000000000000, 0.000000000000000000 ) ) ;
#981 = ORIENTED_EDGE ( 'NONE', *, *, #1196, .T. ) ;
#982 = AXIS2_PLACEMENT_3D ( 'NONE', #2573, #2627, #395 ) ;
#983 = DIRECTION ( 'NONE',  ( 0.000000000000000000, 0.000000000000000000, 1.000000000000000000 ) ) ;
#984 = EDGE_CURVE ( 'NONE', #1143, #2641, #39, .T. ) ;
#985 = CIRCLE ( 'NONE', #1748, 0.1405000000000000415 ) ;
#986 = ORIENTED_EDGE ( 'NONE', *, *, #736, .F. ) ;
#987 = AXIS2_PLACEMENT_3D ( 'NONE', #1009, #470, #1596 ) ;
#988 = FACE_BOUND ( 'NONE', #34, .T. ) ;
#989 = CARTESIAN_POINT ( 'NONE',  ( -1.591959587326557068, 0.2500000000000000000, 12.42004958619269672 ) ) ;
#990 = CARTESIAN_POINT ( 'NONE',  ( -7.192673012021044698, -1.868200000000000083, -12.10828200000006127 ) ) ;
#991 = CARTESIAN_POINT ( 'NONE',  ( -1.899065021827555100, 0.2500000000000000000, 12.21793437618547173 ) ) ;
#992 = EDGE_CURVE ( 'NONE', #2979, #15, #3136, .T. ) ;
#993 = VERTEX_POINT ( 'NONE', #1740 ) ;
#994 = CARTESIAN_POINT ( 'NONE',  ( 7.192673012021042034, -0.09299999999998530276, -12.10828200000000976 ) ) ;
#995 = ADVANCED_FACE ( 'NONE', ( #1510 ), #146, .T. ) ;
#996 = ORIENTED_EDGE ( 'NONE', *, *, #1032, .T. ) ;
#997 = LINE ( 'NONE', #137, #2001 ) ;
#998 = AXIS2_PLACEMENT_3D ( 'NONE', #305, #1662, #2840 ) ;
#999 = VERTEX_POINT ( 'NONE', #404 ) ;
#1000 = AXIS2_PLACEMENT_3D ( 'NONE', #1865, #2744, #2955 ) ;
#1001 = CIRCLE ( 'NONE', #236, 0.08050000000000041844 ) ;
#1002 = DIRECTION ( 'NONE',  ( 0.000000000000000000, 0.000000000000000000, -1.000000000000000000 ) ) ;
#1003 = VERTEX_POINT ( 'NONE', #1530 ) ;
#1004 = CIRCLE ( 'NONE', #1248, 0.1405000000000000415 ) ;
#1005 = VECTOR ( 'NONE', #2829, 39.37007874015748143 ) ;
#1006 = CARTESIAN_POINT ( 'NONE',  ( -6.286000000000000476, -0.5550000000000009370, -13.35828199999999910 ) ) ;
#1007 = DIRECTION ( 'NONE',  ( 0.000000000000000000, 0.000000000000000000, 1.000000000000000000 ) ) ;
#1008 = FACE_BOUND ( 'NONE', #2513, .T. ) ;
#1009 = CARTESIAN_POINT ( 'NONE',  ( -2.036000000000000032, -0.5550000000000000488, -13.60828200000000088 ) ) ;
#1010 = ORIENTED_EDGE ( 'NONE', *, *, #1201, .T. ) ;
#1011 = DIRECTION ( 'NONE',  ( 0.000000000000000000, 1.000000000000000000, 0.000000000000000000 ) ) ;
#1012 = ORIENTED_EDGE ( 'NONE', *, *, #1964, .T. ) ;
#1013 = EDGE_CURVE ( 'NONE', #322, #1917, #3154, .T. ) ;
#1014 = CARTESIAN_POINT ( 'NONE',  ( -0.6250000000000432987, 0.000000000000000000, 12.70825089234380201 ) ) ;
#1015 = EDGE_LOOP ( 'NONE', ( #3013, #900, #2422, #102 ) ) ;
#1016 = EDGE_CURVE ( 'NONE', #864, #2999, #2618, .T. ) ;
#1017 = CARTESIAN_POINT ( 'NONE',  ( 6.817673012021043810, -1.868200000000000083, -13.23328200000003996 ) ) ;
#1018 = AXIS2_PLACEMENT_3D ( 'NONE', #3083, #1966, #1690 ) ;
#1019 = ORIENTED_EDGE ( 'NONE', *, *, #1752, .T. ) ;
#1020 = CARTESIAN_POINT ( 'NONE',  ( 6.817673012021043810, -0.2190000000000141833, -13.23328200000003996 ) ) ;
#1021 = LINE ( 'NONE', #3016, #360 ) ;
#1022 = PLANE ( 'NONE',  #3291 ) ;
#1023 = DIRECTION ( 'NONE',  ( -1.325174869592170061E-15, 1.000000000000000000, 3.975524608776515704E-15 ) ) ;
#1024 = ORIENTED_EDGE ( 'NONE', *, *, #2838, .F. ) ;
#1025 = CARTESIAN_POINT ( 'NONE',  ( -7.585825836335157391, 0.2500000000000000000, 9.040435193246516121 ) ) ;
#1026 = ORIENTED_EDGE ( 'NONE', *, *, #313, .F. ) ;
#1027 = DIRECTION ( 'NONE',  ( 1.000000000000000000, 0.000000000000000000, 0.000000000000000000 ) ) ;
#1028 = EDGE_CURVE ( 'NONE', #2005, #2048, #104, .T. ) ;
#1029 = EDGE_CURVE ( 'NONE', #2918, #3367, #2677, .T. ) ;
#1030 = ORIENTED_EDGE ( 'NONE', *, *, #1752, .F. ) ;
#1031 = DIRECTION ( 'NONE',  ( 0.000000000000000000, 0.000000000000000000, -1.000000000000000000 ) ) ;
#1032 = EDGE_CURVE ( 'NONE', #2722, #2021, #1229, .T. ) ;
#1033 = ADVANCED_FACE ( 'NONE', ( #2324, #2586, #1763, #3448, #68, #3485, #2886, #694, #3534, #988, #755, #1054 ), #211, .T. ) ;
#1034 = ORIENTED_EDGE ( 'NONE', *, *, #2455, .T. ) ;
#1035 = ORIENTED_EDGE ( 'NONE', *, *, #72, .F. ) ;
#1036 = CIRCLE ( 'NONE', #3088, 0.1720000000000000417 ) ;
#1037 = DIRECTION ( 'NONE',  ( 0.000000000000000000, 0.000000000000000000, 1.000000000000000000 ) ) ;
#1038 = CARTESIAN_POINT ( 'NONE',  ( 6.942673012021043810, 0.2500000000000000000, -13.10828200000000088 ) ) ;
#1039 = CARTESIAN_POINT ( 'NONE',  ( 6.817673012021043810, 4.771104890747052213E-14, -13.35828199999999910 ) ) ;
#1040 = EDGE_CURVE ( 'NONE', #3082, #2048, #2098, .T. ) ;
#1041 = DIRECTION ( 'NONE',  ( 1.000000000000000000, 0.000000000000000000, 0.000000000000000000 ) ) ;
#1042 = ORIENTED_EDGE ( 'NONE', *, *, #1144, .T. ) ;
#1043 = VECTOR ( 'NONE', #26, 39.37007874015748143 ) ;
#1044 = DIRECTION ( 'NONE',  ( 0.000000000000000000, 1.000000000000000000, 0.000000000000000000 ) ) ;
#1045 = PLANE ( 'NONE',  #181 ) ;
#1046 = ORIENTED_EDGE ( 'NONE', *, *, #2296, .T. ) ;
#1047 = LINE ( 'NONE', #748, #237 ) ;
#1048 = ORIENTED_EDGE ( 'NONE', *, *, #272, .T. ) ;
#1049 = CARTESIAN_POINT ( 'NONE',  ( -7.192673012021083778, -0.09300000000000435696, -2.514976932806358408E-14 ) ) ;
#1050 = ORIENTED_EDGE ( 'NONE', *, *, #1575, .F. ) ;
#1051 = EDGE_LOOP ( 'NONE', ( #335, #327, #1603, #2539 ) ) ;
#1052 = CIRCLE ( 'NONE', #2226, 0.1404999999999992366 ) ;
#1053 = EDGE_CURVE ( 'NONE', #2175, #1393, #2863, .T. ) ;
#1054 = FACE_OUTER_BOUND ( 'NONE', #2925, .T. ) ;
#1055 = PLANE ( 'NONE',  #179 ) ;
#1056 = FACE_BOUND ( 'NONE', #3586, .T. ) ;
#1057 = AXIS2_PLACEMENT_3D ( 'NONE', #673, #2319, #2011 ) ;
#1058 = CIRCLE ( 'NONE', #1773, 0.1405000000000003191 ) ;
#1059 = EDGE_LOOP ( 'NONE', ( #2259, #1019 ) ) ;
#1060 = VECTOR ( 'NONE', #2841, 39.37007874015748143 ) ;
#1061 = CARTESIAN_POINT ( 'NONE',  ( -6.817673012021043810, -1.868200000000000083, -13.23328200000003996 ) ) ;
#1062 = DIRECTION ( 'NONE',  ( 3.496765431890255342E-15, -3.715313271383400344E-15, 1.000000000000000000 ) ) ;
#1063 = ORIENTED_EDGE ( 'NONE', *, *, #1634, .F. ) ;
#1064 = CYLINDRICAL_SURFACE ( 'NONE', #2294, 0.1405000000000003191 ) ;
#1065 = VERTEX_POINT ( 'NONE', #2415 ) ;
#1066 = DIRECTION ( 'NONE',  ( 0.000000000000000000, 3.506302574893970122E-15, -1.000000000000000000 ) ) ;
#1067 = CARTESIAN_POINT ( 'NONE',  ( -7.585825836335157391, 0.2500000000000000000, 9.040435193246516121 ) ) ;
#1068 = ORIENTED_EDGE ( 'NONE', *, *, #2652, .T. ) ;
#1069 = ORIENTED_EDGE ( 'NONE', *, *, #2219, .T. ) ;
#1070 = EDGE_CURVE ( 'NONE', #1393, #1455, #1623, .T. ) ;
#1071 = CYLINDRICAL_SURFACE ( 'NONE', #2049, 0.08050000000000041844 ) ;
#1072 = DIRECTION ( 'NONE',  ( 0.000000000000000000, 1.000000000000000000, 0.000000000000000000 ) ) ;
#1073 = FACE_BOUND ( 'NONE', #2632, .T. ) ;
#1074 = CARTESIAN_POINT ( 'NONE',  ( -0.6250000000000432987, 0.2500000000000000000, 12.70825089234380201 ) ) ;
#1075 = EDGE_CURVE ( 'NONE', #258, #2097, #1608, .T. ) ;
#1076 = AXIS2_PLACEMENT_3D ( 'NONE', #647, #2927, #1823 ) ;
#1077 = ORIENTED_EDGE ( 'NONE', *, *, #1600, .F. ) ;
#1078 = CARTESIAN_POINT ( 'NONE',  ( 6.942673012021043810, 0.000000000000000000, -13.23328200000000088 ) ) ;
#1079 = DIRECTION ( 'NONE',  ( 0.000000000000000000, 0.000000000000000000, 1.000000000000000000 ) ) ;
#1080 = EDGE_CURVE ( 'NONE', #732, #1911, #453, .T. ) ;
#1081 = PLANE ( 'NONE',  #2104 ) ;
#1082 = DIRECTION ( 'NONE',  ( 4.370956789862805372E-15, 0.000000000000000000, -1.000000000000000000 ) ) ;
#1083 = VERTEX_POINT ( 'NONE', #1882 ) ;
#1084 = CYLINDRICAL_SURFACE ( 'NONE', #1220, 0.1720000000000000417 ) ;
#1085 = CARTESIAN_POINT ( 'NONE',  ( 0.6250000000000432987, 0.000000000000000000, 12.78875089234380091 ) ) ;
#1086 = ORIENTED_EDGE ( 'NONE', *, *, #1637, .F. ) ;
#1087 = ORIENTED_EDGE ( 'NONE', *, *, #2079, .F. ) ;
#1088 = LINE ( 'NONE', #2874, #284 ) ;
#1089 = CARTESIAN_POINT ( 'NONE',  ( 4.036333620450724524, 0.2500000000000000000, -10.94923547957385956 ) ) ;
#1090 = DIRECTION ( 'NONE',  ( 0.000000000000000000, 1.000000000000000000, 0.000000000000000000 ) ) ;
#1091 = DIRECTION ( 'NONE',  ( 0.000000000000000000, 0.000000000000000000, 1.000000000000000000 ) ) ;
#1092 = ORIENTED_EDGE ( 'NONE', *, *, #1439, .F. ) ;
#1093 = DIRECTION ( 'NONE',  ( 0.000000000000000000, 1.000000000000000000, 0.000000000000000000 ) ) ;
#1094 = CARTESIAN_POINT ( 'NONE',  ( -4.036333620450724524, 0.000000000000000000, -11.23023547957385837 ) ) ;
#1095 = DIRECTION ( 'NONE',  ( 0.000000000000000000, 3.506302574893970122E-15, -1.000000000000000000 ) ) ;
#1096 = FACE_BOUND ( 'NONE', #1297, .T. ) ;
#1097 = AXIS2_PLACEMENT_3D ( 'NONE', #583, #2824, #1093 ) ;
#1098 = CIRCLE ( 'NONE', #3617, 0.1719999999999999585 ) ;
#1099 = EDGE_CURVE ( 'NONE', #1460, #1280, #3002, .T. ) ;
#1100 = CARTESIAN_POINT ( 'NONE',  ( 6.692673012021043810, 4.858762455119401792E-14, -13.60828200000000088 ) ) ;
#1101 = VERTEX_POINT ( 'NONE', #2724 ) ;
#1102 = CARTESIAN_POINT ( 'NONE',  ( -6.942673012021037593, -0.2190000000000126290, -13.10828199999999910 ) ) ;
#1103 = FACE_OUTER_BOUND ( 'NONE', #3253, .T. ) ;
#1104 = CIRCLE ( 'NONE', #2367, 0.08050000000000041844 ) ;
#1105 = EDGE_LOOP ( 'NONE', ( #1533, #833, #1597, #2778, #165, #3561, #3629, #1416, #1312, #1385, #3149, #1127, #1400, #1202, #2414, #433, #692, #23, #1086, #2315, #291, #1553 ) ) ;
#1106 = ORIENTED_EDGE ( 'NONE', *, *, #157, .T. ) ;
#1107 = DIRECTION ( 'NONE',  ( 0.000000000000000000, -1.000000000000000000, 0.000000000000000000 ) ) ;
#1108 = FACE_OUTER_BOUND ( 'NONE', #198, .T. ) ;
#1109 = CARTESIAN_POINT ( 'NONE',  ( -7.358179529846889722, 0.000000000000000000, -13.48328200000000088 ) ) ;
#1110 = ORIENTED_EDGE ( 'NONE', *, *, #2446, .F. ) ;
#1111 = VECTOR ( 'NONE', #3227, 39.37007874015748143 ) ;
#1112 = DIRECTION ( 'NONE',  ( 0.1736481776669328847, 0.000000000000000000, -0.9848077530122074652 ) ) ;
#1113 = CARTESIAN_POINT ( 'NONE',  ( -10.22035550149188943, 0.000000000000000000, -5.900724999999984455 ) ) ;
#1114 = CIRCLE ( 'NONE', #3465, 0.1720000000000002360 ) ;
#1115 = MECHANICAL_DESIGN_GEOMETRIC_PRESENTATION_REPRESENTATION (  '', ( #654 ), #364 ) ;
#1116 = CARTESIAN_POINT ( 'NONE',  ( 1.786915018308866010, 0.000000000000000000, 12.26939355717875912 ) ) ;
#1117 = ORIENTED_EDGE ( 'NONE', *, *, #78, .T. ) ;
#1118 = EDGE_CURVE ( 'NONE', #2167, #2024, #2106, .T. ) ;
#1119 = ORIENTED_EDGE ( 'NONE', *, *, #243, .T. ) ;
#1120 = DIRECTION ( 'NONE',  ( 0.000000000000000000, 0.000000000000000000, 1.000000000000000000 ) ) ;
#1121 = ORIENTED_EDGE ( 'NONE', *, *, #3051, .T. ) ;
#1122 = CARTESIAN_POINT ( 'NONE',  ( 2.019619653481299348, 0.000000000000000000, 12.19021177665391598 ) ) ;
#1123 = EDGE_CURVE ( 'NONE', #498, #661, #1398, .T. ) ;
#1124 = CARTESIAN_POINT ( 'NONE',  ( 6.942673012021043810, 4.771104890747052213E-14, -13.35828199999999910 ) ) ;
#1125 = ADVANCED_FACE ( 'NONE', ( #3015 ), #3567, .T. ) ;
#1126 = VERTEX_POINT ( 'NONE', #3248 ) ;
#1127 = ORIENTED_EDGE ( 'NONE', *, *, #2073, .T. ) ;
#1128 = DIRECTION ( 'NONE',  ( -1.000000000000000000, -0.000000000000000000, -0.000000000000000000 ) ) ;
#1129 = DIRECTION ( 'NONE',  ( -1.000000000000000000, 0.000000000000000000, 0.000000000000000000 ) ) ;
#1130 = DIRECTION ( 'NONE',  ( 0.000000000000000000, 1.000000000000000000, 0.000000000000000000 ) ) ;
#1131 = ORIENTED_EDGE ( 'NONE', *, *, #814, .F. ) ;
#1132 = CARTESIAN_POINT ( 'NONE',  ( 6.942673012021043810, 0.2500000000000000000, -12.73328200000000088 ) ) ;
#1133 = DIRECTION ( 'NONE',  ( -1.000000000000000000, 0.000000000000000000, -5.827942386483758377E-15 ) ) ;
#1134 = CARTESIAN_POINT ( 'NONE',  ( -7.358179529846889722, 0.2500000000000000000, -12.73328200000000088 ) ) ;
#1135 = VERTEX_POINT ( 'NONE', #3298 ) ;
#1136 = AXIS2_PLACEMENT_3D ( 'NONE', #2329, #2624, #2388 ) ;
#1137 = ORIENTED_EDGE ( 'NONE', *, *, #2283, .F. ) ;
#1138 = PLANE ( 'NONE',  #1605 ) ;
#1139 = ORIENTED_EDGE ( 'NONE', *, *, #2964, .T. ) ;
#1140 = CARTESIAN_POINT ( 'NONE',  ( 1.899158825767224279, 0.000000000000000000, 12.21791864133179217 ) ) ;
#1141 = CARTESIAN_POINT ( 'NONE',  ( -1.635730722627387834, 0.000000000000000000, 12.37595163552153643 ) ) ;
#1142 = ORIENTED_EDGE ( 'NONE', *, *, #2357, .F. ) ;
#1143 = VERTEX_POINT ( 'NONE', #499 ) ;
#1144 = EDGE_CURVE ( 'NONE', #1210, #2167, #1562, .T. ) ;
#1145 = CARTESIAN_POINT ( 'NONE',  ( 2.019619653481299348, 0.2500000000000000000, 12.19021177665391775 ) ) ;
#1146 = EDGE_CURVE ( 'NONE', #3513, #610, #3454, .T. ) ;
#1147 = DIRECTION ( 'NONE',  ( -0.9135454576426075279, 0.000000000000000000, -0.4067366430757853313 ) ) ;
#1148 = LINE ( 'NONE', #2268, #1525 ) ;
#1149 = ORIENTED_EDGE ( 'NONE', *, *, #143, .F. ) ;
#1150 = CARTESIAN_POINT ( 'NONE',  ( -6.942673012021037593, -1.868199999999999417, -12.35828200000005772 ) ) ;
#1151 = EDGE_CURVE ( 'NONE', #2808, #3014, #1924, .T. ) ;
#1152 = CARTESIAN_POINT ( 'NONE',  ( 1.571176344531425295, 0.2500000000000000000, 12.44267212986309268 ) ) ;
#1153 = CARTESIAN_POINT ( 'NONE',  ( 1.773229646800767556, 0.000000000000000000, 12.27693192512834841 ) ) ;
#1154 = LINE ( 'NONE', #1766, #1918 ) ;
#1155 = VECTOR ( 'NONE', #2479, 39.37007874015748143 ) ;
#1156 = ORIENTED_EDGE ( 'NONE', *, *, #577, .F. ) ;
#1157 = DIRECTION ( 'NONE',  ( 0.000000000000000000, -1.000000000000000000, 0.000000000000000000 ) ) ;
#1158 = VECTOR ( 'NONE', #2017, 39.37007874015748143 ) ;
#1159 = ORIENTED_EDGE ( 'NONE', *, *, #1905, .F. ) ;
#1160 = EDGE_CURVE ( 'NONE', #2048, #1749, #2159, .T. ) ;
#1161 = CARTESIAN_POINT ( 'NONE',  ( 6.942673012021043810, -1.993199999999999861, -13.60828200000000088 ) ) ;
#1162 = AXIS2_PLACEMENT_3D ( 'NONE', #3623, #1937, #811 ) ;
#1163 = DIRECTION ( 'NONE',  ( 0.000000000000000000, 0.000000000000000000, 1.000000000000000000 ) ) ;
#1164 = CARTESIAN_POINT ( 'NONE',  ( -8.096785344606043822, 0.000000000000000000, -12.86351813325019755 ) ) ;
#1165 = VECTOR ( 'NONE', #312, 39.37007874015748143 ) ;
#1166 = EDGE_LOOP ( 'NONE', ( #2297, #3591, #1574, #363 ) ) ;
#1167 = ORIENTED_EDGE ( 'NONE', *, *, #2949, .F. ) ;
#1168 = CYLINDRICAL_SURFACE ( 'NONE', #3235, 0.1250000000000004441 ) ;
#1169 = CIRCLE ( 'NONE', #1464, 0.1719999999999999585 ) ;
#1170 = DIRECTION ( 'NONE',  ( 0.000000000000000000, 0.000000000000000000, -1.000000000000000000 ) ) ;
#1171 = CARTESIAN_POINT ( 'NONE',  ( -7.192673012021035817, -0.09300000000000435696, -13.10828200000000088 ) ) ;
#1172 = ORIENTED_EDGE ( 'NONE', *, *, #1418, .T. ) ;
#1173 = EDGE_CURVE ( 'NONE', #896, #1518, #2571, .T. ) ;
#1174 = DIRECTION ( 'NONE',  ( -1.000000000000000000, 0.000000000000000000, 0.000000000000000000 ) ) ;
#1175 = CARTESIAN_POINT ( 'NONE',  ( 1.635935387459767743, 0.2500000000000000000, 12.37577016504117999 ) ) ;
#1176 = DIRECTION ( 'NONE',  ( 0.000000000000000000, 1.000000000000000000, 0.000000000000000000 ) ) ;
#1177 = AXIS2_PLACEMENT_3D ( 'NONE', #893, #2014, #3133 ) ;
#1178 = ORIENTED_EDGE ( 'NONE', *, *, #2691, .T. ) ;
#1179 = AXIS2_PLACEMENT_3D ( 'NONE', #773, #1883, #1007 ) ;
#1180 = VECTOR ( 'NONE', #1402, 39.37007874015748143 ) ;
#1181 = DIRECTION ( 'NONE',  ( 3.496765431890254947E-15, -3.975524608776520437E-15, 1.000000000000000000 ) ) ;
#1182 = ORIENTED_EDGE ( 'NONE', *, *, #136, .T. ) ;
#1183 = CARTESIAN_POINT ( 'NONE',  ( 1.635935387459767743, 0.000000000000000000, 12.37577016504117999 ) ) ;
#1184 = AXIS2_PLACEMENT_3D ( 'NONE', #2029, #2630, #58 ) ;
#1185 = CIRCLE ( 'NONE', #2122, 0.1404999999999992366 ) ;
#1186 = CARTESIAN_POINT ( 'NONE',  ( -0.6250000000000432987, 0.2500000000000000000, 12.70825089234380201 ) ) ;
#1187 = VECTOR ( 'NONE', #2417, 39.37007874015748143 ) ;
#1188 = CARTESIAN_POINT ( 'NONE',  ( 2.036000000000000032, -0.7270000000000000906, -13.60828200000000088 ) ) ;
#1189 = VERTEX_POINT ( 'NONE', #2954 ) ;
#1190 = ORIENTED_EDGE ( 'NONE', *, *, #3558, .F. ) ;
#1191 = DIRECTION ( 'NONE',  ( -0.000000000000000000, -1.000000000000000000, -4.188833590285200841E-15 ) ) ;
#1192 = EDGE_LOOP ( 'NONE', ( #2323, #2872 ) ) ;
#1193 = DIRECTION ( 'NONE',  ( 0.000000000000000000, 3.506302574893970122E-15, -1.000000000000000000 ) ) ;
#1194 = FACE_OUTER_BOUND ( 'NONE', #3619, .T. ) ;
#1195 = CARTESIAN_POINT ( 'NONE',  ( 1.513882903071017694, 0.2500000000000000000, 12.51560041729580597 ) ) ;
#1196 = EDGE_CURVE ( 'NONE', #2611, #1491, #437, .T. ) ;
#1197 = DIRECTION ( 'NONE',  ( 0.000000000000000000, 1.000000000000000000, 0.000000000000000000 ) ) ;
#1198 = ORIENTED_EDGE ( 'NONE', *, *, #2736, .F. ) ;
#1199 = CARTESIAN_POINT ( 'NONE',  ( 6.942673012021037593, -0.09299999999998562195, -13.10828199999999910 ) ) ;
#1200 = AXIS2_PLACEMENT_3D ( 'NONE', #2893, #2609, #93 ) ;
#1201 = EDGE_CURVE ( 'NONE', #2569, #2397, #2684, .T. ) ;
#1202 = ORIENTED_EDGE ( 'NONE', *, *, #1809, .T. ) ;
#1203 = CARTESIAN_POINT ( 'NONE',  ( 1.733202521323826906, 0.000000000000000000, 12.30062885728342614 ) ) ;
#1204 = CARTESIAN_POINT ( 'NONE',  ( -6.942673012021082002, -1.868199999999999417, -2.427557797009101038E-14 ) ) ;
#1205 = CARTESIAN_POINT ( 'NONE',  ( 4.036333620450724524, 0.2500000000000000000, -11.23023547957385837 ) ) ;
#1206 = ORIENTED_EDGE ( 'NONE', *, *, #1173, .T. ) ;
#1207 = ORIENTED_EDGE ( 'NONE', *, *, #3168, .T. ) ;
#1208 = DIRECTION ( 'NONE',  ( 0.000000000000000000, 1.000000000000000000, 0.000000000000000000 ) ) ;
#1209 = EDGE_CURVE ( 'NONE', #3366, #1745, #37, .T. ) ;
#1210 = VERTEX_POINT ( 'NONE', #337 ) ;
#1211 = DIRECTION ( 'NONE',  ( -0.000000000000000000, -1.000000000000000000, -0.000000000000000000 ) ) ;
#1212 = CARTESIAN_POINT ( 'NONE',  ( -1.682090453800256125, 0.000000000000000000, 12.33536322635234228 ) ) ;
#1213 = DIRECTION ( 'NONE',  ( -1.000000000000000000, -1.325174869592158030E-15, -3.496765431890260469E-15 ) ) ;
#1214 = CARTESIAN_POINT ( 'NONE',  ( -6.942673012021043810, 0.2500000000000000000, -13.10828200000000088 ) ) ;
#1215 = ORIENTED_EDGE ( 'NONE', *, *, #831, .T. ) ;
#1216 = CARTESIAN_POINT ( 'NONE',  ( -2.019619653481279364, 0.2500000000000000000, 12.19021177665393729 ) ) ;
#1217 = ORIENTED_EDGE ( 'NONE', *, *, #561, .F. ) ;
#1218 = CARTESIAN_POINT ( 'NONE',  ( 7.585825836335157391, 0.2500000000000000000, 8.899935193246514942 ) ) ;
#1219 = EDGE_CURVE ( 'NONE', #2269, #646, #1088, .T. ) ;
#1220 = AXIS2_PLACEMENT_3D ( 'NONE', #2222, #1360, #1377 ) ;
#1221 = LINE ( 'NONE', #3510, #3289 ) ;
#1222 = LINE ( 'NONE', #2336, #1830 ) ;
#1223 = VECTOR ( 'NONE', #2923, 39.37007874015748143 ) ;
#1224 = ORIENTED_EDGE ( 'NONE', *, *, #1209, .F. ) ;
#1225 = VECTOR ( 'NONE', #3418, 39.37007874015748143 ) ;
#1226 = DIRECTION ( 'NONE',  ( 0.000000000000000000, 1.000000000000000000, 0.000000000000000000 ) ) ;
#1227 = ORIENTED_EDGE ( 'NONE', *, *, #2695, .F. ) ;
#1228 = AXIS2_PLACEMENT_3D ( 'NONE', #2108, #1313, #2451 ) ;
#1229 = LINE ( 'NONE', #2368, #2391 ) ;
#1230 = LINE ( 'NONE', #2347, #3518 ) ;
#1231 = CARTESIAN_POINT ( 'NONE',  ( -6.286000000000000476, -1.883000000000000895, -13.35828199999999910 ) ) ;
#1232 = DIRECTION ( 'NONE',  ( 0.000000000000000000, 1.000000000000000000, 0.000000000000000000 ) ) ;
#1233 = VERTEX_POINT ( 'NONE', #3582 ) ;
#1234 = EDGE_CURVE ( 'NONE', #543, #655, #1913, .T. ) ;
#1235 = CARTESIAN_POINT ( 'NONE',  ( 6.692673012021043810, 4.771104890747052213E-14, -13.35828199999999910 ) ) ;
#1236 = ADVANCED_FACE ( 'NONE', ( #3145 ), #1071, .F. ) ;
#1237 = ORIENTED_EDGE ( 'NONE', *, *, #2950, .F. ) ;
#1238 = CARTESIAN_POINT ( 'NONE',  ( -7.358179529846889722, 0.2500000000000000000, -12.73328200000000088 ) ) ;
#1239 = AXIS2_PLACEMENT_3D ( 'NONE', #3369, #1973, #1424 ) ;
#1240 = PLANE ( 'NONE',  #3238 ) ;
#1241 = DIRECTION ( 'NONE',  ( 0.000000000000000000, 0.000000000000000000, 1.000000000000000000 ) ) ;
#1242 = AXIS2_PLACEMENT_3D ( 'NONE', #2490, #2510, #1133 ) ;
#1243 = AXIS2_PLACEMENT_3D ( 'NONE', #1067, #534, #20 ) ;
#1244 = VECTOR ( 'NONE', #2202, 39.37007874015748143 ) ;
#1245 = FACE_OUTER_BOUND ( 'NONE', #2635, .T. ) ;
#1246 = ADVANCED_FACE ( 'NONE', ( #905 ), #2301, .T. ) ;
#1247 = ORIENTED_EDGE ( 'NONE', *, *, #992, .F. ) ;
#1248 = AXIS2_PLACEMENT_3D ( 'NONE', #894, #1957, #541 ) ;
#1249 = EDGE_CURVE ( 'NONE', #1859, #1003, #1584, .T. ) ;
#1250 = DIRECTION ( 'NONE',  ( 0.000000000000000000, 0.000000000000000000, 1.000000000000000000 ) ) ;
#1251 = ORIENTED_EDGE ( 'NONE', *, *, #2968, .F. ) ;
#1252 = DIRECTION ( 'NONE',  ( -1.000000000000000000, 0.000000000000000000, 0.000000000000000000 ) ) ;
#1253 = CARTESIAN_POINT ( 'NONE',  ( -1.571329657983844719, 0.000000000000000000, 12.44322594371732293 ) ) ;
#1254 = DIRECTION ( 'NONE',  ( -0.000000000000000000, -1.000000000000000000, -3.506302574893970122E-15 ) ) ;
#1255 = LINE ( 'NONE', #130, #2393 ) ;
#1256 = ORIENTED_EDGE ( 'NONE', *, *, #2736, .T. ) ;
#1257 = DIRECTION ( 'NONE',  ( 0.000000000000000000, 1.000000000000000000, 0.000000000000000000 ) ) ;
#1258 = AXIS2_PLACEMENT_3D ( 'NONE', #2665, #686, #2897 ) ;
#1259 = VERTEX_POINT ( 'NONE', #2193 ) ;
#1260 = CARTESIAN_POINT ( 'NONE',  ( -7.585825836335157391, 0.000000000000000000, 9.180935193246515524 ) ) ;
#1261 = CARTESIAN_POINT ( 'NONE',  ( -6.692673012021043810, 4.858762455119401792E-14, -13.60828200000000088 ) ) ;
#1262 = DIRECTION ( 'NONE',  ( 0.000000000000000000, 1.000000000000000000, 0.000000000000000000 ) ) ;
#1263 = CIRCLE ( 'NONE', #1200, 0.08050000000000041844 ) ;
#1264 = ORIENTED_EDGE ( 'NONE', *, *, #2343, .T. ) ;
#1265 = CYLINDRICAL_SURFACE ( 'NONE', #1177, 0.3750000000000002220 ) ;
#1266 = ORIENTED_EDGE ( 'NONE', *, *, #1734, .F. ) ;
#1267 = EDGE_CURVE ( 'NONE', #2068, #94, #630, .T. ) ;
#1268 = EDGE_CURVE ( 'NONE', #15, #1736, #2871, .T. ) ;
#1269 = DIRECTION ( 'NONE',  ( 0.000000000000000000, 0.000000000000000000, -1.000000000000000000 ) ) ;
#1270 = CYLINDRICAL_SURFACE ( 'NONE', #3287, 0.1250000000000004441 ) ;
#1271 = FACE_OUTER_BOUND ( 'NONE', #3545, .T. ) ;
#1272 = DIRECTION ( 'NONE',  ( 0.000000000000000000, 1.000000000000000000, 0.000000000000000000 ) ) ;
#1273 = VERTEX_POINT ( 'NONE', #3313 ) ;
#1274 = CYLINDRICAL_SURFACE ( 'NONE', #3252, 0.3750000000000002220 ) ;
#1275 = ORIENTED_EDGE ( 'NONE', *, *, #2119, .T. ) ;
#1276 = DIRECTION ( 'NONE',  ( 0.000000000000000000, 1.000000000000000000, 0.000000000000000000 ) ) ;
#1277 = VERTEX_POINT ( 'NONE', #358 ) ;
#1278 = CARTESIAN_POINT ( 'NONE',  ( -7.192673012021044698, -1.868200000000000083, -13.35828200000006127 ) ) ;
#1279 = VECTOR ( 'NONE', #1960, 39.37007874015748143 ) ;
#1280 = VERTEX_POINT ( 'NONE', #2469 ) ;
#1281 = DIRECTION ( 'NONE',  ( 1.000000000000000000, 0.000000000000000000, 0.000000000000000000 ) ) ;
#1282 = CARTESIAN_POINT ( 'NONE',  ( 6.942673012021035817, -1.868199999999999417, -13.23328200000003640 ) ) ;
#1283 = CARTESIAN_POINT ( 'NONE',  ( -1.183885726451862075, 1.912999174831106482E-16, 13.10183075358899707 ) ) ;
#1284 = CARTESIAN_POINT ( 'NONE',  ( -1.183885726451861853, 0.2500000000000002220, 13.10183075358899885 ) ) ;
#1285 = EDGE_CURVE ( 'NONE', #2823, #896, #1481, .T. ) ;
#1286 = VERTEX_POINT ( 'NONE', #788 ) ;
#1287 = AXIS2_PLACEMENT_3D ( 'NONE', #2383, #3230, #175 ) ;
#1288 = CYLINDRICAL_SURFACE ( 'NONE', #2775, 0.1405000000000000415 ) ;
#1289 = EDGE_CURVE ( 'NONE', #1101, #1280, #2045, .T. ) ;
#1290 = ORIENTED_EDGE ( 'NONE', *, *, #2016, .F. ) ;
#1291 = DIRECTION ( 'NONE',  ( 0.000000000000000000, 3.506302574893970122E-15, -1.000000000000000000 ) ) ;
#1292 = CIRCLE ( 'NONE', #1873, 0.1405000000000003191 ) ;
#1293 = ORIENTED_EDGE ( 'NONE', *, *, #1013, .F. ) ;
#1294 = AXIS2_PLACEMENT_3D ( 'NONE', #2529, #1448, #3375 ) ;
#1295 = AXIS2_PLACEMENT_3D ( 'NONE', #2166, #3037, #1652 ) ;
#1296 = PLANE ( 'NONE',  #3514 ) ;
#1297 = EDGE_LOOP ( 'NONE', ( #1696, #2139 ) ) ;
#1298 = CIRCLE ( 'NONE', #1650, 0.1405000000000000415 ) ;
#1299 = VECTOR ( 'NONE', #3421, 39.37007874015748143 ) ;
#1300 = DIRECTION ( 'NONE',  ( 0.000000000000000000, 0.000000000000000000, 1.000000000000000000 ) ) ;
#1301 = DIRECTION ( 'NONE',  ( 0.000000000000000000, 1.000000000000000000, 3.506302574893970122E-15 ) ) ;
#1302 =( GEOMETRIC_REPRESENTATION_CONTEXT ( 3 ) GLOBAL_UNCERTAINTY_ASSIGNED_CONTEXT ( ( #1569 ) ) GLOBAL_UNIT_ASSIGNED_CONTEXT ( ( #1834, #384, #930 ) ) REPRESENTATION_CONTEXT ( 'NONE', 'WORKASPACE' ) );
#1303 = CARTESIAN_POINT ( 'NONE',  ( -2.036000000000000032, -0.3830000000000000071, -13.60828200000000088 ) ) ;
#1304 = CARTESIAN_POINT ( 'NONE',  ( 6.692673012021043810, -2.243199999999999861, -13.60828200000000088 ) ) ;
#1305 = ORIENTED_EDGE ( 'NONE', *, *, #113, .T. ) ;
#1306 = EDGE_CURVE ( 'NONE', #3200, #1003, #3598, .T. ) ;
#1307 = DIRECTION ( 'NONE',  ( 0.000000000000000000, 1.000000000000000000, 0.000000000000000000 ) ) ;
#1308 = ORIENTED_EDGE ( 'NONE', *, *, #1489, .T. ) ;
#1309 = CARTESIAN_POINT ( 'NONE',  ( -6.817673012021043810, -1.868200000000000083, -13.23328200000003996 ) ) ;
#1310 = ORIENTED_EDGE ( 'NONE', *, *, #886, .F. ) ;
#1311 = CARTESIAN_POINT ( 'NONE',  ( 6.286000000000000476, -2.227000000000000757, -13.35828199999999910 ) ) ;
#1312 = ORIENTED_EDGE ( 'NONE', *, *, #1517, .T. ) ;
#1313 = DIRECTION ( 'NONE',  ( 0.000000000000000000, 1.000000000000000000, 0.000000000000000000 ) ) ;
#1314 = FACE_BOUND ( 'NONE', #1767, .T. ) ;
#1315 = EDGE_CURVE ( 'NONE', #280, #3000, #1774, .T. ) ;
#1316 = DIRECTION ( 'NONE',  ( 0.000000000000000000, 1.000000000000000000, 0.000000000000000000 ) ) ;
#1317 = ORIENTED_EDGE ( 'NONE', *, *, #1315, .F. ) ;
#1318 = ADVANCED_FACE ( 'NONE', ( #2763 ), #249, .F. ) ;
#1319 = CARTESIAN_POINT ( 'NONE',  ( 11.62215945678592632, 0.2500000000000000000, 2.049300286327437437 ) ) ;
#1320 = CARTESIAN_POINT ( 'NONE',  ( -7.585825836335157391, 0.000000000000000000, 9.040435193246516121 ) ) ;
#1321 = ORIENTED_EDGE ( 'NONE', *, *, #2894, .F. ) ;
#1322 = EDGE_LOOP ( 'NONE', ( #743, #1405, #3206, #1159 ) ) ;
#1323 = EDGE_CURVE ( 'NONE', #2175, #3387, #3331, .T. ) ;
#1324 = CARTESIAN_POINT ( 'NONE',  ( 6.942673012021043810, -1.993200000000000749, -13.35828200000000621 ) ) ;
#1325 = VECTOR ( 'NONE', #904, 39.37007874015748143 ) ;
#1326 = VERTEX_POINT ( 'NONE', #3108 ) ;
#1327 = ORIENTED_EDGE ( 'NONE', *, *, #2333, .T. ) ;
#1328 = VECTOR ( 'NONE', #933, 39.37007874015748143 ) ;
#1329 = CARTESIAN_POINT ( 'NONE',  ( -2.036000000000000032, -0.5550000000000009370, -13.35828199999999910 ) ) ;
#1330 = DIRECTION ( 'NONE',  ( 0.000000000000000000, 0.000000000000000000, 1.000000000000000000 ) ) ;
#1331 = FACE_BOUND ( 'NONE', #1673, .T. ) ;
#1332 = CARTESIAN_POINT ( 'NONE',  ( 6.817673012021043810, -1.868200000000000083, -13.60828200000003996 ) ) ;
#1333 = ORIENTED_EDGE ( 'NONE', *, *, #2797, .F. ) ;
#1334 = AXIS2_PLACEMENT_3D ( 'NONE', #973, #1272, #2385 ) ;
#1335 = CYLINDRICAL_SURFACE ( 'NONE', #843, 0.1405000000000000415 ) ;
#1336 = VECTOR ( 'NONE', #1176, 39.37007874015748143 ) ;
#1337 = CARTESIAN_POINT ( 'NONE',  ( -6.817673012021043810, -1.868200000000000083, -13.60828200000000088 ) ) ;
#1338 = FACE_BOUND ( 'NONE', #473, .T. ) ;
#1339 = LINE ( 'NONE', #3340, #2757 ) ;
#1340 = ORIENTED_EDGE ( 'NONE', *, *, #118, .T. ) ;
#1341 = DIRECTION ( 'NONE',  ( 0.000000000000000000, 1.000000000000000000, 0.000000000000000000 ) ) ;
#1342 = EDGE_CURVE ( 'NONE', #1659, #875, #1169, .T. ) ;
#1343 = ORIENTED_EDGE ( 'NONE', *, *, #3381, .F. ) ;
#1344 = ORIENTED_EDGE ( 'NONE', *, *, #432, .F. ) ;
#1345 = AXIS2_PLACEMENT_3D ( 'NONE', #2825, #3605, #310 ) ;
#1346 = CIRCLE ( 'NONE', #3406, 0.1719999999999999585 ) ;
#1347 = CARTESIAN_POINT ( 'NONE',  ( -8.096785344606043822, 0.000000000000000000, -12.86351813325019755 ) ) ;
#1348 = CARTESIAN_POINT ( 'NONE',  ( -6.942673012021043810, -2.243200000000000749, -13.35828200000000798 ) ) ;
#1349 = FACE_BOUND ( 'NONE', #276, .T. ) ;
#1350 = DIRECTION ( 'NONE',  ( 0.000000000000000000, 0.000000000000000000, 1.000000000000000000 ) ) ;
#1351 = AXIS2_PLACEMENT_3D ( 'NONE', #1715, #2835, #320 ) ;
#1352 = CIRCLE ( 'NONE', #421, 0.1249999999999993477 ) ;
#1353 = ORIENTED_EDGE ( 'NONE', *, *, #1029, .T. ) ;
#1354 = AXIS2_PLACEMENT_3D ( 'NONE', #2689, #3315, #519 ) ;
#1355 = CYLINDRICAL_SURFACE ( 'NONE', #145, 0.1405000000000003191 ) ;
#1356 = DIRECTION ( 'NONE',  ( -1.000000000000000000, 0.000000000000000000, 0.000000000000000000 ) ) ;
#1357 = ORIENTED_EDGE ( 'NONE', *, *, #2382, .F. ) ;
#1358 = DIRECTION ( 'NONE',  ( 0.000000000000000000, 0.000000000000000000, 1.000000000000000000 ) ) ;
#1359 = VERTEX_POINT ( 'NONE', #1437 ) ;
#1360 = DIRECTION ( 'NONE',  ( 0.000000000000000000, 3.506302574893970122E-15, -1.000000000000000000 ) ) ;
#1361 = CARTESIAN_POINT ( 'NONE',  ( -6.817673012021043810, -1.868200000000000083, -13.23328200000003996 ) ) ;
#1362 = ORIENTED_EDGE ( 'NONE', *, *, #2129, .T. ) ;
#1363 = EDGE_LOOP ( 'NONE', ( #1343, #1959 ) ) ;
#1364 = EDGE_CURVE ( 'NONE', #661, #498, #352, .T. ) ;
#1365 = CARTESIAN_POINT ( 'NONE',  ( 6.817673012021043810, -1.868200000000000083, -13.23328200000003996 ) ) ;
#1366 = DIRECTION ( 'NONE',  ( 0.000000000000000000, 1.000000000000000000, 0.000000000000000000 ) ) ;
#1367 = CARTESIAN_POINT ( 'NONE',  ( 6.942673012021043810, -2.493199999999999861, -13.60828200000000088 ) ) ;
#1368 = FACE_OUTER_BOUND ( 'NONE', #483, .T. ) ;
#1369 = ORIENTED_EDGE ( 'NONE', *, *, #2016, .T. ) ;
#1370 = EDGE_CURVE ( 'NONE', #3473, #2381, #1104, .T. ) ;
#1371 = FACE_OUTER_BOUND ( 'NONE', #2623, .T. ) ;
#1372 = CYLINDRICAL_SURFACE ( 'NONE', #1294, 0.1249999999999993477 ) ;
#1373 = CARTESIAN_POINT ( 'NONE',  ( 2.036000000000000032, -0.7270000000000008678, -13.35828199999999910 ) ) ;
#1374 = ORIENTED_EDGE ( 'NONE', *, *, #1990, .F. ) ;
#1375 = CARTESIAN_POINT ( 'NONE',  ( -4.356095536776188898E-15, -1.993199999999999861, -13.60828200000000088 ) ) ;
#1376 = ORIENTED_EDGE ( 'NONE', *, *, #119, .F. ) ;
#1377 = DIRECTION ( 'NONE',  ( 0.000000000000000000, 1.000000000000000000, 0.000000000000000000 ) ) ;
#1378 = CARTESIAN_POINT ( 'NONE',  ( -7.585825836335157391, 0.2500000000000000000, 8.899935193246514942 ) ) ;
#1379 = ORIENTED_EDGE ( 'NONE', *, *, #1657, .F. ) ;
#1380 = ORIENTED_EDGE ( 'NONE', *, *, #2446, .T. ) ;
#1381 = EDGE_CURVE ( 'NONE', #1812, #2148, #444, .T. ) ;
#1382 = DIRECTION ( 'NONE',  ( 3.496765431890260469E-15, 8.978037245699367993E-30, 1.000000000000000000 ) ) ;
#1383 = FACE_OUTER_BOUND ( 'NONE', #2033, .T. ) ;
#1384 = CYLINDRICAL_SURFACE ( 'NONE', #43, 0.1405000000000003191 ) ;
#1385 = ORIENTED_EDGE ( 'NONE', *, *, #1234, .T. ) ;
#1386 = AXIS2_PLACEMENT_3D ( 'NONE', #2237, #3395, #2803 ) ;
#1387 = LINE ( 'NONE', #2253, #3445 ) ;
#1388 = CARTESIAN_POINT ( 'NONE',  ( 1.183885726451882059, 0.2500000000000001665, 13.10183075358899707 ) ) ;
#1389 = FACE_OUTER_BOUND ( 'NONE', #353, .T. ) ;
#1390 = EDGE_CURVE ( 'NONE', #3123, #3434, #2953, .T. ) ;
#1391 = ORIENTED_EDGE ( 'NONE', *, *, #3043, .F. ) ;
#1392 = VECTOR ( 'NONE', #1916, 39.37007874015748143 ) ;
#1393 = VERTEX_POINT ( 'NONE', #1568 ) ;
#1394 = VECTOR ( 'NONE', #607, 39.37007874015748143 ) ;
#1395 = CARTESIAN_POINT ( 'NONE',  ( -7.067673012021043810, 0.000000000000000000, -13.48328200000000088 ) ) ;
#1396 = ORIENTED_EDGE ( 'NONE', *, *, #1028, .F. ) ;
#1397 = PLANE ( 'NONE',  #2622 ) ;
#1398 = CIRCLE ( 'NONE', #1228, 0.1405000000000003191 ) ;
#1399 = DIRECTION ( 'NONE',  ( 0.000000000000000000, 0.000000000000000000, -1.000000000000000000 ) ) ;
#1400 = ORIENTED_EDGE ( 'NONE', *, *, #1315, .T. ) ;
#1401 = ORIENTED_EDGE ( 'NONE', *, *, #3193, .T. ) ;
#1402 = DIRECTION ( 'NONE',  ( 0.000000000000000000, 3.506302574893970122E-15, -1.000000000000000000 ) ) ;
#1403 = FACE_OUTER_BOUND ( 'NONE', #871, .T. ) ;
#1404 = FACE_OUTER_BOUND ( 'NONE', #205, .T. ) ;
#1405 = ORIENTED_EDGE ( 'NONE', *, *, #1342, .T. ) ;
#1406 = CARTESIAN_POINT ( 'NONE',  ( 6.286000000000000476, -0.5550000000000000488, -13.60828200000000088 ) ) ;
#1407 = CARTESIAN_POINT ( 'NONE',  ( -10.22035550149188943, 0.2500000000000000000, -5.900724999999984455 ) ) ;
#1408 = AXIS2_PLACEMENT_3D ( 'NONE', #853, #835, #1914 ) ;
#1409 = VECTOR ( 'NONE', #1523, 39.37007874015748143 ) ;
#1410 = CARTESIAN_POINT ( 'NONE',  ( 1.814544006861622316, 0.000000000000000000, 12.25527535751116126 ) ) ;
#1411 = EDGE_LOOP ( 'NONE', ( #719, #1215, #2551, #1840 ) ) ;
#1412 = ORIENTED_EDGE ( 'NONE', *, *, #3168, .F. ) ;
#1413 = AXIS2_PLACEMENT_3D ( 'NONE', #990, #935, #1765 ) ;
#1414 = EDGE_CURVE ( 'NONE', #498, #1189, #2409, .T. ) ;
#1415 = CARTESIAN_POINT ( 'NONE',  ( 6.817673012021043810, -0.2190000000000121849, -13.60828200000003996 ) ) ;
#1416 = ORIENTED_EDGE ( 'NONE', *, *, #2423, .T. ) ;
#1417 = CARTESIAN_POINT ( 'NONE',  ( 2.036000000000000032, -0.7270000000000000906, -13.60828200000000088 ) ) ;
#1418 = EDGE_CURVE ( 'NONE', #135, #1526, #1503, .T. ) ;
#1419 = EDGE_CURVE ( 'NONE', #1903, #479, #3530, .T. ) ;
#1420 = DIRECTION ( 'NONE',  ( 3.496765431890260075E-15, -0.000000000000000000, -1.000000000000000000 ) ) ;
#1421 = ORIENTED_EDGE ( 'NONE', *, *, #1146, .T. ) ;
#1422 = ORIENTED_EDGE ( 'NONE', *, *, #2759, .T. ) ;
#1423 = ADVANCED_FACE ( 'NONE', ( #3458 ), #3203, .F. ) ;
#1424 = DIRECTION ( 'NONE',  ( 0.000000000000000000, 0.000000000000000000, 1.000000000000000000 ) ) ;
#1425 = DIRECTION ( 'NONE',  ( -0.4067366430757853313, 0.000000000000000000, 0.9135454576426075279 ) ) ;
#1426 = CARTESIAN_POINT ( 'NONE',  ( -6.942673012021083778, -0.09300000000000403777, -2.427557797009101670E-14 ) ) ;
#1427 = ORIENTED_EDGE ( 'NONE', *, *, #2296, .F. ) ;
#1428 = DIRECTION ( 'NONE',  ( 0.000000000000000000, 1.000000000000000000, 0.000000000000000000 ) ) ;
#1429 = CARTESIAN_POINT ( 'NONE',  ( 0.000000000000000000, -0.1249999999999976408, -13.60828200000000088 ) ) ;
#1430 = DIRECTION ( 'NONE',  ( 0.000000000000000000, 1.000000000000000000, 0.000000000000000000 ) ) ;
#1431 = DIRECTION ( 'NONE',  ( 0.000000000000000000, 1.000000000000000000, 0.000000000000000000 ) ) ;
#1432 = CIRCLE ( 'NONE', #1789, 0.7500000000000004441 ) ;
#1433 = ORIENTED_EDGE ( 'NONE', *, *, #2455, .F. ) ;
#1434 = DIRECTION ( 'NONE',  ( 0.000000000000000000, 1.000000000000000000, 0.000000000000000000 ) ) ;
#1435 = ORIENTED_EDGE ( 'NONE', *, *, #3193, .F. ) ;
#1436 = LINE ( 'NONE', #2753, #2860 ) ;
#1437 = CARTESIAN_POINT ( 'NONE',  ( 7.949677661563011941E-14, 0.000000000000000000, 11.66094999999999970 ) ) ;
#1438 = CARTESIAN_POINT ( 'NONE',  ( 11.62215945678592632, 0.2500000000000000000, 2.049300286327437437 ) ) ;
#1439 = EDGE_CURVE ( 'NONE', #2702, #1486, #1221, .T. ) ;
#1440 = ORIENTED_EDGE ( 'NONE', *, *, #1364, .F. ) ;
#1441 = ORIENTED_EDGE ( 'NONE', *, *, #669, .F. ) ;
#1442 = APPLICATION_CONTEXT ( 'automotive_design' ) ;
#1443 = LINE ( 'NONE', #809, #2115 ) ;
#1444 = PLANE ( 'NONE',  #1941 ) ;
#1445 = CARTESIAN_POINT ( 'NONE',  ( 0.000000000000000000, -0.2190000000000107416, -13.35828199999999910 ) ) ;
#1446 = ORIENTED_EDGE ( 'NONE', *, *, #2582, .T. ) ;
#1447 = FACE_OUTER_BOUND ( 'NONE', #1871, .T. ) ;
#1448 = DIRECTION ( 'NONE',  ( 1.000000000000000000, 0.000000000000000000, 0.000000000000000000 ) ) ;
#1449 = DIRECTION ( 'NONE',  ( 0.000000000000000000, 0.000000000000000000, 1.000000000000000000 ) ) ;
#1450 = CYLINDRICAL_SURFACE ( 'NONE', #2450, 0.1719999999999999585 ) ;
#1451 = VECTOR ( 'NONE', #1771, 39.37007874015748143 ) ;
#1452 = ORIENTED_EDGE ( 'NONE', *, *, #3370, .T. ) ;
#1453 = DIRECTION ( 'NONE',  ( 0.000000000000000000, 4.188833590285200841E-15, -1.000000000000000000 ) ) ;
#1454 = AXIS2_PLACEMENT_3D ( 'NONE', #3430, #663, #3468 ) ;
#1455 = VERTEX_POINT ( 'NONE', #2392 ) ;
#1456 = DIRECTION ( 'NONE',  ( 0.000000000000000000, 0.000000000000000000, 1.000000000000000000 ) ) ;
#1457 = AXIS2_PLACEMENT_3D ( 'NONE', #520, #3076, #214 ) ;
#1458 = DIRECTION ( 'NONE',  ( 0.000000000000000000, 0.000000000000000000, -1.000000000000000000 ) ) ;
#1459 = LINE ( 'NONE', #2576, #299 ) ;
#1460 = VERTEX_POINT ( 'NONE', #1808 ) ;
#1461 = VERTEX_POINT ( 'NONE', #942 ) ;
#1462 = EDGE_CURVE ( 'NONE', #802, #2389, #997, .T. ) ;
#1463 = CARTESIAN_POINT ( 'NONE',  ( 6.817673012021043810, -1.868200000000000749, -13.35828200000000621 ) ) ;
#1464 = AXIS2_PLACEMENT_3D ( 'NONE', #595, #3128, #319 ) ;
#1465 = CARTESIAN_POINT ( 'NONE',  ( 6.442673012021043810, -0.2190000000000107416, -13.35828199999999910 ) ) ;
#1466 = VERTEX_POINT ( 'NONE', #1260 ) ;
#1467 = ADVANCED_FACE ( 'NONE', ( #2335 ), #2912, .F. ) ;
#1468 = DIRECTION ( 'NONE',  ( 0.000000000000000000, 0.000000000000000000, -1.000000000000000000 ) ) ;
#1469 = CARTESIAN_POINT ( 'NONE',  ( -1.602705628902606261, 0.2500000000000000000, 12.40870773578547315 ) ) ;
#1470 = DIRECTION ( 'NONE',  ( 1.000000000000000000, 0.000000000000000000, 0.000000000000000000 ) ) ;
#1471 = VECTOR ( 'NONE', #263, 39.37007874015748143 ) ;
#1472 = ORIENTED_EDGE ( 'NONE', *, *, #3144, .T. ) ;
#1473 = AXIS2_PLACEMENT_3D ( 'NONE', #3536, #2984, #3314 ) ;
#1474 = AXIS2_PLACEMENT_3D ( 'NONE', #2046, #3167, #2898 ) ;
#1475 = DIRECTION ( 'NONE',  ( -1.000000000000000000, 0.000000000000000000, 0.000000000000000000 ) ) ;
#1476 = EDGE_CURVE ( 'NONE', #1676, #993, #3186, .T. ) ;
#1477 = ORIENTED_EDGE ( 'NONE', *, *, #662, .F. ) ;
#1478 = PLANE ( 'NONE',  #3023 ) ;
#1479 = CIRCLE ( 'NONE', #2996, 0.08050000000000041844 ) ;
#1480 = AXIS2_PLACEMENT_3D ( 'NONE', #1946, #1983, #1475 ) ;
#1481 = LINE ( 'NONE', #1204, #1757 ) ;
#1482 = EDGE_CURVE ( 'NONE', #844, #1677, #978, .T. ) ;
#1483 = AXIS2_PLACEMENT_3D ( 'NONE', #2267, #1488, #1779 ) ;
#1484 = DIRECTION ( 'NONE',  ( 0.000000000000000000, 1.000000000000000000, 0.000000000000000000 ) ) ;
#1485 = ORIENTED_EDGE ( 'NONE', *, *, #881, .F. ) ;
#1486 = VERTEX_POINT ( 'NONE', #2138 ) ;
#1487 = PLANE ( 'NONE',  #3571 ) ;
#1488 = DIRECTION ( 'NONE',  ( 0.000000000000000000, 1.000000000000000000, 0.000000000000000000 ) ) ;
#1489 = EDGE_CURVE ( 'NONE', #1984, #759, #396, .T. ) ;
#1490 = EDGE_CURVE ( 'NONE', #2967, #135, #1058, .T. ) ;
#1491 = VERTEX_POINT ( 'NONE', #2629 ) ;
#1492 = CARTESIAN_POINT ( 'NONE',  ( -7.067673012021043810, 0.000000000000000000, -13.10828200000000088 ) ) ;
#1493 = CARTESIAN_POINT ( 'NONE',  ( 1.310510525686539474, 0.2500000000000000000, 12.95356573849177195 ) ) ;
#1494 = DIRECTION ( 'NONE',  ( 1.000000000000000000, 0.000000000000000000, -0.000000000000000000 ) ) ;
#1495 = LINE ( 'NONE', #1980, #1225 ) ;
#1496 = EDGE_CURVE ( 'NONE', #3071, #531, #3256, .T. ) ;
#1497 = ADVANCED_FACE ( 'NONE', ( #1828 ), #1240, .F. ) ;
#1498 = VERTEX_POINT ( 'NONE', #1556 ) ;
#1499 = DIRECTION ( 'NONE',  ( 0.000000000000000000, 0.000000000000000000, 1.000000000000000000 ) ) ;
#1500 = VECTOR ( 'NONE', #2114, 39.37007874015748854 ) ;
#1501 = ORIENTED_EDGE ( 'NONE', *, *, #3293, .T. ) ;
#1502 = DIRECTION ( 'NONE',  ( 0.000000000000000000, 0.000000000000000000, -1.000000000000000000 ) ) ;
#1503 = LINE ( 'NONE', #413, #2186 ) ;
#1504 = CARTESIAN_POINT ( 'NONE',  ( 7.358179529846889722, 0.2500000000000000000, -13.48328200000000088 ) ) ;
#1505 = VERTEX_POINT ( 'NONE', #801 ) ;
#1506 = PLANE ( 'NONE',  #2579 ) ;
#1507 = EDGE_CURVE ( 'NONE', #2321, #287, #3322, .T. ) ;
#1508 = ORIENTED_EDGE ( 'NONE', *, *, #1029, .F. ) ;
#1509 = EDGE_CURVE ( 'NONE', #246, #2362, #459, .T. ) ;
#1510 = FACE_OUTER_BOUND ( 'NONE', #2338, .T. ) ;
#1511 = CARTESIAN_POINT ( 'NONE',  ( -1.482027858902120299, 0.000000000000000000, 12.56833150072754002 ) ) ;
#1512 = CARTESIAN_POINT ( 'NONE',  ( 6.692673012021043810, 4.858762455119401792E-14, -13.60828200000000088 ) ) ;
#1513 = LINE ( 'NONE', #1707, #220 ) ;
#1514 = EDGE_LOOP ( 'NONE', ( #3148, #1077 ) ) ;
#1515 = ADVANCED_FACE ( 'NONE', ( #2494 ), #1064, .F. ) ;
#1516 = CARTESIAN_POINT ( 'NONE',  ( -7.192673012021044698, -0.2190000000000165425, -12.10828200000004173 ) ) ;
#1517 = EDGE_CURVE ( 'NONE', #2782, #543, #3549, .T. ) ;
#1518 = VERTEX_POINT ( 'NONE', #3611 ) ;
#1519 = DIRECTION ( 'NONE',  ( 0.000000000000000000, 1.000000000000000000, 0.000000000000000000 ) ) ;
#1520 = EDGE_CURVE ( 'NONE', #1083, #999, #3114, .T. ) ;
#1521 = VECTOR ( 'NONE', #3309, 39.37007874015748143 ) ;
#1522 = DIRECTION ( 'NONE',  ( 0.000000000000000000, 0.000000000000000000, 1.000000000000000000 ) ) ;
#1523 = DIRECTION ( 'NONE',  ( -0.000000000000000000, 1.000000000000000000, -0.000000000000000000 ) ) ;
#1524 = PLANE ( 'NONE',  #278 ) ;
#1525 = VECTOR ( 'NONE', #3392, 39.37007874015748143 ) ;
#1526 = VERTEX_POINT ( 'NONE', #2772 ) ;
#1527 = DIRECTION ( 'NONE',  ( 4.370956789862805372E-15, 0.000000000000000000, 1.000000000000000000 ) ) ;
#1528 = APPLICATION_PROTOCOL_DEFINITION ( 'draft international standard', 'automotive_design', 1998, #3548 ) ;
#1529 = ORIENTED_EDGE ( 'NONE', *, *, #2726, .F. ) ;
#1530 = CARTESIAN_POINT ( 'NONE',  ( 6.286000000000000476, -1.883000000000000007, -13.60828200000000088 ) ) ;
#1531 = PLANE ( 'NONE',  #948 ) ;
#1532 = LINE ( 'NONE', #2639, #457 ) ;
#1533 = ORIENTED_EDGE ( 'NONE', *, *, #313, .T. ) ;
#1534 = CARTESIAN_POINT ( 'NONE',  ( 4.082910737410951982E-15, -1.868200000000000083, -13.60828200000000088 ) ) ;
#1535 = ORIENTED_EDGE ( 'NONE', *, *, #2182, .F. ) ;
#1536 = CIRCLE ( 'NONE', #2461, 0.1404999999999992366 ) ;
#1537 = DIRECTION ( 'NONE',  ( 0.000000000000000000, 0.000000000000000000, 1.000000000000000000 ) ) ;
#1538 = CARTESIAN_POINT ( 'NONE',  ( 6.286000000000000476, -0.3830000000000000071, -13.60828200000000088 ) ) ;
#1539 = AXIS2_PLACEMENT_3D ( 'NONE', #2758, #302, #3027 ) ;
#1540 = CIRCLE ( 'NONE', #3348, 0.08050000000000041844 ) ;
#1541 = CARTESIAN_POINT ( 'NONE',  ( -2.036000000000000032, -2.055000000000000160, -13.60828200000000088 ) ) ;
#1542 = PRODUCT_DEFINITION_CONTEXT ( 'detailed design', #1442, 'design' ) ;
#1543 = ORIENTED_EDGE ( 'NONE', *, *, #1616, .T. ) ;
#1544 = ADVANCED_FACE ( 'NONE', ( #238 ), #2751, .T. ) ;
#1545 = EDGE_CURVE ( 'NONE', #3029, #685, #478, .T. ) ;
#1546 = AXIS2_PLACEMENT_3D ( 'NONE', #1679, #1090, #264 ) ;
#1547 = CARTESIAN_POINT ( 'NONE',  ( -7.358179529846889722, 0.2500000000000000000, -13.48328200000000088 ) ) ;
#1548 = ORIENTED_EDGE ( 'NONE', *, *, #3497, .T. ) ;
#1549 = DIRECTION ( 'NONE',  ( 0.000000000000000000, 3.506302574893970122E-15, -1.000000000000000000 ) ) ;
#1550 = CARTESIAN_POINT ( 'NONE',  ( -1.786167434572657475, 0.2500000000000000000, 12.26925503780974402 ) ) ;
#1551 = DIRECTION ( 'NONE',  ( 0.000000000000000000, 3.506302574893970122E-15, -1.000000000000000000 ) ) ;
#1552 = DIRECTION ( 'NONE',  ( 0.000000000000000000, 1.000000000000000000, 0.000000000000000000 ) ) ;
#1553 = ORIENTED_EDGE ( 'NONE', *, *, #430, .F. ) ;
#1554 = CARTESIAN_POINT ( 'NONE',  ( 6.942673012021043810, -0.1250000000000000000, -13.23328200000000088 ) ) ;
#1555 = ORIENTED_EDGE ( 'NONE', *, *, #3009, .T. ) ;
#1556 = CARTESIAN_POINT ( 'NONE',  ( -1.082202423578874084, 0.2500000000000000000, 13.10183075358899885 ) ) ;
#1557 = VERTEX_POINT ( 'NONE', #1906 ) ;
#1558 = EDGE_CURVE ( 'NONE', #2676, #711, #257, .T. ) ;
#1559 = CARTESIAN_POINT ( 'NONE',  ( 6.286000000000000476, -2.055000000000001048, -13.35828199999999910 ) ) ;
#1560 = EDGE_CURVE ( 'NONE', #2276, #3401, #3040, .T. ) ;
#1561 = ORIENTED_EDGE ( 'NONE', *, *, #1583, .T. ) ;
#1562 = LINE ( 'NONE', #2398, #579 ) ;
#1563 = CARTESIAN_POINT ( 'NONE',  ( -6.942673012021043810, 0.000000000000000000, -13.23328200000000088 ) ) ;
#1564 = CARTESIAN_POINT ( 'NONE',  ( -1.310510525686517491, 0.000000000000000000, 12.95356573849177195 ) ) ;
#1565 = ORIENTED_EDGE ( 'NONE', *, *, #895, .F. ) ;
#1566 = DIRECTION ( 'NONE',  ( 1.325174869592170455E-15, -1.000000000000000000, -3.578720871700181168E-15 ) ) ;
#1567 = EDGE_LOOP ( 'NONE', ( #1435, #2869, #2442, #210 ) ) ;
#1568 = CARTESIAN_POINT ( 'NONE',  ( -2.036000000000000032, -0.7270000000000008678, -13.35828199999999910 ) ) ;
#1569 = UNCERTAINTY_MEASURE_WITH_UNIT (LENGTH_MEASURE( 1.000000000000000082E-05 ), #1834, 'distance_accuracy_value', 'NONE');
#1570 = ORIENTED_EDGE ( 'NONE', *, *, #5, .T. ) ;
#1571 = CIRCLE ( 'NONE', #982, 0.1404999999999992366 ) ;
#1572 = CARTESIAN_POINT ( 'NONE',  ( 2.036000000000000032, -2.227000000000000757, -13.35828199999999910 ) ) ;
#1573 = AXIS2_PLACEMENT_3D ( 'NONE', #484, #1896, #2969 ) ;
#1574 = ORIENTED_EDGE ( 'NONE', *, *, #960, .T. ) ;
#1575 = EDGE_CURVE ( 'NONE', #2808, #1083, #1047, .T. ) ;
#1576 = CIRCLE ( 'NONE', #3389, 0.1405000000000000415 ) ;
#1577 = DIRECTION ( 'NONE',  ( -1.000000000000000000, -0.000000000000000000, -0.000000000000000000 ) ) ;
#1578 = CARTESIAN_POINT ( 'NONE',  ( -11.62215945678592632, 0.2500000000000000000, 1.908800286327440920 ) ) ;
#1579 = FACE_OUTER_BOUND ( 'NONE', #1900, .T. ) ;
#1580 = DIRECTION ( 'NONE',  ( 8.765756437234920375E-16, 1.000000000000000000, 3.506302574893970122E-15 ) ) ;
#1581 = EDGE_CURVE ( 'NONE', #2569, #3426, #2699, .T. ) ;
#1582 = EDGE_LOOP ( 'NONE', ( #2012, #2851, #419, #812, #2843, #2848, #3295 ) ) ;
#1583 = EDGE_CURVE ( 'NONE', #1917, #3029, #1602, .T. ) ;
#1584 = CIRCLE ( 'NONE', #347, 0.1719999999999999585 ) ;
#1585 = CARTESIAN_POINT ( 'NONE',  ( 2.036000000000000032, -0.5550000000000000488, -13.60828200000000088 ) ) ;
#1586 = EDGE_LOOP ( 'NONE', ( #464, #168, #1842, #399 ) ) ;
#1587 = CARTESIAN_POINT ( 'NONE',  ( -7.192673012021044698, -1.618200000000017624, -12.35828200000005950 ) ) ;
#1588 = VECTOR ( 'NONE', #578, 39.37007874015748143 ) ;
#1589 = ORIENTED_EDGE ( 'NONE', *, *, #1950, .F. ) ;
#1590 = AXIS2_PLACEMENT_3D ( 'NONE', #1407, #2292, #898 ) ;
#1591 = CARTESIAN_POINT ( 'NONE',  ( 6.942673012021041146, -9.099673005078715757E-15, -12.10828200000005772 ) ) ;
#1592 = ORIENTED_EDGE ( 'NONE', *, *, #2683, .F. ) ;
#1593 = AXIS2_PLACEMENT_3D ( 'NONE', #2055, #2348, #148 ) ;
#1594 = FACE_BOUND ( 'NONE', #2828, .T. ) ;
#1595 = DIRECTION ( 'NONE',  ( 0.000000000000000000, 1.000000000000000000, 3.506302574893970122E-15 ) ) ;
#1596 = DIRECTION ( 'NONE',  ( 0.000000000000000000, 1.000000000000000000, 0.000000000000000000 ) ) ;
#1597 = ORIENTED_EDGE ( 'NONE', *, *, #614, .T. ) ;
#1598 = DIRECTION ( 'NONE',  ( 0.000000000000000000, 0.000000000000000000, -1.000000000000000000 ) ) ;
#1599 = FILL_AREA_STYLE ('',( #476 ) ) ;
#1600 = EDGE_CURVE ( 'NONE', #1393, #2175, #713, .T. ) ;
#1601 = ORIENTED_EDGE ( 'NONE', *, *, #1781, .F. ) ;
#1602 = LINE ( 'NONE', #1100, #300 ) ;
#1603 = ORIENTED_EDGE ( 'NONE', *, *, #2894, .T. ) ;
#1604 = CARTESIAN_POINT ( 'NONE',  ( -7.192673012021044698, -1.868200000000000083, -12.35828200000005950 ) ) ;
#1605 = AXIS2_PLACEMENT_3D ( 'NONE', #2007, #75, #2355 ) ;
#1606 = ORIENTED_EDGE ( 'NONE', *, *, #3086, .F. ) ;
#1607 = ORIENTED_EDGE ( 'NONE', *, *, #2242, .T. ) ;
#1608 = LINE ( 'NONE', #193, #634 ) ;
#1609 = FACE_BOUND ( 'NONE', #870, .T. ) ;
#1610 = CARTESIAN_POINT ( 'NONE',  ( -7.585825836335157391, 0.2500000000000000000, 9.040435193246516121 ) ) ;
#1611 = PLANE ( 'NONE',  #1457 ) ;
#1612 = ORIENTED_EDGE ( 'NONE', *, *, #2949, .T. ) ;
#1613 = DIRECTION ( 'NONE',  ( 0.000000000000000000, 0.000000000000000000, 1.000000000000000000 ) ) ;
#1614 = CARTESIAN_POINT ( 'NONE',  ( 2.036000000000000032, -1.883000000000000007, -13.60828200000000088 ) ) ;
#1615 = FACE_BOUND ( 'NONE', #2394, .T. ) ;
#1616 = EDGE_CURVE ( 'NONE', #1677, #1812, #2220, .T. ) ;
#1617 = CARTESIAN_POINT ( 'NONE',  ( -6.286000000000000476, -0.5550000000000000488, -13.60828200000000088 ) ) ;
#1618 = EDGE_CURVE ( 'NONE', #2823, #802, #1352, .T. ) ;
#1619 = DIRECTION ( 'NONE',  ( 0.000000000000000000, 3.506302574893970122E-15, -1.000000000000000000 ) ) ;
#1620 = ORIENTED_EDGE ( 'NONE', *, *, #1053, .T. ) ;
#1621 = VERTEX_POINT ( 'NONE', #766 ) ;
#1622 = VECTOR ( 'NONE', #2687, 39.37007874015748143 ) ;
#1623 = LINE ( 'NONE', #1850, #2041 ) ;
#1624 = CARTESIAN_POINT ( 'NONE',  ( 7.358179529846889722, 0.000000000000000000, -13.48328200000000088 ) ) ;
#1625 = DIRECTION ( 'NONE',  ( 0.000000000000000000, 0.000000000000000000, 1.000000000000000000 ) ) ;
#1626 = CARTESIAN_POINT ( 'NONE',  ( -11.62215945678592632, 0.2500000000000000000, 2.049300286327440990 ) ) ;
#1627 = VECTOR ( 'NONE', #3234, 39.37007874015748143 ) ;
#1628 = DIRECTION ( 'NONE',  ( 0.000000000000000000, 1.000000000000000000, 0.000000000000000000 ) ) ;
#1629 = CARTESIAN_POINT ( 'NONE',  ( 7.358179529846889722, 0.2500000000000000000, -12.73328200000000088 ) ) ;
#1630 = CARTESIAN_POINT ( 'NONE',  ( -6.692673012021043810, -1.868200000000000749, -13.35828200000000621 ) ) ;
#1631 = CARTESIAN_POINT ( 'NONE',  ( -1.183885726451861853, 1.912999174831106729E-16, 13.10183075358899885 ) ) ;
#1632 = ORIENTED_EDGE ( 'NONE', *, *, #1560, .T. ) ;
#1633 = CARTESIAN_POINT ( 'NONE',  ( 0.000000000000000000, -1.868200000000000083, -13.60828200000000088 ) ) ;
#1634 = EDGE_CURVE ( 'NONE', #3427, #732, #1339, .T. ) ;
#1635 = PLANE ( 'NONE',  #124 ) ;
#1636 = CIRCLE ( 'NONE', #2057, 0.1719999999999999585 ) ;
#1637 = EDGE_CURVE ( 'NONE', #2005, #2276, #2995, .T. ) ;
#1638 = EDGE_CURVE ( 'NONE', #1273, #3245, #204, .T. ) ;
#1639 = PRODUCT_DEFINITION_SHAPE ( 'NONE', 'NONE',  #321 ) ;
#1640 = ORIENTED_EDGE ( 'NONE', *, *, #682, .F. ) ;
#1641 = ORIENTED_EDGE ( 'NONE', *, *, #2691, .F. ) ;
#1642 = AXIS2_PLACEMENT_3D ( 'NONE', #1943, #2377, #796 ) ;
#1643 = DIRECTION ( 'NONE',  ( 0.000000000000000000, 1.000000000000000000, 0.000000000000000000 ) ) ;
#1644 = LINE ( 'NONE', #1145, #1996 ) ;
#1645 = DIRECTION ( 'NONE',  ( -0.000000000000000000, 1.000000000000000000, 3.506302574893970122E-15 ) ) ;
#1646 = FACE_OUTER_BOUND ( 'NONE', #1790, .T. ) ;
#1647 = VECTOR ( 'NONE', #3337, 39.37007874015748143 ) ;
#1648 = ORIENTED_EDGE ( 'NONE', *, *, #92, .F. ) ;
#1649 = DIRECTION ( 'NONE',  ( 0.000000000000000000, 1.000000000000000000, 0.000000000000000000 ) ) ;
#1650 = AXIS2_PLACEMENT_3D ( 'NONE', #2787, #1430, #1449 ) ;
#1651 = DIRECTION ( 'NONE',  ( 0.000000000000000000, 1.000000000000000000, 0.000000000000000000 ) ) ;
#1652 = DIRECTION ( 'NONE',  ( 0.000000000000000000, 1.000000000000000000, 0.000000000000000000 ) ) ;
#1653 = VERTEX_POINT ( 'NONE', #1199 ) ;
#1654 = CARTESIAN_POINT ( 'NONE',  ( 7.585825836335157391, 0.2500000000000000000, 9.040435193246516121 ) ) ;
#1655 = EDGE_LOOP ( 'NONE', ( #1092, #215, #2311, #2600 ) ) ;
#1656 = LINE ( 'NONE', #259, #2152 ) ;
#1657 = EDGE_CURVE ( 'NONE', #1210, #2031, #758, .T. ) ;
#1658 = DIRECTION ( 'NONE',  ( 0.000000000000000000, 3.506302574893970122E-15, -1.000000000000000000 ) ) ;
#1659 = VERTEX_POINT ( 'NONE', #3632 ) ;
#1660 = ORIENTED_EDGE ( 'NONE', *, *, #472, .F. ) ;
#1661 = EDGE_CURVE ( 'NONE', #2454, #1621, #609, .T. ) ;
#1662 = DIRECTION ( 'NONE',  ( 0.000000000000000000, 0.000000000000000000, -1.000000000000000000 ) ) ;
#1663 = CARTESIAN_POINT ( 'NONE',  ( 4.036333620450724524, 0.2500000000000000000, -11.23023547957385837 ) ) ;
#1664 = DIRECTION ( 'NONE',  ( 0.000000000000000000, 1.000000000000000000, 0.000000000000000000 ) ) ;
#1665 = EDGE_LOOP ( 'NONE', ( #850, #2997, #2830, #1543 ) ) ;
#1666 = EDGE_CURVE ( 'NONE', #9, #3089, #354, .T. ) ;
#1667 = DIRECTION ( 'NONE',  ( 0.000000000000000000, 0.000000000000000000, -1.000000000000000000 ) ) ;
#1668 = CARTESIAN_POINT ( 'NONE',  ( 6.942673012021043810, 0.000000000000000000, -13.10828200000000088 ) ) ;
#1669 = CARTESIAN_POINT ( 'NONE',  ( 1.733202521323826906, 0.000000000000000000, 12.30062885728342614 ) ) ;
#1670 = FACE_BOUND ( 'NONE', #2674, .T. ) ;
#1671 = ORIENTED_EDGE ( 'NONE', *, *, #2988, .T. ) ;
#1672 = CARTESIAN_POINT ( 'NONE',  ( -2.731847993664263711E-16, 0.2500000000000000000, 2.731847993664263711E-16 ) ) ;
#1673 = EDGE_LOOP ( 'NONE', ( #3407, #2402 ) ) ;
#1674 = CARTESIAN_POINT ( 'NONE',  ( -7.358179529846889722, 0.2500000000000000000, -13.10828200000000088 ) ) ;
#1675 = DIRECTION ( 'NONE',  ( 0.000000000000000000, 1.000000000000000000, 0.000000000000000000 ) ) ;
#1676 = VERTEX_POINT ( 'NONE', #2258 ) ;
#1677 = VERTEX_POINT ( 'NONE', #2313 ) ;
#1678 = DIRECTION ( 'NONE',  ( -0.4067366430757853868, 0.000000000000000000, 0.9135454576426074169 ) ) ;
#1679 = CARTESIAN_POINT ( 'NONE',  ( -0.6250000000000432987, 0.2500000000000000000, 12.70825089234380201 ) ) ;
#1680 = FACE_OUTER_BOUND ( 'NONE', #2952, .T. ) ;
#1681 = EDGE_CURVE ( 'NONE', #927, #189, #2550, .T. ) ;
#1682 = ORIENTED_EDGE ( 'NONE', *, *, #206, .T. ) ;
#1683 = DIRECTION ( 'NONE',  ( 0.000000000000000000, 0.000000000000000000, -1.000000000000000000 ) ) ;
#1684 = FACE_OUTER_BOUND ( 'NONE', #2773, .T. ) ;
#1685 = B_SPLINE_CURVE_WITH_KNOTS ( 'NONE', 3,
 ( #1122, #3085, #1140, #2260, #611, #3185, #2911, #1203, #2896, #1183, #55, #629, #2873, #2612, #649 ),
 .UNSPECIFIED., .F., .F.,
 ( 4, 2, 2, 2, 1, 2, 2, 4 ),
 ( 0.000000000000000000, 0.2500000000000049960, 0.3125000000000034972, 0.3750000000000000000, 0.5000000000000000000, 0.6250000000000000000, 0.7500000000000000000, 1.000000000000000000 ),
 .UNSPECIFIED. ) ;
#1686 = CARTESIAN_POINT ( 'NONE',  ( 1.592016401908740164, 0.2500000000000000000, 12.41928862566254033 ) ) ;
#1687 = ORIENTED_EDGE ( 'NONE', *, *, #2073, .F. ) ;
#1688 = EDGE_CURVE ( 'NONE', #1359, #2987, #627, .T. ) ;
#1689 = ORIENTED_EDGE ( 'NONE', *, *, #3223, .T. ) ;
#1690 = DIRECTION ( 'NONE',  ( 0.000000000000000000, 0.000000000000000000, 1.000000000000000000 ) ) ;
#1691 = EDGE_LOOP ( 'NONE', ( #1606, #2465, #111, #2723 ) ) ;
#1692 = LINE ( 'NONE', #3342, #1155 ) ;
#1693 = ADVANCED_FACE ( 'NONE', ( #824 ), #2594, .T. ) ;
#1694 = VECTOR ( 'NONE', #2483, 39.37007874015748854 ) ;
#1695 = DIRECTION ( 'NONE',  ( 0.000000000000000000, 3.506302574893970122E-15, -1.000000000000000000 ) ) ;
#1696 = ORIENTED_EDGE ( 'NONE', *, *, #2270, .T. ) ;
#1697 = ORIENTED_EDGE ( 'NONE', *, *, #368, .F. ) ;
#1698 = CARTESIAN_POINT ( 'NONE',  ( -6.817673012021043810, -0.2190000000000115188, -13.35828199999999910 ) ) ;
#1699 = DIRECTION ( 'NONE',  ( 0.000000000000000000, 0.000000000000000000, 1.000000000000000000 ) ) ;
#1700 = CARTESIAN_POINT ( 'NONE',  ( 0.000000000000000000, -0.2190000000000098535, -13.60828200000000088 ) ) ;
#1701 = AXIS2_PLACEMENT_3D ( 'NONE', #3464, #3191, #1527 ) ;
#1702 = DIRECTION ( 'NONE',  ( 0.000000000000000000, -1.000000000000000000, 0.000000000000000000 ) ) ;
#1703 = CARTESIAN_POINT ( 'NONE',  ( 1.269152200419122467, 1.912999174831106482E-16, 13.04645805794947044 ) ) ;
#1704 = CIRCLE ( 'NONE', #1179, 0.1405000000000003191 ) ;
#1705 = VECTOR ( 'NONE', #3011, 39.37007874015748143 ) ;
#1706 = CARTESIAN_POINT ( 'NONE',  ( 1.571176344531425295, 0.2500000000000000000, 12.44267212986309268 ) ) ;
#1707 = CARTESIAN_POINT ( 'NONE',  ( 7.585825836335157391, 0.2500000000000000000, 8.899935193246514942 ) ) ;
#1708 = ORIENTED_EDGE ( 'NONE', *, *, #669, .T. ) ;
#1709 = CIRCLE ( 'NONE', #3178, 0.1720000000000000417 ) ;
#1710 = EDGE_CURVE ( 'NONE', #2071, #1135, #1540, .T. ) ;
#1711 = DIRECTION ( 'NONE',  ( 0.000000000000000000, 1.000000000000000000, 0.000000000000000000 ) ) ;
#1712 = ORIENTED_EDGE ( 'NONE', *, *, #614, .F. ) ;
#1713 = DIRECTION ( 'NONE',  ( 0.000000000000000000, 1.000000000000000000, 0.000000000000000000 ) ) ;
#1714 = DIRECTION ( 'NONE',  ( 0.000000000000000000, 3.506302574893970122E-15, -1.000000000000000000 ) ) ;
#1715 = CARTESIAN_POINT ( 'NONE',  ( -6.286000000000000476, -2.055000000000001048, -13.35828199999999910 ) ) ;
#1716 = ORIENTED_EDGE ( 'NONE', *, *, #1390, .T. ) ;
#1717 = ORIENTED_EDGE ( 'NONE', *, *, #814, .T. ) ;
#1718 = DIRECTION ( 'NONE',  ( 0.000000000000000000, 1.000000000000000000, 0.000000000000000000 ) ) ;
#1719 = CARTESIAN_POINT ( 'NONE',  ( 7.192673012021044698, -1.868200000000000083, -12.35828200000005950 ) ) ;
#1720 = LINE ( 'NONE', #286, #2680 ) ;
#1721 = EDGE_LOOP ( 'NONE', ( #3338, #3275, #2836, #2862 ) ) ;
#1722 = CYLINDRICAL_SURFACE ( 'NONE', #2440, 0.1719999999999999585 ) ;
#1723 = LINE ( 'NONE', #3396, #3405 ) ;
#1724 = CARTESIAN_POINT ( 'NONE',  ( 1.814544006861622316, 0.2500000000000000000, 12.25527535751116126 ) ) ;
#1725 = DIRECTION ( 'NONE',  ( 0.000000000000000000, 0.000000000000000000, 1.000000000000000000 ) ) ;
#1726 = AXIS2_PLACEMENT_3D ( 'NONE', #2731, #3570, #763 ) ;
#1727 = ORIENTED_EDGE ( 'NONE', *, *, #799, .F. ) ;
#1728 = CARTESIAN_POINT ( 'NONE',  ( 7.949677661563011941E-14, 0.2500000000000000000, 11.66094999999999970 ) ) ;
#1729 = ORIENTED_EDGE ( 'NONE', *, *, #1661, .T. ) ;
#1730 = DIRECTION ( 'NONE',  ( 0.000000000000000000, 1.000000000000000000, 0.000000000000000000 ) ) ;
#1731 = EDGE_CURVE ( 'NONE', #842, #598, #64, .T. ) ;
#1732 = DIRECTION ( 'NONE',  ( 0.000000000000000000, 1.000000000000000000, 0.000000000000000000 ) ) ;
#1733 = CARTESIAN_POINT ( 'NONE',  ( 0.6250000000000432987, 0.2500000000000000000, 12.62775089234380133 ) ) ;
#1734 = EDGE_CURVE ( 'NONE', #1003, #1859, #2463, .T. ) ;
#1735 = EDGE_LOOP ( 'NONE', ( #2815, #3565 ) ) ;
#1736 = VERTEX_POINT ( 'NONE', #274 ) ;
#1737 = CARTESIAN_POINT ( 'NONE',  ( 6.692673012021044698, -0.1249999999999984318, -13.60828200000000088 ) ) ;
#1738 = CARTESIAN_POINT ( 'NONE',  ( -7.585825836335157391, 0.2500000000000000000, 9.040435193246516121 ) ) ;
#1739 = VERTEX_POINT ( 'NONE', #1747 ) ;
#1740 = CARTESIAN_POINT ( 'NONE',  ( -1.456673423708076953, 0.2500000000000000000, 12.62527849455494078 ) ) ;
#1741 = DIRECTION ( 'NONE',  ( 1.000000000000000000, 0.000000000000000000, 0.000000000000000000 ) ) ;
#1742 = CARTESIAN_POINT ( 'NONE',  ( 7.192673012021044698, -0.2190000000000220659, -13.10828200000000088 ) ) ;
#1743 = CARTESIAN_POINT ( 'NONE',  ( 0.000000000000000000, -0.1249999999999993200, -13.35828199999999910 ) ) ;
#1744 = AXIS2_PLACEMENT_3D ( 'NONE', #2025, #1456, #1791 ) ;
#1745 = VERTEX_POINT ( 'NONE', #1395 ) ;
#1746 = EDGE_CURVE ( 'NONE', #2024, #2167, #1185, .T. ) ;
#1747 = CARTESIAN_POINT ( 'NONE',  ( 6.942673012021043810, -0.1249999999999994726, -13.35828199999999910 ) ) ;
#1748 = AXIS2_PLACEMENT_3D ( 'NONE', #2307, #3176, #678 ) ;
#1749 = VERTEX_POINT ( 'NONE', #2277 ) ;
#1750 = FACE_OUTER_BOUND ( 'NONE', #1411, .T. ) ;
#1751 = AXIS2_PLACEMENT_3D ( 'NONE', #3494, #874, #415 ) ;
#1752 = EDGE_CURVE ( 'NONE', #2979, #2572, #529, .T. ) ;
#1753 = CARTESIAN_POINT ( 'NONE',  ( 1.456673423708088722, 0.2500000000000000000, 12.62527849455494078 ) ) ;
#1754 = DIRECTION ( 'NONE',  ( 1.000000000000000000, 3.278217592396450458E-15, 1.149442278528236055E-29 ) ) ;
#1755 = ADVANCED_FACE ( 'NONE', ( #2241 ), #845, .T. ) ;
#1756 = ORIENTED_EDGE ( 'NONE', *, *, #1016, .F. ) ;
#1757 = VECTOR ( 'NONE', #921, 39.37007874015748143 ) ;
#1758 = ORIENTED_EDGE ( 'NONE', *, *, #240, .F. ) ;
#1759 = ADVANCED_FACE ( 'NONE', ( #53 ), #3400, .T. ) ;
#1760 = FACE_OUTER_BOUND ( 'NONE', #3443, .T. ) ;
#1761 = EDGE_CURVE ( 'NONE', #82, #322, #3141, .T. ) ;
#1762 = ORIENTED_EDGE ( 'NONE', *, *, #1146, .F. ) ;
#1763 = FACE_BOUND ( 'NONE', #1862, .T. ) ;
#1764 = CARTESIAN_POINT ( 'NONE',  ( -1.456673423708076953, 0.2500000000000000000, 12.62527849455494078 ) ) ;
#1765 = DIRECTION ( 'NONE',  ( -1.325174869592170061E-15, 1.000000000000000000, 3.975524608776515704E-15 ) ) ;
#1766 = CARTESIAN_POINT ( 'NONE',  ( 4.036333620450724524, 0.2500000000000000000, -10.94923547957385956 ) ) ;
#1767 = EDGE_LOOP ( 'NONE', ( #1207, #1716 ) ) ;
#1768 = VECTOR ( 'NONE', #1783, 39.37007874015748143 ) ;
#1769 = DIRECTION ( 'NONE',  ( 0.000000000000000000, 1.000000000000000000, 0.000000000000000000 ) ) ;
#1770 = EDGE_LOOP ( 'NONE', ( #1396, #83, #511, #2534 ) ) ;
#1771 = DIRECTION ( 'NONE',  ( 0.000000000000000000, 1.000000000000000000, 0.000000000000000000 ) ) ;
#1772 = VECTOR ( 'NONE', #178, 39.37007874015748143 ) ;
#1773 = AXIS2_PLACEMENT_3D ( 'NONE', #703, #3244, #1522 ) ;
#1774 = LINE ( 'NONE', #1347, #3621 ) ;
#1775 = ADVANCED_FACE ( 'NONE', ( #2533 ), #1138, .T. ) ;
#1776 = CARTESIAN_POINT ( 'NONE',  ( 7.585825836335157391, 0.000000000000000000, 8.899935193246514942 ) ) ;
#1777 = ORIENTED_EDGE ( 'NONE', *, *, #1490, .F. ) ;
#1778 = CARTESIAN_POINT ( 'NONE',  ( -6.942673012021037593, -0.2190000000000126290, -13.23328200000003640 ) ) ;
#1779 = DIRECTION ( 'NONE',  ( 0.000000000000000000, 0.000000000000000000, 1.000000000000000000 ) ) ;
#1780 = ORIENTED_EDGE ( 'NONE', *, *, #1997, .F. ) ;
#1781 = EDGE_CURVE ( 'NONE', #1491, #891, #2944, .T. ) ;
#1782 = DIRECTION ( 'NONE',  ( 0.000000000000000000, 0.000000000000000000, -1.000000000000000000 ) ) ;
#1783 = DIRECTION ( 'NONE',  ( 1.000000000000000000, -0.000000000000000000, -0.000000000000000000 ) ) ;
#1784 = DIRECTION ( 'NONE',  ( 3.496765431890260469E-15, 8.978037245699367993E-30, 1.000000000000000000 ) ) ;
#1785 = CARTESIAN_POINT ( 'NONE',  ( -1.602705628902606261, 0.2500000000000000000, 12.40870773578547315 ) ) ;
#1786 = ADVANCED_FACE ( 'NONE', ( #3201 ), #3436, .T. ) ;
#1787 = ORIENTED_EDGE ( 'NONE', *, *, #1160, .T. ) ;
#1788 = CARTESIAN_POINT ( 'NONE',  ( 11.62215945678592632, 0.2500000000000000000, 2.049300286327437437 ) ) ;
#1789 = AXIS2_PLACEMENT_3D ( 'NONE', #1841, #684, #3453 ) ;
#1790 = EDGE_LOOP ( 'NONE', ( #603, #1026, #3564, #1139 ) ) ;
#1791 = DIRECTION ( 'NONE',  ( 0.000000000000000000, 1.000000000000000000, 0.000000000000000000 ) ) ;
#1792 = CARTESIAN_POINT ( 'NONE',  ( 12.35638000000009207, -0.09299999999997846101, -13.10828199999993338 ) ) ;
#1793 = DIRECTION ( 'NONE',  ( 1.325174869592170455E-15, 1.000000000000000000, 3.578720871700181168E-15 ) ) ;
#1794 = CARTESIAN_POINT ( 'NONE',  ( 10.22035550149188943, 0.000000000000000000, -6.041224999999976752 ) ) ;
#1795 = ORIENTED_EDGE ( 'NONE', *, *, #344, .T. ) ;
#1796 = DIRECTION ( 'NONE',  ( 0.000000000000000000, 3.506302574893970122E-15, -1.000000000000000000 ) ) ;
#1797 = EDGE_LOOP ( 'NONE', ( #834, #1206, #489, #1156 ) ) ;
#1798 = DIRECTION ( 'NONE',  ( -1.000000000000000000, 0.000000000000000000, 0.000000000000000000 ) ) ;
#1799 = CARTESIAN_POINT ( 'NONE',  ( -1.682090453800256125, 0.2500000000000000000, 12.33536322635234228 ) ) ;
#1800 = CARTESIAN_POINT ( 'NONE',  ( -8.843271017152499525, 0.2500000000000000000, -8.629987509932481871 ) ) ;
#1801 = CARTESIAN_POINT ( 'NONE',  ( -1.269152200419100263, 0.2500000000000002220, 13.04645805794949354 ) ) ;
#1802 = VERTEX_POINT ( 'NONE', #3507 ) ;
#1803 = FACE_OUTER_BOUND ( 'NONE', #2892, .T. ) ;
#1804 = ADVANCED_FACE ( 'NONE', ( #1803 ), #1274, .T. ) ;
#1805 = EDGE_CURVE ( 'NONE', #1749, #1621, #3194, .T. ) ;
#1806 = ORIENTED_EDGE ( 'NONE', *, *, #1070, .T. ) ;
#1807 = AXIS2_PLACEMENT_3D ( 'NONE', #3195, #1798, #2603 ) ;
#1808 = CARTESIAN_POINT ( 'NONE',  ( -7.192673012021044698, -0.2190000000000129898, -13.10828200000000088 ) ) ;
#1809 = EDGE_CURVE ( 'NONE', #3000, #3366, #1432, .T. ) ;
#1810 = DIRECTION ( 'NONE',  ( -3.496765431890255342E-15, 3.578720871700185901E-15, -1.000000000000000000 ) ) ;
#1811 = CARTESIAN_POINT ( 'NONE',  ( -7.585825836335157391, 0.000000000000000000, 9.040435193246516121 ) ) ;
#1812 = VERTEX_POINT ( 'NONE', #994 ) ;
#1813 = CIRCLE ( 'NONE', #869, 0.1405000000000003191 ) ;
#1814 = PLANE ( 'NONE',  #3110 ) ;
#1815 = CARTESIAN_POINT ( 'NONE',  ( 0.000000000000000000, 0.000000000000000000, 0.000000000000000000 ) ) ;
#1816 = EDGE_CURVE ( 'NONE', #1065, #842, #956, .T. ) ;
#1817 = ORIENTED_EDGE ( 'NONE', *, *, #2809, .F. ) ;
#1818 = CARTESIAN_POINT ( 'NONE',  ( -6.942673012021043810, -1.993199999999999861, -13.60828200000000088 ) ) ;
#1819 = CARTESIAN_POINT ( 'NONE',  ( -1.958122303537193076, 0.000000000000000000, 12.20040038197594434 ) ) ;
#1820 = CARTESIAN_POINT ( 'NONE',  ( -6.942673012021043810, 0.2500000000000000000, -12.73328200000000088 ) ) ;
#1821 = PLANE ( 'NONE',  #2796 ) ;
#1822 = ORIENTED_EDGE ( 'NONE', *, *, #992, .T. ) ;
#1823 = DIRECTION ( 'NONE',  ( 1.325174869592158030E-15, 1.000000000000000000, 0.000000000000000000 ) ) ;
#1824 = ORIENTED_EDGE ( 'NONE', *, *, #2246, .T. ) ;
#1825 = VECTOR ( 'NONE', #1942, 39.37007874015748143 ) ;
#1826 = VECTOR ( 'NONE', #2616, 39.37007874015748143 ) ;
#1827 = EDGE_CURVE ( 'NONE', #1739, #2005, #2137, .T. ) ;
#1828 = FACE_OUTER_BOUND ( 'NONE', #1952, .T. ) ;
#1829 = CARTESIAN_POINT ( 'NONE',  ( -6.692673012021043810, -1.993199999999999861, -13.60828200000000088 ) ) ;
#1830 = VECTOR ( 'NONE', #3129, 39.37007874015748143 ) ;
#1831 = UNCERTAINTY_MEASURE_WITH_UNIT (LENGTH_MEASURE( 1.000000000000000082E-05 ), #3062, 'distance_accuracy_value', 'NONE');
#1832 = ORIENTED_EDGE ( 'NONE', *, *, #481, .F. ) ;
#1833 = DIRECTION ( 'NONE',  ( 0.000000000000000000, 0.000000000000000000, -1.000000000000000000 ) ) ;
#1834 =( CONVERSION_BASED_UNIT ( 'INCH', #2365 ) LENGTH_UNIT ( ) NAMED_UNIT ( #3181 ) );
#1835 = ORIENTED_EDGE ( 'NONE', *, *, #2982, .F. ) ;
#1836 = DIRECTION ( 'NONE',  ( -4.370956789862805372E-15, 0.000000000000000000, 1.000000000000000000 ) ) ;
#1837 = CARTESIAN_POINT ( 'NONE',  ( -1.513843565588419482, 0.000000000000000000, 12.51568822829980121 ) ) ;
#1838 = LINE ( 'NONE', #1820, #424 ) ;
#1839 = CYLINDRICAL_SURFACE ( 'NONE', #987, 0.1720000000000000417 ) ;
#1840 = ORIENTED_EDGE ( 'NONE', *, *, #1545, .F. ) ;
#1841 = CARTESIAN_POINT ( 'NONE',  ( -7.358179529846889722, 0.000000000000000000, -12.73328200000000088 ) ) ;
#1842 = ORIENTED_EDGE ( 'NONE', *, *, #638, .T. ) ;
#1843 = DIRECTION ( 'NONE',  ( 0.000000000000000000, 1.000000000000000000, 0.000000000000000000 ) ) ;
#1844 = ADVANCED_FACE ( 'NONE', ( #2959 ), #2061, .F. ) ;
#1845 = ORIENTED_EDGE ( 'NONE', *, *, #1462, .F. ) ;
#1846 = ADVANCED_FACE ( 'NONE', ( #410 ), #109, .T. ) ;
#1847 = CARTESIAN_POINT ( 'NONE',  ( -1.456673423708076953, 0.000000000000000000, 12.62527849455493900 ) ) ;
#1848 = ADVANCED_FACE ( 'NONE', ( #151 ), #134, .F. ) ;
#1849 = EDGE_LOOP ( 'NONE', ( #1756, #1689, #3495, #721 ) ) ;
#1850 = CARTESIAN_POINT ( 'NONE',  ( -2.036000000000000032, -0.7270000000000000906, -13.60828200000000088 ) ) ;
#1851 = CARTESIAN_POINT ( 'NONE',  ( 7.192673012021044698, -0.02000000000000437192, -13.10828200000000088 ) ) ;
#1852 = FACE_OUTER_BOUND ( 'NONE', #751, .T. ) ;
#1853 = CARTESIAN_POINT ( 'NONE',  ( -1.814050343894822781, 0.2500000000000000000, 12.25498596056187139 ) ) ;
#1854 = VERTEX_POINT ( 'NONE', #2373 ) ;
#1855 = ADVANCED_FACE ( 'NONE', ( #2675 ), #442, .F. ) ;
#1856 = ORIENTED_EDGE ( 'NONE', *, *, #2386, .F. ) ;
#1857 = EDGE_CURVE ( 'NONE', #599, #1326, #916, .T. ) ;
#1858 = CARTESIAN_POINT ( 'NONE',  ( -1.310510525686517935, 0.000000000000000000, 12.95356573849177195 ) ) ;
#1859 = VERTEX_POINT ( 'NONE', #2662 ) ;
#1860 = AXIS2_PLACEMENT_3D ( 'NONE', #940, #77, #3423 ) ;
#1861 = DIRECTION ( 'NONE',  ( 0.000000000000000000, 0.000000000000000000, 1.000000000000000000 ) ) ;
#1862 = EDGE_LOOP ( 'NONE', ( #2062, #608 ) ) ;
#1863 = ADVANCED_FACE ( 'NONE', ( #166 ), #1288, .F. ) ;
#1864 = DIRECTION ( 'NONE',  ( 0.000000000000000000, 1.000000000000000000, 0.000000000000000000 ) ) ;
#1865 = CARTESIAN_POINT ( 'NONE',  ( 7.192673012021044698, -1.618200000000017624, -12.35828200000005950 ) ) ;
#1866 = LINE ( 'NONE', #1039, #1772 ) ;
#1867 = FACE_OUTER_BOUND ( 'NONE', #3077, .T. ) ;
#1868 = EDGE_LOOP ( 'NONE', ( #2941, #2089, #1380, #1142 ) ) ;
#1869 = AXIS2_PLACEMENT_3D ( 'NONE', #3500, #715, #1836 ) ;
#1870 = FACE_OUTER_BOUND ( 'NONE', #3554, .T. ) ;
#1871 = EDGE_LOOP ( 'NONE', ( #3255, #1632, #1048, #2320 ) ) ;
#1872 = DIRECTION ( 'NONE',  ( -3.496765431890260075E-15, 4.633825675199541312E-30, -1.000000000000000000 ) ) ;
#1873 = AXIS2_PLACEMENT_3D ( 'NONE', #735, #3562, #1861 ) ;
#1874 = ORIENTED_EDGE ( 'NONE', *, *, #3346, .F. ) ;
#1875 = EDGE_CURVE ( 'NONE', #557, #3140, #1263, .T. ) ;
#1876 = AXIS2_PLACEMENT_3D ( 'NONE', #1113, #2238, #3357 ) ;
#1877 = AXIS2_PLACEMENT_3D ( 'NONE', #1320, #3008, #1079 ) ;
#1878 = CARTESIAN_POINT ( 'NONE',  ( -1.602705628902606261, 0.000000000000000000, 12.40870773578547315 ) ) ;
#1879 = ORIENTED_EDGE ( 'NONE', *, *, #1964, .F. ) ;
#1880 = VERTEX_POINT ( 'NONE', #1216 ) ;
#1881 = VECTOR ( 'NONE', #3197, 39.37007874015748143 ) ;
#1882 = CARTESIAN_POINT ( 'NONE',  ( -6.286000000000000476, -0.3830000000000000071, -13.60828200000000088 ) ) ;
#1883 = DIRECTION ( 'NONE',  ( 0.000000000000000000, 1.000000000000000000, 0.000000000000000000 ) ) ;
#1884 = CARTESIAN_POINT ( 'NONE',  ( -6.442673012021043810, 4.859132986020668934E-14, -13.60828200000000088 ) ) ;
#1885 = FACE_OUTER_BOUND ( 'NONE', #2981, .T. ) ;
#1886 = ADVANCED_FACE ( 'NONE', ( #2909 ), #392, .F. ) ;
#1887 = VERTEX_POINT ( 'NONE', #3254 ) ;
#1888 = LINE ( 'NONE', #490, #469 ) ;
#1889 = SURFACE_SIDE_STYLE ('',( #764 ) ) ;
#1890 = FACE_BOUND ( 'NONE', #3152, .T. ) ;
#1891 = DIRECTION ( 'NONE',  ( 0.000000000000000000, -1.000000000000000000, -3.506302574893970122E-15 ) ) ;
#1892 = LINE ( 'NONE', #3012, #120 ) ;
#1893 = AXIS2_PLACEMENT_3D ( 'NONE', #1788, #1257, #428 ) ;
#1894 = EDGE_LOOP ( 'NONE', ( #2072, #503, #1976, #3308 ) ) ;
#1895 = ORIENTED_EDGE ( 'NONE', *, *, #2762, .F. ) ;
#1896 = DIRECTION ( 'NONE',  ( -0.000000000000000000, 1.000000000000000000, 0.000000000000000000 ) ) ;
#1897 = CARTESIAN_POINT ( 'NONE',  ( -7.585825836335157391, 0.000000000000000000, 8.899935193246514942 ) ) ;
#1898 = DIRECTION ( 'NONE',  ( 1.000000000000000000, 0.000000000000000000, 0.000000000000000000 ) ) ;
#1899 = LINE ( 'NONE', #3058, #744 ) ;
#1900 = EDGE_LOOP ( 'NONE', ( #2531, #783, #3437, #689 ) ) ;
#1901 = CARTESIAN_POINT ( 'NONE',  ( 7.949677661563011941E-14, 0.2500000000000000000, 11.80144999999999911 ) ) ;
#1902 = DIRECTION ( 'NONE',  ( 0.000000000000000000, 3.506302574893970122E-15, -1.000000000000000000 ) ) ;
#1903 = VERTEX_POINT ( 'NONE', #2974 ) ;
#1904 = EDGE_CURVE ( 'NONE', #947, #3103, #81, .T. ) ;
#1905 = EDGE_CURVE ( 'NONE', #3580, #1233, #548, .T. ) ;
#1906 = CARTESIAN_POINT ( 'NONE',  ( 1.456673423708088944, 0.000000000000000000, 12.62527849455493900 ) ) ;
#1907 = ORIENTED_EDGE ( 'NONE', *, *, #3124, .F. ) ;
#1908 = CARTESIAN_POINT ( 'NONE',  ( -7.192673012021044698, -1.868200000000000083, -13.23328200000005950 ) ) ;
#1909 = LINE ( 'NONE', #573, #3046 ) ;
#1910 = ORIENTED_EDGE ( 'NONE', *, *, #1857, .T. ) ;
#1911 = VERTEX_POINT ( 'NONE', #505 ) ;
#1912 = AXIS2_PLACEMENT_3D ( 'NONE', #2785, #2489, #1649 ) ;
#1913 = LINE ( 'NONE', #1986, #1694 ) ;
#1914 = DIRECTION ( 'NONE',  ( 0.000000000000000000, 1.000000000000000000, 0.000000000000000000 ) ) ;
#1915 = CYLINDRICAL_SURFACE ( 'NONE', #596, 0.1405000000000003191 ) ;
#1916 = DIRECTION ( 'NONE',  ( 0.000000000000000000, 1.000000000000000000, 0.000000000000000000 ) ) ;
#1917 = VERTEX_POINT ( 'NONE', #1921 ) ;
#1918 = VECTOR ( 'NONE', #1197, 39.37007874015748143 ) ;
#1919 = LINE ( 'NONE', #1132, #2919 ) ;
#1920 = EDGE_CURVE ( 'NONE', #2987, #1486, #380, .T. ) ;
#1921 = CARTESIAN_POINT ( 'NONE',  ( 6.692673012021043810, -1.868200000000000083, -13.60828200000000088 ) ) ;
#1922 = PLANE ( 'NONE',  #3467 ) ;
#1923 = LINE ( 'NONE', #2986, #1627 ) ;
#1924 = CIRCLE ( 'NONE', #3274, 0.1720000000000002360 ) ;
#1925 = DIRECTION ( 'NONE',  ( 0.000000000000000000, 1.000000000000000000, 0.000000000000000000 ) ) ;
#1926 = EDGE_LOOP ( 'NONE', ( #1501, #3258, #2544, #3190 ) ) ;
#1927 = DIRECTION ( 'NONE',  ( -1.000000000000000000, 0.000000000000000000, 0.000000000000000000 ) ) ;
#1928 = EDGE_CURVE ( 'NONE', #3473, #3140, #795, .T. ) ;
#1929 = LINE ( 'NONE', #2480, #2522 ) ;
#1930 = AXIS2_PLACEMENT_3D ( 'NONE', #3532, #480, #3273 ) ;
#1931 = ADVANCED_FACE ( 'NONE', ( #3036 ), #254, .F. ) ;
#1932 = ORIENTED_EDGE ( 'NONE', *, *, #535, .T. ) ;
#1933 = ORIENTED_EDGE ( 'NONE', *, *, #143, .T. ) ;
#1934 = CIRCLE ( 'NONE', #298, 0.1720000000000002360 ) ;
#1935 = CARTESIAN_POINT ( 'NONE',  ( -6.942673012021043810, -0.1249999999999992090, -13.35828199999999910 ) ) ;
#1936 = DIRECTION ( 'NONE',  ( 0.000000000000000000, 1.000000000000000000, 0.000000000000000000 ) ) ;
#1937 = DIRECTION ( 'NONE',  ( 1.000000000000000000, 1.325174869592158030E-15, 3.496765431890260075E-15 ) ) ;
#1938 = VECTOR ( 'NONE', #285, 39.37007874015748143 ) ;
#1939 = ORIENTED_EDGE ( 'NONE', *, *, #662, .T. ) ;
#1940 = PLANE ( 'NONE',  #2563 ) ;
#1941 = AXIS2_PLACEMENT_3D ( 'NONE', #2560, #1129, #2505 ) ;
#1942 = DIRECTION ( 'NONE',  ( 1.000000000000000000, -1.325174869592158030E-15, -3.496765431890260075E-15 ) ) ;
#1943 = CARTESIAN_POINT ( 'NONE',  ( 2.036000000000000032, -2.055000000000001048, -13.35828199999999910 ) ) ;
#1944 = ORIENTED_EDGE ( 'NONE', *, *, #1267, .F. ) ;
#1945 = ORIENTED_EDGE ( 'NONE', *, *, #2492, .T. ) ;
#1946 = CARTESIAN_POINT ( 'NONE',  ( -7.358179529846889722, 0.2500000000000000000, -13.10828200000000088 ) ) ;
#1947 = ORIENTED_EDGE ( 'NONE', *, *, #2950, .T. ) ;
#1948 = FACE_OUTER_BOUND ( 'NONE', #821, .T. ) ;
#1949 = CARTESIAN_POINT ( 'NONE',  ( -1.732976597320039280, 0.000000000000000000, 12.30078025159200728 ) ) ;
#1950 = EDGE_CURVE ( 'NONE', #2031, #1210, #488, .T. ) ;
#1951 = EDGE_LOOP ( 'NONE', ( #3135, #521, #2752, #1565 ) ) ;
#1952 = EDGE_LOOP ( 'NONE', ( #3624, #2236, #731, #908, #3261, #1046, #2429 ) ) ;
#1953 = AXIS2_PLACEMENT_3D ( 'NONE', #475, #3589, #456 ) ;
#1954 = EDGE_CURVE ( 'NONE', #1659, #3580, #185, .T. ) ;
#1955 = ADVANCED_FACE ( 'NONE', ( #200 ), #1335, .F. ) ;
#1956 = CARTESIAN_POINT ( 'NONE',  ( 11.62215945678592632, 0.2500000000000000000, 2.189800286327437284 ) ) ;
#1957 = DIRECTION ( 'NONE',  ( 0.000000000000000000, 1.000000000000000000, 0.000000000000000000 ) ) ;
#1958 = CARTESIAN_POINT ( 'NONE',  ( 7.358179529846889722, 0.2500000000000000000, -13.48328200000000088 ) ) ;
#1959 = ORIENTED_EDGE ( 'NONE', *, *, #1710, .F. ) ;
#1960 = DIRECTION ( 'NONE',  ( 0.000000000000000000, 3.506302574893970122E-15, -1.000000000000000000 ) ) ;
#1961 = DIRECTION ( 'NONE',  ( 0.000000000000000000, 0.000000000000000000, 1.000000000000000000 ) ) ;
#1962 = CARTESIAN_POINT ( 'NONE',  ( 1.456673423708088722, 0.2500000000000000000, 12.62527849455494078 ) ) ;
#1963 = ORIENTED_EDGE ( 'NONE', *, *, #2628, .F. ) ;
#1964 = EDGE_CURVE ( 'NONE', #2031, #2024, #2421, .T. ) ;
#1965 = ORIENTED_EDGE ( 'NONE', *, *, #373, .T. ) ;
#1966 = DIRECTION ( 'NONE',  ( 0.000000000000000000, 1.000000000000000000, 0.000000000000000000 ) ) ;
#1967 = ORIENTED_EDGE ( 'NONE', *, *, #2856, .F. ) ;
#1968 = ADVANCED_FACE ( 'NONE', ( #1870 ), #1355, .F. ) ;
#1969 = CARTESIAN_POINT ( 'NONE',  ( -2.019619653481279364, 0.2500000000000000000, 12.19021177665393729 ) ) ;
#1970 = DIRECTION ( 'NONE',  ( 0.000000000000000000, 3.506302574893970122E-15, -1.000000000000000000 ) ) ;
#1971 = EDGE_LOOP ( 'NONE', ( #1391, #1412, #2058, #1421 ) ) ;
#1972 = ORIENTED_EDGE ( 'NONE', *, *, #3563, .F. ) ;
#1973 = DIRECTION ( 'NONE',  ( 0.000000000000000000, 1.000000000000000000, 0.000000000000000000 ) ) ;
#1974 = FACE_OUTER_BOUND ( 'NONE', #2134, .T. ) ;
#1975 = DIRECTION ( 'NONE',  ( 0.000000000000000000, 1.000000000000000000, 0.000000000000000000 ) ) ;
#1976 = ORIENTED_EDGE ( 'NONE', *, *, #224, .T. ) ;
#1977 = CIRCLE ( 'NONE', #2038, 0.1405000000000000415 ) ;
#1978 = DIRECTION ( 'NONE',  ( 0.000000000000000000, 0.000000000000000000, 1.000000000000000000 ) ) ;
#1979 = CARTESIAN_POINT ( 'NONE',  ( 1.482027870354999832, 0.2500000000000000000, 12.56833147500399761 ) ) ;
#1980 = CARTESIAN_POINT ( 'NONE',  ( -7.192673012021044698, -0.2190000000000129898, -13.10828200000000088 ) ) ;
#1981 = CIRCLE ( 'NONE', #403, 0.3750000000000002220 ) ;
#1982 = ORIENTED_EDGE ( 'NONE', *, *, #133, .F. ) ;
#1983 = DIRECTION ( 'NONE',  ( 0.000000000000000000, 0.000000000000000000, -1.000000000000000000 ) ) ;
#1984 = VERTEX_POINT ( 'NONE', #2147 ) ;
#1985 = DIRECTION ( 'NONE',  ( 0.000000000000000000, 0.000000000000000000, 1.000000000000000000 ) ) ;
#1986 = CARTESIAN_POINT ( 'NONE',  ( -1.310510525686517491, 0.000000000000000000, 12.95356573849177195 ) ) ;
#1987 = CARTESIAN_POINT ( 'NONE',  ( -1.682090453800256125, 0.000000000000000000, 12.33536322635234228 ) ) ;
#1988 = ORIENTED_EDGE ( 'NONE', *, *, #1558, .F. ) ;
#1989 = ORIENTED_EDGE ( 'NONE', *, *, #3041, .T. ) ;
#1990 = EDGE_CURVE ( 'NONE', #516, #1065, #3306, .T. ) ;
#1991 = ADVANCED_FACE ( 'NONE', ( #745 ), #3007, .T. ) ;
#1992 = LINE ( 'NONE', #2798, #2640 ) ;
#1993 = CARTESIAN_POINT ( 'NONE',  ( 0.6250000000000432987, 0.2500000000000000000, 12.70825089234380201 ) ) ;
#1994 = DIRECTION ( 'NONE',  ( 0.000000000000000000, 0.000000000000000000, 1.000000000000000000 ) ) ;
#1995 = ORIENTED_EDGE ( 'NONE', *, *, #825, .T. ) ;
#1996 = VECTOR ( 'NONE', #3620, 39.37007874015748143 ) ;
#1997 = EDGE_CURVE ( 'NONE', #655, #993, #1888, .T. ) ;
#1998 = LINE ( 'NONE', #308, #2499 ) ;
#1999 = CARTESIAN_POINT ( 'NONE',  ( -4.036333620450724524, 0.2500000000000000000, -11.23023547957385837 ) ) ;
#2000 = CIRCLE ( 'NONE', #1243, 0.1405000000000003191 ) ;
#2001 = VECTOR ( 'NONE', #170, 39.37007874015748143 ) ;
#2002 = DIRECTION ( 'NONE',  ( 0.000000000000000000, 0.000000000000000000, -1.000000000000000000 ) ) ;
#2003 = ADVANCED_FACE ( 'NONE', ( #216 ), #2474, .F. ) ;
#2004 = DIRECTION ( 'NONE',  ( 0.000000000000000000, 1.000000000000000000, 0.000000000000000000 ) ) ;
#2005 = VERTEX_POINT ( 'NONE', #1078 ) ;
#2006 = CIRCLE ( 'NONE', #2946, 0.2500000000000000555 ) ;
#2007 = CARTESIAN_POINT ( 'NONE',  ( 6.942673012021083778, -9.099673005078770977E-15, -2.427557797009101670E-14 ) ) ;
#2008 = ORIENTED_EDGE ( 'NONE', *, *, #1419, .F. ) ;
#2009 = CARTESIAN_POINT ( 'NONE',  ( 2.036000000000000032, -0.5550000000000000488, -13.60828200000000088 ) ) ;
#2010 = CARTESIAN_POINT ( 'NONE',  ( -7.358179529846889722, 0.000000000000000000, -13.48328200000000088 ) ) ;
#2011 = DIRECTION ( 'NONE',  ( 0.000000000000000000, 0.000000000000000000, 1.000000000000000000 ) ) ;
#2012 = ORIENTED_EDGE ( 'NONE', *, *, #3302, .F. ) ;
#2013 = EDGE_LOOP ( 'NONE', ( #670, #1198 ) ) ;
#2014 = DIRECTION ( 'NONE',  ( 1.000000000000000000, 0.000000000000000000, 0.000000000000000000 ) ) ;
#2015 = LINE ( 'NONE', #2542, #1938 ) ;
#2016 = EDGE_CURVE ( 'NONE', #598, #2068, #2314, .T. ) ;
#2017 = DIRECTION ( 'NONE',  ( 0.000000000000000000, 3.506302574893970122E-15, -1.000000000000000000 ) ) ;
#2018 = CARTESIAN_POINT ( 'NONE',  ( 1.310510525686539474, 0.000000000000000000, 12.95356573849177195 ) ) ;
#2019 = DIRECTION ( 'NONE',  ( 0.1736481776669350774, 0.000000000000000000, 0.9848077530122072432 ) ) ;
#2020 = CARTESIAN_POINT ( 'NONE',  ( 0.000000000000000000, -0.2190000000000098535, -13.60828200000000088 ) ) ;
#2021 = VERTEX_POINT ( 'NONE', #3061 ) ;
#2022 = ADVANCED_FACE ( 'NONE', ( #1684 ), #289, .F. ) ;
#2023 = CARTESIAN_POINT ( 'NONE',  ( -10.22035550149188943, 0.000000000000000000, -5.900724999999984455 ) ) ;
#2024 = VERTEX_POINT ( 'NONE', #1999 ) ;
#2025 = CARTESIAN_POINT ( 'NONE',  ( -2.036000000000000032, -0.5550000000000000488, -13.60828200000000088 ) ) ;
#2026 = ADVANCED_FACE ( 'NONE', ( #2865 ), #2679, .F. ) ;
#2027 = ADVANCED_BREP_SHAPE_REPRESENTATION ( '090765D', ( #3166, #3054 ), #1302 ) ;
#2028 = DIRECTION ( 'NONE',  ( 1.000000000000000000, 0.000000000000000000, 0.000000000000000000 ) ) ;
#2029 = CARTESIAN_POINT ( 'NONE',  ( 2.036000000000000032, -0.5550000000000000488, -13.60828200000000088 ) ) ;
#2030 = ORIENTED_EDGE ( 'NONE', *, *, #1581, .T. ) ;
#2031 = VERTEX_POINT ( 'NONE', #1094 ) ;
#2032 = DIRECTION ( 'NONE',  ( 0.000000000000000000, 1.000000000000000000, 0.000000000000000000 ) ) ;
#2033 = EDGE_LOOP ( 'NONE', ( #2206, #1327, #339, #3350 ) ) ;
#2034 = CARTESIAN_POINT ( 'NONE',  ( 6.286000000000000476, -0.5550000000000009370, -13.35828199999999910 ) ) ;
#2035 = CARTESIAN_POINT ( 'NONE',  ( 6.817673012021043810, -0.2190000000000121849, -13.23328200000003996 ) ) ;
#2036 = CARTESIAN_POINT ( 'NONE',  ( -1.082202423578874084, 0.2500000000000000000, 13.10183075358899885 ) ) ;
#2037 = DIRECTION ( 'NONE',  ( 0.000000000000000000, 1.000000000000000000, 0.000000000000000000 ) ) ;
#2038 = AXIS2_PLACEMENT_3D ( 'NONE', #3120, #604, #2527 ) ;
#2039 = ORIENTED_EDGE ( 'NONE', *, *, #1370, .F. ) ;
#2040 = CARTESIAN_POINT ( 'NONE',  ( -11.62215945678592632, 0.2500000000000000000, 2.049300286327440990 ) ) ;
#2041 = VECTOR ( 'NONE', #2706, 39.37007874015748143 ) ;
#2042 = ORIENTED_EDGE ( 'NONE', *, *, #767, .F. ) ;
#2043 = DIRECTION ( 'NONE',  ( 0.000000000000000000, 0.000000000000000000, -1.000000000000000000 ) ) ;
#2044 = AXIS2_PLACEMENT_3D ( 'NONE', #1700, #2931, #2101 ) ;
#2045 = LINE ( 'NONE', #3165, #169 ) ;
#2046 = CARTESIAN_POINT ( 'NONE',  ( 6.442673012021043810, 4.859132986020668934E-14, -13.60828200000000088 ) ) ;
#2047 = ADVANCED_FACE ( 'NONE', ( #3416 ), #1372, .F. ) ;
#2048 = VERTEX_POINT ( 'NONE', #2215 ) ;
#2049 = AXIS2_PLACEMENT_3D ( 'NONE', #1186, #2318, #1163 ) ;
#2050 = ORIENTED_EDGE ( 'NONE', *, *, #1558, .T. ) ;
#2051 = DIRECTION ( 'NONE',  ( -1.000000000000000000, -1.325174869592158030E-15, -3.496765431890260075E-15 ) ) ;
#2052 = ORIENTED_EDGE ( 'NONE', *, *, #2982, .T. ) ;
#2053 = FACE_OUTER_BOUND ( 'NONE', #1586, .T. ) ;
#2054 = CARTESIAN_POINT ( 'NONE',  ( -2.019619653481279364, 0.2500000000000000000, 12.19021177665393729 ) ) ;
#2055 = CARTESIAN_POINT ( 'NONE',  ( -6.692673012021043810, -2.243200000000000749, -13.35828199999999910 ) ) ;
#2056 = CARTESIAN_POINT ( 'NONE',  ( -1.682090453800256125, 0.2500000000000000000, 12.33536322635234228 ) ) ;
#2057 = AXIS2_PLACEMENT_3D ( 'NONE', #2173, #1031, #1341 ) ;
#2058 = ORIENTED_EDGE ( 'NONE', *, *, #3529, .T. ) ;
#2059 = CIRCLE ( 'NONE', #1345, 12.35637999999999970 ) ;
#2060 = COLOUR_RGB ( '',0.7921568627450980005, 0.8196078431372548767, 0.9333333333333333481 ) ;
#2061 = PLANE ( 'NONE',  #1076 ) ;
#2062 = ORIENTED_EDGE ( 'NONE', *, *, #1920, .F. ) ;
#2063 = DIRECTION ( 'NONE',  ( 1.000000000000000000, 0.000000000000000000, 0.000000000000000000 ) ) ;
#2064 = AXIS2_PLACEMENT_3D ( 'NONE', #729, #1645, #486 ) ;
#2065 = CARTESIAN_POINT ( 'NONE',  ( -6.286000000000000476, -2.055000000000000160, -13.60828200000000088 ) ) ;
#2066 = DIRECTION ( 'NONE',  ( 0.000000000000000000, 1.000000000000000000, 0.000000000000000000 ) ) ;
#2067 = DIRECTION ( 'NONE',  ( 0.000000000000000000, 3.506302574893970122E-15, -1.000000000000000000 ) ) ;
#2068 = VERTEX_POINT ( 'NONE', #3098 ) ;
#2069 = ADVANCED_FACE ( 'NONE', ( #623 ), #859, .T. ) ;
#2070 = CARTESIAN_POINT ( 'NONE',  ( -2.036000000000000032, -2.055000000000001048, -13.35828199999999910 ) ) ;
#2071 = VERTEX_POINT ( 'NONE', #584 ) ;
#2072 = ORIENTED_EDGE ( 'NONE', *, *, #1482, .F. ) ;
#2073 = EDGE_CURVE ( 'NONE', #267, #280, #2059, .T. ) ;
#2074 = PLANE ( 'NONE',  #1454 ) ;
#2075 = CARTESIAN_POINT ( 'NONE',  ( -4.036333620450724524, 0.2500000000000000000, -10.94923547957385956 ) ) ;
#2076 = PLANE ( 'NONE',  #3470 ) ;
#2077 = CARTESIAN_POINT ( 'NONE',  ( -6.942673012021043810, 0.2500000000000000000, -13.23328200000000088 ) ) ;
#2078 = EDGE_LOOP ( 'NONE', ( #2039, #171, #2344, #1251 ) ) ;
#2079 = EDGE_CURVE ( 'NONE', #1621, #3245, #605, .T. ) ;
#2080 = CARTESIAN_POINT ( 'NONE',  ( 6.817673012021043810, -0.2190000000000121849, -13.23328200000003996 ) ) ;
#2081 = AXIS2_PLACEMENT_3D ( 'NONE', #1534, #2646, #720 ) ;
#2082 = EDGE_LOOP ( 'NONE', ( #2448, #2247, #1548, #3038 ) ) ;
#2083 = DIRECTION ( 'NONE',  ( -1.000000000000000000, -2.185478394931405053E-15, -7.662948523523119330E-30 ) ) ;
#2084 = CARTESIAN_POINT ( 'NONE',  ( 6.942673012021044698, -1.618200000000017402, -12.35828200000005950 ) ) ;
#2085 = CYLINDRICAL_SURFACE ( 'NONE', #1751, 0.1405000000000003191 ) ;
#2086 = ORIENTED_EDGE ( 'NONE', *, *, #2357, .T. ) ;
#2087 = EDGE_CURVE ( 'NONE', #2217, #1498, #1723, .T. ) ;
#2088 = CARTESIAN_POINT ( 'NONE',  ( -7.192673012021044698, -0.02000000000000437192, -13.10828200000000088 ) ) ;
#2089 = ORIENTED_EDGE ( 'NONE', *, *, #72, .T. ) ;
#2090 = DIRECTION ( 'NONE',  ( 0.000000000000000000, 0.000000000000000000, 1.000000000000000000 ) ) ;
#2091 = CARTESIAN_POINT ( 'NONE',  ( 6.942673012021043810, -2.493199999999999861, -13.60828200000000088 ) ) ;
#2092 = LINE ( 'NONE', #2326, #1 ) ;
#2093 = CARTESIAN_POINT ( 'NONE',  ( -2.019619653481279364, 0.000000000000000000, 12.19021177665393729 ) ) ;
#2094 = EDGE_CURVE ( 'NONE', #3427, #3202, #3336, .T. ) ;
#2095 = EDGE_LOOP ( 'NONE', ( #3215, #1178, #1167, #3351 ) ) ;
#2096 = CARTESIAN_POINT ( 'NONE',  ( 8.096785344606043822, 0.2500000000000000000, -12.86351813325019755 ) ) ;
#2097 = VERTEX_POINT ( 'NONE', #1668 ) ;
#2098 = CIRCLE ( 'NONE', #798, 0.3750000000000002220 ) ;
#2099 = DIRECTION ( 'NONE',  ( -1.000000000000000000, -1.325174869592158030E-15, -3.496765431890260469E-15 ) ) ;
#2100 = CARTESIAN_POINT ( 'NONE',  ( -1.310510525686517491, 0.2500000000000000000, 12.95356573849177195 ) ) ;
#2101 = DIRECTION ( 'NONE',  ( 1.000000000000000000, 0.000000000000000000, 0.000000000000000000 ) ) ;
#2102 = CIRCLE ( 'NONE', #572, 0.08050000000000041844 ) ;
#2103 = EDGE_LOOP ( 'NONE', ( #458, #3393 ) ) ;
#2104 = AXIS2_PLACEMENT_3D ( 'NONE', #3305, #781, #3020 ) ;
#2105 = FACE_OUTER_BOUND ( 'NONE', #1166, .T. ) ;
#2106 = CIRCLE ( 'NONE', #2396, 0.1404999999999992366 ) ;
#2107 = VERTEX_POINT ( 'NONE', #3626 ) ;
#2108 = CARTESIAN_POINT ( 'NONE',  ( 10.22035550149188943, 0.000000000000000000, -5.900724999999976461 ) ) ;
#2109 = CARTESIAN_POINT ( 'NONE',  ( -1.561418697377834786, 0.2500000000000000000, 12.45508322136267765 ) ) ;
#2110 = DIRECTION ( 'NONE',  ( 1.000000000000000000, 0.000000000000000000, 0.000000000000000000 ) ) ;
#2111 = DIRECTION ( 'NONE',  ( 0.000000000000000000, 1.000000000000000000, 0.000000000000000000 ) ) ;
#2112 = ORIENTED_EDGE ( 'NONE', *, *, #2149, .T. ) ;
#2113 = EDGE_CURVE ( 'NONE', #2572, #2979, #2288, .T. ) ;
#2114 = DIRECTION ( 'NONE',  ( 0.1736481776669350219, 0.000000000000000000, 0.9848077530122071321 ) ) ;
#2115 = VECTOR ( 'NONE', #1128, 39.37007874015748143 ) ;
#2116 = EDGE_LOOP ( 'NONE', ( #2221, #1620, #1806, #1907 ) ) ;
#2117 = VECTOR ( 'NONE', #3299, 39.37007874015748143 ) ;
#2118 = AXIS2_PLACEMENT_3D ( 'NONE', #3224, #2475, #255 ) ;
#2119 = EDGE_CURVE ( 'NONE', #3226, #2664, #1934, .T. ) ;
#2120 = DIRECTION ( 'NONE',  ( 0.000000000000000000, 1.000000000000000000, 0.000000000000000000 ) ) ;
#2121 = VECTOR ( 'NONE', #1213, 39.37007874015748143 ) ;
#2122 = AXIS2_PLACEMENT_3D ( 'NONE', #902, #33, #2870 ) ;
#2123 = ORIENTED_EDGE ( 'NONE', *, *, #122, .T. ) ;
#2124 = VECTOR ( 'NONE', #3391, 39.37007874015748143 ) ;
#2125 = DIRECTION ( 'NONE',  ( 0.000000000000000000, 0.000000000000000000, -1.000000000000000000 ) ) ;
#2126 = ORIENTED_EDGE ( 'NONE', *, *, #1928, .F. ) ;
#2127 = DIRECTION ( 'NONE',  ( 0.000000000000000000, 1.000000000000000000, 0.000000000000000000 ) ) ;
#2128 = DIRECTION ( 'NONE',  ( 0.000000000000000000, 1.000000000000000000, 0.000000000000000000 ) ) ;
#2129 = EDGE_CURVE ( 'NONE', #2999, #2617, #2887, .T. ) ;
#2130 = PLANE ( 'NONE',  #1354 ) ;
#2131 = CARTESIAN_POINT ( 'NONE',  ( -6.817673012021043810, -0.2190000000000129898, -13.23328200000003996 ) ) ;
#2132 = ORIENTED_EDGE ( 'NONE', *, *, #195, .T. ) ;
#2133 = DIRECTION ( 'NONE',  ( 0.000000000000000000, 0.000000000000000000, 1.000000000000000000 ) ) ;
#2134 = EDGE_LOOP ( 'NONE', ( #2201, #1589, #1012, #2599 ) ) ;
#2135 = EDGE_CURVE ( 'NONE', #661, #2438, #105, .T. ) ;
#2136 = EDGE_CURVE ( 'NONE', #1854, #2279, #1230, .T. ) ;
#2137 = CIRCLE ( 'NONE', #612, 0.1249999999999993477 ) ;
#2138 = CARTESIAN_POINT ( 'NONE',  ( 7.951398290315806206E-14, 0.2500000000000000000, 11.94195000000000029 ) ) ;
#2139 = ORIENTED_EDGE ( 'NONE', *, *, #2528, .T. ) ;
#2140 = CARTESIAN_POINT ( 'NONE',  ( -6.286000000000000476, -2.227000000000000757, -13.35828199999999910 ) ) ;
#2141 = EDGE_LOOP ( 'NONE', ( #3373, #2877, #2086, #2615, #1087, #931 ) ) ;
#2142 = DIRECTION ( 'NONE',  ( 0.000000000000000000, 1.000000000000000000, 0.000000000000000000 ) ) ;
#2143 = FACE_BOUND ( 'NONE', #2929, .T. ) ;
#2144 = FACE_OUTER_BOUND ( 'NONE', #2729, .T. ) ;
#2145 = DIRECTION ( 'NONE',  ( 0.000000000000000000, 1.000000000000000000, 0.000000000000000000 ) ) ;
#2146 = ORIENTED_EDGE ( 'NONE', *, *, #294, .F. ) ;
#2147 = CARTESIAN_POINT ( 'NONE',  ( -6.692673012021043810, -1.868200000000000083, -13.60828200000000088 ) ) ;
#2148 = VERTEX_POINT ( 'NONE', #3211 ) ;
#2149 = EDGE_CURVE ( 'NONE', #94, #2217, #3296, .T. ) ;
#2150 = CARTESIAN_POINT ( 'NONE',  ( 7.192673012021044698, -1.868200000000000083, -12.10828200000006127 ) ) ;
#2151 = ORIENTED_EDGE ( 'NONE', *, *, #2497, .T. ) ;
#2152 = VECTOR ( 'NONE', #2496, 39.37007874015748143 ) ;
#2153 = FACE_OUTER_BOUND ( 'NONE', #2212, .T. ) ;
#2154 = ADVANCED_FACE ( 'NONE', ( #1194 ), #695, .F. ) ;
#2155 = VECTOR ( 'NONE', #2179, 39.37007874015748143 ) ;
#2156 = ORIENTED_EDGE ( 'NONE', *, *, #2497, .F. ) ;
#2157 = VERTEX_POINT ( 'NONE', #3177 ) ;
#2158 = ADVANCED_FACE ( 'NONE', ( #2658 ), #1270, .F. ) ;
#2159 = LINE ( 'NONE', #3551, #2278 ) ;
#2160 = DIRECTION ( 'NONE',  ( 0.000000000000000000, 0.000000000000000000, 1.000000000000000000 ) ) ;
#2161 = FACE_BOUND ( 'NONE', #1192, .T. ) ;
#2162 = LINE ( 'NONE', #2233, #1392 ) ;
#2163 = ORIENTED_EDGE ( 'NONE', *, *, #881, .T. ) ;
#2164 = AXIS2_PLACEMENT_3D ( 'NONE', #3515, #1643, #2553 ) ;
#2165 = DIRECTION ( 'NONE',  ( 0.000000000000000000, 1.000000000000000000, 0.000000000000000000 ) ) ;
#2166 = CARTESIAN_POINT ( 'NONE',  ( -2.036000000000000032, -0.5550000000000000488, -13.60828200000000088 ) ) ;
#2167 = VERTEX_POINT ( 'NONE', #2075 ) ;
#2168 = DIRECTION ( 'NONE',  ( -1.000000000000000000, -0.000000000000000000, -0.000000000000000000 ) ) ;
#2169 = AXIS2_PLACEMENT_3D ( 'NONE', #1017, #3496, #983 ) ;
#2170 = ORIENTED_EDGE ( 'NONE', *, *, #539, .F. ) ;
#2171 = VECTOR ( 'NONE', #1675, 39.37007874015748143 ) ;
#2172 = VECTOR ( 'NONE', #1453, 39.37007874015748143 ) ;
#2173 = CARTESIAN_POINT ( 'NONE',  ( 2.036000000000000032, -2.055000000000000160, -13.60828200000000088 ) ) ;
#2174 = VERTEX_POINT ( 'NONE', #88 ) ;
#2175 = VERTEX_POINT ( 'NONE', #387 ) ;
#2176 = DIRECTION ( 'NONE',  ( 0.000000000000000000, 0.000000000000000000, -1.000000000000000000 ) ) ;
#2177 = DIRECTION ( 'NONE',  ( 3.496765431890260075E-15, -0.000000000000000000, 1.000000000000000000 ) ) ;
#2178 = CARTESIAN_POINT ( 'NONE',  ( -11.62215945678592632, 0.2500000000000000000, 2.189800286327441281 ) ) ;
#2179 = DIRECTION ( 'NONE',  ( 8.765756437234920375E-16, 1.000000000000000000, 3.506302574893970122E-15 ) ) ;
#2180 = ORIENTED_EDGE ( 'NONE', *, *, #895, .T. ) ;
#2181 = ADVANCED_FACE ( 'NONE', ( #3501 ), #3164, .F. ) ;
#2182 = EDGE_CURVE ( 'NONE', #864, #3367, #3486, .T. ) ;
#2183 = DIRECTION ( 'NONE',  ( -0.000000000000000000, 1.000000000000000000, 0.000000000000000000 ) ) ;
#2184 = CARTESIAN_POINT ( 'NONE',  ( 6.942673012021043810, -2.243199999999999861, -13.60828200000000088 ) ) ;
#2185 = VERTEX_POINT ( 'NONE', #1897 ) ;
#2186 = VECTOR ( 'NONE', #2649, 39.37007874015748143 ) ;
#2187 = DIRECTION ( 'NONE',  ( 1.000000000000000000, 1.325174869592158030E-15, 3.496765431890260075E-15 ) ) ;
#2188 = ORIENTED_EDGE ( 'NONE', *, *, #3101, .F. ) ;
#2189 = LINE ( 'NONE', #1908, #3151 ) ;
#2190 = LINE ( 'NONE', #806, #2644 ) ;
#2191 = ORIENTED_EDGE ( 'NONE', *, *, #852, .F. ) ;
#2192 = EDGE_LOOP ( 'NONE', ( #340, #497, #917, #2052 ) ) ;
#2193 = CARTESIAN_POINT ( 'NONE',  ( 4.036333620450724524, 0.000000000000000000, -10.94923547957385956 ) ) ;
#2194 = ADVANCED_FACE ( 'NONE', ( #789 ), #1055, .F. ) ;
#2195 = CARTESIAN_POINT ( 'NONE',  ( 11.62215945678592632, 0.000000000000000000, 2.189800286327437284 ) ) ;
#2196 = FACE_OUTER_BOUND ( 'NONE', #154, .T. ) ;
#2197 = ORIENTED_EDGE ( 'NONE', *, *, #1268, .F. ) ;
#2198 = DIRECTION ( 'NONE',  ( 0.000000000000000000, 1.000000000000000000, 0.000000000000000000 ) ) ;
#2199 = DIRECTION ( 'NONE',  ( 0.000000000000000000, 1.000000000000000000, 0.000000000000000000 ) ) ;
#2200 = EDGE_CURVE ( 'NONE', #1739, #3082, #2432, .T. ) ;
#2201 = ORIENTED_EDGE ( 'NONE', *, *, #1144, .F. ) ;
#2202 = DIRECTION ( 'NONE',  ( 0.000000000000000000, 1.000000000000000000, 0.000000000000000000 ) ) ;
#2203 = ORIENTED_EDGE ( 'NONE', *, *, #753, .F. ) ;
#2204 = LINE ( 'NONE', #3325, #1521 ) ;
#2205 = CARTESIAN_POINT ( 'NONE',  ( -1.899065021827555100, 0.000000000000000000, 12.21793437618547173 ) ) ;
#2206 = ORIENTED_EDGE ( 'NONE', *, *, #974, .F. ) ;
#2207 = ORIENTED_EDGE ( 'NONE', *, *, #2695, .T. ) ;
#2208 = AXIS2_PLACEMENT_3D ( 'NONE', #970, #1211, #2090 ) ;
#2209 = DIRECTION ( 'NONE',  ( 0.000000000000000000, 0.000000000000000000, 1.000000000000000000 ) ) ;
#2210 = CARTESIAN_POINT ( 'NONE',  ( -6.817673012021043810, -1.868200000000000083, -13.23328200000003996 ) ) ;
#2211 = CARTESIAN_POINT ( 'NONE',  ( 4.036333620450724524, 0.2500000000000000000, -11.08973547957385897 ) ) ;
#2212 = EDGE_LOOP ( 'NONE', ( #2761, #1237, #117, #3414 ) ) ;
#2213 = VECTOR ( 'NONE', #2842, 39.37007874015748143 ) ;
#2214 = DIRECTION ( 'NONE',  ( 0.000000000000000000, 3.506302574893970122E-15, -1.000000000000000000 ) ) ;
#2215 = CARTESIAN_POINT ( 'NONE',  ( 6.942673012021043810, 0.2500000000000000000, -13.23328200000000088 ) ) ;
#2216 = DIRECTION ( 'NONE',  ( 0.000000000000000000, 1.000000000000000000, 0.000000000000000000 ) ) ;
#2217 = VERTEX_POINT ( 'NONE', #2470 ) ;
#2218 = VECTOR ( 'NONE', #2281, 39.37007874015748143 ) ;
#2219 = EDGE_CURVE ( 'NONE', #2555, #2975, #3249, .T. ) ;
#2220 = LINE ( 'NONE', #2150, #1705 ) ;
#2221 = ORIENTED_EDGE ( 'NONE', *, *, #1323, .F. ) ;
#2222 = CARTESIAN_POINT ( 'NONE',  ( 6.286000000000000476, -0.5550000000000000488, -13.60828200000000088 ) ) ;
#2223 = EDGE_CURVE ( 'NONE', #543, #1676, #438, .T. ) ;
#2224 = EDGE_CURVE ( 'NONE', #1736, #15, #1704, .T. ) ;
#2225 = FACE_OUTER_BOUND ( 'NONE', #3236, .T. ) ;
#2226 = AXIS2_PLACEMENT_3D ( 'NONE', #2580, #1208, #1250 ) ;
#2227 = ORIENTED_EDGE ( 'NONE', *, *, #2711, .T. ) ;
#2228 = ORIENTED_EDGE ( 'NONE', *, *, #710, .T. ) ;
#2229 = VECTOR ( 'NONE', #467, 39.37007874015748143 ) ;
#2230 = AXIS2_PLACEMENT_3D ( 'NONE', #2770, #2216, #3493 ) ;
#2231 = CARTESIAN_POINT ( 'NONE',  ( 0.000000000000000000, -1.868200000000000749, -13.35828200000000621 ) ) ;
#2232 = LINE ( 'NONE', #45, #1060 ) ;
#2233 = CARTESIAN_POINT ( 'NONE',  ( -8.096785344606043822, 0.2500000000000000000, -12.86351813325019755 ) ) ;
#2234 = VECTOR ( 'NONE', #1784, 39.37007874015748143 ) ;
#2235 = AXIS2_PLACEMENT_3D ( 'NONE', #2065, #1291, #2120 ) ;
#2236 = ORIENTED_EDGE ( 'NONE', *, *, #2643, .T. ) ;
#2237 = CARTESIAN_POINT ( 'NONE',  ( -6.942673012021043810, 0.2500000000000000000, -12.73328200000000088 ) ) ;
#2238 = DIRECTION ( 'NONE',  ( 0.000000000000000000, 1.000000000000000000, 0.000000000000000000 ) ) ;
#2239 = EDGE_LOOP ( 'NONE', ( #2705, #443, #1795, #256 ) ) ;
#2240 = ORIENTED_EDGE ( 'NONE', *, *, #2797, .T. ) ;
#2241 = FACE_OUTER_BOUND ( 'NONE', #156, .T. ) ;
#2242 = EDGE_CURVE ( 'NONE', #1677, #3597, #3343, .T. ) ;
#2243 = ORIENTED_EDGE ( 'NONE', *, *, #1545, .T. ) ;
#2244 = CARTESIAN_POINT ( 'NONE',  ( 6.286000000000000476, -0.3830000000000000071, -13.60828200000000088 ) ) ;
#2245 = CARTESIAN_POINT ( 'NONE',  ( -1.786167434572657475, 0.000000000000000000, 12.26925503780974402 ) ) ;
#2246 = EDGE_CURVE ( 'NONE', #2397, #1286, #450, .T. ) ;
#2247 = ORIENTED_EDGE ( 'NONE', *, *, #3524, .T. ) ;
#2248 = ORIENTED_EDGE ( 'NONE', *, *, #760, .F. ) ;
#2249 = AXIS2_PLACEMENT_3D ( 'NONE', #2023, #3360, #1120 ) ;
#2250 = CARTESIAN_POINT ( 'NONE',  ( 6.286000000000000476, -2.055000000000001048, -13.35828199999999910 ) ) ;
#2251 = CARTESIAN_POINT ( 'NONE',  ( 1.456673423708088722, 0.2500000000000000000, 12.62527849455494078 ) ) ;
#2252 = LINE ( 'NONE', #1426, #637 ) ;
#2253 = CARTESIAN_POINT ( 'NONE',  ( -6.942673012021037593, -9.099673005078770977E-15, -13.10828199999999910 ) ) ;
#2254 = CARTESIAN_POINT ( 'NONE',  ( 1.828517024690913484, 0.2500000000000000000, 12.24867479322919372 ) ) ;
#2255 = CARTESIAN_POINT ( 'NONE',  ( 1.899158825767224279, 0.000000000000000000, 12.21791864133179217 ) ) ;
#2256 = CARTESIAN_POINT ( 'NONE',  ( -2.036000000000000032, -2.055000000000000160, -13.60828200000000088 ) ) ;
#2257 = ORIENTED_EDGE ( 'NONE', *, *, #78, .F. ) ;
#2258 = CARTESIAN_POINT ( 'NONE',  ( -1.310510525686517491, 0.2500000000000000000, 12.95356573849177195 ) ) ;
#2259 = ORIENTED_EDGE ( 'NONE', *, *, #2113, .T. ) ;
#2260 = CARTESIAN_POINT ( 'NONE',  ( 1.828517024690913484, 0.000000000000000000, 12.24867479322919372 ) ) ;
#2261 = CARTESIAN_POINT ( 'NONE',  ( 2.036000000000000032, -2.055000000000000160, -13.60828200000000088 ) ) ;
#2262 = ORIENTED_EDGE ( 'NONE', *, *, #1746, .F. ) ;
#2263 = VERTEX_POINT ( 'NONE', #1624 ) ;
#2264 = EDGE_CURVE ( 'NONE', #427, #2362, #2993, .T. ) ;
#2265 = LINE ( 'NONE', #3115, #465 ) ;
#2266 = CIRCLE ( 'NONE', #1744, 0.1720000000000000417 ) ;
#2267 = CARTESIAN_POINT ( 'NONE',  ( -4.036333620450724524, 0.2500000000000000000, -11.08973547957385897 ) ) ;
#2268 = CARTESIAN_POINT ( 'NONE',  ( 12.35638000000008674, -0.09299999999997846101, -12.10828199999999200 ) ) ;
#2269 = VERTEX_POINT ( 'NONE', #1348 ) ;
#2270 = EDGE_CURVE ( 'NONE', #771, #1259, #2521, .T. ) ;
#2271 = VECTOR ( 'NONE', #3210, 39.37007874015748143 ) ;
#2272 = CARTESIAN_POINT ( 'NONE',  ( 6.692673012021043810, -1.993200000000000749, -13.35828200000000621 ) ) ;
#2273 = CARTESIAN_POINT ( 'NONE',  ( 1.269152200419122467, 0.2500000000000001665, 13.04645805794947044 ) ) ;
#2274 = CARTESIAN_POINT ( 'NONE',  ( 1.571176344531425295, 0.000000000000000000, 12.44267212986309268 ) ) ;
#2275 = CARTESIAN_POINT ( 'NONE',  ( -1.456673423708076953, 0.2500000000000000000, 12.62527849455494078 ) ) ;
#2276 = VERTEX_POINT ( 'NONE', #1563 ) ;
#2277 = CARTESIAN_POINT ( 'NONE',  ( -6.942673012021043810, 0.2500000000000000000, -13.23328200000000088 ) ) ;
#2278 = VECTOR ( 'NONE', #3279, 39.37007874015748143 ) ;
#2279 = VERTEX_POINT ( 'NONE', #1038 ) ;
#2280 = CARTESIAN_POINT ( 'NONE',  ( 2.036000000000000032, -2.226999999999999869, -13.60828200000000088 ) ) ;
#2281 = DIRECTION ( 'NONE',  ( 0.000000000000000000, 3.506302574893970122E-15, -1.000000000000000000 ) ) ;
#2282 = CARTESIAN_POINT ( 'NONE',  ( 0.6250000000000432987, 0.000000000000000000, 12.70825089234380201 ) ) ;
#2283 = EDGE_CURVE ( 'NONE', #2379, #2948, #2581, .T. ) ;
#2284 = ORIENTED_EDGE ( 'NONE', *, *, #3566, .T. ) ;
#2285 = ORIENTED_EDGE ( 'NONE', *, *, #2333, .F. ) ;
#2286 = CARTESIAN_POINT ( 'NONE',  ( -11.62215945678592632, 0.000000000000000000, 1.908800286327440920 ) ) ;
#2287 = DIRECTION ( 'NONE',  ( 0.000000000000000000, 1.000000000000000000, 0.000000000000000000 ) ) ;
#2288 = CIRCLE ( 'NONE', #1876, 0.1405000000000003191 ) ;
#2289 = ORIENTED_EDGE ( 'NONE', *, *, #3269, .F. ) ;
#2290 = VECTOR ( 'NONE', #1678, 39.37007874015748143 ) ;
#2291 = CARTESIAN_POINT ( 'NONE',  ( 6.286000000000000476, -0.7270000000000000906, -13.60828200000000088 ) ) ;
#2292 = DIRECTION ( 'NONE',  ( 0.000000000000000000, 1.000000000000000000, 0.000000000000000000 ) ) ;
#2293 = VECTOR ( 'NONE', #3188, 39.37007874015748143 ) ;
#2294 = AXIS2_PLACEMENT_3D ( 'NONE', #1654, #3592, #1358 ) ;
#2295 = DIRECTION ( 'NONE',  ( 0.000000000000000000, 3.506302574893970122E-15, -1.000000000000000000 ) ) ;
#2296 = EDGE_CURVE ( 'NONE', #1101, #2692, #728, .T. ) ;
#2297 = ORIENTED_EDGE ( 'NONE', *, *, #1219, .F. ) ;
#2298 = CARTESIAN_POINT ( 'NONE',  ( 2.036000000000000032, -1.883000000000000007, -13.60828200000000088 ) ) ;
#2299 = VERTEX_POINT ( 'NONE', #2195 ) ;
#2300 = DIRECTION ( 'NONE',  ( 0.000000000000000000, 0.000000000000000000, 1.000000000000000000 ) ) ;
#2301 = CYLINDRICAL_SURFACE ( 'NONE', #805, 0.2500000000000000555 ) ;
#2302 = CARTESIAN_POINT ( 'NONE',  ( -6.286000000000000476, -0.7270000000000008678, -13.35828199999999910 ) ) ;
#2303 = ORIENTED_EDGE ( 'NONE', *, *, #1285, .T. ) ;
#2304 = ORIENTED_EDGE ( 'NONE', *, *, #2113, .F. ) ;
#2305 = CARTESIAN_POINT ( 'NONE',  ( -10.22035550149188943, 0.000000000000000000, -6.041224999999984746 ) ) ;
#2306 = VERTEX_POINT ( 'NONE', #2671 ) ;
#2307 = CARTESIAN_POINT ( 'NONE',  ( -11.62215945678592632, 0.000000000000000000, 2.049300286327440990 ) ) ;
#2308 = DIRECTION ( 'NONE',  ( 0.000000000000000000, 1.000000000000000000, 0.000000000000000000 ) ) ;
#2309 = CARTESIAN_POINT ( 'NONE',  ( 1.592016401908740164, 0.000000000000000000, 12.41928862566254033 ) ) ;
#2310 = LINE ( 'NONE', #3433, #3270 ) ;
#2311 = ORIENTED_EDGE ( 'NONE', *, *, #1688, .T. ) ;
#2312 = EDGE_CURVE ( 'NONE', #1277, #27, #3045, .T. ) ;
#2313 = CARTESIAN_POINT ( 'NONE',  ( 7.192673012021044698, -1.618200000000017624, -12.10828200000006127 ) ) ;
#2314 = B_SPLINE_CURVE_WITH_KNOTS ( 'NONE', 3,
 ( #2769, #29, #269, #2254, #2546, #2786, #12, #3079, #329, #1175, #565, #1152, #50, #1979, #877 ),
 .UNSPECIFIED., .F., .F.,
 ( 4, 2, 2, 2, 1, 2, 2, 4 ),
 ( 0.000000000000000000, 0.2500000000000049960, 0.3125000000000034972, 0.3750000000000000000, 0.5000000000000000000, 0.6250000000000000000, 0.7500000000000000000, 1.000000000000000000 ),
 .UNSPECIFIED. ) ;
#2315 = ORIENTED_EDGE ( 'NONE', *, *, #2717, .F. ) ;
#2316 = CARTESIAN_POINT ( 'NONE',  ( -6.817673012021043810, -1.868200000000000083, -13.60828200000000088 ) ) ;
#2317 = EDGE_CURVE ( 'NONE', #2782, #1498, #160, .T. ) ;
#2318 = DIRECTION ( 'NONE',  ( 0.000000000000000000, 1.000000000000000000, 0.000000000000000000 ) ) ;
#2319 = DIRECTION ( 'NONE',  ( 0.000000000000000000, 1.000000000000000000, 0.000000000000000000 ) ) ;
#2320 = ORIENTED_EDGE ( 'NONE', *, *, #3277, .F. ) ;
#2321 = VERTEX_POINT ( 'NONE', #1282 ) ;
#2322 = CYLINDRICAL_SURFACE ( 'NONE', #2350, 0.1720000000000000417 ) ;
#2323 = ORIENTED_EDGE ( 'NONE', *, *, #2652, .F. ) ;
#2324 = FACE_BOUND ( 'NONE', #618, .T. ) ;
#2325 = CARTESIAN_POINT ( 'NONE',  ( -1.602705628902606261, 0.000000000000000000, 12.40870773578547315 ) ) ;
#2326 = CARTESIAN_POINT ( 'NONE',  ( -7.358179529846889722, 0.000000000000000000, -13.10828200000000088 ) ) ;
#2327 = DIRECTION ( 'NONE',  ( 0.000000000000000000, 0.000000000000000000, 1.000000000000000000 ) ) ;
#2328 = EDGE_LOOP ( 'NONE', ( #2123, #582 ) ) ;
#2329 = CARTESIAN_POINT ( 'NONE',  ( -2.731847993664263711E-16, 0.2500000000000000000, 2.731847993664263711E-16 ) ) ;
#2330 = CIRCLE ( 'NONE', #3217, 0.1720000000000002360 ) ;
#2331 = ORIENTED_EDGE ( 'NONE', *, *, #157, .F. ) ;
#2332 = CARTESIAN_POINT ( 'NONE',  ( 6.286000000000000476, -2.226999999999999869, -13.60828200000000088 ) ) ;
#2333 = EDGE_CURVE ( 'NONE', #429, #1273, #1021, .T. ) ;
#2334 = CLOSED_SHELL ( 'NONE', ( #412, #1955, #86, #857, #3630, #3394, #1863, #3435, #1886, #2669, #3599, #2585, #3484, #66, #3260, #1931, #2154, #2405, #901, #2194, #1759, #2536, #3107, #1318, #553, #3365, #700, #163, #494, #3476, #1246, #2721, #2965, #3057, #1846, #2003, #2654, #1544, #3242, #2514, #1855, #186, #3439, #3609, #2806, #3257, #832, #657, #1125, #761, #3187, #919, #1786, #2181, #3160, #3368, #333, #2026, #3610, #3219, #1755, #3199, #3073, #406, #995, #1693, #1991, #2501, #2487, #3050, #513, #969, #1236, #3504, #2784, #1968, #3147, #2022, #248, #3528, #389, #1848, #1515, #586, #2783, #827, #2907, #1423, #462, #1467, #247, #3001, #1804, #1844, #2069, #1497, #2610, #3384, #1033, #2158, #1775, #2447, #281, #2047, #2339, #10, #2606, #549 ) ) ;
#2335 = FACE_OUTER_BOUND ( 'NONE', #1721, .T. ) ;
#2336 = CARTESIAN_POINT ( 'NONE',  ( -0.6250000000000432987, 0.2500000000000000000, 12.62775089234380133 ) ) ;
#2337 = FACE_OUTER_BOUND ( 'NONE', #2882, .T. ) ;
#2338 = EDGE_LOOP ( 'NONE', ( #332, #2895, #3462, #777 ) ) ;
#2339 = ADVANCED_FACE ( 'NONE', ( #2416, #2143, #1594, #1314, #3280, #756, #1609, #2725, #212 ), #2452, .F. ) ;
#2340 = EDGE_CURVE ( 'NONE', #711, #3089, #2697, .T. ) ;
#2341 = DIRECTION ( 'NONE',  ( -0.000000000000000000, 0.000000000000000000, 1.000000000000000000 ) ) ;
#2342 = DIRECTION ( 'NONE',  ( 0.000000000000000000, 0.000000000000000000, 1.000000000000000000 ) ) ;
#2343 = EDGE_CURVE ( 'NONE', #2760, #3200, #1114, .T. ) ;
#2344 = ORIENTED_EDGE ( 'NONE', *, *, #393, .T. ) ;
#2345 = EDGE_CURVE ( 'NONE', #3071, #82, #2755, .T. ) ;
#2346 = DIRECTION ( 'NONE',  ( 0.000000000000000000, 0.000000000000000000, -1.000000000000000000 ) ) ;
#2347 = CARTESIAN_POINT ( 'NONE',  ( -7.358179529846889722, 0.2500000000000000000, -13.10828200000000088 ) ) ;
#2348 = DIRECTION ( 'NONE',  ( 0.000000000000000000, 0.000000000000000000, -1.000000000000000000 ) ) ;
#2349 = PLANE ( 'NONE',  #341 ) ;
#2350 = AXIS2_PLACEMENT_3D ( 'NONE', #100, #1796, #3481 ) ;
#2351 = ORIENTED_EDGE ( 'NONE', *, *, #133, .T. ) ;
#2352 = VECTOR ( 'NONE', #1741, 39.37007874015748143 ) ;
#2353 = AXIS2_PLACEMENT_3D ( 'NONE', #1629, #2199, #3572 ) ;
#2354 = AXIS2_PLACEMENT_3D ( 'NONE', #3576, #2426, #1027 ) ;
#2355 = DIRECTION ( 'NONE',  ( 1.325174869592158030E-15, 1.000000000000000000, 0.000000000000000000 ) ) ;
#2356 = EDGE_LOOP ( 'NONE', ( #838, #2289, #752, #2602 ) ) ;
#2357 = EDGE_CURVE ( 'NONE', #3082, #599, #2541, .T. ) ;
#2358 = VECTOR ( 'NONE', #1170, 39.37007874015748143 ) ;
#2359 = CARTESIAN_POINT ( 'NONE',  ( -7.192673012021083778, -9.430966722476811914E-15, -2.514976932806358408E-14 ) ) ;
#2360 = CARTESIAN_POINT ( 'NONE',  ( 7.358179529846889722, 0.2500000000000000000, -13.48328200000000088 ) ) ;
#2361 = PLANE ( 'NONE',  #3091 ) ;
#2362 = VERTEX_POINT ( 'NONE', #872 ) ;
#2363 = DIRECTION ( 'NONE',  ( -1.000000000000000000, 0.000000000000000000, 0.000000000000000000 ) ) ;
#2364 = EDGE_CURVE ( 'NONE', #2299, #427, #3600, .T. ) ;
#2365 = LENGTH_MEASURE_WITH_UNIT ( LENGTH_MEASURE( 0.02539999999999999897 ), #967 );
#2366 = ORIENTED_EDGE ( 'NONE', *, *, #1267, .T. ) ;
#2367 = AXIS2_PLACEMENT_3D ( 'NONE', #1014, #722, #1537 ) ;
#2368 = CARTESIAN_POINT ( 'NONE',  ( -7.067673012021043810, 0.2500000000000000000, -12.73328200000000088 ) ) ;
#2369 = CARTESIAN_POINT ( 'NONE',  ( 1.082202423578895845, 0.2500000000000000000, 13.10183075358899885 ) ) ;
#2370 = CARTESIAN_POINT ( 'NONE',  ( -6.286000000000000476, -0.5550000000000000488, -13.60828200000000088 ) ) ;
#2371 = LINE ( 'NONE', #718, #2739 ) ;
#2372 = ORIENTED_EDGE ( 'NONE', *, *, #1616, .F. ) ;
#2373 = CARTESIAN_POINT ( 'NONE',  ( 7.067673012021043810, 0.2500000000000000000, -13.10828200000000088 ) ) ;
#2374 = VECTOR ( 'NONE', #232, 39.37007874015748143 ) ;
#2375 = ORIENTED_EDGE ( 'NONE', *, *, #2468, .T. ) ;
#2376 = DIRECTION ( 'NONE',  ( 1.000000000000000000, -1.325174869592158030E-15, -3.496765431890260075E-15 ) ) ;
#2377 = DIRECTION ( 'NONE',  ( 0.000000000000000000, 0.000000000000000000, -1.000000000000000000 ) ) ;
#2378 = DIRECTION ( 'NONE',  ( 0.000000000000000000, 3.506302574893970122E-15, -1.000000000000000000 ) ) ;
#2379 = VERTEX_POINT ( 'NONE', #1089 ) ;
#2380 = FACE_OUTER_BOUND ( 'NONE', #1868, .T. ) ;
#2381 = VERTEX_POINT ( 'NONE', #3031 ) ;
#2382 = EDGE_CURVE ( 'NONE', #1505, #842, #3352, .T. ) ;
#2383 = CARTESIAN_POINT ( 'NONE',  ( 2.036000000000000032, -0.5550000000000000488, -13.60828200000000088 ) ) ;
#2384 = CARTESIAN_POINT ( 'NONE',  ( -1.591959587326557068, 0.000000000000000000, 12.42004958619269672 ) ) ;
#2385 = DIRECTION ( 'NONE',  ( 0.000000000000000000, 0.000000000000000000, 1.000000000000000000 ) ) ;
#2386 = EDGE_CURVE ( 'NONE', #1461, #598, #1644, .T. ) ;
#2387 = ORIENTED_EDGE ( 'NONE', *, *, #1805, .T. ) ;
#2388 = DIRECTION ( 'NONE',  ( 0.000000000000000000, 0.000000000000000000, 1.000000000000000000 ) ) ;
#2389 = VERTEX_POINT ( 'NONE', #1698 ) ;
#2390 = CIRCLE ( 'NONE', #101, 0.1405000000000003191 ) ;
#2391 = VECTOR ( 'NONE', #2346, 39.37007874015748143 ) ;
#2392 = CARTESIAN_POINT ( 'NONE',  ( -2.036000000000000032, -0.7270000000000000906, -13.60828200000000088 ) ) ;
#2393 = VECTOR ( 'NONE', #2401, 39.37007874015748143 ) ;
#2394 = EDGE_LOOP ( 'NONE', ( #1422, #3603 ) ) ;
#2395 = DIRECTION ( 'NONE',  ( 0.000000000000000000, 0.000000000000000000, 1.000000000000000000 ) ) ;
#2396 = AXIS2_PLACEMENT_3D ( 'NONE', #466, #2127, #1037 ) ;
#2397 = VERTEX_POINT ( 'NONE', #2286 ) ;
#2398 = CARTESIAN_POINT ( 'NONE',  ( -4.036333620450724524, 0.2500000000000000000, -10.94923547957385956 ) ) ;
#2399 = CARTESIAN_POINT ( 'NONE',  ( 0.000000000000000000, -0.2190000000000098535, -13.60828200000000088 ) ) ;
#2400 = CARTESIAN_POINT ( 'NONE',  ( -1.082202423578874084, 0.000000000000000000, 13.10183075358899885 ) ) ;
#2401 = DIRECTION ( 'NONE',  ( 1.000000000000000000, -1.325174869592158030E-15, -3.496765431890260075E-15 ) ) ;
#2402 = ORIENTED_EDGE ( 'NONE', *, *, #886, .T. ) ;
#2403 = CARTESIAN_POINT ( 'NONE',  ( -0.6250000000000432987, 0.2500000000000000000, 12.78875089234379914 ) ) ;
#2404 = EDGE_CURVE ( 'NONE', #14, #802, #2484, .T. ) ;
#2405 = ADVANCED_FACE ( 'NONE', ( #2764 ), #2819, .F. ) ;
#2406 = ORIENTED_EDGE ( 'NONE', *, *, #1600, .T. ) ;
#2407 = VECTOR ( 'NONE', #177, 39.37007874015748143 ) ;
#2408 = AXIS2_PLACEMENT_3D ( 'NONE', #3590, #2991, #1062 ) ;
#2409 = LINE ( 'NONE', #378, #140 ) ;
#2410 = AXIS2_PLACEMENT_3D ( 'NONE', #1134, #2590, #566 ) ;
#2411 = VECTOR ( 'NONE', #114, 39.37007874015748854 ) ;
#2412 = ORIENTED_EDGE ( 'NONE', *, *, #984, .T. ) ;
#2413 = CYLINDRICAL_SURFACE ( 'NONE', #1930, 0.08050000000000041844 ) ;
#2414 = ORIENTED_EDGE ( 'NONE', *, *, #1209, .T. ) ;
#2415 = CARTESIAN_POINT ( 'NONE',  ( 8.096785344606043822, 0.2500000000000000000, -12.86351813325019755 ) ) ;
#2416 = FACE_BOUND ( 'NONE', #3170, .T. ) ;
#2417 = DIRECTION ( 'NONE',  ( 1.000000000000000000, 0.000000000000000000, 0.000000000000000000 ) ) ;
#2418 = CARTESIAN_POINT ( 'NONE',  ( 11.62215945678592632, 0.000000000000000000, 1.908800286327437146 ) ) ;
#2419 = ORIENTED_EDGE ( 'NONE', *, *, #847, .T. ) ;
#2420 = EDGE_CURVE ( 'NONE', #1557, #3066, #518, .T. ) ;
#2421 = LINE ( 'NONE', #3542, #776 ) ;
#2422 = ORIENTED_EDGE ( 'NONE', *, *, #2855, .T. ) ;
#2423 = EDGE_CURVE ( 'NONE', #792, #2782, #1443, .T. ) ;
#2424 = AXIS2_PLACEMENT_3D ( 'NONE', #1585, #3284, #1044 ) ;
#2425 = EDGE_CURVE ( 'NONE', #2676, #9, #3039, .T. ) ;
#2426 = DIRECTION ( 'NONE',  ( 0.000000000000000000, 0.000000000000000000, 1.000000000000000000 ) ) ;
#2427 = EDGE_LOOP ( 'NONE', ( #1648, #3130, #1717, #367 ) ) ;
#2428 = CARTESIAN_POINT ( 'NONE',  ( -1.513843565588419482, 0.000000000000000000, 12.51568822829980121 ) ) ;
#2429 = ORIENTED_EDGE ( 'NONE', *, *, #577, .T. ) ;
#2430 = ORIENTED_EDGE ( 'NONE', *, *, #2964, .F. ) ;
#2431 = CARTESIAN_POINT ( 'NONE',  ( -7.067673012021043810, 0.2500000000000000000, -12.73328200000000088 ) ) ;
#2432 = LINE ( 'NONE', #2970, #2407 ) ;
#2433 = LINE ( 'NONE', #2780, #474 ) ;
#2434 = ORIENTED_EDGE ( 'NONE', *, *, #1496, .T. ) ;
#2435 = EDGE_CURVE ( 'NONE', #2306, #1812, #1992, .T. ) ;
#2436 = DIRECTION ( 'NONE',  ( 0.000000000000000000, 0.000000000000000000, 1.000000000000000000 ) ) ;
#2437 = CARTESIAN_POINT ( 'NONE',  ( 6.942673012021043810, -0.1249999999999984318, -13.60828200000000088 ) ) ;
#2438 = VERTEX_POINT ( 'NONE', #283 ) ;
#2439 = DIRECTION ( 'NONE',  ( -0.000000000000000000, -0.000000000000000000, 1.000000000000000000 ) ) ;
#2440 = AXIS2_PLACEMENT_3D ( 'NONE', #3078, #2214, #1428 ) ;
#2441 = EDGE_CURVE ( 'NONE', #3202, #3071, #2265, .T. ) ;
#2442 = ORIENTED_EDGE ( 'NONE', *, *, #2264, .T. ) ;
#2443 = VECTOR ( 'NONE', #3625, 39.37007874015748143 ) ;
#2444 = LINE ( 'NONE', #1591, #1111 ) ;
#2445 = CIRCLE ( 'NONE', #866, 0.1405000000000003191 ) ;
#2446 = EDGE_CURVE ( 'NONE', #2992, #599, #2779, .T. ) ;
#2447 = ADVANCED_FACE ( 'NONE', ( #44 ), #1168, .F. ) ;
#2448 = ORIENTED_EDGE ( 'NONE', *, *, #266, .F. ) ;
#2449 = ORIENTED_EDGE ( 'NONE', *, *, #1151, .T. ) ;
#2450 = AXIS2_PLACEMENT_3D ( 'NONE', #2256, #2295, #899 ) ;
#2451 = DIRECTION ( 'NONE',  ( 0.000000000000000000, 0.000000000000000000, 1.000000000000000000 ) ) ;
#2452 = PLANE ( 'NONE',  #653 ) ;
#2453 = LINE ( 'NONE', #3017, #183 ) ;
#2454 = VERTEX_POINT ( 'NONE', #1935 ) ;
#2455 = EDGE_CURVE ( 'NONE', #280, #3324, #3055, .T. ) ;
#2456 = DIRECTION ( 'NONE',  ( 0.000000000000000000, 0.000000000000000000, 1.000000000000000000 ) ) ;
#2457 = CARTESIAN_POINT ( 'NONE',  ( 1.310510525686539696, 0.000000000000000000, 12.95356573849177195 ) ) ;
#2458 = FACE_OUTER_BOUND ( 'NONE', #1105, .T. ) ;
#2459 = CARTESIAN_POINT ( 'NONE',  ( 2.036000000000000032, -2.226999999999999869, -13.60828200000000088 ) ) ;
#2460 = EDGE_LOOP ( 'NONE', ( #648, #3034, #1933, #2626 ) ) ;
#2461 = AXIS2_PLACEMENT_3D ( 'NONE', #3259, #2998, #2395 ) ;
#2462 = AXIS2_PLACEMENT_3D ( 'NONE', #3478, #652, #1754 ) ;
#2463 = CIRCLE ( 'NONE', #2943, 0.1719999999999999585 ) ;
#2464 = CARTESIAN_POINT ( 'NONE',  ( -6.942673012021044698, -1.868200000000000083, -13.23328200000004529 ) ) ;
#2465 = ORIENTED_EDGE ( 'NONE', *, *, #2832, .T. ) ;
#2466 = ORIENTED_EDGE ( 'NONE', *, *, #1816, .F. ) ;
#2467 = VECTOR ( 'NONE', #3450, 39.37007874015748854 ) ;
#2468 = EDGE_CURVE ( 'NONE', #1486, #2987, #1052, .T. ) ;
#2469 = CARTESIAN_POINT ( 'NONE',  ( -7.192673012021044698, -0.2190000000000129898, -13.23328200000003996 ) ) ;
#2470 = CARTESIAN_POINT ( 'NONE',  ( 1.082202423578895845, 0.2500000000000000000, 13.10183075358899885 ) ) ;
#2471 = CARTESIAN_POINT ( 'NONE',  ( 2.036000000000000032, -0.3830000000000009508, -13.35828199999999910 ) ) ;
#2472 = CARTESIAN_POINT ( 'NONE',  ( -7.585825836335157391, 0.2500000000000000000, 8.899935193246514942 ) ) ;
#2473 = ORIENTED_EDGE ( 'NONE', *, *, #119, .T. ) ;
#2474 = PLANE ( 'NONE',  #2816 ) ;
#2475 = DIRECTION ( 'NONE',  ( 0.000000000000000000, -1.000000000000000000, 0.000000000000000000 ) ) ;
#2476 = ORIENTED_EDGE ( 'NONE', *, *, #342, .F. ) ;
#2477 = DIRECTION ( 'NONE',  ( 0.000000000000000000, 0.000000000000000000, -1.000000000000000000 ) ) ;
#2478 = ORIENTED_EDGE ( 'NONE', *, *, #1414, .T. ) ;
#2479 = DIRECTION ( 'NONE',  ( 1.000000000000000000, -1.325174869592158030E-15, -3.496765431890260075E-15 ) ) ;
#2480 = CARTESIAN_POINT ( 'NONE',  ( -6.286000000000000476, -1.883000000000000007, -13.60828200000000088 ) ) ;
#2481 = ORIENTED_EDGE ( 'NONE', *, *, #1476, .T. ) ;
#2482 = EDGE_LOOP ( 'NONE', ( #402, #2227 ) ) ;
#2483 = DIRECTION ( 'NONE',  ( -0.4067366430757979323, 0.000000000000000000, -0.9135454576426018658 ) ) ;
#2484 = LINE ( 'NONE', #2231, #1588 ) ;
#2485 = DIRECTION ( 'NONE',  ( 0.000000000000000000, 0.000000000000000000, 1.000000000000000000 ) ) ;
#2486 = DIRECTION ( 'NONE',  ( 0.000000000000000000, 1.000000000000000000, 0.000000000000000000 ) ) ;
#2487 = ADVANCED_FACE ( 'NONE', ( #2380 ), #3444, .T. ) ;
#2488 = EDGE_LOOP ( 'NONE', ( #2262, #150 ) ) ;
#2489 = DIRECTION ( 'NONE',  ( 0.000000000000000000, 0.000000000000000000, 1.000000000000000000 ) ) ;
#2490 = CARTESIAN_POINT ( 'NONE',  ( -6.817673012021043810, -1.868200000000000083, -13.23328200000003996 ) ) ;
#2491 = DIRECTION ( 'NONE',  ( 0.000000000000000000, 1.000000000000000000, 3.506302574893970122E-15 ) ) ;
#2492 = EDGE_CURVE ( 'NONE', #896, #2692, #65, .T. ) ;
#2493 = DIRECTION ( 'NONE',  ( 0.000000000000000000, 1.000000000000000000, 0.000000000000000000 ) ) ;
#2494 = FACE_OUTER_BOUND ( 'NONE', #737, .T. ) ;
#2495 = ORIENTED_EDGE ( 'NONE', *, *, #342, .T. ) ;
#2496 = DIRECTION ( 'NONE',  ( 0.000000000000000000, 1.000000000000000000, 0.000000000000000000 ) ) ;
#2497 = EDGE_CURVE ( 'NONE', #875, #1659, #1346, .T. ) ;
#2498 = CARTESIAN_POINT ( 'NONE',  ( -2.019619653481279364, 0.000000000000000000, 12.19021177665393729 ) ) ;
#2499 = VECTOR ( 'NONE', #1174, 39.37007874015748143 ) ;
#2500 = ORIENTED_EDGE ( 'NONE', *, *, #633, .F. ) ;
#2501 = ADVANCED_FACE ( 'NONE', ( #929 ), #1506, .F. ) ;
#2502 = ORIENTED_EDGE ( 'NONE', *, *, #309, .T. ) ;
#2503 = VECTOR ( 'NONE', #1664, 39.37007874015748143 ) ;
#2504 = CARTESIAN_POINT ( 'NONE',  ( 2.036000000000000032, -2.055000000000000160, -13.60828200000000088 ) ) ;
#2505 = DIRECTION ( 'NONE',  ( 0.000000000000000000, 1.000000000000000000, 3.506302574893970122E-15 ) ) ;
#2506 = DIRECTION ( 'NONE',  ( 0.000000000000000000, 1.000000000000000000, 0.000000000000000000 ) ) ;
#2507 = ORIENTED_EDGE ( 'NONE', *, *, #92, .T. ) ;
#2508 = AXIS2_PLACEMENT_3D ( 'NONE', #1304, #426, #2145 ) ;
#2509 = CARTESIAN_POINT ( 'NONE',  ( 0.000000000000000000, -1.993200000000000749, -13.35828200000000621 ) ) ;
#2510 = DIRECTION ( 'NONE',  ( 0.000000000000000000, -1.000000000000000000, 0.000000000000000000 ) ) ;
#2511 =( NAMED_UNIT ( * ) PLANE_ANGLE_UNIT ( ) SI_UNIT ( $, .RADIAN. ) );
#2512 = ORIENTED_EDGE ( 'NONE', *, *, #2968, .T. ) ;
#2513 = EDGE_LOOP ( 'NONE', ( #3489, #3633 ) ) ;
#2514 = ADVANCED_FACE ( 'NONE', ( #1760 ), #1487, .T. ) ;
#2515 = ORIENTED_EDGE ( 'NONE', *, *, #2726, .T. ) ;
#2516 = DIRECTION ( 'NONE',  ( 0.000000000000000000, -1.000000000000000000, 0.000000000000000000 ) ) ;
#2517 = CIRCLE ( 'NONE', #417, 0.1404999999999992366 ) ;
#2518 = ORIENTED_EDGE ( 'NONE', *, *, #760, .T. ) ;
#2519 =( BOUNDED_CURVE ( )  B_SPLINE_CURVE ( 3, ( #2766, #3005, #3282, #2781 ),
 .UNSPECIFIED., .F., .T. ) 
 B_SPLINE_CURVE_WITH_KNOTS ( ( 4, 4 ),
 ( 0.000000000000000000, 1.000000000000000000 ),
 .UNSPECIFIED. ) 
 CURVE ( )  GEOMETRIC_REPRESENTATION_ITEM ( )  RATIONAL_B_SPLINE_CURVE ( ( 1.000000000000000000, 0.8925278267257520382, 0.8925278267257520382, 1.000000000000000000 ) ) 
 REPRESENTATION_ITEM ( '' )  );
#2520 = ORIENTED_EDGE ( 'NONE', *, *, #632, .T. ) ;
#2521 = CIRCLE ( 'NONE', #524, 0.1404999999999992366 ) ;
#2522 = VECTOR ( 'NONE', #1970, 39.37007874015748143 ) ;
#2523 = DIRECTION ( 'NONE',  ( 0.000000000000000000, 0.000000000000000000, -1.000000000000000000 ) ) ;
#2524 = DIRECTION ( 'NONE',  ( 1.000000000000000000, 0.000000000000000000, 0.000000000000000000 ) ) ;
#2525 = PLANE ( 'NONE',  #2044 ) ;
#2526 = AXIS2_PLACEMENT_3D ( 'NONE', #1993, #3371, #3116 ) ;
#2527 = DIRECTION ( 'NONE',  ( 0.000000000000000000, 0.000000000000000000, 1.000000000000000000 ) ) ;
#2528 = EDGE_CURVE ( 'NONE', #1259, #771, #941, .T. ) ;
#2529 = CARTESIAN_POINT ( 'NONE',  ( 6.942673012021043810, -0.1250000000000000000, -13.23328200000000088 ) ) ;
#2530 = CARTESIAN_POINT ( 'NONE',  ( 1.828517024690913484, 0.000000000000000000, 12.24867479322919372 ) ) ;
#2531 = ORIENTED_EDGE ( 'NONE', *, *, #199, .F. ) ;
#2532 = ORIENTED_EDGE ( 'NONE', *, *, #1520, .F. ) ;
#2533 = FACE_OUTER_BOUND ( 'NONE', #1582, .T. ) ;
#2534 = ORIENTED_EDGE ( 'NONE', *, *, #1040, .T. ) ;
#2535 = DIRECTION ( 'NONE',  ( 0.000000000000000000, 0.000000000000000000, -1.000000000000000000 ) ) ;
#2536 = ADVANCED_FACE ( 'NONE', ( #418 ), #142, .T. ) ;
#2537 = CARTESIAN_POINT ( 'NONE',  ( 6.817673012021043810, -0.2190000000000098535, -13.60828200000000088 ) ) ;
#2538 = EDGE_LOOP ( 'NONE', ( #3541, #1832, #1729, #3355 ) ) ;
#2539 = ORIENTED_EDGE ( 'NONE', *, *, #2683, .T. ) ;
#2540 = VECTOR ( 'NONE', #883, 39.37007874015748143 ) ;
#2541 = LINE ( 'NONE', #2558, #650 ) ;
#2542 = CARTESIAN_POINT ( 'NONE',  ( 7.192673012021044698, -1.868200000000000083, -13.23328200000003996 ) ) ;
#2543 = CARTESIAN_POINT ( 'NONE',  ( 6.942673012021037593, -9.099673005078711024E-15, -13.10828199999999910 ) ) ;
#2544 = ORIENTED_EDGE ( 'NONE', *, *, #1381, .F. ) ;
#2545 = CYLINDRICAL_SURFACE ( 'NONE', #3505, 0.1404999999999992366 ) ;
#2546 = CARTESIAN_POINT ( 'NONE',  ( 1.814544006861622316, 0.2500000000000000000, 12.25527535751116126 ) ) ;
#2547 = DIRECTION ( 'NONE',  ( 0.000000000000000000, 0.000000000000000000, -1.000000000000000000 ) ) ;
#2548 = LINE ( 'NONE', #1743, #1394 ) ;
#2549 = ORIENTED_EDGE ( 'NONE', *, *, #2135, .F. ) ;
#2550 = LINE ( 'NONE', #590, #1005 ) ;
#2551 = ORIENTED_EDGE ( 'NONE', *, *, #3483, .T. ) ;
#2552 = LINE ( 'NONE', #2244, #3209 ) ;
#2553 = DIRECTION ( 'NONE',  ( 0.000000000000000000, 0.000000000000000000, 1.000000000000000000 ) ) ;
#2554 = PLANE ( 'NONE',  #2462 ) ;
#2555 = VERTEX_POINT ( 'NONE', #676 ) ;
#2556 = VERTEX_POINT ( 'NONE', #1778 ) ;
#2557 = EDGE_CURVE ( 'NONE', #1518, #3111, #639, .T. ) ;
#2558 = CARTESIAN_POINT ( 'NONE',  ( -6.942673012021043810, -0.1249999999999984318, -13.60828200000000088 ) ) ;
#2559 = VECTOR ( 'NONE', #671, 39.37007874015748143 ) ;
#2560 = CARTESIAN_POINT ( 'NONE',  ( -6.442673012021043810, 4.859132986020668934E-14, -13.60828200000000088 ) ) ;
#2561 = CARTESIAN_POINT ( 'NONE',  ( -7.358179529846889722, 0.2500000000000000000, -13.10828200000000088 ) ) ;
#2562 = ORIENTED_EDGE ( 'NONE', *, *, #199, .T. ) ;
#2563 = AXIS2_PLACEMENT_3D ( 'NONE', #3060, #268, #1112 ) ;
#2564 = CARTESIAN_POINT ( 'NONE',  ( -6.692673012021043810, -2.493200000000001193, -13.35828200000000798 ) ) ;
#2565 = DIRECTION ( 'NONE',  ( -1.000000000000000000, 0.000000000000000000, 1.009736416826692002E-15 ) ) ;
#2566 = DIRECTION ( 'NONE',  ( -0.9848077530122072432, 0.000000000000000000, 0.1736481776669350774 ) ) ;
#2567 = CARTESIAN_POINT ( 'NONE',  ( 6.692673012021043810, -2.493199999999999861, -13.60828200000000088 ) ) ;
#2568 = AXIS2_PLACEMENT_3D ( 'NONE', #1958, #1091, #560 ) ;
#2569 = VERTEX_POINT ( 'NONE', #2634 ) ;
#2570 = CARTESIAN_POINT ( 'NONE',  ( 6.286000000000000476, -2.055000000000000160, -13.60828200000000088 ) ) ;
#2571 = CIRCLE ( 'NONE', #1869, 0.2500000000000008882 ) ;
#2572 = VERTEX_POINT ( 'NONE', #2305 ) ;
#2573 = CARTESIAN_POINT ( 'NONE',  ( 7.949677661563011941E-14, 0.000000000000000000, 11.80144999999999911 ) ) ;
#2574 = VECTOR ( 'NONE', #3403, 39.37007874015748143 ) ;
#2575 = CARTESIAN_POINT ( 'NONE',  ( -10.22035550149188943, 0.2500000000000000000, -5.900724999999984455 ) ) ;
#2576 = CARTESIAN_POINT ( 'NONE',  ( 7.192673012021044698, -1.868200000000000083, -13.35828200000006127 ) ) ;
#2577 = ORIENTED_EDGE ( 'NONE', *, *, #1637, .T. ) ;
#2578 = ORIENTED_EDGE ( 'NONE', *, *, #1489, .F. ) ;
#2579 = AXIS2_PLACEMENT_3D ( 'NONE', #690, #949, #2341 ) ;
#2580 = CARTESIAN_POINT ( 'NONE',  ( 7.949677661563011941E-14, 0.2500000000000000000, 11.80144999999999911 ) ) ;
#2581 = CIRCLE ( 'NONE', #2881, 0.1404999999999992366 ) ;
#2582 = EDGE_CURVE ( 'NONE', #3366, #965, #2880, .T. ) ;
#2583 = ORIENTED_EDGE ( 'NONE', *, *, #2224, .F. ) ;
#2584 = VECTOR ( 'NONE', #3087, 39.37007874015748143 ) ;
#2585 = ADVANCED_FACE ( 'NONE', ( #383 ), #2322, .F. ) ;
#2586 = FACE_BOUND ( 'NONE', #1363, .T. ) ;
#2587 = CARTESIAN_POINT ( 'NONE',  ( -1.482027858902120299, 0.2500000000000000000, 12.56833150072754002 ) ) ;
#2588 = CIRCLE ( 'NONE', #3522, 0.1720000000000002360 ) ;
#2589 = VECTOR ( 'NONE', #2083, 39.37007874015748143 ) ;
#2590 = DIRECTION ( 'NONE',  ( 0.000000000000000000, 1.000000000000000000, 0.000000000000000000 ) ) ;
#2591 = FACE_OUTER_BOUND ( 'NONE', #3573, .T. ) ;
#2592 = EDGE_LOOP ( 'NONE', ( #1477, #2710, #2240, #3359 ) ) ;
#2593 = AXIS2_PLACEMENT_3D ( 'NONE', #2251, #1147, #1425 ) ;
#2594 = PLANE ( 'NONE',  #1480 ) ;
#2595 = EDGE_LOOP ( 'NONE', ( #1379, #1042, #2714, #1879 ) ) ;
#2596 = LINE ( 'NONE', #918, #1451 ) ;
#2597 = DIRECTION ( 'NONE',  ( 0.000000000000000000, 1.000000000000000000, 0.000000000000000000 ) ) ;
#2598 = DIRECTION ( 'NONE',  ( 0.000000000000000000, 1.000000000000000000, 0.000000000000000000 ) ) ;
#2599 = ORIENTED_EDGE ( 'NONE', *, *, #1746, .T. ) ;
#2600 = ORIENTED_EDGE ( 'NONE', *, *, #1920, .T. ) ;
#2601 = CARTESIAN_POINT ( 'NONE',  ( 6.286000000000000476, -0.7270000000000008678, -13.35828199999999910 ) ) ;
#2602 = ORIENTED_EDGE ( 'NONE', *, *, #538, .T. ) ;
#2603 = DIRECTION ( 'NONE',  ( 0.000000000000000000, 0.000000000000000000, 1.000000000000000000 ) ) ;
#2604 = DIRECTION ( 'NONE',  ( 1.000000000000000000, 0.000000000000000000, 0.000000000000000000 ) ) ;
#2605 = CARTESIAN_POINT ( 'NONE',  ( -8.096785344606043822, 0.2500000000000000000, -12.86351813325019755 ) ) ;
#2606 = ADVANCED_FACE ( 'NONE', ( #121 ), #1814, .F. ) ;
#2607 = CARTESIAN_POINT ( 'NONE',  ( 6.942673012021043810, -2.243199999999999861, -13.60828200000000088 ) ) ;
#2608 = ORIENTED_EDGE ( 'NONE', *, *, #1496, .F. ) ;
#2609 = DIRECTION ( 'NONE',  ( 0.000000000000000000, 1.000000000000000000, 0.000000000000000000 ) ) ;
#2610 = ADVANCED_FACE ( 'NONE', ( #619 ), #1265, .T. ) ;
#2611 = VERTEX_POINT ( 'NONE', #1463 ) ;
#2612 = CARTESIAN_POINT ( 'NONE',  ( 1.482027870354999832, 0.000000000000000000, 12.56833147500399761 ) ) ;
#2613 = CARTESIAN_POINT ( 'NONE',  ( -6.286000000000000476, -0.5550000000000000488, -13.60828200000000088 ) ) ;
#2614 = CARTESIAN_POINT ( 'NONE',  ( -6.942673012021044698, -1.868200000000000083, -13.23328200000004173 ) ) ;
#2615 = ORIENTED_EDGE ( 'NONE', *, *, #3420, .F. ) ;
#2616 = DIRECTION ( 'NONE',  ( 0.000000000000000000, 1.000000000000000000, 0.000000000000000000 ) ) ;
#2617 = VERTEX_POINT ( 'NONE', #2859 ) ;
#2618 = LINE ( 'NONE', #2657, #1158 ) ;
#2619 = CARTESIAN_POINT ( 'NONE',  ( -1.635730722627387834, 0.2500000000000000000, 12.37595163552153643 ) ) ;
#2620 = FACE_OUTER_BOUND ( 'NONE', #173, .T. ) ;
#2621 = CARTESIAN_POINT ( 'NONE',  ( 6.442673012021043810, 4.771104890747052213E-14, -13.35828199999999910 ) ) ;
#2622 = AXIS2_PLACEMENT_3D ( 'NONE', #1674, #2535, #1927 ) ;
#2623 = EDGE_LOOP ( 'NONE', ( #454, #3297, #3268, #3543 ) ) ;
#2624 = DIRECTION ( 'NONE',  ( 0.000000000000000000, 1.000000000000000000, 0.000000000000000000 ) ) ;
#2625 = VECTOR ( 'NONE', #3225, 39.37007874015748143 ) ;
#2626 = ORIENTED_EDGE ( 'NONE', *, *, #2136, .F. ) ;
#2627 = DIRECTION ( 'NONE',  ( 0.000000000000000000, 1.000000000000000000, 0.000000000000000000 ) ) ;
#2628 = EDGE_CURVE ( 'NONE', #759, #2555, #3428, .T. ) ;
#2629 = CARTESIAN_POINT ( 'NONE',  ( 6.692673012021043810, -1.868200000000000749, -13.35828200000000621 ) ) ;
#2630 = DIRECTION ( 'NONE',  ( 0.000000000000000000, 3.506302574893970122E-15, -1.000000000000000000 ) ) ;
#2631 = DIRECTION ( 'NONE',  ( 1.325174869592158030E-15, -1.000000000000000000, 4.344211570499827381E-30 ) ) ;
#2632 = EDGE_LOOP ( 'NONE', ( #2191, #3330 ) ) ;
#2633 = VECTOR ( 'NONE', #2028, 39.37007874015748143 ) ;
#2634 = CARTESIAN_POINT ( 'NONE',  ( -11.62215945678592632, 0.000000000000000000, 2.189800286327441281 ) ) ;
#2635 = EDGE_LOOP ( 'NONE', ( #1321, #981, #144, #1293 ) ) ;
#2636 = DIRECTION ( 'NONE',  ( -1.000000000000000000, 0.000000000000000000, 0.000000000000000000 ) ) ;
#2637 = CARTESIAN_POINT ( 'NONE',  ( -1.958122303537193076, 0.2500000000000000000, 12.20040038197594434 ) ) ;
#2638 = CARTESIAN_POINT ( 'NONE',  ( 1.958122249573083007, 0.2500000000000000000, 12.20040039091647621 ) ) ;
#2639 = CARTESIAN_POINT ( 'NONE',  ( -7.067673012021043810, 0.2500000000000000000, -13.10828200000000088 ) ) ;
#2640 = VECTOR ( 'NONE', #1382, 39.37007874015748143 ) ;
#2641 = VERTEX_POINT ( 'NONE', #2601 ) ;
#2642 =( BOUNDED_CURVE ( )  B_SPLINE_CURVE ( 3, ( #2690, #1284, #1801, #681 ),
 .UNSPECIFIED., .F., .T. ) 
 B_SPLINE_CURVE_WITH_KNOTS ( ( 4, 4 ),
 ( 0.000000000000000000, 1.000000000000000000 ),
 .UNSPECIFIED. ) 
 CURVE ( )  GEOMETRIC_REPRESENTATION_ITEM ( )  RATIONAL_B_SPLINE_CURVE ( ( 1.000000000000000000, 0.8925278267257520382, 0.8925278267257520382, 1.000000000000000000 ) ) 
 REPRESENTATION_ITEM ( '' )  );
#2643 = EDGE_CURVE ( 'NONE', #2174, #479, #84, .T. ) ;
#2644 = VECTOR ( 'NONE', #1658, 39.37007874015748143 ) ;
#2645 = AXIS2_PLACEMENT_3D ( 'NONE', #1672, #1157, #334 ) ;
#2646 = DIRECTION ( 'NONE',  ( 2.185478394931405053E-15, -1.000000000000000000, -3.506302574893970122E-15 ) ) ;
#2647 = ORIENTED_EDGE ( 'NONE', *, *, #448, .T. ) ;
#2648 = AXIS2_PLACEMENT_3D ( 'NONE', #2971, #451, #1316 ) ;
#2649 = DIRECTION ( 'NONE',  ( 0.000000000000000000, 1.000000000000000000, 0.000000000000000000 ) ) ;
#2650 = CARTESIAN_POINT ( 'NONE',  ( -6.942673012021041146, -0.09300000000000403777, -12.10828200000005772 ) ) ;
#2651 = DIRECTION ( 'NONE',  ( 0.000000000000000000, 1.000000000000000000, 0.000000000000000000 ) ) ;
#2652 = EDGE_CURVE ( 'NONE', #3089, #711, #1636, .T. ) ;
#2653 = VERTEX_POINT ( 'NONE', #1324 ) ;
#2654 = ADVANCED_FACE ( 'NONE', ( #435 ), #1296, .F. ) ;
#2655 = DIRECTION ( 'NONE',  ( 1.000000000000000000, 1.325174869592158030E-15, 0.000000000000000000 ) ) ;
#2656 = ORIENTED_EDGE ( 'NONE', *, *, #1997, .T. ) ;
#2657 = CARTESIAN_POINT ( 'NONE',  ( -6.692673012021043810, -2.493199999999999861, -13.60828200000000088 ) ) ;
#2658 = FACE_OUTER_BOUND ( 'NONE', #3531, .T. ) ;
#2659 = LINE ( 'NONE', #665, #1881 ) ;
#2660 = LINE ( 'NONE', #730, #2977 ) ;
#2661 = ORIENTED_EDGE ( 'NONE', *, *, #2312, .T. ) ;
#2662 = CARTESIAN_POINT ( 'NONE',  ( 6.286000000000000476, -2.226999999999999869, -13.60828200000000088 ) ) ;
#2663 = VECTOR ( 'NONE', #3161, 39.37007874015748143 ) ;
#2664 = VERTEX_POINT ( 'NONE', #2140 ) ;
#2665 = CARTESIAN_POINT ( 'NONE',  ( 2.036000000000000032, -0.5550000000000009370, -13.35828199999999910 ) ) ;
#2666 = ORIENTED_EDGE ( 'NONE', *, *, #1517, .F. ) ;
#2667 = CARTESIAN_POINT ( 'NONE',  ( 7.585825836335157391, 0.2500000000000000000, 9.040435193246516121 ) ) ;
#2668 = ORIENTED_EDGE ( 'NONE', *, *, #847, .F. ) ;
#2669 = ADVANCED_FACE ( 'NONE', ( #2153 ), #2413, .F. ) ;
#2670 = CARTESIAN_POINT ( 'NONE',  ( 0.000000000000000000, -1.868200000000000749, -13.35828200000000621 ) ) ;
#2671 = CARTESIAN_POINT ( 'NONE',  ( 7.192673012021042034, -0.09299999999998530276, -13.10828199999995114 ) ) ;
#2672 = CARTESIAN_POINT ( 'NONE',  ( -1.269152200419100263, 0.2500000000000001665, 13.04645805794949176 ) ) ;
#2673 = CARTESIAN_POINT ( 'NONE',  ( 1.456673423708088722, 0.2500000000000000000, 12.62527849455494078 ) ) ;
#2674 = EDGE_LOOP ( 'NONE', ( #3053, #1401 ) ) ;
#2675 = FACE_OUTER_BOUND ( 'NONE', #2427, .T. ) ;
#2676 = VERTEX_POINT ( 'NONE', #1572 ) ;
#2677 = CIRCLE ( 'NONE', #3153, 0.2499999999999998057 ) ;
#2678 = CARTESIAN_POINT ( 'NONE',  ( 12.35638000000008674, -0.09299999999997846101, -12.10828199999999200 ) ) ;
#2679 =( BOUNDED_SURFACE ( )  B_SPLINE_SURFACE ( 3, 1, ( 
 ( #545, #2845 ),
 ( #2804, #1388 ),
 ( #1703, #2273 ),
 ( #2018, #3137 ) ),
 .UNSPECIFIED., .F., .F., .T. ) 
 B_SPLINE_SURFACE_WITH_KNOTS ( ( 4, 4 ),
 ( 2, 2 ),
 ( 0.000000000000000000, 1.000000000000000000 ),
 ( 0.000000000000000000, 1.000000000000000000 ),
 .UNSPECIFIED. ) 
 GEOMETRIC_REPRESENTATION_ITEM ( )  RATIONAL_B_SPLINE_SURFACE ( (
 ( 1.000000000000000000, 1.000000000000000000),
 ( 0.8925278267257520382, 0.8925278267257520382),
 ( 0.8925278267257520382, 0.8925278267257520382),
 ( 1.000000000000000000, 1.000000000000000000) ) ) 
 REPRESENTATION_ITEM ( '' )  SURFACE ( )  );
#2680 = VECTOR ( 'NONE', #3205, 39.37007874015748143 ) ;
#2681 = ORIENTED_EDGE ( 'NONE', *, *, #2884, .F. ) ;
#2682 = CARTESIAN_POINT ( 'NONE',  ( -1.561418697377834786, 0.000000000000000000, 12.45508322136267765 ) ) ;
#2683 = EDGE_CURVE ( 'NONE', #322, #531, #2813, .T. ) ;
#2684 = CIRCLE ( 'NONE', #2164, 0.1405000000000000415 ) ;
#2685 = ORIENTED_EDGE ( 'NONE', *, *, #2833, .F. ) ;
#2686 = AXIS2_PLACEMENT_3D ( 'NONE', #615, #2853, #733 ) ;
#2687 = DIRECTION ( 'NONE',  ( 3.496765431890255342E-15, 3.578720871700185901E-15, -1.000000000000000000 ) ) ;
#2688 = CARTESIAN_POINT ( 'NONE',  ( 4.036333620450724524, 0.000000000000000000, -11.08973547957385897 ) ) ;
#2689 = CARTESIAN_POINT ( 'NONE',  ( 0.000000000000000000, 4.858762455119401792E-14, -13.60828200000000088 ) ) ;
#2690 = CARTESIAN_POINT ( 'NONE',  ( -1.082202423578874084, 0.2500000000000000000, 13.10183075358899885 ) ) ;
#2691 = EDGE_CURVE ( 'NONE', #2389, #2556, #813, .T. ) ;
#2692 = VERTEX_POINT ( 'NONE', #1604 ) ;
#2693 = DIRECTION ( 'NONE',  ( 0.000000000000000000, 1.000000000000000000, 0.000000000000000000 ) ) ;
#2694 = AXIS2_PLACEMENT_3D ( 'NONE', #1559, #1833, #3246 ) ;
#2695 = EDGE_CURVE ( 'NONE', #2948, #2379, #1536, .T. ) ;
#2696 = ORIENTED_EDGE ( 'NONE', *, *, #1289, .T. ) ;
#2697 = CIRCLE ( 'NONE', #1408, 0.1719999999999999585 ) ;
#2698 = PRESENTATION_LAYER_ASSIGNMENT (  '', '', ( #654 ) ) ;
#2699 = LINE ( 'NONE', #495, #1244 ) ;
#2700 = VECTOR ( 'NONE', #1595, 39.37007874015748143 ) ;
#2701 = AXIS2_PLACEMENT_3D ( 'NONE', #1617, #2978, #1925 ) ;
#2702 = VERTEX_POINT ( 'NONE', #3512 ) ;
#2703 = CARTESIAN_POINT ( 'NONE',  ( -6.942673012021043810, -2.493199999999999861, -13.60828200000000088 ) ) ;
#2704 = EDGE_LOOP ( 'NONE', ( #1762, #2248 ) ) ;
#2705 = ORIENTED_EDGE ( 'NONE', *, *, #2582, .F. ) ;
#2706 = DIRECTION ( 'NONE',  ( 0.000000000000000000, 3.506302574893970122E-15, -1.000000000000000000 ) ) ;
#2707 = CARTESIAN_POINT ( 'NONE',  ( -1.082202423578874084, 0.2500000000000000000, 13.10183075358899885 ) ) ;
#2708 = DIRECTION ( 'NONE',  ( -0.000000000000000000, 1.000000000000000000, 3.506302574893970122E-15 ) ) ;
#2709 = DIRECTION ( 'NONE',  ( 0.000000000000000000, -1.000000000000000000, -0.000000000000000000 ) ) ;
#2710 = ORIENTED_EDGE ( 'NONE', *, *, #3072, .F. ) ;
#2711 = EDGE_CURVE ( 'NONE', #135, #2967, #1292, .T. ) ;
#2712 = CARTESIAN_POINT ( 'NONE',  ( 6.942673012021043810, 0.2500000000000000000, -12.73328200000000088 ) ) ;
#2713 = FACE_OUTER_BOUND ( 'NONE', #1691, .T. ) ;
#2714 = ORIENTED_EDGE ( 'NONE', *, *, #1118, .T. ) ;
#2715 = AXIS2_PLACEMENT_3D ( 'NONE', #3267, #1628, #2748 ) ;
#2716 = EDGE_CURVE ( 'NONE', #2641, #947, #1892, .T. ) ;
#2717 = EDGE_CURVE ( 'NONE', #2097, #2005, #2980, .T. ) ;
#2718 = CARTESIAN_POINT ( 'NONE',  ( -7.358179529846889722, 0.000000000000000000, -13.23328200000000088 ) ) ;
#2719 = ORIENTED_EDGE ( 'NONE', *, *, #632, .F. ) ;
#2720 = DIRECTION ( 'NONE',  ( 2.191439109308729995E-15, -1.000000000000000000, -3.506302574893970122E-15 ) ) ;
#2721 = ADVANCED_FACE ( 'NONE', ( #2105 ), #223, .F. ) ;
#2722 = VERTEX_POINT ( 'NONE', #207 ) ;
#2723 = ORIENTED_EDGE ( 'NONE', *, *, #3461, .F. ) ;
#2724 = CARTESIAN_POINT ( 'NONE',  ( -7.192673012021044698, -1.868200000000000083, -13.23328200000005950 ) ) ;
#2725 = FACE_BOUND ( 'NONE', #1514, .T. ) ;
#2726 = EDGE_CURVE ( 'NONE', #3200, #2760, #174, .T. ) ;
#2727 = CARTESIAN_POINT ( 'NONE',  ( 6.942673012021037593, -0.2190000000000217328, -13.10828199999999910 ) ) ;
#2728 = DIRECTION ( 'NONE',  ( 0.000000000000000000, 1.000000000000000000, 0.000000000000000000 ) ) ;
#2729 = EDGE_LOOP ( 'NONE', ( #32, #67, #2915, #2180, #252, #1308, #3119, #1069, #3358, #3042, #1910, #1305, #22, #202, #1561, #2243, #2476, #677 ) ) ;
#2730 = EDGE_CURVE ( 'NONE', #844, #2148, #2444, .T. ) ;
#2731 = CARTESIAN_POINT ( 'NONE',  ( 7.358179529846889722, 0.2500000000000000000, -12.73328200000000088 ) ) ;
#2732 = FACE_OUTER_BOUND ( 'NONE', #3175, .T. ) ;
#2733 = FACE_BOUND ( 'NONE', #3628, .T. ) ;
#2734 = DIRECTION ( 'NONE',  ( 0.000000000000000000, 3.506302574893970122E-15, -1.000000000000000000 ) ) ;
#2735 = ORIENTED_EDGE ( 'NONE', *, *, #266, .T. ) ;
#2736 = EDGE_CURVE ( 'NONE', #1526, #726, #754, .T. ) ;
#2737 = VECTOR ( 'NONE', #2636, 39.37007874015748143 ) ;
#2738 = CARTESIAN_POINT ( 'NONE',  ( 6.942673012021043810, 0.000000000000000000, -12.73328200000000088 ) ) ;
#2739 = VECTOR ( 'NONE', #1023, 39.37007874015748143 ) ;
#2740 = ORIENTED_EDGE ( 'NONE', *, *, #5, .F. ) ;
#2741 = ORIENTED_EDGE ( 'NONE', *, *, #2149, .F. ) ;
#2742 = VECTOR ( 'NONE', #107, 39.37007874015748143 ) ;
#2743 = CARTESIAN_POINT ( 'NONE',  ( -7.192673012021044698, -0.2190000000000165425, -12.10828200000004173 ) ) ;
#2744 = DIRECTION ( 'NONE',  ( 1.000000000000000000, -1.325174869592153889E-15, -4.370956789862810105E-15 ) ) ;
#2745 = VECTOR ( 'NONE', #159, 39.37007874015748143 ) ;
#2746 = FACE_BOUND ( 'NONE', #1735, .T. ) ;
#2747 = FACE_OUTER_BOUND ( 'NONE', #381, .T. ) ;
#2748 = DIRECTION ( 'NONE',  ( 0.000000000000000000, 0.000000000000000000, 1.000000000000000000 ) ) ;
#2749 = LINE ( 'NONE', #2184, #3344 ) ;
#2750 = CARTESIAN_POINT ( 'NONE',  ( -10.22035550149188943, 0.2500000000000000000, -5.760224999999976170 ) ) ;
#2751 = CYLINDRICAL_SURFACE ( 'NONE', #823, 0.2500000000000008882 ) ;
#2752 = ORIENTED_EDGE ( 'NONE', *, *, #3086, .T. ) ;
#2753 = CARTESIAN_POINT ( 'NONE',  ( 8.096785344606043822, 0.000000000000000000, -12.86351813325019755 ) ) ;
#2754 = VECTOR ( 'NONE', #971, 39.37007874015748143 ) ;
#2755 = CIRCLE ( 'NONE', #1239, 0.3750000000000002220 ) ;
#2756 = AXIS2_PLACEMENT_3D ( 'NONE', #1361, #2516, #3579 ) ;
#2757 = VECTOR ( 'NONE', #1872, 39.37007874015748143 ) ;
#2758 = CARTESIAN_POINT ( 'NONE',  ( 7.949677661563011941E-14, 0.2500000000000000000, 11.80144999999999911 ) ) ;
#2759 = EDGE_CURVE ( 'NONE', #1359, #2702, #2517, .T. ) ;
#2760 = VERTEX_POINT ( 'NONE', #1311 ) ;
#2761 = ORIENTED_EDGE ( 'NONE', *, *, #710, .F. ) ;
#2762 = EDGE_CURVE ( 'NONE', #655, #267, #208, .T. ) ;
#2763 = FACE_OUTER_BOUND ( 'NONE', #1051, .T. ) ;
#2764 = FACE_OUTER_BOUND ( 'NONE', #851, .T. ) ;
#2765 = PLANE ( 'NONE',  #2064 ) ;
#2766 = CARTESIAN_POINT ( 'NONE',  ( 1.310510525686539696, 0.000000000000000000, 12.95356573849177195 ) ) ;
#2767 = ORIENTED_EDGE ( 'NONE', *, *, #3101, .T. ) ;
#2768 = LINE ( 'NONE', #253, #219 ) ;
#2769 = CARTESIAN_POINT ( 'NONE',  ( 2.019619653481299348, 0.2500000000000000000, 12.19021177665391775 ) ) ;
#2770 = CARTESIAN_POINT ( 'NONE',  ( -11.62215945678592632, 0.2500000000000000000, 2.049300286327440990 ) ) ;
#2771 = ORIENTED_EDGE ( 'NONE', *, *, #1857, .F. ) ;
#2772 = CARTESIAN_POINT ( 'NONE',  ( 7.585825836335157391, 0.2500000000000000000, 9.180935193246515524 ) ) ;
#2773 = EDGE_LOOP ( 'NONE', ( #1030, #1822, #706, #3052 ) ) ;
#2774 = DIRECTION ( 'NONE',  ( 0.000000000000000000, 3.506302574893970122E-15, -1.000000000000000000 ) ) ;
#2775 = AXIS2_PLACEMENT_3D ( 'NONE', #2040, #375, #1499 ) ;
#2776 = LINE ( 'NONE', #2793, #2171 ) ;
#2777 = ORIENTED_EDGE ( 'NONE', *, *, #932, .T. ) ;
#2778 = ORIENTED_EDGE ( 'NONE', *, *, #799, .T. ) ;
#2779 = LINE ( 'NONE', #324, #1180 ) ;
#2780 = CARTESIAN_POINT ( 'NONE',  ( -7.067673012021043810, 0.2500000000000000000, -13.48328200000000088 ) ) ;
#2781 = CARTESIAN_POINT ( 'NONE',  ( 1.082202423578895178, 0.000000000000000000, 13.10183075358899529 ) ) ;
#2782 = VERTEX_POINT ( 'NONE', #3349 ) ;
#2783 = ADVANCED_FACE ( 'NONE', ( #1103 ), #514, .F. ) ;
#2784 = ADVANCED_FACE ( 'NONE', ( #2225 ), #3310, .F. ) ;
#2785 = CARTESIAN_POINT ( 'NONE',  ( -2.036000000000000032, -2.055000000000000160, -13.60828200000000088 ) ) ;
#2786 = CARTESIAN_POINT ( 'NONE',  ( 1.786915018308866010, 0.2500000000000000000, 12.26939355717875912 ) ) ;
#2787 = CARTESIAN_POINT ( 'NONE',  ( 11.62215945678592632, 0.000000000000000000, 2.049300286327437437 ) ) ;
#2788 = FACE_BOUND ( 'NONE', #2482, .T. ) ;
#2789 = EDGE_LOOP ( 'NONE', ( #2962, #3577, #903, #925 ) ) ;
#2790 = DIRECTION ( 'NONE',  ( 0.000000000000000000, 0.000000000000000000, -1.000000000000000000 ) ) ;
#2791 = ORIENTED_EDGE ( 'NONE', *, *, #1507, .F. ) ;
#2792 = DIRECTION ( 'NONE',  ( -1.000000000000000000, -1.325174869592158030E-15, -4.370956789862805372E-15 ) ) ;
#2793 = CARTESIAN_POINT ( 'NONE',  ( 7.067673012021043810, 0.2500000000000000000, -13.10828200000000088 ) ) ;
#2794 = ORIENTED_EDGE ( 'NONE', *, *, #21, .T. ) ;
#2795 = ORIENTED_EDGE ( 'NONE', *, *, #3218, .T. ) ;
#2796 = AXIS2_PLACEMENT_3D ( 'NONE', #2131, #2709, #3519 ) ;
#2797 = EDGE_CURVE ( 'NONE', #2185, #385, #3364, .T. ) ;
#2798 = CARTESIAN_POINT ( 'NONE',  ( 7.192673012021083778, -0.09299999999998530276, -2.514976932806358408E-14 ) ) ;
#2799 = PLANE ( 'NONE',  #2593 ) ;
#2800 = DIRECTION ( 'NONE',  ( 3.496765431890260469E-15, 2.896141046997153761E-31, -1.000000000000000000 ) ) ;
#2801 = ORIENTED_EDGE ( 'NONE', *, *, #2441, .T. ) ;
#2802 = AXIS2_PLACEMENT_3D ( 'NONE', #914, #372, #2327 ) ;
#2803 = DIRECTION ( 'NONE',  ( 0.000000000000000000, 0.000000000000000000, 1.000000000000000000 ) ) ;
#2804 = CARTESIAN_POINT ( 'NONE',  ( 1.183885726451882059, 1.912999174831106482E-16, 13.10183075358899707 ) ) ;
#2805 = CARTESIAN_POINT ( 'NONE',  ( 1.682233298445452663, 0.2500000000000000000, 12.33525290168352306 ) ) ;
#2806 = ADVANCED_FACE ( 'NONE', ( #785 ), #1635, .F. ) ;
#2807 = ORIENTED_EDGE ( 'NONE', *, *, #563, .T. ) ;
#2808 = VERTEX_POINT ( 'NONE', #868 ) ;
#2809 = EDGE_CURVE ( 'NONE', #2664, #3226, #420, .T. ) ;
#2810 = CARTESIAN_POINT ( 'NONE',  ( 7.192673012021044698, -1.868200000000000083, -12.10828200000006127 ) ) ;
#2811 = ORIENTED_EDGE ( 'NONE', *, *, #3095, .F. ) ;
#2812 = FACE_OUTER_BOUND ( 'NONE', #3388, .T. ) ;
#2813 = CIRCLE ( 'NONE', #2169, 0.3750000000000002220 ) ;
#2814 = VERTEX_POINT ( 'NONE', #1085 ) ;
#2815 = ORIENTED_EDGE ( 'NONE', *, *, #3124, .T. ) ;
#2816 = AXIS2_PLACEMENT_3D ( 'NONE', #1061, #2183, #3303 ) ;
#2817 = VECTOR ( 'NONE', #1902, 39.37007874015748143 ) ;
#2818 = AXIS2_PLACEMENT_3D ( 'NONE', #551, #1711, #3104 ) ;
#2819 = CYLINDRICAL_SURFACE ( 'NONE', #589, 0.1719999999999999585 ) ;
#2820 = DIRECTION ( 'NONE',  ( 0.000000000000000000, 0.000000000000000000, 1.000000000000000000 ) ) ;
#2821 = CARTESIAN_POINT ( 'NONE',  ( 7.358179529846889722, 0.2500000000000000000, -13.48328200000000088 ) ) ;
#2822 = AXIS2_PLACEMENT_3D ( 'NONE', #2211, #1936, #1699 ) ;
#2823 = VERTEX_POINT ( 'NONE', #2464 ) ;
#2824 = DIRECTION ( 'NONE',  ( 0.000000000000000000, 3.506302574893970122E-15, -1.000000000000000000 ) ) ;
#2825 = CARTESIAN_POINT ( 'NONE',  ( -2.731847993664263711E-16, 0.000000000000000000, 2.731847993664263711E-16 ) ) ;
#2826 = CARTESIAN_POINT ( 'NONE',  ( -6.692673012021043810, -2.243199999999999861, -13.60828200000000088 ) ) ;
#2827 = DIRECTION ( 'NONE',  ( 0.000000000000000000, 3.506302574893970122E-15, -1.000000000000000000 ) ) ;
#2828 = EDGE_LOOP ( 'NONE', ( #2515, #1264 ) ) ;
#2829 = DIRECTION ( 'NONE',  ( 1.000000000000000000, -0.000000000000000000, -0.000000000000000000 ) ) ;
#2830 = ORIENTED_EDGE ( 'NONE', *, *, #1482, .T. ) ;
#2831 = DIRECTION ( 'NONE',  ( 0.000000000000000000, 0.000000000000000000, 1.000000000000000000 ) ) ;
#2832 = EDGE_CURVE ( 'NONE', #189, #14, #830, .T. ) ;
#2833 = EDGE_CURVE ( 'NONE', #1101, #759, #3635, .T. ) ;
#2834 = DIRECTION ( 'NONE',  ( -0.000000000000000000, 1.000000000000000000, 0.000000000000000000 ) ) ;
#2835 = DIRECTION ( 'NONE',  ( 0.000000000000000000, 0.000000000000000000, 1.000000000000000000 ) ) ;
#2836 = ORIENTED_EDGE ( 'NONE', *, *, #493, .F. ) ;
#2837 = ORIENTED_EDGE ( 'NONE', *, *, #1123, .F. ) ;
#2838 = EDGE_CURVE ( 'NONE', #385, #3475, #2000, .T. ) ;
#2839 = AXIS2_PLACEMENT_3D ( 'NONE', #1516, #1566, #3490 ) ;
#2840 = DIRECTION ( 'NONE',  ( -1.000000000000000000, 0.000000000000000000, 0.000000000000000000 ) ) ;
#2841 = DIRECTION ( 'NONE',  ( 0.000000000000000000, 3.506302574893970122E-15, -1.000000000000000000 ) ) ;
#2842 = DIRECTION ( 'NONE',  ( -1.000000000000000000, 0.000000000000000000, 0.000000000000000000 ) ) ;
#2843 = ORIENTED_EDGE ( 'NONE', *, *, #1507, .T. ) ;
#2844 = CARTESIAN_POINT ( 'NONE',  ( 8.843271017152499525, 0.2500000000000000000, -8.629987509932462331 ) ) ;
#2845 = CARTESIAN_POINT ( 'NONE',  ( 1.082202423578895845, 0.2500000000000000000, 13.10183075358899885 ) ) ;
#2846 = DIRECTION ( 'NONE',  ( -1.000000000000000000, 0.000000000000000000, 0.000000000000000000 ) ) ;
#2847 = CARTESIAN_POINT ( 'NONE',  ( -1.571329657983844719, 0.2500000000000000000, 12.44322594371732293 ) ) ;
#2848 = ORIENTED_EDGE ( 'NONE', *, *, #2926, .F. ) ;
#2849 = DIRECTION ( 'NONE',  ( 0.000000000000000000, 1.000000000000000000, 0.000000000000000000 ) ) ;
#2850 = EDGE_CURVE ( 'NONE', #258, #1854, #2776, .T. ) ;
#2851 = ORIENTED_EDGE ( 'NONE', *, *, #538, .F. ) ;
#2852 = CARTESIAN_POINT ( 'NONE',  ( 6.942673012021037593, -0.2190000000000138503, -13.23328200000003640 ) ) ;
#2853 = DIRECTION ( 'NONE',  ( 0.000000000000000000, 1.000000000000000000, 0.000000000000000000 ) ) ;
#2854 = CARTESIAN_POINT ( 'NONE',  ( 6.692673012021043810, -1.993199999999999861, -13.60828200000000088 ) ) ;
#2855 = EDGE_CURVE ( 'NONE', #1911, #82, #279, .T. ) ;
#2856 = EDGE_CURVE ( 'NONE', #2918, #2653, #2, .T. ) ;
#2857 = ORIENTED_EDGE ( 'NONE', *, *, #1323, .T. ) ;
#2858 = ORIENTED_EDGE ( 'NONE', *, *, #736, .T. ) ;
#2859 = CARTESIAN_POINT ( 'NONE',  ( 6.692673012021043810, -2.493199999999999861, -13.60828200000000088 ) ) ;
#2860 = VECTOR ( 'NONE', #571, 39.37007874015748854 ) ;
#2861 = LINE ( 'NONE', #836, #2124 ) ;
#2862 = ORIENTED_EDGE ( 'NONE', *, *, #3587, .F. ) ;
#2863 = CIRCLE ( 'NONE', #3615, 0.1719999999999999585 ) ;
#2864 = LINE ( 'NONE', #1818, #3026 ) ;
#2865 = FACE_OUTER_BOUND ( 'NONE', #856, .T. ) ;
#2866 =( LENGTH_UNIT ( ) NAMED_UNIT ( * ) SI_UNIT ( $, .METRE. ) );
#2867 = CARTESIAN_POINT ( 'NONE',  ( -0.6250000000000432987, 0.000000000000000000, 12.70825089234380201 ) ) ;
#2868 = VECTOR ( 'NONE', #1041, 39.37007874015748143 ) ;
#2869 = ORIENTED_EDGE ( 'NONE', *, *, #2364, .T. ) ;
#2870 = DIRECTION ( 'NONE',  ( 0.000000000000000000, 0.000000000000000000, 1.000000000000000000 ) ) ;
#2871 = CIRCLE ( 'NONE', #699, 0.1405000000000003191 ) ;
#2872 = ORIENTED_EDGE ( 'NONE', *, *, #2340, .F. ) ;
#2873 = CARTESIAN_POINT ( 'NONE',  ( 1.513882903071017694, 0.000000000000000000, 12.51560041729580597 ) ) ;
#2874 = CARTESIAN_POINT ( 'NONE',  ( -6.942673012021043810, -2.243199999999999861, -13.60828200000000088 ) ) ;
#2875 = CARTESIAN_POINT ( 'NONE',  ( -10.22035550149188943, 0.000000000000000000, -5.760224999999984163 ) ) ;
#2876 = ORIENTED_EDGE ( 'NONE', *, *, #923, .T. ) ;
#2877 = ORIENTED_EDGE ( 'NONE', *, *, #1040, .F. ) ;
#2878 = EDGE_CURVE ( 'NONE', #3226, #1277, #1929, .T. ) ;
#2879 = AXIS2_PLACEMENT_3D ( 'NONE', #446, #768, #2125 ) ;
#2880 = LINE ( 'NONE', #1547, #1826 ) ;
#2881 = AXIS2_PLACEMENT_3D ( 'NONE', #3552, #1072, #3003 ) ;
#2882 = EDGE_LOOP ( 'NONE', ( #3533, #1353, #621, #1758 ) ) ;
#2883 = AXIS2_PLACEMENT_3D ( 'NONE', #1438, #1484, #1241 ) ;
#2884 = EDGE_CURVE ( 'NONE', #568, #2556, #1909, .T. ) ;
#2885 = EDGE_CURVE ( 'NONE', #875, #1233, #3049, .T. ) ;
#2886 = FACE_BOUND ( 'NONE', #2488, .T. ) ;
#2887 = LINE ( 'NONE', #2091, #3174 ) ;
#2888 = VECTOR ( 'NONE', #1254, 39.37007874015748143 ) ;
#2889 = VECTOR ( 'NONE', #2734, 39.37007874015748143 ) ;
#2890 = CARTESIAN_POINT ( 'NONE',  ( -6.442673012021043810, -0.1249999999999984318, -13.60828200000000088 ) ) ;
#2891 = CARTESIAN_POINT ( 'NONE',  ( 1.310510525686539474, 0.2500000000000000000, 12.95356573849177195 ) ) ;
#2892 = EDGE_LOOP ( 'NONE', ( #3618, #460, #2434, #1592 ) ) ;
#2893 = CARTESIAN_POINT ( 'NONE',  ( -0.6250000000000432987, 0.2500000000000000000, 12.70825089234380201 ) ) ;
#2894 = EDGE_CURVE ( 'NONE', #2611, #322, #2190, .T. ) ;
#2895 = ORIENTED_EDGE ( 'NONE', *, *, #430, .T. ) ;
#2896 = CARTESIAN_POINT ( 'NONE',  ( 1.682233298445452663, 0.000000000000000000, 12.33525290168352306 ) ) ;
#2897 = DIRECTION ( 'NONE',  ( -1.000000000000000000, 0.000000000000000000, 0.000000000000000000 ) ) ;
#2898 = DIRECTION ( 'NONE',  ( 0.000000000000000000, -1.000000000000000000, -3.506302574893970122E-15 ) ) ;
#2899 = ORIENTED_EDGE ( 'NONE', *, *, #539, .T. ) ;
#2900 = DIRECTION ( 'NONE',  ( -1.325174869592158030E-15, 1.000000000000000000, -4.633825675199541312E-30 ) ) ;
#2901 = ORIENTED_EDGE ( 'NONE', *, *, #2386, .T. ) ;
#2902 = AXIS2_PLACEMENT_3D ( 'NONE', #523, #1613, #2198 ) ;
#2903 = DIRECTION ( 'NONE',  ( 0.000000000000000000, 1.000000000000000000, 0.000000000000000000 ) ) ;
#2904 = CARTESIAN_POINT ( 'NONE',  ( 10.22035550149188943, 0.2500000000000000000, -5.760224999999976170 ) ) ;
#2905 = CYLINDRICAL_SURFACE ( 'NONE', #3347, 0.1720000000000000417 ) ;
#2906 = LINE ( 'NONE', #2020, #574 ) ;
#2907 = ADVANCED_FACE ( 'NONE', ( #2812 ), #115, .F. ) ;
#2908 = ORIENTED_EDGE ( 'NONE', *, *, #3370, .F. ) ;
#2909 = FACE_OUTER_BOUND ( 'NONE', #1655, .T. ) ;
#2910 = ORIENTED_EDGE ( 'NONE', *, *, #3223, .F. ) ;
#2911 = CARTESIAN_POINT ( 'NONE',  ( 1.773229646800767556, 0.000000000000000000, 12.27693192512834841 ) ) ;
#2912 = CYLINDRICAL_SURFACE ( 'NONE', #2235, 0.1719999999999999585 ) ;
#2913 = FACE_OUTER_BOUND ( 'NONE', #85, .T. ) ;
#2914 = CARTESIAN_POINT ( 'NONE',  ( -1.310510525686517935, 0.000000000000000000, 12.95356573849177195 ) ) ;
#2915 = ORIENTED_EDGE ( 'NONE', *, *, #3535, .F. ) ;
#2916 = CARTESIAN_POINT ( 'NONE',  ( 4.036333620450724524, 0.000000000000000000, -11.08973547957385897 ) ) ;
#2917 = PRODUCT_CONTEXT ( 'NONE', #3548, 'mechanical' ) ;
#2918 = VERTEX_POINT ( 'NONE', #2930 ) ;
#2919 = VECTOR ( 'NONE', #1667, 39.37007874015748143 ) ;
#2920 = CARTESIAN_POINT ( 'NONE',  ( 6.692673012021043810, -1.993199999999999861, -13.60828200000000088 ) ) ;
#2921 = DIRECTION ( 'NONE',  ( 1.000000000000000000, 0.000000000000000000, 0.000000000000000000 ) ) ;
#2922 = LINE ( 'NONE', #425, #2121 ) ;
#2923 = DIRECTION ( 'NONE',  ( 0.000000000000000000, 1.000000000000000000, 0.000000000000000000 ) ) ;
#2924 = VECTOR ( 'NONE', #1549, 39.37007874015748143 ) ;
#2925 = EDGE_LOOP ( 'NONE', ( #2430, #937, #2966, #416, #1787, #3024, #747, #996, #3228, #770, #1874, #3184, #2331, #3380, #3442, #3547, #2741, #1944, #1290, #3506, #2466, #1374 ) ) ;
#2926 = EDGE_CURVE ( 'NONE', #844, #287, #525, .T. ) ;
#2927 = DIRECTION ( 'NONE',  ( -1.000000000000000000, 1.325174869592158030E-15, 3.496765431890260075E-15 ) ) ;
#2928 = VECTOR ( 'NONE', #180, 39.37007874015748143 ) ;
#2929 = EDGE_LOOP ( 'NONE', ( #2767, #3408 ) ) ;
#2930 = CARTESIAN_POINT ( 'NONE',  ( 6.942673012021043810, -2.243200000000000749, -13.35828200000000798 ) ) ;
#2931 = DIRECTION ( 'NONE',  ( -0.000000000000000000, 1.000000000000000000, 3.506302574893970122E-15 ) ) ;
#2932 = ORIENTED_EDGE ( 'NONE', *, *, #493, .T. ) ;
#2933 = DIRECTION ( 'NONE',  ( 1.325174869592158030E-15, -1.000000000000000000, 4.344211570499827381E-30 ) ) ;
#2934 = SHAPE_DEFINITION_REPRESENTATION ( #1639, #2027 ) ;
#2935 = ORIENTED_EDGE ( 'NONE', *, *, #2404, .T. ) ;
#2936 = CARTESIAN_POINT ( 'NONE',  ( -6.942673012021043810, -1.993200000000000749, -13.35828200000000621 ) ) ;
#2937 = CARTESIAN_POINT ( 'NONE',  ( -1.899065021827555100, 0.2500000000000000000, 12.21793437618547173 ) ) ;
#2938 = LINE ( 'NONE', #2956, #2888 ) ;
#2939 = FACE_OUTER_BOUND ( 'NONE', #552, .T. ) ;
#2940 = VECTOR ( 'NONE', #1366, 39.37007874015748143 ) ;
#2941 = ORIENTED_EDGE ( 'NONE', *, *, #2200, .F. ) ;
#2942 = CIRCLE ( 'NONE', #1057, 0.08050000000000041844 ) ;
#2943 = AXIS2_PLACEMENT_3D ( 'NONE', #2570, #2790, #1434 ) ;
#2944 = LINE ( 'NONE', #1235, #2663 ) ;
#2945 = EDGE_LOOP ( 'NONE', ( #1227, #1137 ) ) ;
#2946 = AXIS2_PLACEMENT_3D ( 'NONE', #2826, #2002, #3099 ) ;
#2947 = DIRECTION ( 'NONE',  ( 1.000000000000000000, 1.325174869592158030E-15, 3.496765431890260075E-15 ) ) ;
#2948 = VERTEX_POINT ( 'NONE', #1205 ) ;
#2949 = EDGE_CURVE ( 'NONE', #2823, #2556, #359, .T. ) ;
#2950 = EDGE_CURVE ( 'NONE', #635, #2814, #2942, .T. ) ;
#2951 = DIRECTION ( 'NONE',  ( 0.000000000000000000, 1.000000000000000000, 0.000000000000000000 ) ) ;
#2952 = EDGE_LOOP ( 'NONE', ( #641, #1777, #2473, #2807 ) ) ;
#2953 = CIRCLE ( 'NONE', #1258, 0.1719999999999999585 ) ;
#2954 = CARTESIAN_POINT ( 'NONE',  ( 10.22035550149188943, 0.2500000000000000000, -6.041224999999980305 ) ) ;
#2955 = DIRECTION ( 'NONE',  ( 4.370956789862805372E-15, -4.370956789862805372E-15, 1.000000000000000000 ) ) ;
#2956 = CARTESIAN_POINT ( 'NONE',  ( -6.942673012021043810, 4.771104890747052213E-14, -13.35828199999999910 ) ) ;
#2957 = DIRECTION ( 'NONE',  ( 1.000000000000000000, 0.000000000000000000, 0.000000000000000000 ) ) ;
#2958 = ORIENTED_EDGE ( 'NONE', *, *, #118, .F. ) ;
#2959 = FACE_OUTER_BOUND ( 'NONE', #262, .T. ) ;
#2960 = ORIENTED_EDGE ( 'NONE', *, *, #3043, .T. ) ;
#2961 = DIRECTION ( 'NONE',  ( -1.325174869592170061E-15, -1.000000000000000000, -3.975524608776515704E-15 ) ) ;
#2962 = ORIENTED_EDGE ( 'NONE', *, *, #73, .F. ) ;
#2963 = CARTESIAN_POINT ( 'NONE',  ( -1.482027858902120299, 0.000000000000000000, 12.56833150072754002 ) ) ;
#2964 = EDGE_CURVE ( 'NONE', #445, #516, #98, .T. ) ;
#2965 = ADVANCED_FACE ( 'NONE', ( #890 ), #2554, .T. ) ;
#2966 = ORIENTED_EDGE ( 'NONE', *, *, #2136, .T. ) ;
#2967 = VERTEX_POINT ( 'NONE', #1776 ) ;
#2968 = EDGE_CURVE ( 'NONE', #2381, #557, #1222, .T. ) ;
#2969 = DIRECTION ( 'NONE',  ( 1.000000000000000000, 0.000000000000000000, 0.000000000000000000 ) ) ;
#2970 = CARTESIAN_POINT ( 'NONE',  ( 6.942673012021043810, -0.1249999999999984318, -13.60828200000000088 ) ) ;
#2971 = CARTESIAN_POINT ( 'NONE',  ( -6.286000000000000476, -2.055000000000000160, -13.60828200000000088 ) ) ;
#2972 = LINE ( 'NONE', #2673, #509 ) ;
#2973 = ORIENTED_EDGE ( 'NONE', *, *, #1581, .F. ) ;
#2974 = CARTESIAN_POINT ( 'NONE',  ( -6.942673012021034928, -0.09300000000000403777, -13.10828200000000088 ) ) ;
#2975 = VERTEX_POINT ( 'NONE', #943 ) ;
#2976 = AXIS2_PLACEMENT_3D ( 'NONE', #2009, #2043, #1519 ) ;
#2977 = VECTOR ( 'NONE', #2957, 39.37007874015748143 ) ;
#2978 = DIRECTION ( 'NONE',  ( 0.000000000000000000, 0.000000000000000000, 1.000000000000000000 ) ) ;
#2979 = VERTEX_POINT ( 'NONE', #2875 ) ;
#2980 = LINE ( 'NONE', #2738, #293 ) ;
#2981 = EDGE_LOOP ( 'NONE', ( #3159, #957, #3240, #863, #1612, #2681, #2419 ) ) ;
#2982 = EDGE_CURVE ( 'NONE', #2362, #427, #3574, .T. ) ;
#2983 = DIRECTION ( 'NONE',  ( 1.000000000000000000, 0.000000000000000000, 0.000000000000000000 ) ) ;
#2984 = DIRECTION ( 'NONE',  ( 0.000000000000000000, 0.000000000000000000, 1.000000000000000000 ) ) ;
#2985 = CYLINDRICAL_SURFACE ( 'NONE', #3413, 0.1405000000000003191 ) ;
#2986 = CARTESIAN_POINT ( 'NONE',  ( -7.192673012021044698, -0.02000000000000437192, -13.10828200000000088 ) ) ;
#2987 = VERTEX_POINT ( 'NONE', #3459 ) ;
#2988 = EDGE_CURVE ( 'NONE', #2263, #516, #3425, .T. ) ;
#2989 = DIRECTION ( 'NONE',  ( 1.000000000000000000, -0.000000000000000000, 0.000000000000000000 ) ) ;
#2990 = VECTOR ( 'NONE', #2032, 39.37007874015748143 ) ;
#2991 = DIRECTION ( 'NONE',  ( -1.325174869592171047E-15, -1.000000000000000000, -3.715313271383395611E-15 ) ) ;
#2992 = VERTEX_POINT ( 'NONE', #3204 ) ;
#2993 = CIRCLE ( 'NONE', #3233, 0.1405000000000000415 ) ;
#2994 = VECTOR ( 'NONE', #1695, 39.37007874015748143 ) ;
#2995 = LINE ( 'NONE', #2718, #125 ) ;
#2996 = AXIS2_PLACEMENT_3D ( 'NONE', #3264, #3553, #1625 ) ;
#2997 = ORIENTED_EDGE ( 'NONE', *, *, #2730, .F. ) ;
#2998 = DIRECTION ( 'NONE',  ( 0.000000000000000000, 1.000000000000000000, 0.000000000000000000 ) ) ;
#2999 = VERTEX_POINT ( 'NONE', #38 ) ;
#3000 = VERTEX_POINT ( 'NONE', #1164 ) ;
#3001 = ADVANCED_FACE ( 'NONE', ( #338 ), #961, .T. ) ;
#3002 = LINE ( 'NONE', #2743, #1622 ) ;
#3003 = DIRECTION ( 'NONE',  ( 0.000000000000000000, 0.000000000000000000, 1.000000000000000000 ) ) ;
#3004 = CARTESIAN_POINT ( 'NONE',  ( 0.000000000000000000, -0.1249999999999976408, -13.60828200000000088 ) ) ;
#3005 = CARTESIAN_POINT ( 'NONE',  ( 1.269152200419122467, 1.912999174831106729E-16, 13.04645805794947222 ) ) ;
#3006 = EDGE_LOOP ( 'NONE', ( #2583, #2197 ) ) ;
#3007 = PLANE ( 'NONE',  #197 ) ;
#3008 = DIRECTION ( 'NONE',  ( 0.000000000000000000, 1.000000000000000000, 0.000000000000000000 ) ) ;
#3009 = EDGE_CURVE ( 'NONE', #2814, #635, #1001, .T. ) ;
#3010 = DIRECTION ( 'NONE',  ( 0.000000000000000000, 0.000000000000000000, 1.000000000000000000 ) ) ;
#3011 = DIRECTION ( 'NONE',  ( 1.325174869592170061E-15, 1.000000000000000000, 3.975524608776515704E-15 ) ) ;
#3012 = CARTESIAN_POINT ( 'NONE',  ( 6.286000000000000476, -0.7270000000000000906, -13.60828200000000088 ) ) ;
#3013 = ORIENTED_EDGE ( 'NONE', *, *, #3051, .F. ) ;
#3014 = VERTEX_POINT ( 'NONE', #2302 ) ;
#3015 = FACE_OUTER_BOUND ( 'NONE', #2082, .T. ) ;
#3016 = CARTESIAN_POINT ( 'NONE',  ( -6.442673012021043810, 4.771104890747052213E-14, -13.35828199999999910 ) ) ;
#3017 = CARTESIAN_POINT ( 'NONE',  ( 6.942673012021043810, -1.993199999999999861, -13.60828200000000088 ) ) ;
#3018 = LINE ( 'NONE', #3585, #2155 ) ;
#3019 = DIRECTION ( 'NONE',  ( 0.000000000000000000, 1.000000000000000000, 0.000000000000000000 ) ) ;
#3020 = DIRECTION ( 'NONE',  ( 1.000000000000000000, 0.000000000000000000, 0.000000000000000000 ) ) ;
#3021 = EDGE_CURVE ( 'NONE', #635, #1135, #616, .T. ) ;
#3022 = CARTESIAN_POINT ( 'NONE',  ( 11.62215945678592632, 0.2500000000000000000, 1.908800286327437146 ) ) ;
#3023 = AXIS2_PLACEMENT_3D ( 'NONE', #3402, #2300, #2063 ) ;
#3024 = ORIENTED_EDGE ( 'NONE', *, *, #3277, .T. ) ;
#3025 = DIRECTION ( 'NONE',  ( -1.000000000000000000, -1.325174869592158030E-15, -3.496765431890260075E-15 ) ) ;
#3026 = VECTOR ( 'NONE', #1193, 39.37007874015748143 ) ;
#3027 = DIRECTION ( 'NONE',  ( 0.000000000000000000, 0.000000000000000000, 1.000000000000000000 ) ) ;
#3028 = ORIENTED_EDGE ( 'NONE', *, *, #481, .T. ) ;
#3029 = VERTEX_POINT ( 'NONE', #2854 ) ;
#3030 = CARTESIAN_POINT ( 'NONE',  ( 6.286000000000000476, -1.883000000000000007, -13.60828200000000088 ) ) ;
#3031 = CARTESIAN_POINT ( 'NONE',  ( -0.6250000000000432987, 0.000000000000000000, 12.62775089234380133 ) ) ;
#3032 = CARTESIAN_POINT ( 'NONE',  ( -7.585825836335157391, 0.2500000000000000000, 9.180935193246515524 ) ) ;
#3033 = PLANE ( 'NONE',  #1162 ) ;
#3034 = ORIENTED_EDGE ( 'NONE', *, *, #1075, .T. ) ;
#3035 = CARTESIAN_POINT ( 'NONE',  ( 6.942673012021039369, -1.618200000000017180, -12.10828200000005772 ) ) ;
#3036 = FACE_OUTER_BOUND ( 'NONE', #1971, .T. ) ;
#3037 = DIRECTION ( 'NONE',  ( 0.000000000000000000, 0.000000000000000000, 1.000000000000000000 ) ) ;
#3038 = ORIENTED_EDGE ( 'NONE', *, *, #1032, .F. ) ;
#3039 = CIRCLE ( 'NONE', #998, 0.1719999999999999585 ) ;
#3040 = LINE ( 'NONE', #221, #3048 ) ;
#3041 = EDGE_CURVE ( 'NONE', #531, #3597, #1459, .T. ) ;
#3042 = ORIENTED_EDGE ( 'NONE', *, *, #3420, .T. ) ;
#3043 = EDGE_CURVE ( 'NONE', #3123, #610, #906, .T. ) ;
#3044 = LINE ( 'NONE', #533, #36 ) ;
#3045 = CIRCLE ( 'NONE', #1473, 0.1719999999999999585 ) ;
#3046 = VECTOR ( 'NONE', #1420, 39.37007874015748143 ) ;
#3047 = VECTOR ( 'NONE', #229, 39.37007874015748143 ) ;
#3048 = VECTOR ( 'NONE', #2439, 39.37007874015748143 ) ;
#3049 = LINE ( 'NONE', #3595, #2994 ) ;
#3050 = ADVANCED_FACE ( 'NONE', ( #2913 ), #922, .T. ) ;
#3051 = EDGE_CURVE ( 'NONE', #3593, #1326, #379, .T. ) ;
#3052 = ORIENTED_EDGE ( 'NONE', *, *, #21, .F. ) ;
#3053 = ORIENTED_EDGE ( 'NONE', *, *, #3537, .T. ) ;
#3054 = AXIS2_PLACEMENT_3D ( 'NONE', #1815, #2342, #640 ) ;
#3055 = LINE ( 'NONE', #540, #1471 ) ;
#3056 = CARTESIAN_POINT ( 'NONE',  ( -6.286000000000000476, -0.5550000000000009370, -13.35828199999999910 ) ) ;
#3057 = ADVANCED_FACE ( 'NONE', ( #2713 ), #1922, .T. ) ;
#3058 = CARTESIAN_POINT ( 'NONE',  ( 7.067673012021043810, 0.2500000000000000000, -13.48328200000000088 ) ) ;
#3059 = ORIENTED_EDGE ( 'NONE', *, *, #136, .F. ) ;
#3060 = CARTESIAN_POINT ( 'NONE',  ( -8.096785344606043822, 0.2500000000000000000, -12.86351813325019755 ) ) ;
#3061 = CARTESIAN_POINT ( 'NONE',  ( -7.067673012021043810, 0.2500000000000000000, -13.48328200000000088 ) ) ;
#3062 =( CONVERSION_BASED_UNIT ( 'INCH', #270 ) LENGTH_UNIT ( ) NAMED_UNIT ( #131 ) );
#3063 = CARTESIAN_POINT ( 'NONE',  ( 10.22035550149188943, 0.2500000000000000000, -5.900724999999976461 ) ) ;
#3064 = ORIENTED_EDGE ( 'NONE', *, *, #1681, .F. ) ;
#3065 = DIRECTION ( 'NONE',  ( 0.000000000000000000, 0.000000000000000000, 1.000000000000000000 ) ) ;
#3066 = VERTEX_POINT ( 'NONE', #2457 ) ;
#3067 = LINE ( 'NONE', #1969, #504 ) ;
#3068 = AXIS2_PLACEMENT_3D ( 'NONE', #3216, #668, #3183 ) ;
#3069 = DIRECTION ( 'NONE',  ( 0.000000000000000000, 1.000000000000000000, 0.000000000000000000 ) ) ;
#3070 = ORIENTED_EDGE ( 'NONE', *, *, #3529, .F. ) ;
#3071 = VERTEX_POINT ( 'NONE', #201 ) ;
#3072 = EDGE_CURVE ( 'NONE', #2185, #1466, #3520, .T. ) ;
#3073 = ADVANCED_FACE ( 'NONE', ( #526 ), #491, .T. ) ;
#3074 = DIRECTION ( 'NONE',  ( 0.000000000000000000, 3.506302574893970122E-15, -1.000000000000000000 ) ) ;
#3075 = DIRECTION ( 'NONE',  ( 0.000000000000000000, 0.000000000000000000, 1.000000000000000000 ) ) ;
#3076 = DIRECTION ( 'NONE',  ( -1.009736416826692002E-15, 0.000000000000000000, -1.000000000000000000 ) ) ;
#3077 = EDGE_LOOP ( 'NONE', ( #1131, #1641, #2562, #955 ) ) ;
#3078 = CARTESIAN_POINT ( 'NONE',  ( 6.286000000000000476, -2.055000000000000160, -13.60828200000000088 ) ) ;
#3079 = CARTESIAN_POINT ( 'NONE',  ( 1.733202521323826906, 0.2500000000000000000, 12.30062885728342614 ) ) ;
#3080 = CARTESIAN_POINT ( 'NONE',  ( 1.733202521323826906, 0.2500000000000000000, 12.30062885728342614 ) ) ;
#3081 = ORIENTED_EDGE ( 'NONE', *, *, #2878, .F. ) ;
#3082 = VERTEX_POINT ( 'NONE', #2437 ) ;
#3083 = CARTESIAN_POINT ( 'NONE',  ( -2.731847993664263711E-16, 0.2500000000000000000, 2.731847993664263711E-16 ) ) ;
#3084 = ORIENTED_EDGE ( 'NONE', *, *, #1954, .T. ) ;
#3085 = CARTESIAN_POINT ( 'NONE',  ( 1.958122249573083007, 0.000000000000000000, 12.20040039091647621 ) ) ;
#3086 = EDGE_CURVE ( 'NONE', #189, #2157, #414, .T. ) ;
#3087 = DIRECTION ( 'NONE',  ( 0.000000000000000000, 1.000000000000000000, 3.506302574893970122E-15 ) ) ;
#3088 = AXIS2_PLACEMENT_3D ( 'NONE', #1406, #3374, #11 ) ;
#3089 = VERTEX_POINT ( 'NONE', #1614 ) ;
#3090 = ORIENTED_EDGE ( 'NONE', *, *, #2711, .F. ) ;
#3091 = AXIS2_PLACEMENT_3D ( 'NONE', #1633, #297, #3594 ) ;
#3092 = DIRECTION ( 'NONE',  ( -1.000000000000000000, 0.000000000000000000, 0.000000000000000000 ) ) ;
#3093 = LINE ( 'NONE', #3412, #2358 ) ;
#3094 = CYLINDRICAL_SURFACE ( 'NONE', #924, 0.2500000000000000555 ) ;
#3095 = EDGE_CURVE ( 'NONE', #802, #759, #3320, .T. ) ;
#3096 = ORIENTED_EDGE ( 'NONE', *, *, #2087, .T. ) ;
#3097 = DIRECTION ( 'NONE',  ( 1.000000000000000000, 3.278217592396450458E-15, 1.149442278528236055E-29 ) ) ;
#3098 = CARTESIAN_POINT ( 'NONE',  ( 1.456673423708088722, 0.2500000000000000000, 12.62527849455494078 ) ) ;
#3099 = DIRECTION ( 'NONE',  ( 0.000000000000000000, 1.000000000000000000, 0.000000000000000000 ) ) ;
#3100 = CARTESIAN_POINT ( 'NONE',  ( -10.22035550149188943, 0.2500000000000000000, -6.041224999999980305 ) ) ;
#3101 = EDGE_CURVE ( 'NONE', #9, #2676, #63, .T. ) ;
#3102 = EDGE_CURVE ( 'NONE', #2263, #2107, #60, .T. ) ;
#3103 = VERTEX_POINT ( 'NONE', #1538 ) ;
#3104 = DIRECTION ( 'NONE',  ( 0.000000000000000000, 0.000000000000000000, 1.000000000000000000 ) ) ;
#3105 = EDGE_LOOP ( 'NONE', ( #1024, #3283 ) ) ;
#3106 = CARTESIAN_POINT ( 'NONE',  ( 10.22035550149188943, 0.2500000000000000000, -5.900724999999976461 ) ) ;
#3107 = ADVANCED_FACE ( 'NONE', ( #2732 ), #217, .T. ) ;
#3108 = CARTESIAN_POINT ( 'NONE',  ( 6.442673012021043810, -0.2190000000000098535, -13.60828200000000088 ) ) ;
#3109 = DIRECTION ( 'NONE',  ( 0.000000000000000000, 3.506302574893970122E-15, -1.000000000000000000 ) ) ;
#3110 = AXIS2_PLACEMENT_3D ( 'NONE', #366, #2933, #2655 ) ;
#3111 = VERTEX_POINT ( 'NONE', #2650 ) ;
#3112 = EDGE_LOOP ( 'NONE', ( #2126, #355, #2512, #374 ) ) ;
#3113 = AXIS2_PLACEMENT_3D ( 'NONE', #2084, #3146, #397 ) ;
#3114 = CIRCLE ( 'NONE', #2701, 0.1720000000000000417 ) ;
#3115 = CARTESIAN_POINT ( 'NONE',  ( 7.192673012021044698, -0.2190000000000165425, -12.10828200000004173 ) ) ;
#3116 = DIRECTION ( 'NONE',  ( 0.000000000000000000, 0.000000000000000000, 1.000000000000000000 ) ) ;
#3117 = CARTESIAN_POINT ( 'NONE',  ( 12.35638000000009207, -0.09299999999997846101, -13.10828199999993338 ) ) ;
#3118 = CIRCLE ( 'NONE', #3578, 0.1405000000000003191 ) ;
#3119 = ORIENTED_EDGE ( 'NONE', *, *, #2628, .T. ) ;
#3120 = CARTESIAN_POINT ( 'NONE',  ( -11.62215945678592632, 0.2500000000000000000, 2.049300286327440990 ) ) ;
#3121 =( NAMED_UNIT ( * ) SI_UNIT ( $, .STERADIAN. ) SOLID_ANGLE_UNIT ( ) );
#3122 = CARTESIAN_POINT ( 'NONE',  ( 6.817673012021043810, -0.2190000000000098535, -13.60828200000000088 ) ) ;
#3123 = VERTEX_POINT ( 'NONE', #1373 ) ;
#3124 = EDGE_CURVE ( 'NONE', #3387, #1455, #818, .T. ) ;
#3125 = DIRECTION ( 'NONE',  ( 0.000000000000000000, 1.000000000000000000, 0.000000000000000000 ) ) ;
#3126 = ORIENTED_EDGE ( 'NONE', *, *, #1151, .F. ) ;
#3127 = DIRECTION ( 'NONE',  ( 0.000000000000000000, -1.000000000000000000, 0.000000000000000000 ) ) ;
#3128 = DIRECTION ( 'NONE',  ( 0.000000000000000000, 0.000000000000000000, 1.000000000000000000 ) ) ;
#3129 = DIRECTION ( 'NONE',  ( 0.000000000000000000, 1.000000000000000000, 0.000000000000000000 ) ) ;
#3130 = ORIENTED_EDGE ( 'NONE', *, *, #2884, .T. ) ;
#3131 = ORIENTED_EDGE ( 'NONE', *, *, #1306, .T. ) ;
#3132 = VECTOR ( 'NONE', #701, 39.37007874015748143 ) ;
#3133 = DIRECTION ( 'NONE',  ( 0.000000000000000000, 3.505871591869135726E-15, -1.000000000000000000 ) ) ;
#3134 = DIRECTION ( 'NONE',  ( 0.000000000000000000, 0.000000000000000000, 1.000000000000000000 ) ) ;
#3135 = ORIENTED_EDGE ( 'NONE', *, *, #960, .F. ) ;
#3136 = LINE ( 'NONE', #386, #3326 ) ;
#3137 = CARTESIAN_POINT ( 'NONE',  ( 1.310510525686539474, 0.2500000000000000000, 12.95356573849177195 ) ) ;
#3138 = CARTESIAN_POINT ( 'NONE',  ( 6.286000000000000476, -1.883000000000000895, -13.35828199999999910 ) ) ;
#3139 = CARTESIAN_POINT ( 'NONE',  ( -6.286000000000000476, -2.226999999999999869, -13.60828200000000088 ) ) ;
#3140 = VERTEX_POINT ( 'NONE', #3556 ) ;
#3141 = LINE ( 'NONE', #1415, #2540 ) ;
#3142 = EDGE_LOOP ( 'NONE', ( #282, #1182, #882, #723 ) ) ;
#3143 = LINE ( 'NONE', #2332, #2559 ) ;
#3144 = EDGE_CURVE ( 'NONE', #2918, #152, #2749, .T. ) ;
#3145 = FACE_OUTER_BOUND ( 'NONE', #2078, .T. ) ;
#3146 = DIRECTION ( 'NONE',  ( 1.000000000000000000, -1.325174869592153889E-15, -4.370956789862810105E-15 ) ) ;
#3147 = ADVANCED_FACE ( 'NONE', ( #138 ), #819, .F. ) ;
#3148 = ORIENTED_EDGE ( 'NONE', *, *, #1053, .F. ) ;
#3149 = ORIENTED_EDGE ( 'NONE', *, *, #2762, .T. ) ;
#3150 = DIRECTION ( 'NONE',  ( 3.496765431890260075E-15, 0.000000000000000000, -1.000000000000000000 ) ) ;
#3151 = VECTOR ( 'NONE', #3025, 39.37007874015748143 ) ;
#3152 = EDGE_LOOP ( 'NONE', ( #1947, #1555 ) ) ;
#3153 = AXIS2_PLACEMENT_3D ( 'NONE', #348, #1468, #1252 ) ;
#3154 = LINE ( 'NONE', #642, #2737 ) ;
#3155 = CARTESIAN_POINT ( 'NONE',  ( -1.732976597320039280, 0.000000000000000000, 12.30078025159200728 ) ) ;
#3156 = DIRECTION ( 'NONE',  ( -1.000000000000000000, -0.000000000000000000, -0.000000000000000000 ) ) ;
#3157 = DIRECTION ( 'NONE',  ( -0.000000000000000000, -1.000000000000000000, -3.506302574893970122E-15 ) ) ;
#3158 = VECTOR ( 'NONE', #502, 39.37007874015748143 ) ;
#3159 = ORIENTED_EDGE ( 'NONE', *, *, #448, .F. ) ;
#3160 = ADVANCED_FACE ( 'NONE', ( #979 ), #1045, .F. ) ;
#3161 = DIRECTION ( 'NONE',  ( -0.000000000000000000, -1.000000000000000000, -3.506302574893970122E-15 ) ) ;
#3162 = EDGE_LOOP ( 'NONE', ( #939, #576 ) ) ;
#3163 = CARTESIAN_POINT ( 'NONE',  ( 4.036333620450724524, 0.000000000000000000, -11.23023547957385837 ) ) ;
#3164 = B_SPLINE_SURFACE_WITH_KNOTS ( 'NONE', 3, 1, ( 
 ( #3231, #2054 ),
 ( #1819, #2637 ),
 ( #3431, #2937 ),
 ( #423, #127 ),
 ( #912, #1550 ),
 ( #3155, #3196 ),
 ( #1212, #1799 ),
 ( #147, #2619 ),
 ( #2325, #1469 ),
 ( #2384, #989 ),
 ( #1253, #3449 ),
 ( #716, #2109 ),
 ( #1837, #934 ),
 ( #1511, #2587 ),
 ( #643, #1764 ) ),
 .UNSPECIFIED., .F., .F., .F.,
 ( 4, 2, 2, 1, 2, 2, 2, 4 ),
 ( 2, 2 ),
 ( 0.000000000000000000, 0.2500000000000000000, 0.3750000000000000000, 0.5000000000000000000, 0.6250000000000000000, 0.6875000000000000000, 0.7500000000000024425, 1.000000000000000000 ),
 ( 0.000000000000000000, 1.000000000000000000 ),
 .UNSPECIFIED. ) ;
#3165 = CARTESIAN_POINT ( 'NONE',  ( -7.192673012021044698, 4.317827152340259763E-14, -13.23328200000003996 ) ) ;
#3166 = MANIFOLD_SOLID_BREP ( 'Cut-Extrude1', #2334 ) ;
#3167 = DIRECTION ( 'NONE',  ( 1.000000000000000000, 0.000000000000000000, 0.000000000000000000 ) ) ;
#3168 = EDGE_CURVE ( 'NONE', #3434, #3123, #241, .T. ) ;
#3169 = ORIENTED_EDGE ( 'NONE', *, *, #613, .T. ) ;
#3170 = EDGE_LOOP ( 'NONE', ( #2412, #2351 ) ) ;
#3171 = AXIS2_PLACEMENT_3D ( 'NONE', #2667, #190, #725 ) ;
#3172 = EDGE_CURVE ( 'NONE', #2999, #646, #2006, .T. ) ;
#3173 = DIRECTION ( 'NONE',  ( 1.000000000000000000, 0.000000000000000000, 0.000000000000000000 ) ) ;
#3174 = VECTOR ( 'NONE', #2921, 39.37007874015748143 ) ;
#3175 = EDGE_LOOP ( 'NONE', ( #786, #2791, #2284, #1989 ) ) ;
#3176 = DIRECTION ( 'NONE',  ( 0.000000000000000000, 1.000000000000000000, 0.000000000000000000 ) ) ;
#3177 = CARTESIAN_POINT ( 'NONE',  ( -6.692673012021043810, -1.993199999999999861, -13.60828200000000088 ) ) ;
#3178 = AXIS2_PLACEMENT_3D ( 'NONE', #873, #3075, #559 ) ;
#3179 = FACE_OUTER_BOUND ( 'NONE', #271, .T. ) ;
#3180 = CARTESIAN_POINT ( 'NONE',  ( -1.732976597320039280, 0.2500000000000000000, 12.30078025159200728 ) ) ;
#3181 = DIMENSIONAL_EXPONENTS ( 1.000000000000000000, 0.000000000000000000, 0.000000000000000000, 0.000000000000000000, 0.000000000000000000, 0.000000000000000000, 0.000000000000000000 ) ;
#3182 = ORIENTED_EDGE ( 'NONE', *, *, #344, .F. ) ;
#3183 = DIRECTION ( 'NONE',  ( 0.000000000000000000, -1.511622556494224583E-14, -1.000000000000000000 ) ) ;
#3184 = ORIENTED_EDGE ( 'NONE', *, *, #829, .F. ) ;
#3185 = CARTESIAN_POINT ( 'NONE',  ( 1.786915018308866010, 0.000000000000000000, 12.26939355717875912 ) ) ;
#3186 = LINE ( 'NONE', #958, #2411 ) ;
#3187 = ADVANCED_FACE ( 'NONE', ( #350 ), #546, .T. ) ;
#3188 = DIRECTION ( 'NONE',  ( 0.000000000000000000, 3.506302574893970122E-15, -1.000000000000000000 ) ) ;
#3189 = CARTESIAN_POINT ( 'NONE',  ( 7.192673012021044698, -1.868200000000000083, -13.23328200000003996 ) ) ;
#3190 = ORIENTED_EDGE ( 'NONE', *, *, #2435, .F. ) ;
#3191 = DIRECTION ( 'NONE',  ( -1.000000000000000000, 1.325174869592158030E-15, 3.496765431890260075E-15 ) ) ;
#3192 = ORIENTED_EDGE ( 'NONE', *, *, #1734, .T. ) ;
#3193 = EDGE_CURVE ( 'NONE', #2299, #246, #1298, .T. ) ;
#3194 = CIRCLE ( 'NONE', #3068, 0.3750000000000002220 ) ;
#3195 = CARTESIAN_POINT ( 'NONE',  ( 7.067673012021043810, 0.2500000000000000000, -12.73328200000000088 ) ) ;
#3196 = CARTESIAN_POINT ( 'NONE',  ( -1.732976597320039280, 0.2500000000000000000, 12.30078025159200728 ) ) ;
#3197 = DIRECTION ( 'NONE',  ( 0.000000000000000000, 1.000000000000000000, 0.000000000000000000 ) ) ;
#3198 = FACE_OUTER_BOUND ( 'NONE', #2595, .T. ) ;
#3199 = ADVANCED_FACE ( 'NONE', ( #330 ), #3397, .F. ) ;
#3200 = VERTEX_POINT ( 'NONE', #3138 ) ;
#3201 = FACE_OUTER_BOUND ( 'NONE', #892, .T. ) ;
#3202 = VERTEX_POINT ( 'NONE', #1742 ) ;
#3203 = CYLINDRICAL_SURFACE ( 'NONE', #3575, 0.1720000000000000417 ) ;
#3204 = CARTESIAN_POINT ( 'NONE',  ( 6.442673012021043810, -0.1249999999999993200, -13.35828199999999910 ) ) ;
#3205 = DIRECTION ( 'NONE',  ( 1.000000000000000000, 0.000000000000000000, 0.000000000000000000 ) ) ;
#3206 = ORIENTED_EDGE ( 'NONE', *, *, #2885, .T. ) ;
#3207 = CARTESIAN_POINT ( 'NONE',  ( -7.192673012021044698, -1.868200000000000083, -12.35828200000005950 ) ) ;
#3208 = ORIENTED_EDGE ( 'NONE', *, *, #1816, .T. ) ;
#3209 = VECTOR ( 'NONE', #1066, 39.37007874015748143 ) ;
#3210 = DIRECTION ( 'NONE',  ( 0.000000000000000000, 3.506302574893970122E-15, -1.000000000000000000 ) ) ;
#3211 = CARTESIAN_POINT ( 'NONE',  ( 6.942673012021041146, -0.09299999999998562195, -12.10828200000001331 ) ) ;
#3212 = CARTESIAN_POINT ( 'NONE',  ( 6.692673012021043810, -2.493200000000001193, -13.35828200000000798 ) ) ;
#3213 = CARTESIAN_POINT ( 'NONE',  ( -6.817673012021043810, -0.2190000000000106306, -13.60828200000000088 ) ) ;
#3214 = AXIS2_PLACEMENT_3D ( 'NONE', #1020, #2142, #772 ) ;
#3215 = ORIENTED_EDGE ( 'NONE', *, *, #1462, .T. ) ;
#3216 = CARTESIAN_POINT ( 'NONE',  ( -6.942673012021043810, -0.1250000000000000000, -13.23328200000000088 ) ) ;
#3217 = AXIS2_PLACEMENT_3D ( 'NONE', #31, #879, #351 ) ;
#3218 = EDGE_CURVE ( 'NONE', #2276, #2454, #532, .T. ) ;
#3219 = ADVANCED_FACE ( 'NONE', ( #1389 ), #382, .F. ) ;
#3220 = ORIENTED_EDGE ( 'NONE', *, *, #831, .F. ) ;
#3221 = VECTOR ( 'NONE', #2827, 39.37007874015748143 ) ;
#3222 = DIRECTION ( 'NONE',  ( -1.000000000000000000, -1.325174869592158030E-15, -3.496765431890260469E-15 ) ) ;
#3223 = EDGE_CURVE ( 'NONE', #864, #2269, #822, .T. ) ;
#3224 = CARTESIAN_POINT ( 'NONE',  ( 7.358179529846889722, 0.000000000000000000, -12.73328200000000088 ) ) ;
#3225 = DIRECTION ( 'NONE',  ( 1.000000000000000000, -0.000000000000000000, -0.000000000000000000 ) ) ;
#3226 = VERTEX_POINT ( 'NONE', #1231 ) ;
#3227 = DIRECTION ( 'NONE',  ( 1.325174869592158030E-15, 1.000000000000000000, 0.000000000000000000 ) ) ;
#3228 = ORIENTED_EDGE ( 'NONE', *, *, #206, .F. ) ;
#3229 = VECTOR ( 'NONE', #3294, 39.37007874015748143 ) ;
#3230 = DIRECTION ( 'NONE',  ( 0.000000000000000000, 0.000000000000000000, -1.000000000000000000 ) ) ;
#3231 = CARTESIAN_POINT ( 'NONE',  ( -2.019619653481279364, 0.000000000000000000, 12.19021177665393729 ) ) ;
#3232 = CARTESIAN_POINT ( 'NONE',  ( -6.942673012021043810, -0.1250000000000000000, -13.23328200000000088 ) ) ;
#3233 = AXIS2_PLACEMENT_3D ( 'NONE', #228, #2128, #2160 ) ;
#3234 = DIRECTION ( 'NONE',  ( 0.000000000000000000, 1.000000000000000000, 0.000000000000000000 ) ) ;
#3235 = AXIS2_PLACEMENT_3D ( 'NONE', #2210, #1107, #3332 ) ;
#3236 = EDGE_LOOP ( 'NONE', ( #2203, #910, #2375, #17 ) ) ;
#3237 = VECTOR ( 'NONE', #1095, 39.37007874015748143 ) ;
#3238 = AXIS2_PLACEMENT_3D ( 'NONE', #2359, #2947, #3477 ) ;
#3239 = DIRECTION ( 'NONE',  ( 0.000000000000000000, 0.000000000000000000, -1.000000000000000000 ) ) ;
#3240 = ORIENTED_EDGE ( 'NONE', *, *, #1173, .F. ) ;
#3241 = AXIS2_PLACEMENT_3D ( 'NONE', #878, #2566, #2019 ) ;
#3242 = ADVANCED_FACE ( 'NONE', ( #3471 ), #129, .F. ) ;
#3243 = EDGE_CURVE ( 'NONE', #927, #2269, #2938, .T. ) ;
#3244 = DIRECTION ( 'NONE',  ( 0.000000000000000000, 1.000000000000000000, 0.000000000000000000 ) ) ;
#3245 = VERTEX_POINT ( 'NONE', #2890 ) ;
#3246 = DIRECTION ( 'NONE',  ( -1.000000000000000000, 0.000000000000000000, 0.000000000000000000 ) ) ;
#3247 = ORIENTED_EDGE ( 'NONE', *, *, #613, .F. ) ;
#3248 = CARTESIAN_POINT ( 'NONE',  ( -7.192673012021044698, -1.618200000000017624, -12.10828200000006127 ) ) ;
#3249 = LINE ( 'NONE', #2399, #817 ) ;
#3250 = DIRECTION ( 'NONE',  ( 0.000000000000000000, 1.000000000000000000, 0.000000000000000000 ) ) ;
#3251 = CARTESIAN_POINT ( 'NONE',  ( -8.843271017152501301, 0.000000000000000000, -8.629987509932483647 ) ) ;
#3252 = AXIS2_PLACEMENT_3D ( 'NONE', #2080, #1769, #3474 ) ;
#3253 = EDGE_LOOP ( 'NONE', ( #192, #2050, #556, #884 ) ) ;
#3254 = CARTESIAN_POINT ( 'NONE',  ( 7.067673012021044698, 0.000000000000000000, -13.48328200000000088 ) ) ;
#3255 = ORIENTED_EDGE ( 'NONE', *, *, #243, .F. ) ;
#3256 = LINE ( 'NONE', #431, #3410 ) ;
#3257 = ADVANCED_FACE ( 'NONE', ( #2620 ), #2076, .F. ) ;
#3258 = ORIENTED_EDGE ( 'NONE', *, *, #3302, .T. ) ;
#3259 = CARTESIAN_POINT ( 'NONE',  ( 4.036333620450724524, 0.2500000000000000000, -11.08973547957385897 ) ) ;
#3260 = ADVANCED_FACE ( 'NONE', ( #3179 ), #2905, .F. ) ;
#3261 = ORIENTED_EDGE ( 'NONE', *, *, #1289, .F. ) ;
#3262 = DIRECTION ( 'NONE',  ( 0.000000000000000000, 0.000000000000000000, 1.000000000000000000 ) ) ;
#3263 = CARTESIAN_POINT ( 'NONE',  ( -7.192673012021044698, -1.868200000000000083, -13.35828200000006127 ) ) ;
#3264 = CARTESIAN_POINT ( 'NONE',  ( 0.6250000000000432987, 0.2500000000000000000, 12.70825089234380201 ) ) ;
#3265 = CARTESIAN_POINT ( 'NONE',  ( 6.942673012021043810, 8.728703347107833388E-16, -13.60828200000000088 ) ) ;
#3266 = ORIENTED_EDGE ( 'NONE', *, *, #2119, .F. ) ;
#3267 = CARTESIAN_POINT ( 'NONE',  ( 7.949677661563011941E-14, 0.2500000000000000000, 11.80144999999999911 ) ) ;
#3268 = ORIENTED_EDGE ( 'NONE', *, *, #626, .T. ) ;
#3269 = EDGE_CURVE ( 'NONE', #3202, #2306, #2659, .T. ) ;
#3270 = VECTOR ( 'NONE', #2004, 39.37007874015748143 ) ;
#3271 = DIRECTION ( 'NONE',  ( 0.000000000000000000, -1.000000000000000000, 0.000000000000000000 ) ) ;
#3272 = ORIENTED_EDGE ( 'NONE', *, *, #780, .F. ) ;
#3273 = DIRECTION ( 'NONE',  ( 0.000000000000000000, 0.000000000000000000, 1.000000000000000000 ) ) ;
#3274 = AXIS2_PLACEMENT_3D ( 'NONE', #1006, #1300, #2983 ) ;
#3275 = ORIENTED_EDGE ( 'NONE', *, *, #2878, .T. ) ;
#3276 = ORIENTED_EDGE ( 'NONE', *, *, #2382, .T. ) ;
#3277 = EDGE_CURVE ( 'NONE', #1749, #141, #1838, .T. ) ;
#3278 = AXIS2_PLACEMENT_3D ( 'NONE', #1365, #2834, #2209 ) ;
#3279 = DIRECTION ( 'NONE',  ( -1.000000000000000000, 0.000000000000000000, 0.000000000000000000 ) ) ;
#3280 = FACE_BOUND ( 'NONE', #91, .T. ) ;
#3281 = DIRECTION ( 'NONE',  ( 0.000000000000000000, 0.000000000000000000, 1.000000000000000000 ) ) ;
#3282 = CARTESIAN_POINT ( 'NONE',  ( 1.183885726451881837, 1.912999174831106729E-16, 13.10183075358899885 ) ) ;
#3283 = ORIENTED_EDGE ( 'NONE', *, *, #3607, .F. ) ;
#3284 = DIRECTION ( 'NONE',  ( 0.000000000000000000, 3.506302574893970122E-15, -1.000000000000000000 ) ) ;
#3285 = DIRECTION ( 'NONE',  ( -0.4067366430757979323, 0.000000000000000000, -0.9135454576426018658 ) ) ;
#3286 = FACE_BOUND ( 'NONE', #2328, .T. ) ;
#3287 = AXIS2_PLACEMENT_3D ( 'NONE', #2035, #2308, #2604 ) ;
#3288 = AXIS2_PLACEMENT_3D ( 'NONE', #2261, #3109, #3069 ) ;
#3289 = VECTOR ( 'NONE', #1843, 39.37007874015748143 ) ;
#3290 = CARTESIAN_POINT ( 'NONE',  ( -1.269152200419100263, 1.912999174831106729E-16, 13.04645805794949354 ) ) ;
#3291 = AXIS2_PLACEMENT_3D ( 'NONE', #1367, #2708, #1898 ) ;
#3292 = EDGE_LOOP ( 'NONE', ( #1982, #3419, #394, #40 ) ) ;
#3293 = EDGE_CURVE ( 'NONE', #2306, #1653, #2922, .T. ) ;
#3294 = DIRECTION ( 'NONE',  ( 3.496765431890260469E-15, 2.896141046997153761E-31, -1.000000000000000000 ) ) ;
#3295 = ORIENTED_EDGE ( 'NONE', *, *, #2730, .T. ) ;
#3296 =( BOUNDED_CURVE ( )  B_SPLINE_CURVE ( 3, ( #1493, #69, #3469, #2369 ),
 .UNSPECIFIED., .F., .F. ) 
 B_SPLINE_CURVE_WITH_KNOTS ( ( 4, 4 ),
 ( 0.000000000000000000, 1.000000000000000000 ),
 .UNSPECIFIED. ) 
 CURVE ( )  GEOMETRIC_REPRESENTATION_ITEM ( )  RATIONAL_B_SPLINE_CURVE ( ( 1.000000000000000000, 0.8925278267257520382, 0.8925278267257520382, 1.000000000000000000 ) ) 
 REPRESENTATION_ITEM ( '' )  );
#3297 = ORIENTED_EDGE ( 'NONE', *, *, #984, .F. ) ;
#3298 = CARTESIAN_POINT ( 'NONE',  ( 0.6250000000000432987, 0.2500000000000000000, 12.62775089234380133 ) ) ;
#3299 = DIRECTION ( 'NONE',  ( 0.000000000000000000, 1.000000000000000000, 0.000000000000000000 ) ) ;
#3300 = DIRECTION ( 'NONE',  ( 0.000000000000000000, 3.506302574893970122E-15, -1.000000000000000000 ) ) ;
#3301 = LINE ( 'NONE', #775, #3158 ) ;
#3302 = EDGE_CURVE ( 'NONE', #1653, #2148, #680, .T. ) ;
#3303 = DIRECTION ( 'NONE',  ( 0.000000000000000000, 0.000000000000000000, 1.000000000000000000 ) ) ;
#3304 = SURFACE_STYLE_USAGE ( .BOTH. , #1889 ) ;
#3305 = CARTESIAN_POINT ( 'NONE',  ( -7.358179529846889722, 0.000000000000000000, -12.73328200000000088 ) ) ;
#3306 = CIRCLE ( 'NONE', #1726, 0.7500000000000004441 ) ;
#3307 = DIRECTION ( 'NONE',  ( 0.000000000000000000, 3.506302574893970122E-15, -1.000000000000000000 ) ) ;
#3308 = ORIENTED_EDGE ( 'NONE', *, *, #2242, .F. ) ;
#3309 = DIRECTION ( 'NONE',  ( -1.000000000000000000, -1.325174869592158030E-15, -3.496765431890260075E-15 ) ) ;
#3310 = CYLINDRICAL_SURFACE ( 'NONE', #1539, 0.1404999999999992366 ) ;
#3311 = EDGE_LOOP ( 'NONE', ( #3317, #2030, #2502, #907 ) ) ;
#3312 = ORIENTED_EDGE ( 'NONE', *, *, #373, .F. ) ;
#3313 = CARTESIAN_POINT ( 'NONE',  ( -6.442673012021043810, -0.1249999999999993200, -13.35828199999999910 ) ) ;
#3314 = DIRECTION ( 'NONE',  ( 0.000000000000000000, 1.000000000000000000, 0.000000000000000000 ) ) ;
#3315 = DIRECTION ( 'NONE',  ( 0.000000000000000000, 3.506302574893970122E-15, -1.000000000000000000 ) ) ;
#3316 = LINE ( 'NONE', #1109, #2868 ) ;
#3317 = ORIENTED_EDGE ( 'NONE', *, *, #1201, .F. ) ;
#3318 = PLANE ( 'NONE',  #1386 ) ;
#3319 = CARTESIAN_POINT ( 'NONE',  ( -2.036000000000000032, -1.883000000000000007, -13.60828200000000088 ) ) ;
#3320 = LINE ( 'NONE', #1337, #1647 ) ;
#3321 = ORIENTED_EDGE ( 'NONE', *, *, #2094, .T. ) ;
#3322 = LINE ( 'NONE', #530, #888 ) ;
#3323 = VECTOR ( 'NONE', #1730, 39.37007874015748143 ) ;
#3324 = VERTEX_POINT ( 'NONE', #1800 ) ;
#3325 = CARTESIAN_POINT ( 'NONE',  ( -7.192673012021044698, -1.618200000000017624, -12.10828200000006127 ) ) ;
#3326 = VECTOR ( 'NONE', #2903, 39.37007874015748143 ) ;
#3327 = CARTESIAN_POINT ( 'NONE',  ( -1.814050343894822781, 0.000000000000000000, 12.25498596056187139 ) ) ;
#3328 = VECTOR ( 'NONE', #46, 39.37007874015748143 ) ;
#3329 = EDGE_LOOP ( 'NONE', ( #296, #826, #1190, #1485 ) ) ;
#3330 = ORIENTED_EDGE ( 'NONE', *, *, #1904, .F. ) ;
#3331 = LINE ( 'NONE', #57, #2574 ) ;
#3332 = DIRECTION ( 'NONE',  ( -1.000000000000000000, 0.000000000000000000, 0.000000000000000000 ) ) ;
#3333 = CARTESIAN_POINT ( 'NONE',  ( -6.942673012021043810, -2.493199999999999861, -13.60828200000000088 ) ) ;
#3334 = ORIENTED_EDGE ( 'NONE', *, *, #1875, .F. ) ;
#3335 = CARTESIAN_POINT ( 'NONE',  ( -8.096785344606043822, 0.2500000000000000000, -12.86351813325019755 ) ) ;
#3336 = LINE ( 'NONE', #816, #1825 ) ;
#3337 = DIRECTION ( 'NONE',  ( 0.000000000000000000, 0.000000000000000000, -1.000000000000000000 ) ) ;
#3338 = ORIENTED_EDGE ( 'NONE', *, *, #2809, .T. ) ;
#3339 = AXIS2_PLACEMENT_3D ( 'NONE', #2703, #461, #2720 ) ;
#3340 = CARTESIAN_POINT ( 'NONE',  ( 6.942673012021083778, -0.2190000000000217328, -2.427557797009101670E-14 ) ) ;
#3341 = ORIENTED_EDGE ( 'NONE', *, *, #272, .F. ) ;
#3342 = CARTESIAN_POINT ( 'NONE',  ( 7.192673012021044698, -0.2190000000000141833, -13.23328200000003996 ) ) ;
#3343 = CIRCLE ( 'NONE', #1000, 0.2500000000000008882 ) ;
#3344 = VECTOR ( 'NONE', #3606, 39.37007874015748143 ) ;
#3345 = EDGE_CURVE ( 'NONE', #3401, #977, #2092, .T. ) ;
#3346 = EDGE_CURVE ( 'NONE', #3324, #846, #407, .T. ) ;
#3347 = AXIS2_PLACEMENT_3D ( 'NONE', #2370, #1551, #3487 ) ;
#3348 = AXIS2_PLACEMENT_3D ( 'NONE', #315, #2849, #3065 ) ;
#3349 = CARTESIAN_POINT ( 'NONE',  ( -1.082202423578874528, 0.000000000000000000, 13.10183075358899529 ) ) ;
#3350 = ORIENTED_EDGE ( 'NONE', *, *, #3417, .F. ) ;
#3351 = ORIENTED_EDGE ( 'NONE', *, *, #1618, .T. ) ;
#3352 = LINE ( 'NONE', #24, #56 ) ;
#3353 = FACE_OUTER_BOUND ( 'NONE', #3142, .T. ) ;
#3354 = DIRECTION ( 'NONE',  ( 0.000000000000000000, 0.000000000000000000, 1.000000000000000000 ) ) ;
#3355 = ORIENTED_EDGE ( 'NONE', *, *, #2079, .T. ) ;
#3356 = LINE ( 'NONE', #2509, #2443 ) ;
#3357 = DIRECTION ( 'NONE',  ( 0.000000000000000000, 0.000000000000000000, 1.000000000000000000 ) ) ;
#3358 = ORIENTED_EDGE ( 'NONE', *, *, #3417, .T. ) ;
#3359 = ORIENTED_EDGE ( 'NONE', *, *, #2838, .T. ) ;
#3360 = DIRECTION ( 'NONE',  ( 0.000000000000000000, 1.000000000000000000, 0.000000000000000000 ) ) ;
#3361 = ORIENTED_EDGE ( 'NONE', *, *, #2182, .T. ) ;
#3362 = CARTESIAN_POINT ( 'NONE',  ( 10.22035550149188943, 0.000000000000000000, -5.760224999999976170 ) ) ;
#3363 = AXIS2_PLACEMENT_3D ( 'NONE', #2810, #1181, #295 ) ;
#3364 = LINE ( 'NONE', #1378, #712 ) ;
#3365 = ADVANCED_FACE ( 'NONE', ( #371 ), #1531, .T. ) ;
#3366 = VERTEX_POINT ( 'NONE', #89 ) ;
#3367 = VERTEX_POINT ( 'NONE', #3212 ) ;
#3368 = ADVANCED_FACE ( 'NONE', ( #1271 ), #928, .F. ) ;
#3369 = CARTESIAN_POINT ( 'NONE',  ( 6.817673012021043810, -0.2190000000000141833, -13.23328200000003996 ) ) ;
#3370 = EDGE_CURVE ( 'NONE', #1911, #2611, #1866, .T. ) ;
#3371 = DIRECTION ( 'NONE',  ( 0.000000000000000000, 1.000000000000000000, 0.000000000000000000 ) ) ;
#3372 = CARTESIAN_POINT ( 'NONE',  ( -6.286000000000000476, -2.055000000000000160, -13.60828200000000088 ) ) ;
#3373 = ORIENTED_EDGE ( 'NONE', *, *, #1160, .F. ) ;
#3374 = DIRECTION ( 'NONE',  ( 0.000000000000000000, 0.000000000000000000, -1.000000000000000000 ) ) ;
#3375 = DIRECTION ( 'NONE',  ( 0.000000000000000000, 3.551402391763560919E-15, -1.000000000000000000 ) ) ;
#3376 = CARTESIAN_POINT ( 'NONE',  ( 1.482027870354999832, 0.2500000000000000000, 12.56833147500399761 ) ) ;
#3377 = LINE ( 'NONE', #2621, #746 ) ;
#3378 = EDGE_LOOP ( 'NONE', ( #1963, #2685, #2696, #1217 ) ) ;
#3379 = CARTESIAN_POINT ( 'NONE',  ( -6.442673012021043810, -0.1249999999999984318, -13.60828200000000088 ) ) ;
#3380 = ORIENTED_EDGE ( 'NONE', *, *, #1476, .F. ) ;
#3381 = EDGE_CURVE ( 'NONE', #1135, #2071, #1479, .T. ) ;
#3382 = CARTESIAN_POINT ( 'NONE',  ( -6.817673012021043810, -0.2190000000000129898, -13.23328200000003996 ) ) ;
#3383 = AXIS2_PLACEMENT_3D ( 'NONE', #112, #3127, #1502 ) ;
#3384 = ADVANCED_FACE ( 'NONE', ( #1073, #2161, #1056, #501, #1008, #1331, #1349, #2746, #2144 ), #2130, .T. ) ;
#3385 = CARTESIAN_POINT ( 'NONE',  ( -6.692673012021043810, -0.1249999999999976408, -13.60828200000000088 ) ) ;
#3386 = CIRCLE ( 'NONE', #1912, 0.1719999999999999585 ) ;
#3387 = VERTEX_POINT ( 'NONE', #1303 ) ;
#3388 = EDGE_LOOP ( 'NONE', ( #3422, #2960, #2518, #3070 ) ) ;
#3389 = AXIS2_PLACEMENT_3D ( 'NONE', #1626, #2728, #3354 ) ;
#3390 = DIRECTION ( 'NONE',  ( -1.000000000000000000, 0.000000000000000000, 0.000000000000000000 ) ) ;
#3391 = DIRECTION ( 'NONE',  ( 0.000000000000000000, 3.506302574893970122E-15, -1.000000000000000000 ) ) ;
#3392 = DIRECTION ( 'NONE',  ( -1.000000000000000000, -1.325174869592158030E-15, -3.496765431890260469E-15 ) ) ;
#3393 = ORIENTED_EDGE ( 'NONE', *, *, #1364, .T. ) ;
#3394 = ADVANCED_FACE ( 'NONE', ( #2196 ), #2985, .F. ) ;
#3395 = DIRECTION ( 'NONE',  ( -1.000000000000000000, 0.000000000000000000, 0.000000000000000000 ) ) ;
#3396 = CARTESIAN_POINT ( 'NONE',  ( 1.082202423578895845, 0.2500000000000000000, 13.10183075358899885 ) ) ;
#3397 = PLANE ( 'NONE',  #3241 ) ;
#3398 = CARTESIAN_POINT ( 'NONE',  ( -1.482027858902120299, 0.2500000000000000000, 12.56833150072754002 ) ) ;
#3399 = ORIENTED_EDGE ( 'NONE', *, *, #2223, .F. ) ;
#3400 = PLANE ( 'NONE',  #3363 ) ;
#3401 = VERTEX_POINT ( 'NONE', #3569 ) ;
#3402 = CARTESIAN_POINT ( 'NONE',  ( -7.358179529846889722, 0.2500000000000000000, -13.48328200000000088 ) ) ;
#3403 = DIRECTION ( 'NONE',  ( 0.000000000000000000, 3.506302574893970122E-15, -1.000000000000000000 ) ) ;
#3404 = DIRECTION ( 'NONE',  ( 0.000000000000000000, 0.000000000000000000, 1.000000000000000000 ) ) ;
#3405 = VECTOR ( 'NONE', #2565, 39.37007874015748143 ) ;
#3406 = AXIS2_PLACEMENT_3D ( 'NONE', #2070, #966, #3173 ) ;
#3407 = ORIENTED_EDGE ( 'NONE', *, *, #1905, .T. ) ;
#3408 = ORIENTED_EDGE ( 'NONE', *, *, #2425, .T. ) ;
#3409 = AXIS2_PLACEMENT_3D ( 'NONE', #687, #1793, #1810 ) ;
#3410 = VECTOR ( 'NONE', #2961, 39.37007874015748143 ) ;
#3411 = DIRECTION ( 'NONE',  ( 0.000000000000000000, 3.506302574893970122E-15, -1.000000000000000000 ) ) ;
#3412 = CARTESIAN_POINT ( 'NONE',  ( -7.067673012021043810, 0.000000000000000000, -12.73328200000000088 ) ) ;
#3413 = AXIS2_PLACEMENT_3D ( 'NONE', #741, #3250, #3281 ) ;
#3414 = ORIENTED_EDGE ( 'NONE', *, *, #3381, .T. ) ;
#3415 = LINE ( 'NONE', #87, #2924 ) ;
#3416 = FACE_OUTER_BOUND ( 'NONE', #261, .T. ) ;
#3417 = EDGE_CURVE ( 'NONE', #2975, #3245, #757, .T. ) ;
#3418 = DIRECTION ( 'NONE',  ( -1.000000000000000000, -1.325174869592158030E-15, -3.496765431890260075E-15 ) ) ;
#3419 = ORIENTED_EDGE ( 'NONE', *, *, #2716, .T. ) ;
#3420 = EDGE_CURVE ( 'NONE', #3245, #599, #774, .T. ) ;
#3421 = DIRECTION ( 'NONE',  ( 0.000000000000000000, 3.506302574893970122E-15, -1.000000000000000000 ) ) ;
#3422 = ORIENTED_EDGE ( 'NONE', *, *, #1390, .F. ) ;
#3423 = DIRECTION ( 'NONE',  ( 1.000000000000000000, -2.185478394930810252E-15, -7.662948523521039803E-30 ) ) ;
#3424 = DIRECTION ( 'NONE',  ( 0.000000000000000000, 1.000000000000000000, 0.000000000000000000 ) ) ;
#3425 = LINE ( 'NONE', #2360, #887 ) ;
#3426 = VERTEX_POINT ( 'NONE', #2178 ) ;
#3427 = VERTEX_POINT ( 'NONE', #2727 ) ;
#3428 = LINE ( 'NONE', #909, #2990 ) ;
#3429 = ORIENTED_EDGE ( 'NONE', *, *, #2343, .F. ) ;
#3430 = CARTESIAN_POINT ( 'NONE',  ( 6.817673012021043810, -0.2190000000000141833, -13.23328200000003996 ) ) ;
#3431 = CARTESIAN_POINT ( 'NONE',  ( -1.899065021827555100, 0.000000000000000000, 12.21793437618547173 ) ) ;
#3432 = CARTESIAN_POINT ( 'NONE',  ( 1.635935387459767743, 0.000000000000000000, 12.37577016504117999 ) ) ;
#3433 = CARTESIAN_POINT ( 'NONE',  ( 6.942673012021043810, 0.2500000000000000000, -13.10828200000000088 ) ) ;
#3434 = VERTEX_POINT ( 'NONE', #2471 ) ;
#3435 = ADVANCED_FACE ( 'NONE', ( #790 ), #1915, .F. ) ;
#3436 = CYLINDRICAL_SURFACE ( 'NONE', #1136, 12.35637999999999970 ) ;
#3437 = ORIENTED_EDGE ( 'NONE', *, *, #974, .T. ) ;
#3438 = CARTESIAN_POINT ( 'NONE',  ( 0.000000000000000000, -0.2190000000000115188, -13.35828199999999910 ) ) ;
#3439 = ADVANCED_FACE ( 'NONE', ( #1579 ), #2765, .T. ) ;
#3440 = DIRECTION ( 'NONE',  ( -0.4067366430757853868, 0.000000000000000000, 0.9135454576426074169 ) ) ;
#3441 = DIRECTION ( 'NONE',  ( 3.496765431890255342E-15, -3.715313271383400344E-15, 1.000000000000000000 ) ) ;
#3442 = ORIENTED_EDGE ( 'NONE', *, *, #176, .F. ) ;
#3443 = EDGE_LOOP ( 'NONE', ( #2008, #2668, #2507, #2132 ) ) ;
#3444 = PLANE ( 'NONE',  #357 ) ;
#3445 = VECTOR ( 'NONE', #288, 39.37007874015748143 ) ;
#3446 = EDGE_LOOP ( 'NONE', ( #2876, #1010 ) ) ;
#3447 = VECTOR ( 'NONE', #1262, 39.37007874015748143 ) ;
#3448 = FACE_BOUND ( 'NONE', #3105, .T. ) ;
#3449 = CARTESIAN_POINT ( 'NONE',  ( -1.571329657983844719, 0.2500000000000000000, 12.44322594371732293 ) ) ;
#3450 = DIRECTION ( 'NONE',  ( 0.1736481776669328847, 0.000000000000000000, -0.9848077530122074652 ) ) ;
#3451 = CARTESIAN_POINT ( 'NONE',  ( -1.561418697377834786, 0.2500000000000000000, 12.45508322136267765 ) ) ;
#3452 = ORIENTED_EDGE ( 'NONE', *, *, #638, .F. ) ;
#3453 = DIRECTION ( 'NONE',  ( 0.000000000000000000, 0.000000000000000000, -1.000000000000000000 ) ) ;
#3454 = CIRCLE ( 'NONE', #1287, 0.1720000000000000417 ) ;
#3455 = ORIENTED_EDGE ( 'NONE', *, *, #3345, .T. ) ;
#3456 = FACE_OUTER_BOUND ( 'NONE', #3526, .T. ) ;
#3457 = PRODUCT ( '090765D', '090765D', '', ( #2917 ) ) ;
#3458 = FACE_OUTER_BOUND ( 'NONE', #3329, .T. ) ;
#3459 = CARTESIAN_POINT ( 'NONE',  ( 7.949677661563011941E-14, 0.2500000000000000000, 11.66094999999999970 ) ) ;
#3460 = CARTESIAN_POINT ( 'NONE',  ( 6.692673012021043810, -2.243199999999999861, -13.60828200000000088 ) ) ;
#3461 = EDGE_CURVE ( 'NONE', #2157, #1984, #213, .T. ) ;
#3462 = ORIENTED_EDGE ( 'NONE', *, *, #2850, .T. ) ;
#3463 = VECTOR ( 'NONE', #2051, 39.37007874015748143 ) ;
#3464 = CARTESIAN_POINT ( 'NONE',  ( 7.192673012021044698, -1.618200000000017624, -12.35828200000005950 ) ) ;
#3465 = AXIS2_PLACEMENT_3D ( 'NONE', #2250, #2523, #3390 ) ;
#3466 = ORIENTED_EDGE ( 'NONE', *, *, #3243, .T. ) ;
#3467 = AXIS2_PLACEMENT_3D ( 'NONE', #1261, #1356, #2491 ) ;
#3468 = DIRECTION ( 'NONE',  ( 0.000000000000000000, 0.000000000000000000, -1.000000000000000000 ) ) ;
#3469 = CARTESIAN_POINT ( 'NONE',  ( 1.183885726451881837, 0.2500000000000002220, 13.10183075358899885 ) ) ;
#3470 = AXIS2_PLACEMENT_3D ( 'NONE', #3232, #1494, #161 ) ;
#3471 = FACE_OUTER_BOUND ( 'NONE', #477, .T. ) ;
#3472 = FACE_OUTER_BOUND ( 'NONE', #47, .T. ) ;
#3473 = VERTEX_POINT ( 'NONE', #3538 ) ;
#3474 = DIRECTION ( 'NONE',  ( 1.000000000000000000, 0.000000000000000000, -5.827942386483758377E-15 ) ) ;
#3475 = VERTEX_POINT ( 'NONE', #3032 ) ;
#3476 = ADVANCED_FACE ( 'NONE', ( #251 ), #1022, .F. ) ;
#3477 = DIRECTION ( 'NONE',  ( -3.496765431890260075E-15, 0.000000000000000000, 1.000000000000000000 ) ) ;
#3478 = CARTESIAN_POINT ( 'NONE',  ( 6.534143305164724715E-15, -1.993199999999999861, -13.60828200000000088 ) ) ;
#3479 = LINE ( 'NONE', #1445, #2625 ) ;
#3480 = ORIENTED_EDGE ( 'NONE', *, *, #2717, .T. ) ;
#3481 = DIRECTION ( 'NONE',  ( 0.000000000000000000, 1.000000000000000000, 0.000000000000000000 ) ) ;
#3482 = ORIENTED_EDGE ( 'NONE', *, *, #3009, .F. ) ;
#3483 = EDGE_CURVE ( 'NONE', #2653, #685, #2453, .T. ) ;
#3484 = ADVANCED_FACE ( 'NONE', ( #1852 ), #196, .F. ) ;
#3485 = FACE_BOUND ( 'NONE', #3006, .T. ) ;
#3486 = LINE ( 'NONE', #664, #1768 ) ;
#3487 = DIRECTION ( 'NONE',  ( 0.000000000000000000, 1.000000000000000000, 0.000000000000000000 ) ) ;
#3488 = LINE ( 'NONE', #2077, #1223 ) ;
#3489 = ORIENTED_EDGE ( 'NONE', *, *, #1520, .T. ) ;
#3490 = DIRECTION ( 'NONE',  ( 3.496765431890255342E-15, 3.578720871700185901E-15, -1.000000000000000000 ) ) ;
#3491 = ORIENTED_EDGE ( 'NONE', *, *, #3497, .F. ) ;
#3492 = CARTESIAN_POINT ( 'NONE',  ( 4.082910737410951982E-15, -1.868200000000000083, -13.60828200000000088 ) ) ;
#3493 = DIRECTION ( 'NONE',  ( 0.000000000000000000, 0.000000000000000000, 1.000000000000000000 ) ) ;
#3494 = CARTESIAN_POINT ( 'NONE',  ( 7.585825836335157391, 0.2500000000000000000, 9.040435193246516121 ) ) ;
#3495 = ORIENTED_EDGE ( 'NONE', *, *, #1219, .T. ) ;
#3496 = DIRECTION ( 'NONE',  ( 0.000000000000000000, -1.000000000000000000, 0.000000000000000000 ) ) ;
#3497 = EDGE_CURVE ( 'NONE', #1745, #2021, #2433, .T. ) ;
#3498 = EDGE_LOOP ( 'NONE', ( #411, #2935, #376, #2578 ) ) ;
#3499 = CIRCLE ( 'NONE', #3383, 12.35637999999999970 ) ;
#3500 = CARTESIAN_POINT ( 'NONE',  ( -6.942673012021044698, -1.618200000000017402, -12.35828200000005950 ) ) ;
#3501 = FACE_OUTER_BOUND ( 'NONE', #61, .T. ) ;
#3502 = CARTESIAN_POINT ( 'NONE',  ( -1.310510525686517491, 0.2500000000000000000, 12.95356573849177195 ) ) ;
#3503 = CARTESIAN_POINT ( 'NONE',  ( -6.942673012021043810, 0.2500000000000000000, -13.10828200000000088 ) ) ;
#3504 = ADVANCED_FACE ( 'NONE', ( #1403 ), #854, .F. ) ;
#3505 = AXIS2_PLACEMENT_3D ( 'NONE', #28, #544, #794 ) ;
#3506 = ORIENTED_EDGE ( 'NONE', *, *, #1731, .F. ) ;
#3507 = CARTESIAN_POINT ( 'NONE',  ( -6.942673012021043810, -1.993199999999999861, -13.60828200000000088 ) ) ;
#3508 = CIRCLE ( 'NONE', #455, 0.08050000000000041844 ) ;
#3509 = ORIENTED_EDGE ( 'NONE', *, *, #2423, .F. ) ;
#3510 = CARTESIAN_POINT ( 'NONE',  ( 7.951398290315806206E-14, 0.2500000000000000000, 11.94195000000000029 ) ) ;
#3511 = ORIENTED_EDGE ( 'NONE', *, *, #1016, .T. ) ;
#3512 = CARTESIAN_POINT ( 'NONE',  ( 7.951398290315806206E-14, 0.000000000000000000, 11.94194999999999851 ) ) ;
#3513 = VERTEX_POINT ( 'NONE', #325 ) ;
#3514 = AXIS2_PLACEMENT_3D ( 'NONE', #1278, #3546, #496 ) ;
#3515 = CARTESIAN_POINT ( 'NONE',  ( -11.62215945678592632, 0.000000000000000000, 2.049300286327440990 ) ) ;
#3516 = DIRECTION ( 'NONE',  ( 1.000000000000000000, 0.000000000000000000, 0.000000000000000000 ) ) ;
#3517 = CARTESIAN_POINT ( 'NONE',  ( 2.019619653481299348, 0.000000000000000000, 12.19021177665391775 ) ) ;
#3518 = VECTOR ( 'NONE', #370, 39.37007874015748143 ) ;
#3519 = DIRECTION ( 'NONE',  ( 0.000000000000000000, 0.000000000000000000, -1.000000000000000000 ) ) ;
#3520 = CIRCLE ( 'NONE', #1877, 0.1405000000000003191 ) ;
#3521 = ORIENTED_EDGE ( 'NONE', *, *, #3588, .T. ) ;
#3522 = AXIS2_PLACEMENT_3D ( 'NONE', #3056, #2820, #2524 ) ;
#3523 = VECTOR ( 'NONE', #2376, 39.37007874015748143 ) ;
#3524 = EDGE_CURVE ( 'NONE', #977, #1745, #3093, .T. ) ;
#3525 = CARTESIAN_POINT ( 'NONE',  ( -4.036333620450724524, 0.000000000000000000, -11.08973547957385897 ) ) ;
#3526 = EDGE_LOOP ( 'NONE', ( #3491, #1224, #1446, #1682 ) ) ;
#3527 = PRODUCT_DEFINITION_FORMATION_WITH_SPECIFIED_SOURCE ( 'ANY', '', #3457, .NOT_KNOWN. ) ;
#3528 = ADVANCED_FACE ( 'NONE', ( #3353 ), #620, .F. ) ;
#3529 = EDGE_CURVE ( 'NONE', #3434, #3513, #2861, .T. ) ;
#3530 = LINE ( 'NONE', #1792, #962 ) ;
#3531 = EDGE_LOOP ( 'NONE', ( #1452, #2777, #1697, #617 ) ) ;
#3532 = CARTESIAN_POINT ( 'NONE',  ( 0.6250000000000432987, 0.2500000000000000000, 12.70825089234380201 ) ) ;
#3533 = ORIENTED_EDGE ( 'NONE', *, *, #3144, .F. ) ;
#3534 = FACE_BOUND ( 'NONE', #591, .T. ) ;
#3535 = EDGE_CURVE ( 'NONE', #1802, #646, #345, .T. ) ;
#3536 = CARTESIAN_POINT ( 'NONE',  ( -6.286000000000000476, -2.055000000000000160, -13.60828200000000088 ) ) ;
#3537 = EDGE_CURVE ( 'NONE', #246, #2299, #1004, .T. ) ;
#3538 = CARTESIAN_POINT ( 'NONE',  ( -0.6250000000000432987, 0.000000000000000000, 12.78875089234380091 ) ) ;
#3539 = CARTESIAN_POINT ( 'NONE',  ( -1.786167434572657475, 0.2500000000000000000, 12.26925503780974402 ) ) ;
#3540 = AXIS2_PLACEMENT_3D ( 'NONE', #1901, #3019, #2133 ) ;
#3541 = ORIENTED_EDGE ( 'NONE', *, *, #1638, .F. ) ;
#3542 = CARTESIAN_POINT ( 'NONE',  ( -4.036333620450724524, 0.2500000000000000000, -11.23023547957385837 ) ) ;
#3543 = ORIENTED_EDGE ( 'NONE', *, *, #852, .T. ) ;
#3544 = DIRECTION ( 'NONE',  ( 1.000000000000000000, -2.185478394930810252E-15, -7.662948523521039803E-30 ) ) ;
#3545 = EDGE_LOOP ( 'NONE', ( #3399, #2666, #316, #820 ) ) ;
#3546 = DIRECTION ( 'NONE',  ( -1.325174869592171047E-15, 1.000000000000000000, 3.715313271383395611E-15 ) ) ;
#3547 = ORIENTED_EDGE ( 'NONE', *, *, #2087, .F. ) ;
#3548 = APPLICATION_CONTEXT ( 'automotive_design' ) ;
#3549 =( BOUNDED_CURVE ( )  B_SPLINE_CURVE ( 3, ( #782, #1631, #3290, #1858 ),
 .UNSPECIFIED., .F., .F. ) 
 B_SPLINE_CURVE_WITH_KNOTS ( ( 4, 4 ),
 ( 0.000000000000000000, 1.000000000000000000 ),
 .UNSPECIFIED. ) 
 CURVE ( )  GEOMETRIC_REPRESENTATION_ITEM ( )  RATIONAL_B_SPLINE_CURVE ( ( 1.000000000000000000, 0.8925278267257520382, 0.8925278267257520382, 1.000000000000000000 ) ) 
 REPRESENTATION_ITEM ( '' )  );
#3550 = ORIENTED_EDGE ( 'NONE', *, *, #535, .F. ) ;
#3551 = CARTESIAN_POINT ( 'NONE',  ( 6.942673012021043810, 0.2500000000000000000, -13.23328200000000088 ) ) ;
#3552 = CARTESIAN_POINT ( 'NONE',  ( 4.036333620450724524, 0.2500000000000000000, -11.08973547957385897 ) ) ;
#3553 = DIRECTION ( 'NONE',  ( 0.000000000000000000, 1.000000000000000000, 0.000000000000000000 ) ) ;
#3554 = EDGE_LOOP ( 'NONE', ( #1344, #1939, #656, #1333 ) ) ;
#3555 = DIRECTION ( 'NONE',  ( 0.000000000000000000, 0.000000000000000000, 1.000000000000000000 ) ) ;
#3556 = CARTESIAN_POINT ( 'NONE',  ( -0.6250000000000432987, 0.2500000000000000000, 12.78875089234379914 ) ) ;
#3557 = ORIENTED_EDGE ( 'NONE', *, *, #2832, .F. ) ;
#3558 = EDGE_CURVE ( 'NONE', #999, #1083, #1709, .T. ) ;
#3559 = CIRCLE ( 'NONE', #167, 0.1405000000000003191 ) ;
#3560 = DIRECTION ( 'NONE',  ( 3.496765431890260075E-15, -4.633825675199541312E-30, 1.000000000000000000 ) ) ;
#3561 = ORIENTED_EDGE ( 'NONE', *, *, #2420, .T. ) ;
#3562 = DIRECTION ( 'NONE',  ( 0.000000000000000000, 1.000000000000000000, 0.000000000000000000 ) ) ;
#3563 = EDGE_CURVE ( 'NONE', #3014, #2808, #2588, .T. ) ;
#3564 = ORIENTED_EDGE ( 'NONE', *, *, #318, .T. ) ;
#3565 = ORIENTED_EDGE ( 'NONE', *, *, #724, .T. ) ;
#3566 = EDGE_CURVE ( 'NONE', #2321, #531, #2015, .T. ) ;
#3567 = PLANE ( 'NONE',  #48 ) ;
#3568 = CARTESIAN_POINT ( 'NONE',  ( 0.000000000000000000, 4.771104890747052213E-14, -13.35828199999999910 ) ) ;
#3569 = CARTESIAN_POINT ( 'NONE',  ( -6.942673012021043810, 0.000000000000000000, -13.10828200000000088 ) ) ;
#3570 = DIRECTION ( 'NONE',  ( 0.000000000000000000, -1.000000000000000000, 0.000000000000000000 ) ) ;
#3571 = AXIS2_PLACEMENT_3D ( 'NONE', #2088, #3150, #1226 ) ;
#3572 = DIRECTION ( 'NONE',  ( 0.000000000000000000, 0.000000000000000000, 1.000000000000000000 ) ) ;
#3573 = EDGE_LOOP ( 'NONE', ( #2549, #2837, #2478, #3169 ) ) ;
#3574 = CIRCLE ( 'NONE', #2883, 0.1405000000000000415 ) ;
#3575 = AXIS2_PLACEMENT_3D ( 'NONE', #2613, #97, #1276 ) ;
#3576 = CARTESIAN_POINT ( 'NONE',  ( -2.036000000000000032, -0.5550000000000009370, -13.35828199999999910 ) ) ;
#3577 = ORIENTED_EDGE ( 'NONE', *, *, #1781, .T. ) ;
#3578 = AXIS2_PLACEMENT_3D ( 'NONE', #1738, #306, #3134 ) ;
#3579 = DIRECTION ( 'NONE',  ( 0.000000000000000000, 0.000000000000000000, -1.000000000000000000 ) ) ;
#3580 = VERTEX_POINT ( 'NONE', #810 ) ;
#3581 = EDGE_LOOP ( 'NONE', ( #2811, #391, #2520, #226 ) ) ;
#3582 = CARTESIAN_POINT ( 'NONE',  ( -2.036000000000000032, -2.226999999999999869, -13.60828200000000088 ) ) ;
#3583 = DIRECTION ( 'NONE',  ( 0.000000000000000000, 1.000000000000000000, 0.000000000000000000 ) ) ;
#3584 = DIRECTION ( 'NONE',  ( 0.000000000000000000, 1.000000000000000000, 0.000000000000000000 ) ) ;
#3585 = CARTESIAN_POINT ( 'NONE',  ( 6.942673012021043810, 8.728703347107833388E-16, -13.60828200000000088 ) ) ;
#3586 = EDGE_LOOP ( 'NONE', ( #1266, #675 ) ) ;
#3587 = EDGE_CURVE ( 'NONE', #2664, #27, #2232, .T. ) ;
#3588 = EDGE_CURVE ( 'NONE', #771, #2948, #3601, .T. ) ;
#3589 = DIRECTION ( 'NONE',  ( 0.000000000000000000, 0.000000000000000000, -1.000000000000000000 ) ) ;
#3590 = CARTESIAN_POINT ( 'NONE',  ( 7.192673012021044698, -1.868200000000000083, -13.35828200000006127 ) ) ;
#3591 = ORIENTED_EDGE ( 'NONE', *, *, #3243, .F. ) ;
#3592 = DIRECTION ( 'NONE',  ( 0.000000000000000000, 1.000000000000000000, 0.000000000000000000 ) ) ;
#3593 = VERTEX_POINT ( 'NONE', #1465 ) ;
#3594 = DIRECTION ( 'NONE',  ( -1.000000000000000000, 0.000000000000000000, 0.000000000000000000 ) ) ;
#3595 = CARTESIAN_POINT ( 'NONE',  ( -2.036000000000000032, -2.226999999999999869, -13.60828200000000088 ) ) ;
#3596 = ORIENTED_EDGE ( 'NONE', *, *, #2270, .F. ) ;
#3597 = VERTEX_POINT ( 'NONE', #1719 ) ;
#3598 = LINE ( 'NONE', #3030, #2218 ) ;
#3599 = ADVANCED_FACE ( 'NONE', ( #25 ), #3622, .F. ) ;
#3600 = LINE ( 'NONE', #1956, #2940 ) ;
#3601 = LINE ( 'NONE', #1663, #128 ) ;
#3602 = PLANE ( 'NONE',  #2568 ) ;
#3603 = ORIENTED_EDGE ( 'NONE', *, *, #753, .T. ) ;
#3604 = FACE_OUTER_BOUND ( 'NONE', #734, .T. ) ;
#3605 = DIRECTION ( 'NONE',  ( 0.000000000000000000, -1.000000000000000000, 0.000000000000000000 ) ) ;
#3606 = DIRECTION ( 'NONE',  ( 0.000000000000000000, 3.506302574893970122E-15, -1.000000000000000000 ) ) ;
#3607 = EDGE_CURVE ( 'NONE', #3475, #385, #3118, .T. ) ;
#3608 = FACE_BOUND ( 'NONE', #3446, .T. ) ;
#3609 = ADVANCED_FACE ( 'NONE', ( #1383 ), #1444, .T. ) ;
#3610 = ADVANCED_FACE ( 'NONE', ( #1108 ), #2799, .F. ) ;
#3611 = CARTESIAN_POINT ( 'NONE',  ( -6.942673012021039369, -1.618200000000017180, -12.10828200000005772 ) ) ;
#3612 = AXIS2_PLACEMENT_3D ( 'NONE', #1238, #876, #1978 ) ;
#3613 = ORIENTED_EDGE ( 'NONE', *, *, #1249, .T. ) ;
#3614 = DIRECTION ( 'NONE',  ( 0.000000000000000000, 1.000000000000000000, 0.000000000000000000 ) ) ;
#3615 = AXIS2_PLACEMENT_3D ( 'NONE', #1329, #3262, #727 ) ;
#3616 = CARTESIAN_POINT ( 'NONE',  ( -6.692673012021043810, 4.771104890747052213E-14, -13.35828199999999910 ) ) ;
#3617 = AXIS2_PLACEMENT_3D ( 'NONE', #3372, #855, #1975 ) ;
#3618 = ORIENTED_EDGE ( 'NONE', *, *, #1761, .F. ) ;
#3619 = EDGE_LOOP ( 'NONE', ( #986, #1529, #3131, #3192 ) ) ;
#3620 = DIRECTION ( 'NONE',  ( 0.000000000000000000, 1.000000000000000000, 0.000000000000000000 ) ) ;
#3621 = VECTOR ( 'NONE', #517, 39.37007874015748854 ) ;
#3622 = CYLINDRICAL_SURFACE ( 'NONE', #1546, 0.08050000000000041844 ) ;
#3623 = CARTESIAN_POINT ( 'NONE',  ( -6.942673012021083778, -9.099673005078770977E-15, -2.427557797009101670E-14 ) ) ;
#3624 = ORIENTED_EDGE ( 'NONE', *, *, #203, .T. ) ;
#3625 = DIRECTION ( 'NONE',  ( 1.000000000000000000, -0.000000000000000000, -0.000000000000000000 ) ) ;
#3626 = CARTESIAN_POINT ( 'NONE',  ( 8.096785344606043822, 0.000000000000000000, -12.86351813325019755 ) ) ;
#3627 = CARTESIAN_POINT ( 'NONE',  ( 1.482027870354999832, 0.000000000000000000, 12.56833147500399761 ) ) ;
#3628 = EDGE_LOOP ( 'NONE', ( #314, #575 ) ) ;
#3629 = ORIENTED_EDGE ( 'NONE', *, *, #294, .T. ) ;
#3630 = ADVANCED_FACE ( 'NONE', ( #1974 ), #580, .F. ) ;
#3631 = AXIS2_PLACEMENT_3D ( 'NONE', #2916, #660, #400 ) ;
#3632 = CARTESIAN_POINT ( 'NONE',  ( -2.036000000000000032, -1.883000000000000895, -13.35828199999999910 ) ) ;
#3633 = ORIENTED_EDGE ( 'NONE', *, *, #3558, .T. ) ;
#3634 = CARTESIAN_POINT ( 'NONE',  ( -0.6250000000000432987, 0.2500000000000000000, 12.62775089234380133 ) ) ;
#3635 = CIRCLE ( 'NONE', #2756, 0.3750000000000002220 ) ;
ENDSEC;
END-ISO-10303-21;
